# Blender 4.5.12 LTS
# www.blender.org
mtllib bfloading.mtl
o Object_8
v -0.981441 -0.364070 -0.000000
v -0.981441 -0.364070 -0.000000
v 0.000000 1.124456 -0.455696
v 0.000000 1.124456 -0.455696
v -0.174387 1.124456 -0.421008
v -0.322226 1.124456 -0.322226
v -0.421008 1.124456 -0.174387
v -0.455696 1.124456 0.000000
v -0.421008 1.124456 0.174388
v -0.322226 1.124455 0.322226
v -0.174387 1.124455 0.421009
v 0.000000 1.124455 0.455697
v 0.000000 1.124455 0.455697
v 0.174387 1.124455 0.421009
v 0.174387 1.124455 0.421009
v 0.322226 1.124455 0.322226
v 0.322226 1.124455 0.322226
v 0.421008 1.124456 0.174388
v 0.421008 1.124456 0.174388
v 0.455696 1.124456 0.000000
v 0.455696 1.124456 0.000000
v 0.421008 1.124456 -0.174387
v 0.421008 1.124456 -0.174387
v 0.322226 1.124456 -0.322226
v 0.322226 1.124456 -0.322226
v 0.174387 1.124456 -0.421008
v 0.174387 1.124456 -0.421008
v 0.000000 1.424947 -0.718887
v -0.275106 1.424947 -0.664165
v -0.508330 1.424947 -0.508330
v -0.664165 1.424947 -0.275106
v -0.718887 1.424947 0.000000
v -0.664165 1.424946 0.275107
v -0.508330 1.424946 0.508331
v -0.275106 1.424946 0.664166
v 0.000000 1.424946 0.718888
v 0.275106 1.424946 0.664166
v 0.508330 1.424946 0.508331
v 0.664165 1.424946 0.275107
v 0.718887 1.424947 0.000000
v 0.664165 1.424947 -0.275106
v 0.508330 1.424947 -0.508330
v 0.275106 1.424947 -0.664165
v 0.000000 1.499459 -0.517966
v -0.198217 1.499459 -0.478538
v -0.366257 1.499459 -0.366257
v -0.478538 1.499459 -0.198216
v -0.517966 1.499459 0.000000
v -0.478538 1.499458 0.198218
v -0.366257 1.499458 0.366258
v -0.198217 1.499458 0.478539
v 0.000000 1.499458 0.517967
v 0.198217 1.499458 0.478539
v 0.366257 1.499458 0.366258
v 0.478539 1.499458 0.198218
v 0.517966 1.499459 0.000000
v 0.478538 1.499459 -0.198217
v 0.366257 1.499459 -0.366257
v 0.198217 1.499459 -0.478538
v 0.000000 1.281520 0.000000
v 0.000000 -0.648447 -0.923880
v 0.000000 -1.050618 -0.382684
v 0.382683 -0.364070 -0.923880
v 0.382683 -0.364070 -0.923880
v 0.353553 -0.648447 -0.853553
v 0.270598 -0.889531 -0.653282
v 0.146446 -1.050618 -0.353554
v 0.707107 -0.364070 -0.707107
v 0.707107 -0.364070 -0.707107
v 0.653281 -0.648447 -0.653282
v 0.500000 -0.889531 -0.500000
v 0.270598 -1.050618 -0.270598
v 0.923879 -0.364070 -0.382683
v 0.923879 -0.364070 -0.382683
v 0.853553 -0.648447 -0.353554
v 0.653281 -0.889531 -0.270598
v 0.353553 -1.050618 -0.146447
v 1.000000 -0.364070 -0.000000
v 1.000000 -0.364070 -0.000000
v 0.923879 -0.648448 -0.000000
v 0.707106 -0.889531 -0.000000
v 0.382683 -1.050618 -0.000000
v 0.923879 -0.364070 0.382683
v 0.923879 -0.364070 0.382683
v 0.853553 -0.648448 0.353553
v 0.653281 -0.889531 0.270598
v 0.353553 -1.050618 0.146446
v 0.707106 -0.364070 0.707106
v 0.707106 -0.364070 0.707106
v 0.653281 -0.648448 0.653281
v 0.500000 -0.889531 0.499999
v 0.270598 -1.050618 0.270598
v 0.382683 -0.364070 0.923879
v 0.382683 -0.364070 0.923879
v 0.353553 -0.648448 0.853553
v 0.270598 -0.889531 0.653281
v 0.146446 -1.050618 0.353553
v -0.000000 -0.364070 0.999999
v -0.000000 -0.364070 0.999999
v -0.000000 -0.364070 0.999999
v -0.000000 -0.648448 0.923879
v -0.000000 -0.889531 0.707106
v -0.000000 -1.050618 0.382683
v -0.382684 -0.364070 0.923879
v -0.382684 -0.364070 0.923879
v -0.353554 -0.648448 0.853553
v -0.270598 -0.889531 0.653281
v -0.146447 -1.050618 0.353553
v -0.707107 -0.364070 0.707106
v -0.707107 -0.364070 0.707106
v -0.653282 -0.648448 0.653281
v -0.500000 -0.889531 0.499999
v -0.270598 -1.050618 0.270597
v -0.923880 -0.364070 0.382683
v -0.923880 -0.364070 0.382683
v -0.853553 -0.648448 0.353553
v -0.653281 -0.889531 0.270597
v -0.353553 -1.050618 0.146446
v -0.923879 -0.648448 -0.000001
v -0.707106 -0.889531 -0.000001
v -0.382683 -1.050618 -0.000001
v -0.923879 -0.364070 -0.382684
v -0.923879 -0.364070 -0.382684
v -0.853553 -0.648447 -0.353554
v -0.653281 -0.889531 -0.270599
v -0.353553 -1.050618 -0.146447
v -0.707106 -0.364070 -0.707107
v -0.707106 -0.364070 -0.707107
v -0.653281 -0.648447 -0.653282
v -0.499999 -0.889531 -0.500000
v -0.270598 -1.050618 -0.270599
v -0.382683 -0.364070 -0.923880
v -0.382683 -0.364070 -0.923880
v -0.353553 -0.648447 -0.853553
v -0.270598 -0.889531 -0.653282
v -0.146446 -1.050618 -0.353554
v 0.000001 -0.364070 -1.000000
v 0.000001 -0.364070 -1.000000
v 0.000001 -0.364070 -1.000000
v 0.000000 -0.889531 -0.707107
v 0.000000 -1.107184 -0.000000
v -0.718569 0.380193 0.000000
v 0.672444 0.380193 -0.278535
v 0.514666 0.380193 -0.514666
v -0.514666 0.380192 0.514666
v -0.278536 0.380192 0.672444
v 0.278535 0.380193 -0.672444
v -0.000000 0.380192 0.727848
v -0.000000 0.380192 0.727848
v 0.000000 0.380193 -0.727848
v 0.000000 0.380193 -0.727848
v -0.278535 0.380193 -0.672444
v 0.278535 0.380192 0.672444
v -0.514666 0.380193 -0.514666
v 0.514666 0.380192 0.514666
v -0.672444 0.380193 -0.278536
v 0.672444 0.380192 0.278535
v 0.727848 0.380192 0.000000
v -0.672444 0.380192 0.278535
v 0.647300 0.454619 -0.268121
v -0.495422 0.454618 0.495422
v 0.000000 0.454619 -0.700633
v 0.000000 0.454619 -0.700633
v -0.692282 0.454619 0.000000
v 0.495422 0.454619 -0.495422
v -0.268121 0.454618 0.647300
v 0.268120 0.454619 -0.647300
v -0.000000 0.454618 0.700633
v -0.000000 0.454618 0.700633
v -0.268120 0.454619 -0.647300
v 0.268120 0.454618 0.647300
v -0.495422 0.454619 -0.495422
v 0.495422 0.454618 0.495422
v -0.647300 0.454619 -0.268121
v 0.647300 0.454618 0.268121
v 0.700633 0.454618 0.000000
v -0.647300 0.454618 0.268121
v -0.744856 0.305767 0.000000
v 0.533910 0.305767 -0.533910
v -0.288950 0.305766 0.697587
v 0.288950 0.305767 -0.697587
v -0.000000 0.305766 0.755063
v -0.000000 0.305766 0.755063
v -0.288950 0.305767 -0.697587
v 0.288950 0.305766 0.697587
v -0.533910 0.305767 -0.533910
v 0.533910 0.305766 0.533910
v -0.697587 0.305767 -0.288950
v 0.697587 0.305766 0.288950
v 0.755063 0.305766 0.000000
v -0.697588 0.305766 0.288950
v 0.697587 0.305767 -0.288950
v -0.533911 0.305766 0.533910
v 0.000000 0.305767 -0.755063
v 0.000000 0.305767 -0.755063
v 0.000000 0.927179 -0.738309
v -0.071325 0.941366 -0.738309
v -0.131791 0.981768 -0.738309
v -0.172193 1.042234 -0.738309
v -0.186380 1.113559 -0.738309
v -0.172193 1.184884 -0.738309
v -0.131791 1.245350 -0.738309
v -0.071325 1.285752 -0.738309
v 0.000000 1.299939 -0.738309
v 0.071325 1.285752 -0.738309
v 0.131791 1.245350 -0.738309
v 0.172193 1.184884 -0.738309
v 0.186380 1.113559 -0.738309
v 0.172193 1.042234 -0.738309
v 0.131791 0.981768 -0.738309
v 0.071325 0.941366 -0.738309
v 0.000000 0.607953 -2.128881
v -0.193487 0.646440 -2.128881
v -0.357518 0.756042 -2.128881
v -0.467119 0.920072 -2.128881
v -0.505607 1.113559 -2.128881
v -0.467119 1.307047 -2.128881
v -0.357518 1.471077 -2.128881
v -0.193487 1.580679 -2.128881
v 0.000000 1.619166 -2.128881
v 0.193487 1.580679 -2.128881
v 0.357518 1.471077 -2.128881
v 0.467119 1.307047 -2.128881
v 0.505606 1.113559 -2.128881
v 0.467119 0.920072 -2.128881
v 0.357518 0.756042 -2.128881
v 0.193487 0.646440 -2.128881
v 0.000000 0.252975 -3.295681
v -0.329331 0.318483 -3.295681
v -0.608525 0.505035 -3.295681
v -0.795076 0.784228 -3.295681
v -0.860585 1.113559 -3.295681
v -0.795076 1.442891 -3.295680
v -0.608525 1.722084 -3.295680
v -0.329331 1.908636 -3.295680
v 0.000000 1.974143 -3.295680
v 0.329331 1.908636 -3.295680
v 0.608525 1.722084 -3.295680
v 0.795076 1.442891 -3.295680
v 0.860584 1.113559 -3.295681
v 0.795076 0.784228 -3.295681
v 0.608525 0.505035 -3.295681
v 0.329331 0.318483 -3.295681
v 0.000000 0.949285 -0.531332
v -0.062865 0.961789 -0.531332
v -0.116159 0.997400 -0.531332
v -0.151770 1.050694 -0.531332
v -0.164274 1.113559 -0.531332
v -0.151770 1.176424 -0.531332
v -0.116159 1.229718 -0.531332
v -0.062865 1.265329 -0.531332
v 0.000000 1.277833 -0.531332
v 0.062865 1.265329 -0.531332
v 0.116159 1.229718 -0.531332
v 0.151770 1.176424 -0.531332
v 0.164274 1.113559 -0.531332
v 0.151770 1.050694 -0.531332
v 0.116159 0.997400 -0.531332
v 0.062865 0.961789 -0.531332
v 0.000000 0.961788 -0.468467
v 0.000000 1.050693 -0.379562
v 0.062865 0.961788 -0.531333
v 0.058080 0.973340 -0.468467
v 0.044452 1.006240 -0.415173
v 0.024057 1.055478 -0.379562
v 0.116160 0.997398 -0.531333
v 0.107318 1.006240 -0.468467
v 0.082138 1.031420 -0.415173
v 0.044452 1.069105 -0.379562
v 0.151771 1.050693 -0.531333
v 0.140218 1.055478 -0.468467
v 0.107318 1.069105 -0.415173
v 0.058080 1.089501 -0.379562
v 0.164275 1.113558 -0.531333
v 0.151771 1.113558 -0.468467
v 0.116160 1.113558 -0.415173
v 0.062865 1.113558 -0.379562
v 0.151771 1.176424 -0.531333
v 0.140218 1.171638 -0.468467
v 0.107318 1.158011 -0.415173
v 0.058080 1.137616 -0.379562
v 0.116160 1.229718 -0.531333
v 0.107318 1.220876 -0.468467
v 0.082138 1.195696 -0.415173
v 0.044452 1.158011 -0.379562
v 0.062865 1.265329 -0.531333
v 0.058080 1.253776 -0.468467
v 0.044452 1.220876 -0.415173
v 0.024057 1.171638 -0.379562
v 0.000000 1.277833 -0.531333
v 0.000000 1.265329 -0.468467
v 0.000000 1.229718 -0.415172
v 0.000000 1.176424 -0.379562
v -0.062866 1.265329 -0.531333
v -0.058080 1.253776 -0.468467
v -0.044453 1.220876 -0.415173
v -0.024058 1.171638 -0.379562
v 0.000000 1.113559 -3.180599
v -0.116160 1.229718 -0.531333
v -0.107318 1.220876 -0.468467
v -0.082138 1.195696 -0.415173
v -0.044453 1.158011 -0.379562
v 0.287137 0.420350 -3.403090
v 0.530559 0.583000 -3.403090
v -0.151771 1.176423 -0.531333
v -0.140218 1.171638 -0.468467
v -0.107318 1.158011 -0.415173
v -0.058080 1.137616 -0.379562
v 0.693210 0.826423 -3.403090
v 0.750325 1.113559 -3.403090
v 0.693210 1.400697 -3.403090
v -0.164275 1.113558 -0.531333
v -0.151771 1.113558 -0.468467
v -0.116160 1.113558 -0.415173
v -0.062865 1.113558 -0.379562
v 0.530559 1.644119 -3.403090
v 0.287137 1.806769 -3.403090
v 0.000000 1.863884 -3.403090
v -0.151771 1.050693 -0.531333
v -0.140218 1.055478 -0.468467
v -0.107318 1.069105 -0.415173
v -0.058080 1.089501 -0.379562
v -0.287137 1.806769 -3.403090
v -0.530560 1.644119 -3.403090
v -0.693210 1.400697 -3.403090
v -0.116160 0.997398 -0.531333
v -0.107318 1.006240 -0.468467
v -0.082138 1.031420 -0.415173
v -0.044453 1.069105 -0.379562
v -0.750325 1.113559 -3.403090
v -0.693210 0.826423 -3.403090
v -0.530560 0.583000 -3.403090
v -0.062865 0.961788 -0.531333
v -0.058080 0.973340 -0.468467
v -0.044453 1.006240 -0.415173
v -0.024058 1.055478 -0.379562
v -0.287137 0.420350 -3.403090
v 0.000000 0.363235 -3.403091
v 0.000000 0.949283 -0.531333
v 0.000000 0.997398 -0.415173
v 0.000000 1.113558 -0.367057
v 0.000000 1.550702 -1.830648
v 0.167287 1.517427 -1.830648
v -0.167287 0.709693 -1.830649
v -0.309107 0.804453 -1.830649
v 0.309106 1.422667 -1.830648
v -0.403867 0.946273 -1.830649
v 0.403867 1.280848 -1.830648
v -0.437143 1.113560 -1.830648
v 0.437143 1.113560 -1.830648
v -0.403867 1.280848 -1.830648
v 0.403867 0.946273 -1.830649
v -0.309107 1.422667 -1.830648
v 0.309106 0.804453 -1.830649
v -0.167287 1.517427 -1.830648
v 0.167287 0.709693 -1.830649
v 0.000000 0.676417 -1.830649
v 0.000000 1.584934 -1.979764
v -0.180387 0.678066 -1.979765
v 0.000000 0.642185 -1.979765
v 0.180387 1.549053 -1.979764
v -0.333312 0.780247 -1.979765
v 0.333312 1.446871 -1.979764
v -0.435493 0.933172 -1.979765
v 0.435493 1.293946 -1.979765
v -0.471375 1.113559 -1.979765
v 0.471375 1.113559 -1.979765
v -0.435493 1.293946 -1.979765
v 0.435493 0.933172 -1.979765
v -0.333312 1.446871 -1.979764
v 0.333312 0.780247 -1.979765
v -0.180387 1.549053 -1.979764
v 0.180387 0.678066 -1.979765
v 0.000000 0.927178 0.738310
v -0.071325 0.941366 0.738310
v -0.131791 0.981768 0.738310
v -0.172193 1.042234 0.738310
v -0.186380 1.113559 0.738310
v -0.172193 1.184884 0.738310
v -0.131791 1.245350 0.738310
v -0.071325 1.285752 0.738310
v -0.000000 1.299939 0.738310
v 0.071325 1.285752 0.738310
v 0.131791 1.245350 0.738310
v 0.172193 1.184884 0.738310
v 0.186380 1.113559 0.738310
v 0.172193 1.042234 0.738310
v 0.131791 0.981768 0.738310
v 0.071325 0.941366 0.738310
v -0.000000 0.607952 2.128881
v -0.193487 0.646439 2.128881
v -0.357518 0.756041 2.128881
v -0.467119 0.920071 2.128881
v -0.505607 1.113558 2.128881
v -0.467119 1.307046 2.128881
v -0.357518 1.471076 2.128881
v -0.193487 1.580678 2.128881
v 0.000000 1.619165 2.128881
v 0.193487 1.580678 2.128881
v 0.357518 1.471076 2.128881
v 0.467119 1.307046 2.128881
v 0.505606 1.113558 2.128881
v 0.467119 0.920071 2.128881
v 0.357518 0.756041 2.128881
v 0.193487 0.646439 2.128881
v -0.000000 0.252973 3.295681
v -0.329331 0.318482 3.295681
v -0.608525 0.505033 3.295681
v -0.795076 0.784226 3.295681
v -0.860585 1.113558 3.295681
v -0.795076 1.442889 3.295681
v -0.608525 1.722082 3.295681
v -0.329331 1.908634 3.295681
v 0.000000 1.974141 3.295681
v 0.329331 1.908634 3.295681
v 0.608525 1.722082 3.295681
v 0.795076 1.442889 3.295681
v 0.860584 1.113558 3.295681
v 0.795076 0.784226 3.295681
v 0.608525 0.505033 3.295681
v 0.329331 0.318482 3.295681
v 0.000000 0.949284 0.531333
v -0.062865 0.961789 0.531333
v -0.116159 0.997399 0.531333
v -0.151770 1.050694 0.531333
v -0.164274 1.113559 0.531333
v -0.151770 1.176424 0.531333
v -0.116160 1.229718 0.531333
v -0.062865 1.265329 0.531333
v -0.000000 1.277833 0.531333
v 0.062865 1.265329 0.531333
v 0.116159 1.229718 0.531333
v 0.151770 1.176424 0.531333
v 0.164274 1.113559 0.531333
v 0.151770 1.050694 0.531333
v 0.116159 0.997399 0.531333
v 0.062865 0.961789 0.531333
v 0.000000 0.961787 0.468468
v 0.000000 1.050693 0.379563
v 0.062865 0.961787 0.531333
v 0.058080 0.973340 0.468468
v 0.044452 1.006240 0.415173
v 0.024057 1.055478 0.379563
v 0.116160 0.997398 0.531333
v 0.107318 1.006240 0.468468
v 0.082138 1.031420 0.415173
v 0.044452 1.069105 0.379563
v 0.151771 1.050693 0.531334
v 0.140218 1.055478 0.468468
v 0.107318 1.069105 0.415173
v 0.058080 1.089501 0.379563
v 0.164275 1.113558 0.531334
v 0.151771 1.113558 0.468468
v 0.116160 1.113558 0.415173
v 0.062865 1.113558 0.379563
v 0.151771 1.176424 0.531334
v 0.140218 1.171638 0.468468
v 0.107318 1.158011 0.415173
v 0.058080 1.137616 0.379563
v 0.116160 1.229718 0.531334
v 0.107318 1.220876 0.468468
v 0.082138 1.195696 0.415173
v 0.044452 1.158011 0.379563
v 0.062865 1.265329 0.531334
v 0.058080 1.253776 0.468468
v 0.044452 1.220876 0.415173
v 0.024057 1.171638 0.379563
v -0.000000 1.277833 0.531334
v -0.000000 1.265329 0.468468
v -0.000000 1.229718 0.415173
v -0.000000 1.176424 0.379563
v -0.062866 1.265329 0.531334
v -0.058080 1.253776 0.468468
v -0.044453 1.220876 0.415173
v -0.024058 1.171638 0.379563
v -0.000000 1.113558 3.180600
v -0.116160 1.229718 0.531334
v -0.107318 1.220876 0.468468
v -0.082138 1.195696 0.415173
v -0.044453 1.158011 0.379563
v 0.287137 0.420348 3.403091
v 0.530559 0.582998 3.403091
v -0.151771 1.176423 0.531334
v -0.140218 1.171638 0.468468
v -0.107318 1.158011 0.415173
v -0.058080 1.137616 0.379563
v 0.693210 0.826421 3.403091
v 0.750325 1.113558 3.403091
v 0.693210 1.400695 3.403091
v -0.164275 1.113558 0.531334
v -0.151771 1.113558 0.468468
v -0.116160 1.113558 0.415173
v -0.062865 1.113558 0.379563
v 0.530559 1.644117 3.403091
v 0.287137 1.806767 3.403091
v 0.000000 1.863882 3.403091
v -0.151771 1.050693 0.531334
v -0.140218 1.055478 0.468468
v -0.107318 1.069105 0.415173
v -0.058080 1.089501 0.379563
v -0.287137 1.806767 3.403091
v -0.530560 1.644117 3.403091
v -0.693210 1.400695 3.403091
v -0.116160 0.997398 0.531333
v -0.107318 1.006240 0.468468
v -0.082138 1.031420 0.415173
v -0.044453 1.069105 0.379563
v -0.750325 1.113558 3.403091
v -0.693210 0.826421 3.403091
v -0.530560 0.582998 3.403091
v -0.062865 0.961787 0.531333
v -0.058080 0.973340 0.468468
v -0.044453 1.006240 0.415173
v -0.024058 1.055478 0.379563
v -0.287137 0.420348 3.403091
v -0.000000 0.363233 3.403091
v 0.000000 0.949283 0.531333
v 0.000000 0.997398 0.415173
v 0.000000 1.113558 0.367058
v -0.000000 1.550701 1.830649
v 0.167287 1.517426 1.830649
v -0.167287 0.709691 1.830649
v -0.309107 0.804452 1.830649
v 0.309106 1.422665 1.830649
v -0.403867 0.946271 1.830649
v 0.403867 1.280846 1.830649
v -0.437143 1.113558 1.830649
v 0.437143 1.113558 1.830649
v -0.403867 1.280846 1.830649
v 0.403867 0.946271 1.830649
v -0.309107 1.422665 1.830649
v 0.309106 0.804452 1.830649
v -0.167287 1.517426 1.830649
v 0.167287 0.709691 1.830649
v 0.000000 0.676416 1.830649
v -0.000000 1.584933 1.979765
v -0.180387 0.678065 1.979765
v 0.000000 0.642184 1.979765
v 0.180387 1.549052 1.979765
v -0.333312 0.780246 1.979765
v 0.333312 1.446870 1.979765
v -0.435493 0.933171 1.979765
v 0.435493 1.293945 1.979765
v -0.471375 1.113558 1.979765
v 0.471375 1.113558 1.979765
v -0.435493 1.293945 1.979765
v 0.435493 0.933171 1.979765
v -0.333312 1.446870 1.979765
v 0.333312 0.780246 1.979765
v -0.180387 1.549052 1.979765
v 0.180387 0.678065 1.979765
v 0.079173 0.842946 -4.094660
v 0.079173 0.733791 -3.931297
v 0.079173 0.733791 -3.545898
v 0.079173 1.006308 -3.273380
v 0.119631 1.020978 -4.203815
v 0.153928 0.870050 -4.094660
v 0.176845 0.769203 -3.931297
v 0.184893 0.733791 -3.738597
v 0.176845 0.769203 -3.545898
v 0.153928 0.870050 -3.382535
v 0.119631 1.020977 -3.273380
v 0.153928 1.062750 -4.203815
v 0.217303 0.947235 -4.094660
v 0.259648 0.870050 -3.931297
v 0.274518 0.842946 -3.738597
v 0.259648 0.870050 -3.545898
v 0.217303 0.947234 -3.382535
v 0.153928 1.062750 -3.273380
v 0.176845 1.125266 -4.203815
v 0.259648 1.062750 -4.094660
v 0.314975 1.020978 -3.931297
v 0.334403 1.006309 -3.738597
v 0.314975 1.020977 -3.545898
v 0.259648 1.062750 -3.382535
v 0.176845 1.125265 -3.273380
v 0.184893 1.199009 -4.203815
v 0.274517 1.199009 -4.094660
v 0.334403 1.199009 -3.931297
v 0.355432 1.199009 -3.738597
v 0.334403 1.199008 -3.545898
v 0.274517 1.199008 -3.382535
v 0.184893 1.199008 -3.273380
v 0.176845 1.272752 -4.203815
v 0.259648 1.335268 -4.094660
v 0.314974 1.377040 -3.931297
v 0.334403 1.391708 -3.738597
v 0.314974 1.377039 -3.545898
v 0.259648 1.335267 -3.382535
v 0.176845 1.272751 -3.273380
v 0.153928 1.335268 -4.203815
v 0.217303 1.450783 -4.094660
v 0.259648 1.527966 -3.931297
v 0.274517 1.555071 -3.738597
v 0.259648 1.527966 -3.545898
v 0.217303 1.450782 -3.382535
v 0.153928 1.335267 -3.273380
v 0.119631 1.377040 -4.203815
v 0.153928 1.527967 -4.094660
v 0.176845 1.628814 -3.931297
v 0.184893 1.664225 -3.738597
v 0.176845 1.628813 -3.545898
v 0.153928 1.527966 -3.382535
v 0.119631 1.377039 -3.273380
v 0.079173 1.391708 -4.203815
v 0.079173 1.555071 -4.094660
v 0.079173 1.664225 -3.931297
v 0.079173 1.702556 -3.738597
v 0.079173 1.664225 -3.545898
v 0.079173 1.555070 -3.382535
v 0.079173 1.391707 -3.273380
v 0.038716 1.377040 -4.203815
v 0.004418 1.527967 -4.094660
v -0.018499 1.628814 -3.931297
v -0.026546 1.664225 -3.738597
v -0.018499 1.628813 -3.545898
v 0.004418 1.527966 -3.382535
v 0.038716 1.377039 -3.273380
v 0.004418 1.335268 -4.203815
v -0.058956 1.450783 -4.094660
v -0.101301 1.527966 -3.931297
v -0.116171 1.555071 -3.738597
v -0.101301 1.527966 -3.545898
v -0.058956 1.450782 -3.382535
v 0.004418 1.335267 -3.273380
v -0.018499 1.272752 -4.203815
v -0.101301 1.335268 -4.094660
v -0.156628 1.377040 -3.931297
v -0.176056 1.391708 -3.738597
v -0.156628 1.377039 -3.545898
v -0.101301 1.335267 -3.382535
v -0.018499 1.272751 -3.273380
v -0.026546 1.199009 -4.203815
v -0.116171 1.199009 -4.094660
v -0.176056 1.199008 -3.931297
v -0.197085 1.199008 -3.738597
v -0.176056 1.199008 -3.545898
v -0.116171 1.199008 -3.382535
v -0.026546 1.199008 -3.273380
v -0.018499 1.125266 -4.203815
v -0.101301 1.062750 -4.094660
v -0.156628 1.020978 -3.931297
v -0.176056 1.006309 -3.738597
v -0.156628 1.020977 -3.545898
v -0.101301 1.062750 -3.382535
v -0.018499 1.125265 -3.273380
v 0.004419 1.062750 -4.203815
v -0.058955 0.947235 -4.094660
v -0.101301 0.870050 -3.931297
v -0.116170 0.842946 -3.738597
v -0.101301 0.870050 -3.545898
v -0.058955 0.947234 -3.382535
v 0.004419 1.062750 -3.273380
v 0.038716 1.020978 -4.203815
v 0.004419 0.870050 -4.094660
v -0.018498 0.769203 -3.931297
v -0.026546 0.733791 -3.738597
v -0.018498 0.769203 -3.545898
v 0.004419 0.870050 -3.382535
v 0.038716 1.020977 -3.273380
v 0.079173 1.199009 -4.242146
v 0.079173 1.006309 -4.203815
v 0.079174 0.695461 -3.738597
v 0.079174 0.842946 -3.382535
v 0.079173 1.199008 -3.235050
v -0.041610 1.552960 -3.919368
v 0.079173 2.348258 -3.833823
v 0.079173 2.177444 -3.904576
v 0.320741 1.432176 -4.776607
v -0.162394 1.432176 -4.090182
v -0.041610 1.463140 -3.783792
v 0.199957 2.348258 -3.783792
v 0.249987 2.177444 -3.833823
v 0.249987 1.432176 -4.947421
v -0.091640 1.633953 -3.833823
v -0.091640 1.463140 -3.663009
v 0.249987 2.348258 -3.663009
v 0.320741 2.177444 -3.663009
v -0.091640 1.432176 -3.919368
v -0.162394 1.633953 -3.663009
v -0.041610 1.463140 -3.542225
v 0.199957 2.348258 -3.542225
v 0.249987 2.177444 -3.492195
v -0.091640 1.261362 -4.090182
v 0.249987 1.261362 -4.776607
v -0.091640 1.633953 -3.492195
v 0.079173 2.348258 -3.492195
v 0.079173 2.177444 -3.421441
v 0.199957 1.311393 -4.947421
v 0.079173 1.463140 -3.492195
v 0.079173 2.384546 -3.663009
v -0.041610 2.348258 -3.542225
v -0.091640 2.177444 -3.492195
v -0.041610 1.311393 -3.919368
v 0.079173 1.633953 -3.421441
v 0.079173 1.392387 -3.663009
v -0.091640 2.348258 -3.663009
v -0.162394 2.177444 -3.663009
v 0.079173 1.190609 -4.776607
v 0.199957 1.463140 -3.542225
v 0.249987 1.633953 -3.492195
v -0.041610 2.348258 -3.783792
v -0.091640 2.177444 -3.833823
v 0.079173 1.261362 -4.947421
v 0.249987 1.463140 -3.663009
v 0.320741 1.633953 -3.663009
v 0.199957 1.463140 -3.783792
v 0.249987 1.633953 -3.833823
v 0.079173 1.463140 -3.833823
v 0.079173 1.633953 -3.904577
v 0.199957 1.552960 -4.947421
v 0.249987 1.602990 -4.776607
v -0.091640 1.602990 -4.090182
v 0.079173 1.602990 -4.947421
v 0.079173 1.673744 -4.776607
v 0.079173 1.602990 -3.919368
v 0.079173 1.432176 -4.983709
v -0.041610 1.552960 -4.947421
v -0.091640 1.602990 -4.776607
v 0.079173 1.673744 -4.090182
v 0.079173 1.432176 -3.848615
v -0.091640 1.432176 -4.947421
v -0.162394 1.432176 -4.776607
v 0.199957 1.552960 -3.919368
v 0.249987 1.602990 -4.090182
v -0.041610 1.311393 -4.947421
v -0.091640 1.261362 -4.776607
v 0.249987 1.432176 -3.919368
v 0.320741 1.432176 -4.090182
v 0.199957 1.311393 -3.919368
v 0.249987 1.261362 -4.090182
v 0.079173 1.261362 -3.919368
v 0.079173 1.190609 -4.090182
v -0.041610 1.155284 -3.874299
v 0.320741 1.034501 -4.731537
v -0.162394 1.034501 -4.045113
v 0.249987 1.034501 -4.902351
v -0.091640 1.034501 -3.874299
v -0.091640 0.863687 -4.045113
v 0.249987 0.863687 -4.731537
v 0.199957 0.913717 -4.902351
v -0.041610 0.913717 -3.874299
v 0.079173 0.792934 -4.731537
v 0.079173 0.863687 -4.902351
v 0.199957 1.155284 -4.902351
v 0.249987 1.205315 -4.731537
v -0.091640 1.205315 -4.045113
v 0.079173 1.205315 -4.902351
v 0.079173 1.276068 -4.731537
v 0.079173 1.205315 -3.874299
v 0.079173 1.034501 -4.938640
v -0.041610 1.155284 -4.902351
v -0.091640 1.205315 -4.731537
v 0.079173 1.276068 -4.045113
v 0.079173 1.034501 -3.803545
v -0.091640 1.034501 -4.902351
v -0.162394 1.034501 -4.731537
v 0.199957 1.155284 -3.874299
v 0.249987 1.205315 -4.045113
v -0.041610 0.913717 -4.902351
v -0.091640 0.863687 -4.731537
v 0.249987 1.034501 -3.874299
v 0.320741 1.034501 -4.045113
v 0.199957 0.913717 -3.874299
v 0.249987 0.863687 -4.045113
v 0.079173 0.863687 -3.874299
v 0.079173 0.792933 -4.045113
v -0.041610 0.964820 -3.903725
v 0.320741 0.273254 -4.424478
v -0.162394 0.758630 -3.939102
v 0.249987 0.152470 -4.545261
v -0.091640 0.879413 -3.818318
v -0.091640 0.637846 -3.818318
v 0.249987 0.152470 -4.303693
v 0.199957 0.067063 -4.459855
v -0.041610 0.794006 -3.732911
v 0.079173 0.102440 -4.253664
v 0.079173 0.031686 -4.424479
v 0.199957 0.237877 -4.630669
v 0.249987 0.394038 -4.545261
v -0.091640 0.879413 -4.059885
v 0.079173 0.273254 -4.666046
v 0.079173 0.444068 -4.595292
v 0.079173 1.000197 -3.939102
v 0.079173 0.126811 -4.570921
v -0.041610 0.237877 -4.630669
v -0.091640 0.394038 -4.545261
v 0.079173 0.929443 -4.109916
v 0.079173 0.929443 -3.768288
v -0.091640 0.152470 -4.545261
v -0.162394 0.273254 -4.424478
v 0.199957 0.964820 -3.903725
v 0.249987 0.879413 -4.059885
v -0.041610 0.067063 -4.459855
v -0.091640 0.152470 -4.303693
v 0.249987 0.879413 -3.818318
v 0.320741 0.758630 -3.939102
v 0.199957 0.794006 -3.732911
v 0.249987 0.637846 -3.818318
v 0.079173 0.758629 -3.697534
v 0.079173 0.587816 -3.768288
v 0.079173 0.842944 4.094659
v 0.079173 0.733789 3.931297
v 0.079173 0.733789 3.545897
v 0.079173 1.006306 3.273380
v 0.119631 1.020975 4.203815
v 0.153928 0.870048 4.094659
v 0.176845 0.769201 3.931297
v 0.184893 0.733789 3.738596
v 0.176845 0.769201 3.545897
v 0.153928 0.870048 3.382535
v 0.119631 1.020975 3.273380
v 0.153928 1.062747 4.203815
v 0.217303 0.947232 4.094659
v 0.259648 0.870048 3.931297
v 0.274518 0.842944 3.738596
v 0.259648 0.870048 3.545897
v 0.217303 0.947232 3.382535
v 0.153928 1.062747 3.273380
v 0.176845 1.125263 4.203815
v 0.259648 1.062747 4.094659
v 0.314975 1.020975 3.931297
v 0.334403 1.006306 3.738596
v 0.314975 1.020975 3.545897
v 0.259648 1.062747 3.382535
v 0.176845 1.125263 3.273380
v 0.184893 1.199006 4.203815
v 0.274517 1.199006 4.094659
v 0.334403 1.199006 3.931297
v 0.355432 1.199006 3.738597
v 0.334403 1.199006 3.545898
v 0.274517 1.199006 3.382535
v 0.184893 1.199006 3.273380
v 0.176845 1.272749 4.203815
v 0.259648 1.335265 4.094659
v 0.314974 1.377037 3.931297
v 0.334403 1.391705 3.738597
v 0.314974 1.377037 3.545898
v 0.259648 1.335265 3.382535
v 0.176845 1.272749 3.273380
v 0.153928 1.335265 4.203815
v 0.217302 1.450780 4.094659
v 0.259648 1.527964 3.931297
v 0.274517 1.555068 3.738597
v 0.259648 1.527964 3.545898
v 0.217302 1.450780 3.382535
v 0.153928 1.335265 3.273380
v 0.119630 1.377037 4.203815
v 0.153928 1.527964 4.094659
v 0.176845 1.628811 3.931297
v 0.184893 1.664223 3.738597
v 0.176845 1.628811 3.545898
v 0.153928 1.527964 3.382535
v 0.119630 1.377037 3.273380
v 0.079173 1.391705 4.203815
v 0.079173 1.555068 4.094659
v 0.079173 1.664223 3.931297
v 0.079173 1.702554 3.738597
v 0.079173 1.664223 3.545898
v 0.079173 1.555068 3.382535
v 0.079173 1.391705 3.273380
v 0.038716 1.377037 4.203815
v 0.004418 1.527964 4.094659
v -0.018499 1.628811 3.931297
v -0.026546 1.664223 3.738597
v -0.018499 1.628811 3.545898
v 0.004418 1.527964 3.382535
v 0.038716 1.377037 3.273380
v 0.004418 1.335265 4.203815
v -0.058956 1.450780 4.094659
v -0.101301 1.527964 3.931297
v -0.116171 1.555068 3.738597
v -0.101301 1.527964 3.545898
v -0.058956 1.450780 3.382535
v 0.004418 1.335265 3.273380
v -0.018499 1.272749 4.203815
v -0.101301 1.335265 4.094659
v -0.156628 1.377037 3.931297
v -0.176056 1.391705 3.738597
v -0.156628 1.377037 3.545898
v -0.101301 1.335265 3.382535
v -0.018499 1.272749 3.273380
v -0.026546 1.199006 4.203815
v -0.116170 1.199006 4.094659
v -0.176056 1.199005 3.931297
v -0.197085 1.199005 3.738597
v -0.176056 1.199006 3.545898
v -0.116170 1.199006 3.382535
v -0.026546 1.199006 3.273380
v -0.018499 1.125263 4.203815
v -0.101301 1.062747 4.094659
v -0.156627 1.020975 3.931297
v -0.176056 1.006306 3.738596
v -0.156627 1.020975 3.545897
v -0.101301 1.062747 3.382535
v -0.018499 1.125263 3.273380
v 0.004419 1.062747 4.203815
v -0.058955 0.947232 4.094659
v -0.101301 0.870047 3.931297
v -0.116170 0.842944 3.738596
v -0.101301 0.870048 3.545897
v -0.058955 0.947232 3.382535
v 0.004419 1.062747 3.273380
v 0.038716 1.020975 4.203815
v 0.004419 0.870048 4.094659
v -0.018498 0.769201 3.931297
v -0.026546 0.733789 3.738596
v -0.018498 0.769201 3.545897
v 0.004419 0.870048 3.382535
v 0.038716 1.020975 3.273380
v 0.079173 1.199006 4.242146
v 0.079173 1.006306 4.203815
v 0.079174 0.695458 3.738596
v 0.079174 0.842944 3.382535
v 0.079173 1.199006 3.235050
v -0.041610 1.552957 3.919369
v 0.079174 2.348255 3.833824
v 0.079174 2.177441 3.904577
v 0.320741 1.432173 4.776608
v -0.162394 1.432173 4.090183
v -0.041610 1.463137 3.783793
v 0.199957 2.348255 3.783793
v 0.249987 2.177441 3.833824
v 0.249987 1.432173 4.947422
v -0.091640 1.633951 3.833824
v -0.091640 1.463137 3.663010
v 0.249987 2.348255 3.663010
v 0.320741 2.177441 3.663010
v -0.091640 1.432173 3.919369
v -0.162394 1.633951 3.663010
v -0.041610 1.463138 3.542226
v 0.199957 2.348255 3.542226
v 0.249987 2.177441 3.492196
v -0.091640 1.261359 4.090183
v 0.249987 1.261359 4.776608
v -0.091640 1.633951 3.492196
v 0.079173 2.348255 3.492196
v 0.079173 2.177441 3.421442
v 0.199957 1.311390 4.947422
v 0.079173 1.463138 3.492196
v 0.079173 2.384543 3.663010
v -0.041610 2.348255 3.542226
v -0.091640 2.177441 3.492196
v -0.041610 1.311390 3.919369
v 0.079173 1.633951 3.421442
v 0.079173 1.392384 3.663010
v -0.091640 2.348255 3.663010
v -0.162394 2.177441 3.663010
v 0.079173 1.190606 4.776608
v 0.199957 1.463138 3.542226
v 0.249987 1.633951 3.492196
v -0.041610 2.348255 3.783793
v -0.091640 2.177441 3.833824
v 0.079173 1.261359 4.947422
v 0.249987 1.463137 3.663010
v 0.320741 1.633951 3.663010
v 0.199957 1.463137 3.783793
v 0.249987 1.633951 3.833824
v 0.079174 1.463137 3.833824
v 0.079174 1.633951 3.904577
v 0.199957 1.552957 4.947422
v 0.249987 1.602987 4.776608
v -0.091640 1.602987 4.090183
v 0.079173 1.602987 4.947422
v 0.079173 1.673741 4.776608
v 0.079173 1.602987 3.919369
v 0.079173 1.432173 4.983710
v -0.041610 1.552957 4.947422
v -0.091640 1.602987 4.776608
v 0.079173 1.673741 4.090183
v 0.079173 1.432173 3.848616
v -0.091640 1.432173 4.947422
v -0.162394 1.432173 4.776608
v 0.199957 1.552957 3.919369
v 0.249987 1.602987 4.090183
v -0.041610 1.311390 4.947422
v -0.091640 1.261359 4.776608
v 0.249987 1.432173 3.919369
v 0.320741 1.432173 4.090183
v 0.199957 1.311390 3.919369
v 0.249987 1.261359 4.090183
v 0.079173 1.261359 3.919369
v 0.079173 1.190606 4.090183
v -0.041610 1.155281 3.874300
v 0.320741 1.034497 4.731538
v -0.162394 1.034498 4.045114
v 0.249987 1.034497 4.902352
v -0.091640 1.034498 3.874300
v -0.091640 0.863683 4.045114
v 0.249987 0.863683 4.731538
v 0.199957 0.913713 4.902352
v -0.041610 0.913714 3.874300
v 0.079173 0.792930 4.731538
v 0.079173 0.863683 4.902352
v 0.199957 1.155280 4.902352
v 0.249987 1.205312 4.731538
v -0.091640 1.205312 4.045114
v 0.079173 1.205311 4.902352
v 0.079173 1.276065 4.731538
v 0.079173 1.205312 3.874300
v 0.079173 1.034497 4.938641
v -0.041610 1.155280 4.902352
v -0.091640 1.205312 4.731538
v 0.079173 1.276065 4.045114
v 0.079173 1.034498 3.803545
v -0.091640 1.034497 4.902352
v -0.162394 1.034497 4.731538
v 0.199957 1.155281 3.874300
v 0.249987 1.205312 4.045114
v -0.041610 0.913713 4.902352
v -0.091640 0.863683 4.731538
v 0.249987 1.034498 3.874300
v 0.320741 1.034498 4.045114
v 0.199957 0.913714 3.874300
v 0.249987 0.863683 4.045114
v 0.079173 0.863683 3.874300
v 0.079173 0.792930 4.045114
v -0.041610 0.964817 3.903725
v 0.320741 0.273251 4.424477
v -0.162394 0.758626 3.939102
v 0.249987 0.152467 4.545260
v -0.091640 0.879410 3.818318
v -0.091640 0.637843 3.818318
v 0.249987 0.152467 4.303692
v 0.199957 0.067060 4.459854
v -0.041610 0.794003 3.732911
v 0.079173 0.102437 4.253663
v 0.079173 0.031683 4.424478
v 0.199957 0.237874 4.630668
v 0.249987 0.394035 4.545260
v -0.091640 0.879410 4.059885
v 0.079173 0.273251 4.666045
v 0.079173 0.444065 4.595291
v 0.079173 1.000194 3.939102
v 0.079173 0.126807 4.570920
v -0.041610 0.237874 4.630668
v -0.091640 0.394035 4.545260
v 0.079173 0.929440 4.109916
v 0.079173 0.929440 3.768288
v -0.091640 0.152467 4.545260
v -0.162394 0.273251 4.424477
v 0.199957 0.964817 3.903725
v 0.249987 0.879410 4.059885
v -0.041610 0.067060 4.459854
v -0.091640 0.152467 4.303692
v 0.249987 0.879410 3.818318
v 0.320741 0.758627 3.939102
v 0.199957 0.794003 3.732911
v 0.249987 0.637843 3.818318
v 0.079173 0.758627 3.697534
v 0.079173 0.587813 3.768288
v -0.000000 -1.038158 -1.316218
v -0.246133 -1.038158 -1.267259
v -0.643176 -1.038158 -0.673042
v -0.246133 -1.038158 -0.078826
v 0.594217 -1.038158 -0.426910
v 0.594217 -1.038158 -0.919175
v 0.454794 -1.038158 -1.127836
v 0.246132 -1.038158 -1.267259
v 0.000000 -2.701336 -1.316218
v -0.246133 -2.701336 -1.267260
v -0.454794 -2.701336 -1.127837
v -0.594217 -2.701336 -0.919176
v -0.643176 -2.701336 -0.673043
v -0.594217 -2.701336 -0.426910
v -0.454794 -2.701336 -0.218249
v -0.246133 -2.701336 -0.078826
v -0.000000 -2.701336 -0.029868
v 0.454794 -2.701336 -0.218249
v 0.594217 -2.701336 -0.426910
v 0.643176 -2.701336 -0.673043
v 0.594217 -2.701336 -0.919176
v 0.454794 -2.701336 -1.127837
v 0.246132 -2.701336 -1.267260
v 0.187457 -0.833272 -1.629158
v 0.173187 -0.976614 -1.503540
v -0.454794 -0.583364 -0.673043
v -0.594217 -0.792025 -0.673043
v 0.132552 -1.062837 -1.337876
v -0.000000 -2.947468 -1.267260
v 0.071736 -1.078815 -1.157385
v -0.000000 -3.295552 -0.919176
v -0.000000 -0.852374 -1.661180
v -0.000000 -0.994262 -1.533125
v -0.227397 -0.443941 -0.578852
v -0.420175 -0.583364 -0.499001
v 0.227397 -2.947468 -1.222028
v 0.174042 -3.156130 -1.093218
v 0.094191 -3.295552 -0.900440
v -0.000000 -1.076345 -1.360519
v -0.000000 -1.086125 -1.169640
v -0.548985 -0.792025 -0.445646
v -0.594217 -1.038158 -0.426910
v -0.174042 -0.443941 -0.499000
v 0.420175 -2.947468 -1.093218
v 0.321588 -3.156130 -0.994631
v 0.174042 -3.295552 -0.847085
v -0.187457 -0.833272 -1.629158
v -0.173188 -0.976614 -1.503540
v -0.321588 -0.583364 -0.351455
v -0.420175 -0.792025 -0.252868
v -0.454794 -1.038158 -0.218249
v 0.548985 -2.947468 -0.900440
v 0.420175 -3.156130 -0.847085
v 0.227397 -3.295552 -0.767234
v -0.132552 -1.062837 -1.337876
v -0.071737 -1.078815 -1.157385
v -0.094191 -0.443941 -0.445646
v -0.174042 -0.583364 -0.252868
v -0.227397 -0.792025 -0.124058
v 0.594217 -2.947468 -0.673043
v 0.454794 -3.156130 -0.673043
v 0.246132 -3.295552 -0.673043
v -0.346376 -0.778873 -1.537965
v -0.320009 -0.926356 -1.419288
v -0.000000 -0.443941 -0.426910
v -0.000000 -0.583364 -0.218249
v 0.548985 -2.947468 -0.445646
v 0.420175 -3.156130 -0.499001
v 0.227397 -3.295552 -0.578853
v -0.244925 -1.024372 -1.273392
v -0.132552 -1.057998 -1.122487
v -0.000000 -0.792025 -0.078826
v -0.000000 -1.038158 -0.029867
v 0.094191 -0.443941 -0.445646
v 0.420175 -2.947468 -0.252869
v 0.321588 -3.156130 -0.351456
v 0.174042 -3.295552 -0.499001
v -0.452561 -0.697461 -1.401484
v -0.418112 -0.851141 -1.293196
v 0.174042 -0.583364 -0.252868
v 0.227397 -0.792025 -0.124058
v 0.246132 -1.038158 -0.078826
v 0.246132 -2.701336 -0.078827
v 0.227397 -2.947468 -0.124059
v 0.174042 -3.156130 -0.252869
v 0.094191 -3.295552 -0.445647
v -0.320009 -0.966804 -1.176885
v -0.173188 -1.026843 -1.070258
v 0.174042 -0.443941 -0.499000
v 0.321588 -0.583364 -0.351455
v 0.420175 -0.792025 -0.252868
v -0.000000 -2.947468 -0.078827
v -0.000000 -3.156130 -0.218250
v -0.000000 -3.295552 -0.426911
v -0.489849 -0.601428 -1.240493
v -0.452561 -0.762418 -1.144461
v 0.454794 -1.038158 -0.218249
v 0.227397 -0.443941 -0.578851
v 0.420175 -0.583364 -0.499000
v -0.227397 -2.947468 -0.124059
v -0.174042 -3.156130 -0.252869
v -0.094191 -3.295552 -0.445647
v -0.346375 -0.898899 -1.063048
v -0.000000 -0.394982 -0.673042
v 0.548985 -0.792025 -0.445646
v 0.246132 -0.443941 -0.673042
v -0.420175 -2.947468 -0.252869
v -0.321588 -3.156130 -0.351456
v -0.174042 -3.295552 -0.499002
v 0.000000 -0.583364 -1.127836
v 0.454794 -0.583364 -0.673042
v 0.594217 -0.792025 -0.673042
v 0.643175 -1.038158 -0.673042
v -0.548985 -2.947468 -0.445647
v -0.420175 -3.156130 -0.499002
v -0.227397 -3.295552 -0.578853
v -0.094191 -0.443941 -0.900439
v -0.174042 -0.583364 -1.093217
v 0.227397 -0.443941 -0.767233
v 0.420175 -0.583364 -0.847084
v 0.548985 -0.792025 -0.900439
v -0.594217 -2.947468 -0.673043
v -0.454794 -3.156130 -0.673044
v -0.246133 -3.295552 -0.673043
v -0.227397 -0.792025 -1.222027
v 0.174042 -0.443941 -0.847084
v 0.321588 -0.583364 -0.994630
v -0.548985 -2.947468 -0.900440
v -0.420175 -3.156130 -0.847085
v -0.227397 -3.295552 -0.767234
v -0.174042 -0.443941 -0.847084
v -0.321588 -0.583364 -0.994630
v 0.420175 -0.792025 -1.093217
v 0.094191 -0.443941 -0.900439
v -0.420175 -2.947468 -1.093218
v -0.321588 -3.156130 -0.994631
v -0.174042 -3.295552 -0.847085
v -0.420175 -0.792025 -1.093217
v -0.454794 -1.038158 -1.127836
v 0.174042 -0.583364 -1.093217
v 0.227397 -0.792025 -1.222027
v -0.227397 -2.947468 -1.222028
v -0.174042 -3.156130 -1.093218
v -0.094191 -3.295552 -0.900440
v -0.227397 -0.443941 -0.767233
v -0.000000 -0.443941 -0.919175
v -0.000000 -0.792025 -1.267259
v -0.420175 -0.583364 -0.847084
v -0.548985 -0.792025 -0.900439
v -0.594217 -1.038158 -0.919175
v 0.000000 -3.156130 -1.127837
v -0.246133 -0.443941 -0.673042
v -0.000000 -3.344511 -0.673043
v 0.132552 -1.057998 -1.122487
v 0.244924 -1.024372 -1.273392
v 0.320009 -0.926356 -1.419288
v 0.346375 -0.778874 -1.537965
v 0.173187 -1.026843 -1.070258
v 0.320009 -0.966805 -1.176885
v -0.000000 -1.022116 -0.989548
v 0.418112 -0.851141 -1.293196
v 0.452561 -0.697461 -1.401484
v 0.187457 -0.990093 -1.008650
v -0.000000 -0.721454 -0.765577
v 0.000000 -0.350482 -0.819806
v 0.346375 -0.898899 -1.063048
v 0.452561 -0.762418 -1.144461
v 0.489849 -0.601428 -1.240494
v -0.071737 -0.901370 -0.859915
v -0.132552 -0.734961 -0.788221
v 0.173187 -0.953343 -0.947042
v 0.320009 -0.830994 -0.949211
v 0.418112 -0.673696 -0.995725
v -0.173188 -0.548223 -0.785381
v -0.187457 -0.369584 -0.851829
v 0.452561 -0.505395 -1.079504
v 0.132552 -0.922187 -0.894813
v 0.244924 -0.773426 -0.852704
v -0.132552 -0.922187 -0.894813
v -0.244924 -0.773426 -0.852704
v 0.320009 -0.598480 -0.869633
v 0.346375 -0.423983 -0.943022
v 0.071736 -0.901370 -0.859915
v -0.320009 -0.598480 -0.869633
v -0.346375 -0.423983 -0.943022
v 0.132552 -0.734961 -0.788221
v 0.173188 -0.548223 -0.785381
v 0.187457 -0.369584 -0.851829
v -0.173188 -0.953343 -0.947042
v -0.000000 -0.894060 -0.847660
v -0.000000 -0.530575 -0.755796
v -0.320009 -0.830994 -0.949211
v -0.418112 -0.673696 -0.995725
v -0.452561 -0.505395 -1.079503
v -0.187457 -0.990093 -1.008650
v -0.000000 -0.601428 -1.240494
v -0.246133 -1.869747 -0.078826
v -0.000000 -1.869746 -1.316218
v -0.246133 -1.869746 -1.267259
v 0.246132 -1.869746 -1.267259
v 0.594217 -1.869747 -0.426910
v -0.643176 -1.869747 -0.673043
v 0.594217 -1.869747 -0.919175
v 0.454794 -1.869746 -1.127836
v -0.000000 -1.869747 -0.029868
v 0.246132 -1.869747 -0.078826
v -0.454794 -1.869746 -1.127836
v 0.454794 -1.869747 -0.218249
v -0.594217 -1.869747 -0.919175
v 0.643176 -1.869747 -0.673043
v -0.594217 -1.869747 -0.426910
v -0.454794 -1.869747 -0.218249
v -0.246133 -1.745009 -1.267259
v 0.594217 -1.745009 -0.426910
v -0.643176 -1.745009 -0.673043
v 0.594217 -1.745009 -0.919175
v 0.454794 -1.745009 -1.127836
v -0.000000 -1.745009 -0.029867
v 0.246132 -1.745009 -0.078826
v -0.454794 -1.745009 -1.127836
v 0.454794 -1.745009 -0.218249
v -0.594217 -1.745009 -0.919176
v 0.643176 -1.745009 -0.673043
v -0.594217 -1.745009 -0.426910
v -0.454794 -1.745009 -0.218249
v -0.246133 -1.745009 -0.078826
v -0.000000 -1.745009 -1.316218
v 0.246132 -1.745009 -1.267259
v -0.246133 -1.994485 -0.078826
v 0.000000 -1.994485 -1.316218
v 0.246132 -1.994485 -1.267259
v -0.246133 -1.994485 -1.267259
v 0.594217 -1.994485 -0.426910
v -0.643176 -1.994485 -0.673043
v 0.594217 -1.994485 -0.919175
v 0.454794 -1.994485 -1.127836
v -0.000000 -1.994485 -0.029867
v 0.246132 -1.994484 -0.078826
v -0.454794 -1.994485 -1.127836
v 0.454794 -1.994485 -0.218249
v -0.594217 -1.994485 -0.919176
v 0.643176 -1.994485 -0.673043
v -0.594217 -1.994485 -0.426910
v -0.454794 -1.994485 -0.218249
v 0.000000 -1.038159 1.316217
v -0.246133 -1.038159 1.267258
v -0.643176 -1.038159 0.673042
v -0.246133 -1.038158 0.078825
v 0.594217 -1.038158 0.426909
v 0.594217 -1.038159 0.919174
v 0.454794 -1.038159 1.127835
v 0.246132 -1.038159 1.267258
v -0.000000 -2.701337 1.316217
v -0.246133 -2.701337 1.267258
v -0.454794 -2.701337 1.127835
v -0.594217 -2.701337 0.919174
v -0.643176 -2.701337 0.673041
v -0.594217 -2.701337 0.426909
v -0.454794 -2.701336 0.218248
v -0.246133 -2.701336 0.078825
v -0.000000 -2.701336 0.029866
v 0.454794 -2.701336 0.218248
v 0.594217 -2.701337 0.426909
v 0.643176 -2.701337 0.673041
v 0.594217 -2.701337 0.919174
v 0.454794 -2.701337 1.127835
v 0.246132 -2.701337 1.267258
v 0.187457 -0.833273 1.629157
v 0.173187 -0.976615 1.503539
v -0.454794 -0.583364 0.673042
v -0.594217 -0.792025 0.673042
v 0.132552 -1.062838 1.337875
v -0.000000 -2.947469 1.267258
v 0.071736 -1.078816 1.157384
v -0.000000 -3.295552 0.919174
v -0.000000 -0.852375 1.661180
v -0.000000 -0.994263 1.533124
v -0.227397 -0.443941 0.578851
v -0.420175 -0.583364 0.499000
v 0.227397 -2.947469 1.222026
v 0.174042 -3.156130 1.093216
v 0.094191 -3.295552 0.900438
v -0.000000 -1.076346 1.360518
v -0.000000 -1.086126 1.169639
v -0.548985 -0.792025 0.445645
v -0.594217 -1.038158 0.426910
v -0.174042 -0.443941 0.499000
v 0.420175 -2.947469 1.093216
v 0.321588 -3.156130 0.994629
v 0.174042 -3.295552 0.847083
v -0.187457 -0.833273 1.629157
v -0.173188 -0.976615 1.503539
v -0.321588 -0.583364 0.351455
v -0.420175 -0.792025 0.252868
v -0.454794 -1.038158 0.218249
v 0.548985 -2.947469 0.900438
v 0.420175 -3.156130 0.847083
v 0.227397 -3.295552 0.767232
v -0.132552 -1.062838 1.337875
v -0.071737 -1.078816 1.157384
v -0.094191 -0.443941 0.445645
v -0.174042 -0.583364 0.252868
v -0.227397 -0.792025 0.124058
v 0.594217 -2.947469 0.673041
v 0.454794 -3.156130 0.673041
v 0.246132 -3.295552 0.673041
v -0.346376 -0.778874 1.537964
v -0.320009 -0.926357 1.419287
v -0.000000 -0.443941 0.426910
v -0.000000 -0.583364 0.218249
v 0.548985 -2.947469 0.445645
v 0.420175 -3.156130 0.498999
v 0.227397 -3.295552 0.578851
v -0.244925 -1.024373 1.273391
v -0.132552 -1.057999 1.122486
v -0.000000 -0.792025 0.078826
v -0.000000 -1.038158 0.029867
v 0.094191 -0.443941 0.445645
v 0.420175 -2.947468 0.252867
v 0.321588 -3.156130 0.351454
v 0.174042 -3.295552 0.498999
v -0.452561 -0.697462 1.401483
v -0.418112 -0.851142 1.293195
v 0.174042 -0.583364 0.252868
v 0.227397 -0.792025 0.124057
v 0.246132 -1.038158 0.078825
v 0.246132 -2.701336 0.078825
v 0.227397 -2.947468 0.124057
v 0.174042 -3.156130 0.252867
v 0.094191 -3.295552 0.445645
v -0.320009 -0.966805 1.176884
v -0.173188 -1.026844 1.070257
v 0.174042 -0.443941 0.499000
v 0.321588 -0.583364 0.351454
v 0.420175 -0.792025 0.252867
v -0.000000 -2.947468 0.078825
v -0.000000 -3.156130 0.218248
v -0.000000 -3.295552 0.426909
v -0.489849 -0.601429 1.240492
v -0.452561 -0.762419 1.144460
v 0.454794 -1.038158 0.218248
v 0.227397 -0.443941 0.578851
v 0.420175 -0.583364 0.499000
v -0.227397 -2.947468 0.124057
v -0.174042 -3.156130 0.252867
v -0.094191 -3.295552 0.445645
v -0.346375 -0.898900 1.063048
v -0.000000 -0.394982 0.673042
v 0.548985 -0.792025 0.445645
v 0.246132 -0.443941 0.673042
v -0.420175 -2.947468 0.252867
v -0.321588 -3.156130 0.351454
v -0.174042 -3.295552 0.498999
v 0.000000 -0.583364 1.127835
v 0.454794 -0.583364 0.673042
v 0.594217 -0.792025 0.673042
v 0.643175 -1.038159 0.673042
v -0.548985 -2.947469 0.445645
v -0.420175 -3.156130 0.499000
v -0.227397 -3.295552 0.578851
v -0.094191 -0.443941 0.900439
v -0.174042 -0.583364 1.093216
v 0.227397 -0.443941 0.767233
v 0.420175 -0.583364 0.847084
v 0.548985 -0.792025 0.900439
v -0.594217 -2.947469 0.673042
v -0.454794 -3.156130 0.673042
v -0.246133 -3.295552 0.673042
v -0.227397 -0.792025 1.222026
v 0.174042 -0.443941 0.847084
v 0.321588 -0.583364 0.994630
v -0.548985 -2.947469 0.900438
v -0.420175 -3.156130 0.847083
v -0.227397 -3.295552 0.767232
v -0.174042 -0.443941 0.847084
v -0.321588 -0.583364 0.994630
v 0.420175 -0.792025 1.093216
v 0.094191 -0.443941 0.900439
v -0.420175 -2.947469 1.093216
v -0.321588 -3.156130 0.994629
v -0.174042 -3.295552 0.847083
v -0.420175 -0.792025 1.093216
v -0.454794 -1.038159 1.127835
v 0.174042 -0.583364 1.093216
v 0.227397 -0.792025 1.222026
v -0.227397 -2.947469 1.222026
v -0.174042 -3.156130 1.093216
v -0.094191 -3.295552 0.900438
v -0.227397 -0.443941 0.767233
v -0.000000 -0.443941 0.919175
v -0.000000 -0.792025 1.267258
v -0.420175 -0.583364 0.847084
v -0.548985 -0.792025 0.900439
v -0.594217 -1.038159 0.919175
v 0.000000 -3.156130 1.127835
v -0.246133 -0.443941 0.673042
v -0.000000 -3.344511 0.673041
v 0.132552 -1.057999 1.122486
v 0.244924 -1.024373 1.273391
v 0.320009 -0.926357 1.419287
v 0.346375 -0.778875 1.537964
v 0.173187 -1.026844 1.070257
v 0.320009 -0.966805 1.176884
v -0.000000 -1.022117 0.989547
v 0.418112 -0.851142 1.293195
v 0.452561 -0.697462 1.401483
v 0.187457 -0.990093 1.008649
v 0.000000 -0.721454 0.765577
v 0.000000 -0.350483 0.819806
v 0.346375 -0.898900 1.063048
v 0.452561 -0.762419 1.144460
v 0.489849 -0.601429 1.240493
v -0.071737 -0.901371 0.859914
v -0.132552 -0.734961 0.788220
v 0.173187 -0.953343 0.947041
v 0.320009 -0.830994 0.949210
v 0.418112 -0.673696 0.995725
v -0.173188 -0.548223 0.785381
v -0.187457 -0.369585 0.851829
v 0.452561 -0.505396 1.079504
v 0.132552 -0.922188 0.894812
v 0.244924 -0.773427 0.852704
v -0.132552 -0.922188 0.894812
v -0.244924 -0.773427 0.852704
v 0.320009 -0.598481 0.869633
v 0.346375 -0.423983 0.943022
v 0.071737 -0.901371 0.859914
v -0.320009 -0.598481 0.869633
v -0.346375 -0.423983 0.943022
v 0.132552 -0.734961 0.788220
v 0.173188 -0.548223 0.785381
v 0.187457 -0.369585 0.851829
v -0.173188 -0.953343 0.947041
v -0.000000 -0.894060 0.847659
v -0.000000 -0.530575 0.755796
v -0.320009 -0.830994 0.949210
v -0.418112 -0.673696 0.995725
v -0.452561 -0.505396 1.079503
v -0.187457 -0.990093 1.008649
v 0.000000 -0.601429 1.240493
v -0.246133 -1.869747 0.078825
v 0.000000 -1.869747 1.316217
v -0.246133 -1.869747 1.267258
v 0.246132 -1.869747 1.267258
v 0.594217 -1.869747 0.426909
v -0.643176 -1.869747 0.673042
v 0.594217 -1.869747 0.919174
v 0.454794 -1.869747 1.127835
v -0.000000 -1.869747 0.029866
v 0.246132 -1.869747 0.078825
v -0.454794 -1.869747 1.127835
v 0.454794 -1.869747 0.218248
v -0.594217 -1.869747 0.919174
v 0.643176 -1.869747 0.673042
v -0.594217 -1.869747 0.426909
v -0.454794 -1.869747 0.218248
v -0.246133 -1.745009 1.267258
v 0.594217 -1.745009 0.426909
v -0.643176 -1.745009 0.673042
v 0.594217 -1.745009 0.919174
v 0.454794 -1.745009 1.127835
v -0.000000 -1.745009 0.029866
v 0.246132 -1.745009 0.078825
v -0.454794 -1.745009 1.127835
v 0.454794 -1.745009 0.218248
v -0.594217 -1.745009 0.919174
v 0.643176 -1.745009 0.673042
v -0.594217 -1.745009 0.426909
v -0.454794 -1.745009 0.218248
v -0.246133 -1.745009 0.078825
v 0.000000 -1.745009 1.316217
v 0.246132 -1.745009 1.267258
v -0.246133 -1.994485 0.078825
v -0.000000 -1.994486 1.316217
v 0.246132 -1.994486 1.267258
v -0.246133 -1.994486 1.267258
v 0.594217 -1.994485 0.426909
v -0.643176 -1.994486 0.673041
v 0.594217 -1.994486 0.919174
v 0.454794 -1.994486 1.127835
v -0.000000 -1.994485 0.029866
v 0.246132 -1.994484 0.078825
v -0.454794 -1.994486 1.127835
v 0.454794 -1.994485 0.218248
v -0.594217 -1.994486 0.919174
v 0.643176 -1.994486 0.673042
v -0.594217 -1.994485 0.426909
v -0.454794 -1.994485 0.218248
v 0.110559 -2.512003 -0.371301
v 0.110559 -2.728776 -0.115495
v 0.110559 -3.053199 0.055428
v 0.110559 -3.435883 0.115448
v 0.110559 -3.435883 0.115448
v -0.035888 -2.512003 -0.394269
v -0.160039 -2.728776 -0.157936
v -0.242995 -3.053199 -0.000024
v -0.272124 -3.435883 0.055428
v -0.272124 -3.435883 0.055428
v -0.160039 -2.512003 -0.459679
v -0.389441 -2.728776 -0.278798
v -0.542723 -3.053199 -0.157936
v -0.596548 -3.435883 -0.115496
v -0.596548 -3.435883 -0.115496
v -0.242994 -2.512003 -0.557571
v -0.542722 -2.728776 -0.459679
v -0.742994 -3.053199 -0.394270
v -0.813320 -3.435883 -0.371301
v -0.813320 -3.435883 -0.371301
v -0.272124 -2.512003 -0.673043
v -0.596547 -2.728776 -0.673044
v -0.813320 -3.053199 -0.673044
v -0.889441 -3.435883 -0.673044
v -0.889441 -3.435883 -0.673044
v -0.242994 -2.512003 -0.788515
v -0.542722 -2.728776 -0.886408
v -0.742994 -3.053199 -0.951817
v -0.813320 -3.435883 -0.974787
v -0.813320 -3.435883 -0.974787
v -0.160039 -2.512003 -0.886408
v -0.389441 -2.728776 -1.067290
v -0.542722 -3.053198 -1.188151
v -0.596547 -3.435882 -1.230592
v -0.596547 -3.435882 -1.230592
v 0.196480 -3.779896 -0.673044
v -0.035887 -2.512003 -0.951817
v -0.160039 -2.728776 -1.188151
v -0.242994 -3.053198 -1.346064
v -0.272124 -3.435882 -1.401515
v -0.272124 -3.435882 -1.401515
v 0.110559 -2.512003 -0.974786
v 0.110559 -2.728776 -1.230592
v 0.110560 -3.053198 -1.401515
v 0.110560 -3.435882 -1.461536
v 0.110560 -3.435882 -1.461536
v 0.110560 -3.779894 -1.461536
v -0.272124 -3.779894 -1.401515
v -0.596547 -3.779894 -1.230592
v -0.813320 -3.779895 -0.974787
v -0.889441 -3.779895 -0.673044
v -0.813320 -3.779895 -0.371301
v -0.596548 -3.779895 -0.115496
v -0.272124 -3.779895 0.055428
v 0.110559 -3.779895 0.115448
v 0.110559 -2.435883 -0.673043
v 1.711719 -2.728776 -0.673043
v 2.041827 -3.053199 -0.673043
v 1.173319 -2.512003 -0.557571
v 1.629753 -2.728776 -0.459679
v 1.934733 -3.053199 -0.394269
v 2.041827 -3.435883 -0.371301
v 2.041827 -3.435883 -0.371301
v 1.046992 -2.512003 -0.459679
v 1.396332 -2.728776 -0.278797
v 1.629753 -3.053199 -0.157936
v 1.711719 -3.435883 -0.115495
v 1.711719 -3.435883 -0.115495
v 0.857931 -2.512003 -0.394269
v 1.046992 -2.728776 -0.157936
v 1.173319 -3.053199 -0.000023
v 1.217679 -3.435883 0.055428
v 1.217679 -3.435883 0.055428
v 0.814018 -2.512003 -0.371301
v 0.814018 -2.728776 -0.115495
v 0.814018 -3.053199 0.055428
v 0.814018 -3.435883 0.115448
v 0.814018 -3.435883 0.115448
v 0.899939 -3.779896 -0.673044
v 2.157745 -3.779895 -0.673043
v 2.041827 -3.779895 -0.974786
v 0.814018 -2.512003 -0.974786
v 0.814019 -2.728776 -1.230592
v 0.814019 -3.053198 -1.401515
v 0.814019 -3.435882 -1.461536
v 0.814019 -3.435882 -1.461536
v 1.711720 -3.779894 -1.230591
v 1.217680 -3.779894 -1.401515
v 0.814019 -3.779894 -1.461536
v 0.857931 -2.512003 -0.951817
v 1.046993 -2.728776 -1.188151
v 1.173319 -3.053198 -1.346063
v 1.217680 -3.435882 -1.401515
v 1.217680 -3.435882 -1.401515
v 1.046992 -2.512003 -0.886407
v 1.396332 -2.728776 -1.067289
v 1.629753 -3.053198 -1.188150
v 1.711720 -3.435882 -1.230591
v 1.711720 -3.435882 -1.230591
v 1.173319 -2.512003 -0.788515
v 1.629753 -2.728776 -0.886407
v 1.934732 -3.053199 -0.951817
v 2.041827 -3.435883 -0.974786
v 2.041827 -3.435883 -0.974786
v 0.814018 -3.779895 0.115448
v 1.217679 -3.779895 0.055428
v 0.814018 -2.435883 -0.673043
v 1.217679 -2.512003 -0.673043
v 2.157745 -3.435883 -0.673043
v 2.157745 -3.435883 -0.673043
v 1.711719 -3.779895 -0.115496
v 2.041827 -3.779895 -0.371301
v 0.567884 -2.551027 -0.066954
v 0.988872 -2.551027 -0.066954
v 0.638673 -2.616590 -1.001899
v 0.761039 -2.489019 -1.000443
v 0.633465 -2.366647 -1.000574
v 0.511099 -2.494218 -1.002029
v 0.669645 -2.643382 -0.511010
v 0.841416 -2.463910 -0.488392
v 0.660130 -2.289637 -0.490422
v 0.488359 -2.469109 -0.513039
v 0.612303 -2.589452 -0.265581
v 0.683157 -2.515016 -0.235232
v 0.606125 -2.440581 -0.237955
v 0.535272 -2.515016 -0.268304
v 0.581331 -2.562660 -0.127085
v 0.602781 -2.540126 -0.117897
v 0.579461 -2.517591 -0.118722
v 0.558011 -2.540126 -0.127909
v 0.918083 -2.616590 -1.001899
v 1.045657 -2.494218 -1.002030
v 0.923290 -2.366647 -1.000574
v 0.795716 -2.489019 -1.000443
v 0.887111 -2.643382 -0.511010
v 1.068396 -2.469109 -0.513039
v 0.896626 -2.289637 -0.490422
v 0.715340 -2.463910 -0.488392
v 0.944452 -2.589452 -0.265581
v 1.021484 -2.515016 -0.268304
v 0.950630 -2.440581 -0.237955
v 0.873598 -2.515016 -0.235232
v 0.975424 -2.562660 -0.127085
v 0.998744 -2.540126 -0.127909
v 0.977295 -2.517591 -0.118722
v 0.953974 -2.540126 -0.117897
v 0.565416 -2.548302 -0.082193
v 0.571246 -2.553935 -0.081987
v 0.576608 -2.548302 -0.079690
v 0.570778 -2.542668 -0.079896
v 0.980147 -2.548302 -0.079690
v 0.985510 -2.553935 -0.081987
v 0.991340 -2.548302 -0.082193
v 0.985977 -2.542668 -0.079896
v 0.567884 -2.551027 -1.325724
v 0.585581 -2.567418 -1.244767
v 0.616173 -2.535525 -1.244403
v 0.584279 -2.504932 -1.244435
v 0.553688 -2.536824 -1.244799
v 0.544294 -2.587296 -1.002328
v 0.731749 -2.583397 -1.001138
v 0.681810 -2.656069 -0.717264
v 0.727844 -2.395940 -1.000144
v 0.877711 -2.451738 -0.709790
v 0.540388 -2.399840 -1.001333
v 0.672922 -2.255205 -0.710460
v 0.477021 -2.459536 -0.717934
v 0.536059 -2.601114 -0.517679
v 0.800852 -2.597214 -0.499194
v 0.635401 -2.610514 -0.366120
v 0.793715 -2.331906 -0.483753
v 0.745461 -2.495136 -0.331718
v 0.528923 -2.335805 -0.502238
v 0.627170 -2.381058 -0.334805
v 0.517110 -2.496436 -0.369207
v 0.556074 -2.570843 -0.274530
v 0.666988 -2.570843 -0.249726
v 0.595798 -2.575174 -0.191775
v 0.662355 -2.459190 -0.229007
v 0.640324 -2.528397 -0.172703
v 0.551441 -2.459190 -0.253811
v 0.591916 -2.481621 -0.174414
v 0.547390 -2.528397 -0.193486
v 0.564309 -2.557026 -0.129794
v 0.597886 -2.557026 -0.122285
v 0.596483 -2.523225 -0.116013
v 0.562906 -2.523225 -0.123522
v 0.971174 -2.567418 -1.244767
v 1.003068 -2.536824 -1.244799
v 0.972476 -2.504932 -1.244435
v 0.940583 -2.535525 -1.244403
v 0.825006 -2.583397 -1.001138
v 1.012462 -2.587296 -1.002328
v 0.874945 -2.656069 -0.717264
v 1.016367 -2.399840 -1.001333
v 1.079735 -2.459536 -0.717935
v 0.828912 -2.395941 -1.000144
v 0.883834 -2.255205 -0.710460
v 0.679044 -2.451738 -0.709790
v 0.755904 -2.597214 -0.499194
v 1.020696 -2.601114 -0.517679
v 0.921354 -2.610514 -0.366120
v 1.027833 -2.335805 -0.502238
v 1.039645 -2.496436 -0.369207
v 0.763040 -2.331906 -0.483753
v 0.929585 -2.381058 -0.334805
v 0.811294 -2.495136 -0.331718
v 0.889767 -2.570843 -0.249726
v 1.000681 -2.570843 -0.274530
v 0.960958 -2.575174 -0.191775
v 1.005315 -2.459190 -0.253811
v 1.009366 -2.528397 -0.193486
v 0.894401 -2.459190 -0.229007
v 0.964840 -2.481621 -0.174414
v 0.916432 -2.528397 -0.172703
v 0.958869 -2.557026 -0.122285
v 0.992447 -2.557026 -0.129794
v 0.993850 -2.523225 -0.123522
v 0.960272 -2.523225 -0.116013
v 0.530440 -2.608886 -0.719468
v 0.830958 -2.603037 -0.713359
v 0.824292 -2.302389 -0.708256
v 0.523774 -2.308238 -0.714365
v 0.566295 -2.553693 -0.094883
v 0.581218 -2.553693 -0.091545
v 0.580595 -2.538671 -0.088758
v 0.565671 -2.538671 -0.092095
v 0.725798 -2.603037 -0.713359
v 1.026315 -2.608886 -0.719468
v 1.032981 -2.308238 -0.714365
v 0.732464 -2.302389 -0.708256
v 0.975537 -2.553693 -0.091545
v 0.990461 -2.553693 -0.094883
v 0.991084 -2.538671 -0.092095
v 0.976161 -2.538671 -0.088758
v 0.561986 -2.560094 -1.244874
v 0.608850 -2.559119 -1.244576
v 0.607874 -2.512254 -1.244328
v 0.561010 -2.513230 -1.244627
v 0.548741 -2.582320 -0.376265
v 0.720004 -2.581345 -0.348147
v 0.713831 -2.409253 -0.324661
v 0.542568 -2.410227 -0.352778
v 0.560462 -2.563480 -0.197398
v 0.630163 -2.563480 -0.181811
v 0.627251 -2.493315 -0.168791
v 0.557551 -2.493315 -0.184378
v 0.988872 -2.551027 -1.325724
v 0.947905 -2.559119 -1.244576
v 0.994769 -2.560094 -1.244874
v 0.995746 -2.513230 -1.244627
v 0.948882 -2.512254 -1.244328
v 0.836752 -2.581345 -0.348147
v 1.008015 -2.582320 -0.376265
v 1.014188 -2.410227 -0.352778
v 0.842925 -2.409253 -0.324661
v 0.926593 -2.563480 -0.181811
v 0.996293 -2.563480 -0.197398
v 0.999205 -2.493315 -0.184378
v 0.929505 -2.493315 -0.168791
v 0.110559 -2.512003 0.371299
v 0.110559 -2.728776 0.115494
v 0.110559 -3.053199 -0.055430
v 0.110559 -3.435883 -0.115450
v 0.110559 -3.435883 -0.115450
v -0.035888 -2.512003 0.394268
v -0.160039 -2.728776 0.157935
v -0.242995 -3.053199 0.000022
v -0.272124 -3.435883 -0.055430
v -0.272124 -3.435883 -0.055430
v -0.160039 -2.512003 0.459677
v -0.389441 -2.728776 0.278796
v -0.542723 -3.053199 0.157934
v -0.596548 -3.435883 0.115494
v -0.596548 -3.435883 0.115494
v -0.242994 -2.512003 0.557570
v -0.542722 -2.728776 0.459677
v -0.742994 -3.053199 0.394268
v -0.813320 -3.435883 0.371299
v -0.813320 -3.435883 0.371299
v -0.272124 -2.512003 0.673042
v -0.596547 -2.728776 0.673042
v -0.813320 -3.053199 0.673042
v -0.889441 -3.435883 0.673042
v -0.889441 -3.435883 0.673042
v -0.242994 -2.512003 0.788514
v -0.542722 -2.728776 0.886406
v -0.742994 -3.053199 0.951816
v -0.813320 -3.435883 0.974785
v -0.813320 -3.435883 0.974785
v -0.160039 -2.512003 0.886406
v -0.389441 -2.728776 1.067288
v -0.542722 -3.053199 1.188149
v -0.596547 -3.435883 1.230590
v -0.596547 -3.435883 1.230590
v 0.196480 -3.779896 0.673041
v -0.035887 -2.512003 0.951816
v -0.160039 -2.728776 1.188149
v -0.242994 -3.053199 1.346062
v -0.272124 -3.435883 1.401513
v -0.272124 -3.435883 1.401513
v 0.110559 -2.512003 0.974784
v 0.110559 -2.728776 1.230590
v 0.110560 -3.053199 1.401513
v 0.110560 -3.435883 1.461534
v 0.110560 -3.435883 1.461534
v 0.110560 -3.779895 1.461534
v -0.272124 -3.779895 1.401513
v -0.596547 -3.779895 1.230590
v -0.813320 -3.779895 0.974784
v -0.889441 -3.779895 0.673042
v -0.813320 -3.779895 0.371299
v -0.596548 -3.779895 0.115494
v -0.272124 -3.779895 -0.055430
v 0.110559 -3.779895 -0.115451
v 0.110559 -2.435883 0.673042
v 1.711719 -2.728776 0.673042
v 2.041827 -3.053199 0.673042
v 1.173319 -2.512003 0.557570
v 1.629753 -2.728776 0.459677
v 1.934733 -3.053199 0.394267
v 2.041827 -3.435883 0.371299
v 2.041827 -3.435883 0.371299
v 1.046992 -2.512003 0.459677
v 1.396332 -2.728776 0.278796
v 1.629753 -3.053199 0.157934
v 1.711719 -3.435883 0.115493
v 1.711719 -3.435883 0.115493
v 0.857931 -2.512003 0.394268
v 1.046992 -2.728776 0.157934
v 1.173319 -3.053199 0.000022
v 1.217679 -3.435883 -0.055430
v 1.217679 -3.435883 -0.055430
v 0.814018 -2.512003 0.371299
v 0.814018 -2.728776 0.115494
v 0.814018 -3.053199 -0.055430
v 0.814018 -3.435883 -0.115450
v 0.814018 -3.435883 -0.115450
v 0.899939 -3.779896 0.673041
v 2.157745 -3.779895 0.673041
v 2.041827 -3.779895 0.974784
v 0.814018 -2.512003 0.974784
v 0.814019 -2.728776 1.230590
v 0.814019 -3.053199 1.401513
v 0.814019 -3.435883 1.461534
v 0.814019 -3.435883 1.461534
v 1.711720 -3.779895 1.230589
v 1.217680 -3.779895 1.401513
v 0.814019 -3.779895 1.461534
v 0.857931 -2.512003 0.951815
v 1.046993 -2.728776 1.188149
v 1.173319 -3.053199 1.346061
v 1.217680 -3.435883 1.401513
v 1.217680 -3.435883 1.401513
v 1.046992 -2.512003 0.886406
v 1.396332 -2.728776 1.067287
v 1.629753 -3.053199 1.188148
v 1.711720 -3.435883 1.230589
v 1.711720 -3.435883 1.230589
v 1.173319 -2.512003 0.788514
v 1.629753 -2.728776 0.886406
v 1.934732 -3.053199 0.951815
v 2.041827 -3.435883 0.974784
v 2.041827 -3.435883 0.974784
v 0.814018 -3.779895 -0.115451
v 1.217679 -3.779895 -0.055430
v 0.814018 -2.435883 0.673042
v 1.217679 -2.512003 0.673042
v 2.157745 -3.435883 0.673041
v 2.157745 -3.435883 0.673041
v 1.711719 -3.779895 0.115493
v 2.041827 -3.779895 0.371298
v 0.567884 -2.551027 0.066952
v 0.988872 -2.551027 0.066952
v 0.638673 -2.616590 1.001897
v 0.761039 -2.489019 1.000441
v 0.633465 -2.366647 1.000572
v 0.511099 -2.494218 1.002027
v 0.669645 -2.643382 0.511008
v 0.841416 -2.463910 0.488391
v 0.660130 -2.289637 0.490420
v 0.488359 -2.469109 0.513038
v 0.612303 -2.589452 0.265579
v 0.683157 -2.515016 0.235231
v 0.606125 -2.440581 0.237954
v 0.535272 -2.515016 0.268303
v 0.581331 -2.562660 0.127083
v 0.602781 -2.540126 0.117896
v 0.579461 -2.517591 0.118720
v 0.558011 -2.540126 0.127908
v 0.918083 -2.616590 1.001897
v 1.045657 -2.494218 1.002028
v 0.923290 -2.366647 1.000572
v 0.795716 -2.489019 1.000441
v 0.887111 -2.643382 0.511008
v 1.068396 -2.469109 0.513038
v 0.896626 -2.289637 0.490420
v 0.715340 -2.463910 0.488391
v 0.944452 -2.589452 0.265579
v 1.021484 -2.515016 0.268303
v 0.950630 -2.440581 0.237954
v 0.873598 -2.515016 0.235231
v 0.975424 -2.562660 0.127083
v 0.998744 -2.540126 0.127908
v 0.977295 -2.517591 0.118720
v 0.953974 -2.540126 0.117896
v 0.565416 -2.548302 0.082191
v 0.571246 -2.553935 0.081985
v 0.576608 -2.548302 0.079688
v 0.570778 -2.542668 0.079894
v 0.980147 -2.548302 0.079688
v 0.985510 -2.553935 0.081985
v 0.991340 -2.548302 0.082191
v 0.985977 -2.542668 0.079894
v 0.567884 -2.551028 1.325722
v 0.585581 -2.567419 1.244766
v 0.616173 -2.535526 1.244402
v 0.584279 -2.504933 1.244434
v 0.553688 -2.536825 1.244798
v 0.544294 -2.587296 1.002326
v 0.731749 -2.583397 1.001136
v 0.681810 -2.656069 0.717262
v 0.727844 -2.395940 1.000142
v 0.877711 -2.451738 0.709788
v 0.540388 -2.399840 1.001332
v 0.672922 -2.255205 0.710459
v 0.477021 -2.459536 0.717933
v 0.536059 -2.601114 0.517677
v 0.800852 -2.597214 0.499192
v 0.635401 -2.610514 0.366119
v 0.793715 -2.331906 0.483751
v 0.745461 -2.495136 0.331716
v 0.528923 -2.335805 0.502236
v 0.627170 -2.381058 0.334803
v 0.517110 -2.496436 0.369206
v 0.556074 -2.570843 0.274528
v 0.666988 -2.570843 0.249724
v 0.595798 -2.575174 0.191773
v 0.662355 -2.459190 0.229005
v 0.640324 -2.528397 0.172701
v 0.551441 -2.459190 0.253809
v 0.591916 -2.481621 0.174413
v 0.547390 -2.528397 0.193484
v 0.564309 -2.557026 0.129793
v 0.597886 -2.557026 0.122284
v 0.596483 -2.523225 0.116011
v 0.562906 -2.523225 0.123520
v 0.971174 -2.567419 1.244766
v 1.003068 -2.536825 1.244798
v 0.972476 -2.504933 1.244434
v 0.940583 -2.535526 1.244402
v 0.825006 -2.583397 1.001136
v 1.012462 -2.587296 1.002326
v 0.874945 -2.656069 0.717262
v 1.016367 -2.399840 1.001332
v 1.079735 -2.459536 0.717933
v 0.828912 -2.395941 1.000142
v 0.883834 -2.255205 0.710459
v 0.679044 -2.451738 0.709788
v 0.755904 -2.597214 0.499192
v 1.020696 -2.601114 0.517677
v 0.921354 -2.610514 0.366119
v 1.027833 -2.335805 0.502236
v 1.039645 -2.496436 0.369206
v 0.763040 -2.331906 0.483751
v 0.929585 -2.381058 0.334803
v 0.811294 -2.495136 0.331716
v 0.889767 -2.570843 0.249724
v 1.000681 -2.570843 0.274528
v 0.960958 -2.575174 0.191773
v 1.005315 -2.459190 0.253809
v 1.009366 -2.528397 0.193484
v 0.894401 -2.459190 0.229005
v 0.964840 -2.481621 0.174413
v 0.916432 -2.528397 0.172701
v 0.958869 -2.557026 0.122284
v 0.992447 -2.557026 0.129793
v 0.993850 -2.523225 0.123520
v 0.960272 -2.523225 0.116011
v 0.530440 -2.608886 0.719466
v 0.830958 -2.603037 0.713357
v 0.824292 -2.302389 0.708255
v 0.523774 -2.308238 0.714364
v 0.566295 -2.553693 0.094881
v 0.581218 -2.553693 0.091544
v 0.580595 -2.538671 0.088756
v 0.565671 -2.538671 0.092094
v 0.725798 -2.603037 0.713357
v 1.026315 -2.608886 0.719466
v 1.032981 -2.308238 0.714364
v 0.732464 -2.302389 0.708255
v 0.975537 -2.553693 0.091544
v 0.990461 -2.553693 0.094881
v 0.991084 -2.538671 0.092094
v 0.976161 -2.538671 0.088756
v 0.561986 -2.560095 1.244873
v 0.608850 -2.559120 1.244575
v 0.607874 -2.512255 1.244327
v 0.561010 -2.513231 1.244625
v 0.548741 -2.582320 0.376263
v 0.720004 -2.581345 0.348146
v 0.713831 -2.409253 0.324659
v 0.542568 -2.410227 0.352776
v 0.560462 -2.563480 0.197397
v 0.630163 -2.563480 0.181809
v 0.627251 -2.493315 0.168789
v 0.557551 -2.493315 0.184376
v 0.988872 -2.551028 1.325722
v 0.947905 -2.559120 1.244575
v 0.994769 -2.560095 1.244873
v 0.995746 -2.513231 1.244625
v 0.948882 -2.512255 1.244327
v 0.836752 -2.581345 0.348146
v 1.008015 -2.582320 0.376263
v 1.014188 -2.410227 0.352776
v 0.842925 -2.409253 0.324659
v 0.926593 -2.563480 0.181809
v 0.996293 -2.563480 0.197397
v 0.999205 -2.493315 0.184376
v 0.929505 -2.493315 0.168789
v 0.168919 1.845431 -0.999999
v -0.213765 1.845431 -0.923879
v -0.538188 1.845431 -0.707106
v -0.754961 1.845431 -0.382683
v -0.831081 1.845431 0.000001
v -0.754961 1.845431 0.382684
v -0.538188 1.845431 0.707107
v -0.213765 1.845431 0.923880
v 0.168919 1.845431 1.000000
v 0.551602 1.845431 0.923880
v 0.876025 1.845431 0.707108
v 1.092798 1.845431 0.382684
v 1.168919 1.845431 0.000001
v 1.092798 1.845431 -0.382683
v 0.876025 1.845431 -0.707106
v 0.551602 1.845431 -0.923879
v 0.168919 1.618997 -0.823200
v -0.146106 1.618997 -0.760537
v -0.413172 1.618997 -0.582090
v -0.591619 1.618997 -0.315025
v -0.654281 1.618997 0.000001
v -0.591619 1.618997 0.315026
v -0.413172 1.618997 0.582091
v -0.146106 1.618997 0.760538
v 0.168919 1.618997 0.823201
v 0.483944 1.618997 0.760538
v 0.751009 1.618997 0.582091
v 0.929456 1.618997 0.315026
v 0.992119 1.618997 0.000001
v 0.929456 1.618997 -0.315025
v 0.751009 1.618997 -0.582090
v 0.483943 1.618997 -0.760537
v 0.168919 1.494681 -0.529956
v -0.033887 1.494681 -0.489616
v -0.205817 1.494681 -0.374736
v -0.320698 1.494681 -0.202805
v -0.361038 1.494681 0.000000
v -0.320698 1.494681 0.202806
v -0.205817 1.494681 0.374737
v -0.033887 1.494681 0.489617
v 0.168919 1.494681 0.529957
v 0.371724 1.494681 0.489617
v 0.543655 1.494681 0.374737
v 0.658535 1.494681 0.202806
v 0.698876 1.494681 0.000000
v 0.658535 1.494681 -0.202805
v 0.543655 1.494681 -0.374736
v 0.371724 1.494681 -0.489616
v 0.587663 1.956428 -0.587663
v 0.767819 1.956428 -0.318041
v 0.831081 1.956428 0.000001
v 0.767819 1.956428 0.318042
v 0.587663 1.956428 0.587664
v 0.318041 1.956428 0.767820
v -0.000000 1.956428 0.831082
v -0.318041 1.956428 0.767819
v -0.587663 1.956428 0.587664
v 0.168919 1.383684 0.000000
v -0.767819 1.956428 0.318042
v -0.831081 1.956428 0.000001
v -0.767819 1.956428 -0.318040
v -0.587663 1.956428 -0.587663
v -0.318041 1.956428 -0.767818
v 0.000000 1.956428 -0.831081
v 0.318041 1.956428 -0.767819
v 0.831081 2.532170 0.000001
v 0.000000 3.119833 -0.587662
v 0.000000 2.850211 -0.767818
v 0.121709 3.299989 -0.293831
v 0.224889 3.119833 -0.542929
v 0.293831 2.850211 -0.709371
v 0.318041 2.532170 -0.767818
v 0.224889 3.299989 -0.224888
v 0.415540 3.119833 -0.415540
v 0.542930 2.850211 -0.542929
v 0.587663 2.532170 -0.587662
v 0.293831 3.299989 -0.121708
v 0.542930 3.119833 -0.224888
v 0.709372 2.850211 -0.293831
v 0.767819 2.532170 -0.318040
v 0.318041 3.299989 0.000001
v 0.587663 3.119833 0.000001
v 0.767819 2.850211 0.000001
v 0.293831 3.299989 0.121710
v 0.542930 3.119833 0.224890
v 0.709372 2.850211 0.293832
v 0.767819 2.532170 0.318042
v 0.224889 3.299989 0.224890
v 0.415540 3.119833 0.415541
v 0.542930 2.850211 0.542931
v 0.587663 2.532170 0.587664
v 0.121709 3.299989 0.293832
v 0.224889 3.119833 0.542931
v 0.293831 2.850211 0.709373
v 0.318041 2.532170 0.767819
v -0.000000 3.299989 0.318042
v -0.000000 3.119833 0.587664
v -0.000000 2.850211 0.767819
v -0.000000 2.532170 0.831081
v -0.121709 3.299989 0.293832
v -0.224889 3.119833 0.542930
v -0.293832 2.850211 0.709373
v -0.318041 2.532170 0.767819
v -0.224889 3.299989 0.224890
v -0.415541 3.119833 0.415541
v -0.542930 2.850211 0.542930
v -0.587663 2.532170 0.587663
v -0.293831 3.299989 0.121710
v -0.542930 3.119833 0.224889
v -0.709372 2.850211 0.293832
v -0.767819 2.532170 0.318041
v -0.318041 3.299989 0.000001
v -0.587663 3.119833 0.000001
v -0.767819 2.850211 0.000000
v -0.831081 2.532170 0.000000
v -0.293831 3.299989 -0.121708
v -0.542930 3.119833 -0.224888
v -0.709372 2.850211 -0.293831
v -0.767819 2.532170 -0.318041
v -0.224889 3.299989 -0.224888
v -0.415540 3.119833 -0.415540
v -0.542929 2.850211 -0.542929
v -0.587663 2.532170 -0.587663
v -0.121709 3.299989 -0.293831
v -0.224889 3.119833 -0.542929
v -0.293831 2.850211 -0.709371
v -0.318040 2.532170 -0.767818
v 0.000000 3.363251 0.000001
v 0.000000 3.299989 -0.318040
v 0.000000 2.532170 -0.831080
v -0.589942 2.669555 0.230123
v -1.426873 1.947056 0.450173
v -0.587307 2.265287 0.229430
v -1.238621 1.361214 0.400676
v -0.513733 2.669555 0.424221
v -1.157851 1.947056 1.002137
v -0.511705 2.265287 0.422401
v -1.012968 1.361214 0.872146
v -0.405754 2.669555 0.488226
v -0.880838 1.947056 1.211532
v -0.404259 2.265287 0.485948
v -0.773976 1.361214 1.048837
v -0.725115 2.469904 -0.249999
v -1.035011 2.176954 0.177832
v -1.395021 1.976710 -0.022937
v -0.672018 2.038032 0.250001
v -0.672018 2.038032 -0.249999
v -0.905219 1.680999 0.177832
v -0.905219 1.681000 -0.177831
v -1.105212 1.497466 0.075770
v -1.105212 1.497466 -0.075769
v -1.208736 1.402463 0.022938
v -0.548346 2.304240 0.219187
v -0.663856 2.469904 0.508054
v -0.906508 2.635568 0.313356
v -0.790997 2.469904 0.024489
v -0.921697 2.037623 0.317350
v -0.981917 2.176954 0.517058
v -1.132575 2.316285 0.372795
v -1.072355 2.176954 0.173086
v -1.220936 1.978794 0.396027
v -1.237289 2.045009 0.478671
v -1.292176 2.111225 0.414758
v -1.275823 2.045009 0.332114
v -1.364529 1.956664 0.433781
v -1.369480 1.976710 0.458800
v -1.386096 1.996755 0.439451
v -1.381145 1.976710 0.414432
v -0.464622 1.920015 0.197173
v -0.612504 2.038032 0.494552
v -0.887528 2.156049 0.308366
v -0.739646 2.038032 0.010987
v -0.767704 1.570870 0.276861
v -0.856392 1.680999 0.484054
v -1.035518 1.791130 0.347276
v -0.946831 1.680999 0.140083
v -1.045484 1.441642 0.349896
v -1.075763 1.497466 0.436202
v -1.144576 1.553291 0.375950
v -1.114297 1.497466 0.289644
v -1.180152 1.385563 0.385303
v -1.189318 1.402463 0.411431
v -1.210150 1.419363 0.393191
v -1.200984 1.402463 0.367063
v -0.481720 2.304240 0.395498
v -0.452588 2.469904 0.705237
v -0.757368 2.635568 0.642816
v -0.786499 2.469904 0.333076
v -0.769058 2.037623 0.653304
v -0.731446 2.176954 0.858475
v -0.931354 2.316285 0.798919
v -0.968965 2.176954 0.593748
v -0.999358 1.978794 0.859934
v -0.976171 2.045009 0.940927
v -1.054185 2.111225 0.909127
v -1.077372 2.045009 0.828134
v -1.109869 1.956664 0.959088
v -1.102850 1.976710 0.983607
v -1.126467 1.996755 0.973980
v -1.133487 1.976710 0.949461
v -0.417284 1.920015 0.337684
v -0.413067 2.038032 0.669778
v -0.742761 2.156049 0.629710
v -0.746978 2.038032 0.297617
v -0.650542 1.570870 0.546969
v -0.634840 1.680999 0.771798
v -0.856656 1.791130 0.731899
v -0.872359 1.680999 0.507071
v -0.864326 1.441642 0.738781
v -0.851858 1.497466 0.829390
v -0.940590 1.553291 0.807206
v -0.953058 1.497466 0.716597
v -0.967969 1.385563 0.831771
v -0.964194 1.402463 0.859202
v -0.991057 1.419363 0.852486
v -0.994831 1.402463 0.825056
v -0.382143 2.304240 0.452277
v -0.274840 2.469904 0.744292
v -0.585453 2.635568 0.761813
v -0.692755 2.469904 0.469798
v -0.594075 2.037623 0.774940
v -0.505291 2.176954 0.963692
v -0.713780 2.316285 0.957189
v -0.802564 2.176954 0.768437
v -0.763938 1.978794 1.033553
v -0.720827 2.045009 1.105933
v -0.804377 2.111225 1.095122
v -0.847487 2.045009 1.022741
v -0.845448 1.956664 1.157651
v -0.832397 1.976710 1.179564
v -0.857690 1.996755 1.176291
v -0.870741 1.976710 1.154379
v -0.334617 1.920015 0.379919
v -0.245691 2.038032 0.699912
v -0.574679 2.156049 0.745411
v -0.663605 2.038032 0.425417
v -0.506661 1.570870 0.641854
v -0.434037 1.680999 0.855209
v -0.658685 1.791130 0.873308
v -0.731310 1.680999 0.659954
v -0.664342 1.441642 0.881921
v -0.629137 1.497466 0.966337
v -0.720592 1.553291 0.967561
v -0.755797 1.497466 0.883144
v -0.740786 1.385563 0.998306
v -0.730129 1.402463 1.023861
v -0.757815 1.419363 1.024232
v -0.768473 1.402463 0.998676
v -0.618497 2.619642 -0.187499
v -1.435006 1.954469 0.005735
v -0.603179 2.208474 -0.187499
v -0.671991 2.619642 0.057823
v -0.767561 2.733561 0.276824
v -0.576635 2.619642 0.420497
v -0.481064 2.505724 0.201497
v -1.415441 1.954469 0.441238
v -1.411287 1.949458 0.446075
v -1.412525 1.954469 0.452330
v -1.416679 1.959480 0.447492
v -0.657177 2.208474 0.053928
v -0.774456 2.284790 0.278637
v -0.561821 2.208474 0.416602
v -0.444542 2.132157 0.191894
v -1.229212 1.371526 0.392273
v -1.224004 1.367301 0.396833
v -1.226295 1.371526 0.403365
v -1.231503 1.375751 0.398805
v -0.665402 2.619642 0.308394
v -0.650432 2.733561 0.546870
v -0.414969 2.619642 0.587515
v -0.429939 2.505724 0.349039
v -1.151760 1.954469 0.988969
v -1.145855 1.949458 0.991376
v -1.144101 1.954469 0.997505
v -1.150005 1.959480 0.995098
v -0.654001 2.208474 0.298165
v -0.655738 2.284789 0.551631
v -0.403568 2.208474 0.577285
v -0.401830 2.132157 0.323819
v -1.008434 1.371526 0.860373
v -1.001718 1.367301 0.862052
v -1.000775 1.371526 0.868910
v -1.007490 1.375751 0.867231
v -0.581983 2.619642 0.414995
v -0.506580 2.733561 0.641731
v -0.268547 2.619642 0.620866
v -0.343951 2.505724 0.394130
v -0.878314 1.954469 1.197243
v -0.871990 1.949458 1.198061
v -0.868728 1.954469 1.203539
v -0.875051 1.959480 1.202721
v -0.573574 2.208474 0.402192
v -0.510494 2.284789 0.647690
v -0.260138 2.208474 0.608063
v -0.323218 2.132157 0.362565
v -0.772600 1.371526 1.036297
v -0.765679 1.367301 1.036204
v -0.763014 1.371526 1.042593
v -0.769936 1.375751 1.042685
v -0.586240 2.345656 0.187501
v -0.863991 2.594152 0.187501
v -0.873668 2.296841 0.231958
v -0.863991 2.594152 -0.187499
v -0.953244 2.072455 -0.133373
v -0.953244 2.072455 0.133374
v -1.178184 2.097318 0.116232
v -1.116778 2.281452 -0.133373
v -1.178184 2.097318 -0.116231
v -1.244605 1.995347 0.056827
v -1.299851 2.094671 0.056827
v -1.299851 2.094671 -0.056826
v -1.337666 2.008611 -0.047614
v -1.386658 1.961675 0.017204
v -0.835998 2.126545 0.187501
v -0.835998 2.126545 -0.187499
v -0.776211 1.835146 -0.231957
v -0.801376 1.598402 0.133374
v -1.009063 1.763597 0.133374
v -1.025926 1.570227 0.116232
v -1.025926 1.570228 -0.116231
v -1.066789 1.455598 0.056827
v -1.143635 1.539335 0.056827
v -1.143635 1.539335 -0.056826
v -1.197104 1.389788 -0.017203
v -1.197104 1.389788 0.017204
v -1.220368 1.415138 -0.017203
v -0.640794 2.345656 0.049621
v -0.545438 2.345656 0.412295
v -0.719364 2.127431 0.264151
v -0.814059 2.594152 0.482922
v -0.812114 2.296841 0.528379
v -0.909415 2.594152 0.120248
v -1.022829 2.466251 0.343940
v -0.930079 2.296841 0.079712
v -0.981971 2.072455 0.195291
v -0.914142 2.072455 0.453270
v -1.105502 1.999762 0.365676
v -1.072301 2.281452 0.494854
v -1.136048 2.097318 0.493889
v -1.140130 2.281452 0.236875
v -1.225704 2.194875 0.397281
v -1.195159 2.097318 0.269068
v -1.244291 1.995347 0.343409
v -1.215391 1.995347 0.453327
v -1.297459 1.967000 0.416147
v -1.268821 2.094671 0.467375
v -1.307735 2.008611 0.468081
v -1.297721 2.094671 0.357457
v -1.342227 2.050222 0.427917
v -1.331950 2.008611 0.375982
v -1.371599 1.961675 0.417852
v -1.362850 1.961675 0.451128
v -1.379025 1.991744 0.455381
v -1.387774 1.991744 0.422105
v -0.565163 1.949519 0.029735
v -0.469807 1.949519 0.392409
v -0.591143 1.706904 0.230439
v -0.786987 2.126545 0.475804
v -0.717861 1.835146 0.503597
v -0.882343 2.126545 0.113130
v -0.962543 1.963388 0.328089
v -0.835826 1.835146 0.054931
v -0.835096 1.598402 0.156673
v -0.767267 1.598402 0.414652
v -0.937939 1.489814 0.321620
v -0.968127 1.763597 0.467463
v -0.988794 1.570227 0.455173
v -1.035956 1.763597 0.209485
v -1.098760 1.650641 0.363904
v -1.047905 1.570227 0.230351
v -1.072320 1.455598 0.298194
v -1.043420 1.455598 0.408112
v -1.117250 1.411756 0.368765
v -1.117740 1.539335 0.427652
v -1.136278 1.446838 0.423001
v -1.146640 1.539335 0.317734
v -1.179522 1.481919 0.385138
v -1.160493 1.446838 0.330902
v -1.188276 1.389788 0.369651
v -1.179527 1.389788 0.402927
v -1.202026 1.415138 0.408843
v -1.210775 1.415138 0.375567
v -0.641392 2.345656 0.286852
v -0.390959 2.345656 0.565973
v -0.613338 2.127431 0.513589
v -0.597695 2.594152 0.751461
v -0.575208 2.296841 0.791014
v -0.848128 2.594152 0.472341
v -0.846891 2.466251 0.723138
v -0.885021 2.296841 0.445712
v -0.878414 2.072455 0.572233
v -0.700275 2.072455 0.770778
v -0.910518 1.999762 0.780225
v -0.821997 2.281452 0.879990
v -0.879151 2.097318 0.908239
v -1.000136 2.281452 0.681445
v -1.003027 2.194875 0.863227
v -1.034394 2.097318 0.735213
v -1.044161 1.995347 0.823786
v -0.968261 1.995347 0.908381
v -1.058251 1.967000 0.912775
v -1.009381 2.094671 0.945275
v -1.043680 2.008611 0.963672
v -1.085282 2.094671 0.860680
v -1.092705 2.050222 0.943688
v -1.107276 2.008611 0.892791
v -1.123433 1.961675 0.948145
v -1.100455 1.961675 0.973754
v -1.112904 1.991744 0.984924
v -1.135882 1.991744 0.959314
v -0.583185 1.949519 0.234627
v -0.332752 1.949519 0.513748
v -0.514658 1.706904 0.425050
v -0.576860 2.126545 0.732767
v -0.502669 1.835146 0.725931
v -0.827293 2.126545 0.453647
v -0.800493 1.963388 0.681509
v -0.812482 1.835146 0.380628
v -0.765376 1.598402 0.470813
v -0.587237 1.598402 0.669358
v -0.781558 1.489814 0.664519
v -0.741822 1.763597 0.808056
v -0.765822 1.570227 0.806558
v -0.919962 1.763597 0.609510
v -0.905329 1.650641 0.775569
v -0.921065 1.570227 0.633531
v -0.911809 1.455598 0.705037
v -0.835909 1.455598 0.789631
v -0.919559 1.411756 0.788337
v -0.893107 1.539335 0.840951
v -0.911723 1.446838 0.845277
v -0.969007 1.539335 0.756356
v -0.967484 1.481919 0.831337
v -0.975320 1.446838 0.774396
v -0.982344 1.389788 0.821556
v -0.959366 1.389788 0.847166
v -0.976682 1.415138 0.862702
v -0.999659 1.415138 0.837092
v -0.564274 2.345656 0.388033
v -0.250838 2.345656 0.593904
v -0.479221 2.127431 0.600077
v -0.403321 2.594152 0.826057
v -0.371475 2.296841 0.858552
v -0.716757 2.594152 0.620186
v -0.651483 2.466251 0.862343
v -0.759229 2.296841 0.603867
v -0.720515 2.072455 0.724501
v -0.497561 2.072455 0.870942
v -0.698412 1.999762 0.933791
v -0.587339 2.281452 1.007629
v -0.635378 2.097318 1.049543
v -0.810294 2.281452 0.861187
v -0.766644 2.194875 1.037675
v -0.829677 2.097318 0.921923
v -0.816490 1.995347 1.010052
v -0.721495 1.995347 1.072446
v -0.807376 1.967000 1.099687
v -0.751824 2.094671 1.118623
v -0.780284 2.008610 1.145172
v -0.846819 2.094671 1.056229
v -0.832788 2.050222 1.138377
v -0.859880 2.008611 1.092893
v -0.861358 1.961675 1.150537
v -0.832599 1.961675 1.169426
v -0.841781 1.991744 1.183406
v -0.870539 1.991744 1.164516
v -0.521343 1.949519 0.322670
v -0.207906 1.949519 0.528541
v -0.406437 1.706904 0.489264
v -0.387953 2.126545 0.802660
v -0.317972 1.835146 0.777095
v -0.701389 2.126545 0.596789
v -0.617261 1.963388 0.810241
v -0.705726 1.835146 0.522410
v -0.637142 1.598402 0.597565
v -0.414187 1.598402 0.744007
v -0.603295 1.489814 0.788977
v -0.528205 1.763597 0.917597
v -0.551790 1.570227 0.922281
v -0.751159 1.763597 0.771156
v -0.694584 1.650641 0.927965
v -0.746089 1.570227 0.794661
v -0.718871 1.455598 0.861429
v -0.623876 1.455598 0.923823
v -0.705080 1.411756 0.943944
v -0.666063 1.539335 0.988053
v -0.682957 1.446838 0.996993
v -0.761058 1.539335 0.925658
v -0.740429 1.481919 0.997761
v -0.762552 1.446838 0.944713
v -0.757294 1.389788 0.992102
v -0.728536 1.389788 1.010991
v -0.741307 1.415138 1.030435
v -0.770066 1.415138 1.011546
v -0.539160 2.493377 -0.138888
v -0.753117 2.668266 0.138890
v -0.756001 2.169783 0.173969
v -0.991335 2.423899 -0.173968
v -1.420923 1.953553 -0.007645
v -1.420923 1.953553 0.007647
v -1.428356 1.966917 0.007647
v -1.428356 1.966917 -0.007645
v -0.496634 2.104141 0.138889
v -0.745419 2.224430 -0.138888
v -1.228537 1.373914 -0.007645
v -1.228537 1.373914 0.007646
v -1.238877 1.385180 -0.007645
v -0.582901 2.493377 0.084663
v -0.512267 2.493377 0.353310
v -0.719191 2.668266 0.407715
v -0.789825 2.668266 0.139068
v -0.801534 2.169783 0.105875
v -0.713060 2.169783 0.442375
v -0.940659 2.423899 0.502216
v -1.029133 2.423899 0.165716
v -1.402307 1.953553 0.435808
v -1.398419 1.953553 0.450597
v -1.405608 1.966917 0.452487
v -1.409496 1.966917 0.437698
v -0.541772 2.104141 0.073849
v -0.471138 2.104141 0.342496
v -0.711746 2.224430 0.405758
v -0.782380 2.224430 0.137111
v -0.681805 1.738965 0.074395
v -0.593331 1.738965 0.410895
v -0.871881 1.931328 0.484133
v -0.960355 1.931328 0.147633
v -1.216245 1.373914 0.386887
v -1.212357 1.373914 0.401677
v -1.222357 1.385180 0.404306
v -1.226245 1.385180 0.389517
v -0.573887 2.493377 0.291594
v -0.388381 2.493377 0.498350
v -0.547633 2.668266 0.641235
v -0.733139 2.668266 0.434479
v -0.758712 2.169783 0.410294
v -0.526352 2.169783 0.669271
v -0.701517 2.423899 0.826433
v -0.933877 2.423899 0.567456
v -1.142554 1.953553 0.978141
v -1.132342 1.953553 0.989523
v -1.137874 1.966917 0.994487
v -1.148087 1.966917 0.983105
v -0.542233 2.104141 0.263194
v -0.356727 2.104141 0.469949
v -0.541903 2.224430 0.636094
v -0.727409 2.224430 0.429338
v -0.666567 1.738965 0.327619
v -0.434207 1.738965 0.586596
v -0.648584 1.931328 0.778940
v -0.880944 1.931328 0.519963
v -0.999357 1.373914 0.849661
v -0.989145 1.373914 0.861044
v -0.996841 1.385180 0.867948
v -1.007053 1.385180 0.856566
v -0.497798 2.493377 0.375370
v -0.265623 2.493377 0.527867
v -0.383083 2.668266 0.706698
v -0.615258 2.668266 0.554201
v -0.646161 2.169783 0.537353
v -0.355346 2.169783 0.728367
v -0.484542 2.423899 0.925066
v -0.775358 2.423899 0.734053
v -0.872180 1.953553 1.184423
v -0.859398 1.953553 1.192819
v -0.863479 1.966917 1.199031
v -0.876261 1.966917 1.190637
v -0.474451 2.104141 0.339825
v -0.242276 2.104141 0.492322
v -0.378857 2.224430 0.700264
v -0.611032 2.224430 0.547767
v -0.578197 1.738965 0.433879
v -0.287382 1.738965 0.624893
v -0.445500 1.931328 0.865626
v -0.736316 1.931328 0.674612
v -0.766562 1.373914 1.023621
v -0.753781 1.373914 1.032016
v -0.759457 1.385180 1.040658
v -0.772238 1.385180 1.032263
v -1.131576 2.024151 0.087174
v -1.224792 2.170485 -0.087173
v -1.320307 1.977403 -0.035710
v -1.320307 1.977403 0.035712
v -1.355024 2.039820 0.035712
v -0.963568 1.509917 0.087174
v -1.088283 1.630538 0.087174
v -1.184527 1.473149 -0.035711
v -1.142694 2.024151 0.285319
v -1.098361 2.024151 0.453935
v -1.188512 2.170485 0.477638
v -1.232846 2.170485 0.309022
v -1.312135 1.977403 0.383081
v -1.293974 1.977403 0.452155
v -1.327550 2.039820 0.460983
v -1.345711 2.039820 0.391909
v -0.980209 1.509917 0.242597
v -0.935875 1.509917 0.411214
v -1.056491 1.630537 0.442926
v -1.100824 1.630537 0.274310
v -1.134115 1.420527 0.336274
v -1.115953 1.420527 0.405349
v -1.162657 1.473149 0.417628
v -1.180818 1.473149 0.348554
v -0.980298 2.024151 0.725715
v -0.863865 2.024151 0.855485
v -0.933247 2.170485 0.917737
v -1.049680 2.170485 0.787967
v -1.086406 1.977403 0.890058
v -1.038709 1.977403 0.943219
v -1.064550 2.039820 0.966404
v -1.112247 2.039820 0.913243
v -0.855246 1.509917 0.613515
v -0.738813 1.509917 0.743286
v -0.831641 1.630537 0.826573
v -0.948074 1.630537 0.696803
v -0.949398 1.420527 0.767131
v -0.901701 1.420527 0.820292
v -0.937645 1.473149 0.852542
v -0.985342 1.473149 0.799381
v -0.779803 2.024151 0.898919
v -0.634079 2.024151 0.994634
v -0.685253 2.170485 1.072547
v -0.830977 2.170485 0.976832
v -0.840401 1.977403 1.084918
v -0.780704 1.977403 1.124128
v -0.799763 2.039819 1.153147
v -0.859460 2.039820 1.113936
v -0.687568 1.509917 0.758493
v -0.541844 1.509917 0.854208
v -0.610311 1.630537 0.958449
v -0.756035 1.630537 0.862734
v -0.739347 1.420527 0.931066
v -0.679650 1.420527 0.970276
v -0.706162 1.473149 1.010639
v -0.765858 1.473149 0.971429
v -0.582957 2.669555 0.000001
v -1.448334 1.947056 0.000001
v -0.580233 2.265287 0.000001
v -1.253683 1.361214 0.000000
v -0.589942 2.669555 -0.230122
v -1.426873 1.947056 -0.450172
v -0.587307 2.265287 -0.229429
v -1.238621 1.361214 -0.400676
v -0.513733 2.669555 -0.424219
v -1.157851 1.947056 -1.002136
v -0.511705 2.265287 -0.422400
v -1.012968 1.361214 -0.872145
v -0.405754 2.669555 -0.488224
v -0.880838 1.947056 -1.211530
v -0.404259 2.265287 -0.485947
v -0.773976 1.361215 -1.048836
v -0.539948 2.304240 0.000001
v -0.910282 2.635568 0.000001
v -0.725115 2.469904 0.250001
v -0.925988 2.037623 0.000001
v -1.035011 2.176954 -0.177831
v -1.144034 2.316285 0.000001
v -1.235398 1.978794 0.000001
v -1.272228 2.045009 -0.075768
v -1.309058 2.111225 0.000001
v -1.272228 2.045009 0.075770
v -1.383871 1.956664 0.000001
v -1.406171 1.996755 0.000001
v -1.395021 1.976710 0.022939
v -0.453378 1.920015 0.000001
v -0.890658 2.156049 0.000001
v -0.766762 1.570869 0.000000
v -1.043677 1.791130 0.000001
v -1.053982 1.441642 0.000000
v -1.156442 1.553291 0.000000
v -1.193227 1.385563 0.000000
v -1.208736 1.402463 -0.022937
v -1.224245 1.419363 0.000000
v -0.548346 2.304240 -0.219185
v -0.663856 2.469904 -0.508052
v -0.906508 2.635568 -0.313355
v -0.790997 2.469904 -0.024487
v -0.921697 2.037623 -0.317348
v -0.981917 2.176954 -0.517057
v -1.132575 2.316285 -0.372793
v -1.072355 2.176954 -0.173085
v -1.220936 1.978794 -0.396026
v -1.237289 2.045009 -0.478670
v -1.292176 2.111225 -0.414756
v -1.275823 2.045009 -0.332112
v -1.364529 1.956664 -0.433780
v -1.369480 1.976710 -0.458799
v -1.386096 1.996755 -0.439450
v -1.381145 1.976710 -0.414431
v -0.464622 1.920015 -0.197172
v -0.612504 2.038032 -0.494551
v -0.887528 2.156049 -0.308365
v -0.739646 2.038032 -0.010986
v -0.767704 1.570870 -0.276860
v -0.856392 1.680999 -0.484053
v -1.035518 1.791130 -0.347275
v -0.946831 1.680999 -0.140081
v -1.045484 1.441642 -0.349895
v -1.075763 1.497466 -0.436201
v -1.144576 1.553291 -0.375949
v -1.114297 1.497466 -0.289643
v -1.180152 1.385563 -0.385302
v -1.189318 1.402463 -0.411430
v -1.210150 1.419363 -0.393190
v -1.200984 1.402463 -0.367062
v -0.481720 2.304240 -0.395496
v -0.452588 2.469904 -0.705235
v -0.757368 2.635568 -0.642814
v -0.786499 2.469904 -0.333075
v -0.769058 2.037623 -0.653303
v -0.731446 2.176954 -0.858474
v -0.931354 2.316285 -0.798918
v -0.968965 2.176954 -0.593747
v -0.999358 1.978794 -0.859933
v -0.976171 2.045009 -0.940926
v -1.054185 2.111225 -0.909125
v -1.077372 2.045009 -0.828133
v -1.109869 1.956664 -0.959087
v -1.102850 1.976710 -0.983606
v -1.126467 1.996755 -0.973979
v -1.133487 1.976710 -0.949460
v -0.417284 1.920015 -0.337683
v -0.413067 2.038032 -0.669776
v -0.742761 2.156049 -0.629709
v -0.746978 2.038032 -0.297616
v -0.650542 1.570870 -0.546968
v -0.634840 1.680999 -0.771796
v -0.856656 1.791130 -0.731898
v -0.872359 1.680999 -0.507070
v -0.864326 1.441642 -0.738780
v -0.851858 1.497466 -0.829389
v -0.940590 1.553291 -0.807205
v -0.953058 1.497466 -0.716596
v -0.967969 1.385563 -0.831771
v -0.964194 1.402463 -0.859201
v -0.991057 1.419363 -0.852485
v -0.994831 1.402463 -0.825055
v -0.382143 2.304240 -0.452275
v -0.274840 2.469904 -0.744291
v -0.585453 2.635568 -0.761812
v -0.692755 2.469904 -0.469796
v -0.594075 2.037623 -0.774939
v -0.505291 2.176954 -0.963691
v -0.713780 2.316285 -0.957188
v -0.802564 2.176954 -0.768436
v -0.763938 1.978794 -1.033552
v -0.720827 2.045009 -1.105932
v -0.804377 2.111225 -1.095120
v -0.847487 2.045009 -1.022740
v -0.845448 1.956664 -1.157650
v -0.832397 1.976710 -1.179562
v -0.857690 1.996755 -1.176289
v -0.870741 1.976710 -1.154377
v -0.334617 1.920015 -0.379918
v -0.245691 2.038032 -0.699911
v -0.574679 2.156049 -0.745409
v -0.663605 2.038032 -0.425416
v -0.506661 1.570870 -0.641853
v -0.434037 1.680999 -0.855208
v -0.658685 1.791130 -0.873307
v -0.731310 1.680999 -0.659953
v -0.664342 1.441642 -0.881920
v -0.629137 1.497467 -0.966336
v -0.720592 1.553291 -0.967560
v -0.755797 1.497466 -0.883143
v -0.740786 1.385563 -0.998305
v -0.730129 1.402464 -1.023860
v -0.757815 1.419363 -1.024231
v -0.768473 1.402464 -0.998675
v -0.618497 2.619642 0.187501
v -0.766614 2.733561 0.000001
v -0.470380 2.505724 0.000001
v -1.432218 1.949458 0.000001
v -1.435006 1.954469 -0.005734
v -1.437793 1.959480 0.000001
v -0.603179 2.208474 0.187501
v -0.773743 2.284790 0.000001
v -0.432616 2.132157 0.000001
v -1.242447 1.371526 0.005735
v -1.238569 1.367301 0.000000
v -1.242447 1.371526 -0.005734
v -1.246324 1.375751 0.000000
v -0.671991 2.619642 -0.057822
v -0.767561 2.733561 -0.276822
v -0.576635 2.619642 -0.420496
v -0.481064 2.505724 -0.201495
v -1.415441 1.954469 -0.441236
v -1.411287 1.949458 -0.446074
v -1.412525 1.954469 -0.452328
v -1.416679 1.959480 -0.447491
v -0.657177 2.208474 -0.053927
v -0.774456 2.284790 -0.278635
v -0.561821 2.208474 -0.416601
v -0.444542 2.132157 -0.191893
v -1.229212 1.371526 -0.392272
v -1.224004 1.367301 -0.396832
v -1.226295 1.371526 -0.403364
v -1.231503 1.375751 -0.398804
v -0.665402 2.619642 -0.308393
v -0.650432 2.733561 -0.546869
v -0.414969 2.619642 -0.587513
v -0.429939 2.505724 -0.349037
v -1.151760 1.954469 -0.988967
v -1.145855 1.949458 -0.991374
v -1.144101 1.954469 -0.997504
v -1.150005 1.959480 -0.995097
v -0.654001 2.208474 -0.298164
v -0.655738 2.284789 -0.551630
v -0.403568 2.208474 -0.577284
v -0.401830 2.132157 -0.323818
v -1.008434 1.371526 -0.860372
v -1.001718 1.367301 -0.862051
v -1.000775 1.371526 -0.868909
v -1.007490 1.375751 -0.867230
v -0.581983 2.619642 -0.414993
v -0.506580 2.733561 -0.641729
v -0.268547 2.619642 -0.620864
v -0.343951 2.505724 -0.394128
v -0.878314 1.954469 -1.197242
v -0.871990 1.949458 -1.198060
v -0.868728 1.954469 -1.203538
v -0.875051 1.959480 -1.202720
v -0.573574 2.208474 -0.402190
v -0.510494 2.284789 -0.647688
v -0.260138 2.208474 -0.608062
v -0.323218 2.132157 -0.362564
v -0.772600 1.371526 -1.036296
v -0.765679 1.367301 -1.036203
v -0.763014 1.371526 -1.042592
v -0.769936 1.375751 -1.042684
v -0.586240 2.345656 -0.187499
v -0.716778 2.127431 0.000001
v -0.873668 2.296841 -0.231957
v -1.030558 2.466251 0.000001
v -1.116040 1.999762 0.000001
v -1.116778 2.281452 0.133374
v -1.240328 2.194875 0.000001
v -1.244605 1.995347 -0.056826
v -1.314521 1.967000 0.000001
v -1.360811 2.050222 0.000001
v -1.337666 2.008611 0.047615
v -1.386658 1.961675 -0.017203
v -1.403383 1.991744 -0.017203
v -1.403383 1.991744 0.017204
v -0.508038 1.949519 0.187501
v -0.508038 1.949519 -0.187499
v -0.584200 1.706904 0.000001
v -0.968222 1.963388 0.000001
v -0.776211 1.835146 0.231958
v -0.801376 1.598402 -0.133373
v -0.942783 1.489814 0.000000
v -1.009063 1.763597 -0.133373
v -1.109069 1.650641 0.000001
v -1.066789 1.455598 -0.056826
v -1.128187 1.411756 0.000000
v -1.160381 1.446838 -0.047614
v -1.192575 1.481919 0.000000
v -1.160381 1.446838 0.047615
v -1.220368 1.415138 0.017204
v -0.640794 2.345656 -0.049619
v -0.545438 2.345656 -0.412293
v -0.719364 2.127431 -0.264150
v -0.814059 2.594152 -0.482920
v -0.812114 2.296841 -0.528378
v -0.909415 2.594152 -0.120246
v -1.022829 2.466251 -0.343938
v -0.930079 2.296841 -0.079711
v -0.981971 2.072455 -0.195290
v -0.914142 2.072455 -0.453268
v -1.105502 1.999762 -0.365675
v -1.072301 2.281452 -0.494852
v -1.136048 2.097318 -0.493888
v -1.140130 2.281452 -0.236873
v -1.225704 2.194875 -0.397279
v -1.195159 2.097318 -0.269067
v -1.244291 1.995347 -0.343408
v -1.215391 1.995347 -0.453326
v -1.297459 1.967000 -0.416145
v -1.268821 2.094671 -0.467374
v -1.307735 2.008611 -0.468080
v -1.297721 2.094671 -0.357456
v -1.342227 2.050222 -0.427916
v -1.331950 2.008611 -0.375981
v -1.371599 1.961675 -0.417851
v -1.362850 1.961675 -0.451127
v -1.379025 1.991744 -0.455379
v -1.387774 1.991744 -0.422103
v -0.565163 1.949519 -0.029734
v -0.469807 1.949519 -0.392408
v -0.591143 1.706904 -0.230438
v -0.786987 2.126545 -0.475802
v -0.717861 1.835146 -0.503596
v -0.882343 2.126545 -0.113129
v -0.962543 1.963388 -0.328088
v -0.835826 1.835146 -0.054929
v -0.835096 1.598402 -0.156672
v -0.767267 1.598402 -0.414651
v -0.937939 1.489814 -0.321619
v -0.968127 1.763597 -0.467462
v -0.988794 1.570227 -0.455172
v -1.035956 1.763597 -0.209484
v -1.098760 1.650641 -0.363903
v -1.047905 1.570227 -0.230350
v -1.072320 1.455598 -0.298193
v -1.043420 1.455598 -0.408111
v -1.117250 1.411756 -0.368764
v -1.117740 1.539335 -0.427651
v -1.136278 1.446838 -0.423000
v -1.146640 1.539335 -0.317733
v -1.179522 1.481919 -0.385137
v -1.160493 1.446838 -0.330901
v -1.188276 1.389788 -0.369651
v -1.179527 1.389788 -0.402926
v -1.202026 1.415138 -0.408842
v -1.210775 1.415138 -0.375566
v -0.641392 2.345656 -0.286851
v -0.390959 2.345656 -0.565971
v -0.613338 2.127431 -0.513588
v -0.597695 2.594152 -0.751459
v -0.575208 2.296841 -0.791013
v -0.848128 2.594152 -0.472339
v -0.846891 2.466251 -0.723136
v -0.885021 2.296841 -0.445711
v -0.878414 2.072455 -0.572232
v -0.700275 2.072455 -0.770777
v -0.910518 1.999762 -0.780224
v -0.821997 2.281452 -0.879989
v -0.879151 2.097318 -0.908238
v -1.000136 2.281452 -0.681444
v -1.003027 2.194875 -0.863225
v -1.034394 2.097318 -0.735211
v -1.044161 1.995347 -0.823785
v -0.968261 1.995347 -0.908380
v -1.058251 1.967000 -0.912773
v -1.009381 2.094671 -0.945274
v -1.043680 2.008611 -0.963671
v -1.085282 2.094671 -0.860679
v -1.092705 2.050222 -0.943687
v -1.107276 2.008611 -0.892789
v -1.123433 1.961675 -0.948143
v -1.100455 1.961675 -0.973753
v -1.112904 1.991744 -0.984922
v -1.135882 1.991744 -0.959313
v -0.583185 1.949519 -0.234626
v -0.332752 1.949519 -0.513747
v -0.514658 1.706904 -0.425049
v -0.576860 2.126545 -0.732766
v -0.502669 1.835146 -0.725929
v -0.827293 2.126545 -0.453645
v -0.800493 1.963388 -0.681508
v -0.812482 1.835146 -0.380627
v -0.765376 1.598402 -0.470812
v -0.587237 1.598402 -0.669357
v -0.781558 1.489814 -0.664518
v -0.741822 1.763597 -0.808055
v -0.765822 1.570227 -0.806557
v -0.919962 1.763597 -0.609509
v -0.905329 1.650641 -0.775568
v -0.921065 1.570227 -0.633530
v -0.911809 1.455598 -0.705036
v -0.835909 1.455598 -0.789630
v -0.919559 1.411756 -0.788336
v -0.893107 1.539335 -0.840950
v -0.911723 1.446838 -0.845276
v -0.969007 1.539335 -0.756355
v -0.967484 1.481919 -0.831336
v -0.975320 1.446838 -0.774395
v -0.982344 1.389788 -0.821555
v -0.959366 1.389788 -0.847165
v -0.976682 1.415138 -0.862701
v -0.999659 1.415138 -0.837091
v -0.564274 2.345656 -0.388032
v -0.250838 2.345656 -0.593903
v -0.479221 2.127431 -0.600075
v -0.403321 2.594152 -0.826055
v -0.371475 2.296841 -0.858551
v -0.716757 2.594152 -0.620184
v -0.651483 2.466251 -0.862341
v -0.759229 2.296841 -0.603866
v -0.720515 2.072455 -0.724499
v -0.497561 2.072455 -0.870941
v -0.698412 1.999762 -0.933790
v -0.587339 2.281452 -1.007627
v -0.635378 2.097318 -1.049541
v -0.810294 2.281452 -0.861186
v -0.766644 2.194875 -1.037673
v -0.829677 2.097318 -0.921922
v -0.816490 1.995347 -1.010051
v -0.721495 1.995347 -1.072445
v -0.807376 1.967000 -1.099686
v -0.751824 2.094671 -1.118621
v -0.780284 2.008611 -1.145171
v -0.846819 2.094671 -1.056227
v -0.832788 2.050222 -1.138376
v -0.859880 2.008611 -1.092891
v -0.861358 1.961675 -1.150536
v -0.832599 1.961675 -1.169425
v -0.841781 1.991744 -1.183404
v -0.870539 1.991744 -1.164515
v -0.521343 1.949519 -0.322669
v -0.207906 1.949519 -0.528540
v -0.406437 1.706904 -0.489263
v -0.387953 2.126545 -0.802658
v -0.317972 1.835146 -0.777094
v -0.701389 2.126545 -0.596788
v -0.617261 1.963388 -0.810240
v -0.705726 1.835146 -0.522409
v -0.637142 1.598402 -0.597564
v -0.414187 1.598402 -0.744006
v -0.603295 1.489814 -0.788976
v -0.528205 1.763597 -0.917596
v -0.551790 1.570227 -0.922280
v -0.751159 1.763597 -0.771155
v -0.694584 1.650641 -0.927963
v -0.746089 1.570227 -0.794660
v -0.718871 1.455598 -0.861428
v -0.623876 1.455598 -0.923822
v -0.705080 1.411756 -0.943943
v -0.666063 1.539335 -0.988052
v -0.682957 1.446838 -0.996992
v -0.761058 1.539335 -0.925657
v -0.740429 1.481920 -0.997760
v -0.762552 1.446838 -0.944712
v -0.757294 1.389789 -0.992101
v -0.728536 1.389789 -1.010990
v -0.741307 1.415138 -1.030434
v -0.770066 1.415138 -1.011545
v -0.539160 2.493377 0.138890
v -0.753117 2.668266 -0.138888
v -0.756001 2.169783 -0.173968
v -0.991335 2.423899 0.173969
v -0.496634 2.104141 -0.138888
v -0.745419 2.224430 0.138889
v -0.632203 1.738965 0.173969
v -0.632203 1.738965 -0.173968
v -0.920219 1.931328 -0.173968
v -0.920219 1.931328 0.173969
v -1.238877 1.385180 0.007646
v -0.582901 2.493377 -0.084661
v -0.512267 2.493377 -0.353308
v -0.719191 2.668266 -0.407714
v -0.789825 2.668266 -0.139066
v -0.801534 2.169783 -0.105874
v -0.713060 2.169783 -0.442374
v -0.940659 2.423899 -0.502215
v -1.029133 2.423899 -0.165715
v -1.402307 1.953553 -0.435807
v -1.398419 1.953553 -0.450596
v -1.405608 1.966917 -0.452486
v -1.409496 1.966917 -0.437697
v -0.541772 2.104141 -0.073848
v -0.471138 2.104141 -0.342495
v -0.711746 2.224430 -0.405757
v -0.782380 2.224430 -0.137109
v -0.681805 1.738965 -0.074394
v -0.593331 1.738965 -0.410894
v -0.871881 1.931328 -0.484132
v -0.960355 1.931328 -0.147631
v -1.216245 1.373914 -0.386887
v -1.212357 1.373914 -0.401676
v -1.222357 1.385180 -0.404305
v -1.226245 1.385180 -0.389516
v -0.573887 2.493377 -0.291593
v -0.388381 2.493377 -0.498348
v -0.547633 2.668266 -0.641233
v -0.733139 2.668266 -0.434477
v -0.758712 2.169783 -0.410293
v -0.526352 2.169783 -0.669270
v -0.701517 2.423899 -0.826431
v -0.933877 2.423899 -0.567454
v -1.142554 1.953553 -0.978140
v -1.132342 1.953553 -0.989522
v -1.137874 1.966917 -0.994486
v -1.148087 1.966917 -0.983104
v -0.542233 2.104141 -0.263192
v -0.356727 2.104141 -0.469948
v -0.541903 2.224430 -0.636093
v -0.727409 2.224430 -0.429337
v -0.666567 1.738965 -0.327618
v -0.434207 1.738965 -0.586595
v -0.648584 1.931328 -0.778939
v -0.880944 1.931328 -0.519962
v -0.999357 1.373914 -0.849661
v -0.989145 1.373914 -0.861043
v -0.996841 1.385180 -0.867948
v -1.007053 1.385180 -0.856566
v -0.497798 2.493377 -0.375369
v -0.265623 2.493377 -0.527866
v -0.383083 2.668266 -0.706697
v -0.615258 2.668266 -0.554199
v -0.646161 2.169783 -0.537352
v -0.355346 2.169783 -0.728365
v -0.484542 2.423899 -0.925065
v -0.775358 2.423899 -0.734051
v -0.872180 1.953553 -1.184422
v -0.859398 1.953553 -1.192817
v -0.863479 1.966917 -1.199030
v -0.876261 1.966917 -1.190635
v -0.474451 2.104141 -0.339824
v -0.242276 2.104141 -0.492321
v -0.378857 2.224430 -0.700263
v -0.611032 2.224430 -0.547766
v -0.578197 1.738965 -0.433878
v -0.287382 1.738965 -0.624892
v -0.445500 1.931328 -0.865624
v -0.736316 1.931328 -0.674611
v -0.766562 1.373914 -1.023620
v -0.753781 1.373914 -1.032015
v -0.759457 1.385180 -1.040657
v -0.772238 1.385180 -1.032262
v -1.131576 2.024151 -0.087173
v -1.224792 2.170485 0.087174
v -1.355024 2.039820 -0.035710
v -0.963568 1.509917 -0.087173
v -1.088283 1.630538 -0.087173
v -1.136236 1.420527 0.035711
v -1.136236 1.420527 -0.035711
v -1.184527 1.473149 0.035711
v -1.142694 2.024151 -0.285318
v -1.098361 2.024151 -0.453934
v -1.188512 2.170485 -0.477637
v -1.232846 2.170485 -0.309021
v -1.312135 1.977403 -0.383079
v -1.293974 1.977403 -0.452154
v -1.327550 2.039820 -0.460982
v -1.345711 2.039820 -0.391907
v -0.980209 1.509917 -0.242596
v -0.935875 1.509917 -0.411213
v -1.056491 1.630537 -0.442925
v -1.100824 1.630537 -0.274309
v -1.134115 1.420527 -0.336274
v -1.115953 1.420527 -0.405348
v -1.162657 1.473149 -0.417627
v -1.180818 1.473149 -0.348553
v -0.980298 2.024151 -0.725714
v -0.863865 2.024151 -0.855484
v -0.933247 2.170485 -0.917735
v -1.049680 2.170485 -0.787965
v -1.086406 1.977403 -0.890057
v -1.038709 1.977403 -0.943218
v -1.064550 2.039820 -0.966403
v -1.112247 2.039820 -0.913242
v -0.855246 1.509917 -0.613515
v -0.738813 1.509917 -0.743285
v -0.831641 1.630537 -0.826572
v -0.948074 1.630537 -0.696802
v -0.949398 1.420527 -0.767130
v -0.901701 1.420527 -0.820291
v -0.937645 1.473149 -0.852541
v -0.985342 1.473149 -0.799380
v -0.779803 2.024151 -0.898918
v -0.634079 2.024151 -0.994633
v -0.685253 2.170485 -1.072545
v -0.830977 2.170485 -0.976830
v -0.840401 1.977403 -1.084917
v -0.780704 1.977403 -1.124127
v -0.799763 2.039820 -1.153145
v -0.859460 2.039820 -1.113935
v -0.687568 1.509917 -0.758492
v -0.541844 1.509917 -0.854207
v -0.610311 1.630537 -0.958447
v -0.756035 1.630537 -0.862733
v -0.739347 1.420527 -0.931065
v -0.679650 1.420528 -0.970275
v -0.706162 1.473150 -1.010638
v -0.765858 1.473150 -0.971428
v 0.557775 2.231659 0.000001
v 1.133328 3.466702 0.174925
v 0.818330 2.790765 2.421321
v 0.056035 2.566152 0.441531
v 0.056035 1.712415 1.933374
v 0.056035 2.016231 0.322229
v 0.056035 1.509872 1.178437
v 0.588886 2.298418 -0.110478
v 0.583387 2.725149 -0.688756
v 0.258308 2.772271 -0.747883
v 1.035922 2.846159 0.130549
v 0.956427 2.920710 -0.111032
v 0.729071 3.010754 -0.008561
v 0.808565 2.936203 0.233021
v 1.081068 3.137030 0.151188
v 1.041727 3.182188 0.024463
v 0.920411 3.227345 0.078216
v 0.959752 3.182188 0.204941
v 1.105193 3.289217 0.162146
v 1.084013 3.313529 0.093921
v 1.018701 3.337840 0.122860
v 1.039880 3.313529 0.191085
v 1.124498 3.410997 0.170914
v 1.117851 3.418627 0.149502
v 1.097352 3.426258 0.158584
v 1.103999 3.418627 0.179997
v 0.826538 2.259681 0.099390
v 0.706938 2.329884 -0.225829
v 0.409568 2.462328 -0.087881
v 0.529167 2.392125 0.237338
v 0.945620 2.515213 0.110627
v 0.831134 2.596389 -0.213650
v 0.531595 2.724179 -0.076101
v 0.646081 2.643002 0.248176
v 0.878118 2.522633 0.637562
v 1.205617 2.820183 0.345162
v 0.805208 3.159038 0.246267
v 0.477709 2.861487 0.538667
v 0.998359 2.495088 1.054457
v 1.613107 3.117141 0.868246
v 0.941632 3.737344 0.805267
v 0.326885 3.115292 0.991477
v 0.955997 2.547374 1.574663
v 1.453517 3.064236 1.612544
v 0.927030 3.562819 1.625356
v 0.429510 3.045956 1.587475
v 0.851468 2.739814 2.200375
v 0.961261 2.850647 2.252512
v 0.841003 2.961480 2.270146
v 0.731211 2.850647 2.218009
v 0.056035 2.195178 0.699883
v 0.479463 2.595008 0.805381
v 0.056035 2.994838 0.910880
v -0.367393 2.595008 0.805381
v 0.056035 1.970241 1.257034
v 0.441871 2.301618 1.439397
v 0.056035 2.632996 1.621759
v -0.329800 2.301618 1.439397
v 0.056035 1.789737 1.754486
v 0.143443 1.845894 1.821467
v 0.056035 1.902049 1.888449
v -0.031372 1.845894 1.821467
v 0.056035 1.797434 0.521257
v 0.306035 2.034645 0.566203
v 0.056035 2.271855 0.611148
v -0.193965 2.034645 0.566203
v 0.056035 1.754042 0.818402
v 0.233867 1.896253 0.916484
v 0.056035 2.038464 1.014565
v -0.121796 1.896253 0.916484
v 0.056035 1.631980 1.004111
v 0.131804 1.674499 1.066826
v 0.056035 1.717017 1.129540
v -0.019734 1.674499 1.066826
v 0.056035 1.546838 1.125663
v 0.078973 1.559710 1.144649
v 0.056035 1.572582 1.163635
v 0.033098 1.559710 1.144649
v 0.710013 2.295979 0.202966
v 0.903835 2.443720 -0.052213
v 0.631092 2.651342 -0.138519
v 0.437270 2.503600 0.116660
v 0.583387 2.340235 -0.791707
v 0.458387 2.347451 -0.666916
v 0.583387 2.354667 -0.542124
v 0.708387 2.347451 -0.666916
v 0.258308 2.393090 -0.659386
v 0.383308 2.405262 -0.783792
v 0.258308 2.417434 -0.908198
v 0.133308 2.405262 -0.783792
v 0.506181 2.287335 0.175127
v 0.416481 2.339988 -0.068787
v 0.639509 2.240655 -0.172248
v 0.729208 2.188003 0.071666
v 1.125996 3.454683 0.176193
v 1.131121 3.452776 0.173923
v 1.129459 3.454683 0.168569
v 1.124334 3.456591 0.170840
v 0.796550 2.805735 2.370493
v 0.826614 2.778027 2.366085
v 0.854062 2.805735 2.379119
v 0.823998 2.833444 2.383528
v -0.174821 2.573366 0.532493
v 0.056035 2.797932 0.548986
v 0.286893 2.573366 0.532493
v 0.056035 2.348800 0.516001
v 0.034183 1.745784 1.905397
v 0.056035 1.731745 1.888652
v 0.077887 1.745784 1.905397
v 0.056035 1.759823 1.922143
v -0.131465 2.020835 0.383223
v 0.056035 2.204783 0.385052
v 0.243535 2.020835 0.383223
v 0.056035 1.836887 0.381393
v 0.050301 1.522331 1.169990
v 0.056035 1.519113 1.165244
v 0.061770 1.522331 1.169990
v 0.056035 1.525549 1.174736
v 0.435522 2.367217 -0.009112
v 0.577320 2.470366 -0.207639
v 0.783084 2.317240 -0.140493
v 0.641285 2.214090 0.058034
v 0.739637 2.630725 -0.683295
v 0.583387 2.621705 -0.839285
v 0.427137 2.630725 -0.683295
v 0.583387 2.639744 -0.527306
v 0.102058 2.680519 -0.756860
v 0.258308 2.665304 -0.601353
v 0.414558 2.680519 -0.756860
v 0.258308 2.695734 -0.912367
v 0.942117 2.872543 0.242180
v 0.997599 2.661043 0.118349
v 1.053014 2.860924 -0.015859
v 1.062956 3.021257 0.142928
v 0.894417 2.746049 -0.184783
v 0.822875 2.984370 -0.120192
v 1.008439 3.079660 -0.029062
v 0.611839 2.862075 -0.056204
v 0.711979 2.995989 0.137848
v 0.844769 3.141937 0.043891
v 0.715020 2.777069 0.246929
v 0.899286 3.083534 0.215881
v 1.030245 3.148319 0.209746
v 1.091727 3.148319 0.074387
v 1.093925 3.218133 0.157028
v 0.971234 3.216056 0.019658
v 1.064262 3.252181 0.061478
v 0.909752 3.216056 0.155017
v 0.972791 3.286230 0.102007
v 1.002454 3.252181 0.197557
v 1.077832 3.295295 0.193671
v 1.110931 3.295295 0.120799
v 1.115257 3.352700 0.166717
v 1.046062 3.331762 0.091334
v 1.101653 3.368316 0.122895
v 1.012962 3.331762 0.164207
v 1.059701 3.383931 0.141483
v 1.073305 3.368316 0.185305
v 1.115911 3.412905 0.180809
v 1.126299 3.412905 0.157937
v 1.105939 3.424350 0.148690
v 1.095551 3.424350 0.171561
v 0.707753 2.308352 0.249669
v 0.841080 2.261672 -0.097706
v 0.886447 2.388237 0.105077
v 0.528353 2.413657 -0.238159
v 0.768126 2.461183 -0.219907
v 0.395025 2.460337 0.109216
v 0.470213 2.592463 -0.082059
v 0.588535 2.519517 0.242925
v 0.824472 2.558814 0.260471
v 0.963262 2.523854 -0.085898
v 0.652743 2.680578 -0.225945
v 0.513954 2.715538 0.120425
v 0.596039 2.617672 0.661215
v 0.790485 2.435141 0.378186
v 1.141970 2.586694 0.516086
v 0.953785 2.546576 0.892513
v 1.021294 2.627991 0.120845
v 1.087287 3.063998 0.222615
v 1.416367 2.992499 0.600907
v 0.717842 2.871010 0.033808
v 0.541356 3.094976 0.367744
v 0.883151 3.464718 0.502280
v 0.487033 2.678160 0.291149
v 0.420570 3.018794 0.793886
v 0.508935 2.649677 1.069520
v 1.473602 2.651064 0.977096
v 1.002282 2.463559 1.242229
v 1.431056 3.582755 0.790204
v 1.668077 3.154316 1.190890
v 0.466390 3.581369 0.882627
v 0.962357 3.821762 1.173526
v 0.296562 3.131004 1.224865
v 0.568373 2.667449 1.571599
v 1.336378 2.681159 1.590400
v 0.894169 2.666228 1.933474
v 1.314653 3.442743 1.628420
v 1.155790 2.933985 2.008116
v 0.546648 3.429033 1.609618
v 0.873847 3.197172 2.033361
v 0.612226 2.929415 1.958719
v 0.763891 2.767522 2.196157
v 0.936429 2.767522 2.222035
v 0.928580 2.933771 2.274364
v 0.756043 2.933771 2.248486
v -0.261536 2.295135 0.726257
v 0.373607 2.295135 0.726257
v 0.056035 2.078065 0.958464
v 0.373607 2.894880 0.884505
v 0.556780 2.536088 1.145810
v -0.261536 2.894880 0.884505
v 0.056035 2.994111 1.333156
v -0.444708 2.536088 1.145810
v -0.233341 2.053085 1.302624
v 0.345412 2.053085 1.302624
v 0.056035 1.873524 1.540679
v 0.345412 2.550151 1.576169
v 0.261754 2.026564 1.669996
v -0.233341 2.550151 1.576169
v 0.056035 2.179604 1.799314
v -0.149683 2.026564 1.669996
v -0.009520 1.803777 1.771231
v 0.121591 1.803777 1.771231
v 0.121591 1.888011 1.871704
v -0.009520 1.888011 1.871704
v -0.131465 1.856737 0.532493
v 0.243535 1.856737 0.532493
v 0.056035 1.801833 0.685650
v 0.243535 2.212552 0.599912
v 0.287993 2.009253 0.775760
v -0.131465 2.212552 0.599912
v 0.056035 2.216673 0.865870
v -0.175922 2.009253 0.775760
v -0.077338 1.789595 0.842923
v 0.189409 1.789595 0.842923
v 0.056035 1.686583 0.923295
v 0.189409 2.002912 0.990045
v 0.172267 1.762412 1.007223
v -0.077338 2.002912 0.990045
v 0.056035 1.838242 1.091151
v -0.060196 1.762412 1.007223
v -0.000791 1.642610 1.019790
v 0.112862 1.642610 1.019790
v 0.056035 1.586607 1.068887
v 0.112862 1.706387 1.113862
v 0.103650 1.613326 1.108299
v -0.000791 1.706387 1.113862
v 0.056035 1.640046 1.147710
v 0.008421 1.613326 1.108299
v 0.038832 1.550056 1.130409
v 0.073239 1.550056 1.130409
v 0.073239 1.569364 1.158888
v 0.038832 1.569364 1.158888
v 0.525186 2.362854 0.223608
v 0.875109 2.317944 0.096953
v 0.815919 2.584466 -0.159160
v 0.465995 2.629376 -0.032506
v 0.583387 1.969753 -0.645076
v 0.583387 2.062373 -0.681734
v 0.552137 2.064177 -0.650536
v 0.583387 2.065981 -0.619338
v 0.614637 2.064177 -0.650536
v 0.677137 2.342039 -0.760509
v 0.489637 2.342039 -0.760509
v 0.489637 2.352863 -0.573322
v 0.677137 2.352863 -0.573322
v 0.258308 2.126962 -0.779622
v 0.289558 2.130006 -0.810723
v 0.258308 2.133048 -0.841825
v 0.227058 2.130006 -0.810723
v 0.164558 2.396133 -0.690487
v 0.352058 2.396133 -0.690487
v 0.352058 2.414391 -0.877096
v 0.164558 2.414391 -0.877096
v 0.651010 2.250144 0.183235
v 0.749771 2.215566 -0.074080
v 0.518121 2.328148 -0.178119
v 0.419360 2.362726 0.079196
v 1.125587 3.442792 0.177540
v 1.130204 3.442792 0.167375
v 1.121156 3.447879 0.163265
v 1.116539 3.447879 0.173430
v 0.882105 2.697804 0.258422
v 1.016652 2.674540 -0.065362
v 0.727333 2.825314 -0.196277
v 0.592785 2.848578 0.127508
v 0.581056 2.508438 0.399003
v 0.981753 2.470811 0.271275
v 0.927270 2.797713 0.012992
v 0.526574 2.835340 0.140719
v 0.571532 2.671204 0.916101
v 1.318380 2.651483 0.771366
v 1.265404 3.340089 0.478692
v 0.518556 3.359811 0.623427
v 0.482974 2.624592 1.246382
v 1.511610 2.642076 1.220900
v 1.481665 3.660729 1.169373
v 0.453029 3.643245 1.194854
v 0.794135 2.780435 2.321249
v 0.870818 2.780435 2.332750
v 0.867330 2.854324 2.356007
v 0.790647 2.854323 2.344506
v -0.140663 2.390319 0.572468
v 0.252734 2.390319 0.572468
v 0.252734 2.767635 0.634016
v -0.140663 2.767635 0.634016
v -0.319523 2.192571 1.005301
v 0.431593 2.192571 1.005301
v 0.431593 2.879605 1.286320
v -0.319523 2.879605 1.286320
v 0.026900 1.753020 1.861310
v 0.085171 1.753020 1.861310
v 0.085171 1.790457 1.905965
v 0.026900 1.790457 1.905965
v -0.082853 1.889947 0.419861
v 0.194924 1.889947 0.419861
v 0.194924 2.158883 0.441463
v -0.082853 2.158883 0.441463
v -0.117933 1.853688 0.708178
v 0.230004 1.853688 0.708178
v 0.230004 2.164818 0.843342
v -0.117933 2.164818 0.843342
v 0.048389 1.527732 1.157091
v 0.063681 1.527732 1.157091
v 0.063681 1.536313 1.169749
v 0.048389 1.536313 1.169749
v 0.519090 2.297628 0.097886
v 0.777242 2.262109 0.001967
v 0.731275 2.454979 -0.191996
v 0.473122 2.490498 -0.096076
v 0.680610 2.551671 -0.776109
v 0.486165 2.551671 -0.776109
v 0.486165 2.562896 -0.581989
v 0.680610 2.562896 -0.581989
v 0.161086 2.599689 -0.667082
v 0.355531 2.599689 -0.667082
v 0.355531 2.618623 -0.860603
v 0.161086 2.618623 -0.860603
v 0.994750 3.037794 0.222402
v 1.076615 3.034889 0.038695
v 0.912974 3.125400 -0.035583
v 0.831110 3.128305 0.148124
v 1.055605 3.226645 0.201180
v 1.101961 3.226645 0.099120
v 1.011111 3.277718 0.057855
v 0.964755 3.277718 0.159914
v 1.097682 3.356604 0.186966
v 1.118942 3.356604 0.140159
v 1.077276 3.380028 0.121233
v 1.056015 3.380028 0.168041
v 0.767071 2.435640 0.255247
v 0.901765 2.391890 -0.091877
v 0.589589 2.545060 -0.232229
v 0.454896 2.588810 0.114895
v 0.687793 2.730883 1.927436
v 1.095466 2.734310 1.964483
v 1.080224 3.132518 2.039399
v 0.672551 3.129090 2.002352
v -0.098253 1.911785 1.573008
v 0.210324 1.911785 1.573008
v 0.210324 2.141344 1.766986
v -0.098253 2.141344 1.766986
v -0.031138 1.705541 0.944278
v 0.143209 1.705541 0.944278
v 0.143209 1.819284 1.070169
v -0.031138 1.819284 1.070169
v 0.020324 1.593287 1.078740
v 0.091746 1.593287 1.078740
v 0.091746 1.633366 1.137857
v 0.020324 1.633366 1.137857
v 0.606825 2.062824 -0.673935
v 0.559950 2.062824 -0.673935
v 0.559950 2.065530 -0.627138
v 0.606825 2.065530 -0.627138
v 0.258308 2.038253 -0.819700
v 0.234871 2.127723 -0.787397
v 0.281746 2.127723 -0.787397
v 0.281746 2.132288 -0.834049
v 0.234871 2.132288 -0.834049
v -0.879469 2.633181 0.858160
v -0.879469 2.633181 0.858160
v -1.171056 3.611268 1.026762
v -1.171056 3.611268 1.026762
v -0.879469 2.633181 -0.858158
v -0.879469 2.633181 -0.858158
v -0.879469 2.633181 -0.858158
v -1.171056 3.611268 -1.026760
v -1.171056 3.611268 -1.026760
v 0.836849 2.633181 0.858160
v 0.836849 2.633181 0.858160
v 0.791231 4.341175 1.026762
v 0.791231 4.341175 1.026762
v 0.836849 2.633181 -0.858158
v 0.836849 2.633181 -0.858158
v 0.836849 2.633181 -0.858158
v 0.791231 4.341176 -1.026760
v 0.791231 4.341176 -1.026760
v -0.920333 2.770253 0.881788
v -0.920333 2.770253 0.881788
v -0.920333 2.770253 -0.881786
v -0.920333 2.770253 -0.881786
v 0.830456 2.872544 -0.881786
v 0.830456 2.872544 -0.881786
v 0.830456 2.872544 0.881788
v 0.830456 2.872544 0.881788
v -1.702443 2.543236 -0.858158
v -1.702443 2.543236 -0.858158
v -1.702443 2.543236 0.858160
v -1.702443 2.543236 0.858160
v -1.728385 2.683898 -0.881787
v -1.728385 2.683898 0.881788
v -0.129333 2.389363 -0.828782
v -0.129333 2.024663 -0.828782
v -0.367099 2.487701 -1.150730
v -0.282545 1.838283 -1.036240
v -0.083310 2.485587 -0.766465
v -0.083310 1.949167 -0.766465
v -0.433028 2.630228 -1.240002
v -0.308662 1.675030 -1.071604
v -0.214126 2.485587 -0.622508
v -0.214126 1.949167 -0.622508
v -0.563844 2.630227 -1.096045
v -0.439478 1.675030 -0.927647
v -0.472174 2.487701 -1.073130
v -0.234408 2.389363 -0.751182
v -0.234408 2.024663 -0.751182
v -0.387620 1.838283 -0.958640
v -0.129333 2.389363 0.878056
v -0.129333 2.024663 0.878056
v -0.367099 2.487700 1.200005
v -0.282545 1.838283 1.085513
v -0.083310 2.485587 0.815739
v -0.083310 1.949167 0.815739
v -0.433028 2.630227 1.289276
v -0.308662 1.675030 1.120877
v -0.214126 2.485587 0.671782
v -0.214126 1.949167 0.671782
v -0.563844 2.630227 1.145319
v -0.439478 1.675030 0.976921
v -0.472174 2.487701 1.122404
v -0.234408 2.389363 0.800456
v -0.234408 2.024663 0.800456
v -0.387620 1.838283 1.007913
v 1.289675 3.182081 0.967756
v 1.289675 1.587895 0.967755
v 1.289675 3.182081 -1.032244
v 1.289675 1.587895 -1.032244
v 1.042521 1.892678 0.487170
v 1.042521 1.437887 0.487170
v 1.042521 1.892678 -0.907642
v 1.042521 1.437887 -0.907643
v -1.031366 -0.361323 -0.000000
v 0.000000 1.114661 -0.504727
v -0.193151 1.114661 -0.466307
v -0.356896 1.114661 -0.356896
v -0.466388 1.114585 -0.192915
v -0.504701 1.114527 0.000000
v -0.466388 1.114584 0.192916
v -0.356896 1.114660 0.356897
v -0.193151 1.114660 0.466308
v 0.000000 1.114660 0.504728
v 0.193151 1.114660 0.466308
v 0.356896 1.114660 0.356897
v 0.466307 1.114660 0.193151
v 0.504728 1.114661 0.000000
v 0.466307 1.114661 -0.193151
v 0.356896 1.114661 -0.356896
v 0.193151 1.114661 -0.466307
v 0.000000 1.436162 -0.767613
v -0.293753 1.436162 -0.709182
v -0.542785 1.436162 -0.542784
v -0.709182 1.436162 -0.293752
v -0.767613 1.436162 0.000000
v -0.709182 1.436161 0.293753
v -0.542785 1.436161 0.542785
v -0.293753 1.436161 0.709183
v -0.000000 1.436161 0.767614
v 0.293753 1.436161 0.709183
v 0.542785 1.436161 0.542785
v 0.709182 1.436161 0.293753
v 0.767613 1.436162 0.000000
v 0.709182 1.436162 -0.293753
v 0.542785 1.436162 -0.542784
v 0.293753 1.436162 -0.709182
v 0.000000 1.549443 -0.519185
v -0.198684 1.549443 -0.479664
v -0.367120 1.549443 -0.367119
v -0.479665 1.549443 -0.198683
v -0.519186 1.549443 0.000000
v -0.479665 1.549443 0.198684
v -0.367120 1.549443 0.367120
v -0.198684 1.549443 0.479666
v 0.000000 1.549443 0.519186
v 0.198684 1.549443 0.479666
v 0.367120 1.549443 0.367120
v 0.479665 1.549443 0.198684
v 0.519186 1.549443 0.000000
v 0.479665 1.549443 -0.198683
v 0.367120 1.549443 -0.367119
v 0.198684 1.549443 -0.479665
v 0.000000 1.331519 0.000000
v 0.000000 -0.671696 -0.968145
v 0.000000 -1.098044 -0.398521
v 0.401800 -0.361924 -0.970031
v 0.370493 -0.671697 -0.894450
v 0.282449 -0.928787 -0.681892
v 0.152507 -1.098044 -0.368185
v 0.742429 -0.361924 -0.742430
v 0.684582 -0.671697 -0.684582
v 0.521897 -0.928787 -0.521897
v 0.281796 -1.098044 -0.281797
v 0.970031 -0.361924 -0.401800
v 0.894450 -0.671697 -0.370493
v 0.681891 -0.928787 -0.282449
v 0.368185 -1.098044 -0.152508
v 1.049954 -0.361924 -0.000000
v 0.968145 -0.671697 -0.000000
v 0.738074 -0.928787 -0.000000
v 0.398520 -1.098044 -0.000000
v 0.970031 -0.361924 0.401800
v 0.894449 -0.671697 0.370493
v 0.681891 -0.928787 0.282448
v 0.368185 -1.098044 0.152507
v 0.742429 -0.361924 0.742429
v 0.684582 -0.671697 0.684582
v 0.521897 -0.928787 0.521897
v 0.281796 -1.098044 0.281796
v 0.401799 -0.361924 0.970030
v 0.370493 -0.671697 0.894449
v 0.282448 -0.928787 0.681891
v 0.152507 -1.098044 0.368184
v -0.000000 -0.361924 1.049953
v -0.000000 -0.671697 0.968145
v -0.000000 -0.928787 0.738073
v -0.000000 -1.098044 0.398520
v -0.401800 -0.361924 0.970030
v -0.370494 -0.671697 0.894449
v -0.282449 -0.928787 0.681891
v -0.152507 -1.098044 0.368184
v -0.742430 -0.361924 0.742429
v -0.684582 -0.671697 0.684581
v -0.521897 -0.928787 0.521896
v -0.281797 -1.098044 0.281796
v -0.970315 -0.361610 0.401058
v -0.894740 -0.671363 0.370243
v -0.681891 -0.928787 0.282448
v -0.368185 -1.098044 0.152506
v -0.968522 -0.670964 -0.000001
v -0.738074 -0.928787 -0.000001
v -0.398520 -1.098044 -0.000001
v -0.970315 -0.361610 -0.401059
v -0.894740 -0.671362 -0.370244
v -0.681891 -0.928787 -0.282449
v -0.368185 -1.098044 -0.152508
v -0.742429 -0.361924 -0.742430
v -0.684582 -0.671696 -0.684583
v -0.521897 -0.928787 -0.521898
v -0.281796 -1.098044 -0.281797
v -0.401799 -0.361924 -0.970031
v -0.370493 -0.671697 -0.894450
v -0.282448 -0.928787 -0.681892
v -0.152507 -1.098044 -0.368185
v 0.000001 -0.361924 -1.049954
v 0.000000 -0.928787 -0.738074
v 0.000000 -1.157184 -0.000000
v -0.765657 0.397008 0.000000
v 0.715828 0.397364 -0.296506
v 0.547871 0.397364 -0.547871
v -0.547871 0.397364 0.547871
v -0.296506 0.397364 0.715828
v 0.296506 0.397364 -0.715828
v -0.000000 0.397364 0.774807
v 0.000000 0.397364 -0.774807
v -0.296506 0.397364 -0.715828
v 0.296506 0.397364 0.715828
v -0.547871 0.397364 -0.547871
v 0.547871 0.397364 0.547871
v -0.716145 0.397280 -0.295805
v 0.715828 0.397364 0.296506
v 0.774807 0.397364 0.000000
v -0.716145 0.397280 0.295805
v 0.690685 0.471790 -0.286091
v -0.528627 0.471790 0.528627
v 0.000000 0.471790 -0.747592
v -0.739362 0.471456 0.000000
v 0.528627 0.471790 -0.528627
v -0.286091 0.471790 0.690685
v 0.286091 0.471790 -0.690685
v -0.000000 0.471790 0.747592
v -0.286091 0.471790 -0.690685
v 0.286091 0.471790 0.690685
v -0.528627 0.471790 -0.528627
v 0.528627 0.471790 0.528627
v -0.690942 0.471696 -0.285550
v 0.690685 0.471790 0.286091
v 0.747592 0.471790 0.000000
v -0.690942 0.471696 0.285550
v -0.791950 0.322566 0.000000
v 0.567115 0.322938 -0.567115
v -0.306921 0.322938 0.740972
v 0.306920 0.322938 -0.740972
v -0.000000 0.322938 0.802022
v -0.306920 0.322938 -0.740972
v 0.306920 0.322938 0.740972
v -0.567115 0.322938 -0.567115
v 0.567115 0.322938 0.567115
v -0.741332 0.322861 -0.306103
v 0.740972 0.322938 0.306921
v 0.802022 0.322938 0.000000
v -0.741332 0.322861 0.306103
v 0.740972 0.322938 -0.306921
v -0.567116 0.322938 0.567115
v 0.000000 0.322938 -0.802022
v 0.000000 0.877877 -0.729985
v -0.090192 0.895817 -0.729985
v -0.166653 0.946907 -0.729985
v -0.217742 1.023367 -0.729985
v -0.235683 1.113559 -0.729985
v -0.217742 1.203751 -0.729985
v -0.166653 1.280212 -0.729985
v -0.090192 1.331301 -0.729985
v 0.000000 1.349242 -0.729985
v 0.090192 1.331301 -0.729985
v 0.166653 1.280212 -0.729985
v 0.217742 1.203751 -0.729985
v 0.235682 1.113559 -0.729985
v 0.217742 1.023367 -0.729985
v 0.166653 0.946907 -0.729985
v 0.090192 0.895817 -0.729985
v 0.000000 0.559654 -2.115949
v -0.211970 0.601818 -2.115949
v -0.391670 0.721889 -2.115949
v -0.511742 0.901589 -2.115949
v -0.553905 1.113559 -2.115949
v -0.511742 1.325530 -2.115948
v -0.391670 1.505229 -2.115948
v -0.211970 1.625301 -2.115948
v 0.000000 1.667465 -2.115948
v 0.211970 1.625301 -2.115948
v 0.391670 1.505229 -2.115948
v 0.511742 1.325530 -2.115948
v 0.553905 1.113559 -2.115949
v 0.511742 0.901589 -2.115949
v 0.391670 0.721889 -2.115949
v 0.211970 0.601818 -2.115949
v 0.000000 0.204371 -3.307413
v -0.347932 0.273579 -3.307413
v -0.642893 0.470666 -3.307413
v -0.839981 0.765628 -3.307413
v -0.909189 1.113559 -3.307413
v -0.839981 1.461491 -3.307412
v -0.642893 1.756452 -3.307412
v -0.347932 1.953540 -3.307412
v 0.000000 2.022748 -3.307412
v 0.347931 1.953540 -3.307412
v 0.642893 1.756452 -3.307412
v 0.839981 1.461491 -3.307412
v 0.909189 1.113559 -3.307413
v 0.839981 0.765628 -3.307413
v 0.642893 0.470666 -3.307413
v 0.347931 0.273579 -3.307413
v 0.000000 0.899568 -0.526022
v -0.081891 0.915857 -0.526022
v -0.151315 0.962244 -0.526022
v -0.197702 1.031668 -0.526022
v -0.213992 1.113559 -0.526022
v -0.197702 1.195450 -0.526022
v -0.151315 1.264874 -0.526022
v -0.081891 1.311262 -0.526022
v 0.000000 1.327551 -0.526022
v 0.081891 1.311262 -0.526022
v 0.151315 1.264874 -0.526022
v 0.197702 1.195450 -0.526022
v 0.213991 1.113559 -0.526022
v 0.197702 1.031668 -0.526022
v 0.151315 0.962244 -0.526022
v 0.081891 0.915857 -0.526022
v 0.000000 0.915424 -0.449749
v 0.000000 1.030538 -0.333804
v 0.081632 0.916481 -0.521578
v 0.075823 0.930506 -0.449749
v 0.058207 0.973033 -0.380415
v 0.031770 1.036857 -0.333804
v 0.150836 0.962722 -0.521578
v 0.140102 0.973456 -0.449749
v 0.107553 1.006005 -0.380415
v 0.058704 1.054854 -0.333804
v 0.197077 1.031926 -0.521578
v 0.183052 1.037735 -0.449749
v 0.140525 1.055351 -0.380415
v 0.076700 1.081788 -0.333804
v 0.213315 1.113558 -0.521578
v 0.198135 1.113558 -0.449749
v 0.152103 1.113558 -0.380415
v 0.083020 1.113558 -0.333804
v 0.197077 1.195190 -0.521578
v 0.183052 1.189381 -0.449749
v 0.140525 1.171765 -0.380415
v 0.076701 1.145328 -0.333804
v 0.150836 1.264394 -0.521578
v 0.140102 1.253660 -0.449749
v 0.107553 1.221111 -0.380415
v 0.058704 1.172262 -0.333804
v 0.081632 1.310635 -0.521578
v 0.075823 1.296611 -0.449749
v 0.058207 1.254083 -0.380415
v 0.031770 1.190259 -0.333804
v 0.000000 1.326873 -0.521578
v 0.000000 1.311693 -0.449749
v 0.000000 1.265661 -0.380415
v 0.000000 1.196578 -0.333804
v -0.081632 1.310635 -0.521578
v -0.075823 1.296611 -0.449749
v -0.058207 1.254083 -0.380415
v -0.031771 1.190259 -0.333804
v 0.000000 1.113559 -3.230600
v -0.150836 1.264394 -0.521578
v -0.140102 1.253660 -0.449749
v -0.107553 1.221111 -0.380415
v -0.058704 1.172262 -0.333804
v 0.292825 0.406616 -3.450830
v 0.541071 0.572488 -3.450830
v -0.197077 1.195190 -0.521578
v -0.183053 1.189381 -0.449749
v -0.140525 1.171765 -0.380415
v -0.076701 1.145328 -0.333804
v 0.706944 0.820734 -3.450830
v 0.765190 1.113559 -3.450830
v 0.706944 1.406385 -3.450829
v -0.213315 1.113558 -0.521578
v -0.198135 1.113558 -0.449749
v -0.152103 1.113558 -0.380415
v -0.083020 1.113558 -0.333804
v 0.541071 1.654630 -3.450829
v 0.292825 1.820503 -3.450829
v 0.000000 1.878749 -3.450829
v -0.197077 1.031926 -0.521578
v -0.183052 1.037735 -0.449749
v -0.140525 1.055351 -0.380415
v -0.076701 1.081788 -0.333804
v -0.292826 1.820503 -3.450829
v -0.541071 1.654630 -3.450829
v -0.706944 1.406385 -3.450829
v -0.150836 0.962722 -0.521578
v -0.140102 0.973456 -0.449749
v -0.107553 1.006005 -0.380415
v -0.058704 1.054854 -0.333804
v -0.765190 1.113559 -3.450830
v -0.706944 0.820734 -3.450830
v -0.541071 0.572488 -3.450830
v -0.081632 0.916481 -0.521578
v -0.075823 0.930506 -0.449749
v -0.058207 0.973033 -0.380415
v -0.031770 1.036857 -0.333804
v -0.292826 0.406616 -3.450830
v 0.000000 0.348369 -3.450830
v 0.000000 0.900244 -0.521578
v 0.000000 0.961455 -0.380415
v 0.000000 1.113558 -0.317057
v 0.000000 1.599435 -1.819460
v 0.185936 1.562451 -1.819460
v -0.185936 0.664670 -1.819461
v -0.343566 0.769994 -1.819461
v 0.343566 1.457126 -1.819460
v -0.448890 0.927624 -1.819461
v 0.448890 1.299497 -1.819460
v -0.485875 1.113560 -1.819460
v 0.485875 1.113560 -1.819460
v -0.448890 1.299497 -1.819460
v 0.448890 0.927624 -1.819461
v -0.343566 1.457126 -1.819460
v 0.343565 0.769994 -1.819461
v -0.185936 1.562451 -1.819460
v 0.185936 0.664670 -1.819461
v 0.000000 0.627685 -1.819461
v 0.000000 1.633667 -1.968576
v -0.199036 0.633043 -1.968577
v 0.000000 0.593453 -1.968577
v 0.199036 1.594076 -1.968576
v -0.367771 0.745788 -1.968577
v 0.367771 1.481330 -1.968576
v -0.480516 0.914523 -1.968577
v 0.480516 1.312596 -1.968577
v -0.520107 1.113559 -1.968577
v 0.520107 1.113559 -1.968577
v -0.480516 1.312596 -1.968577
v 0.480516 0.914523 -1.968577
v -0.367771 1.481330 -1.968576
v 0.367771 0.745788 -1.968577
v -0.199036 1.594076 -1.968576
v 0.199036 0.633043 -1.968577
v 0.000000 0.877876 0.729986
v -0.090192 0.895816 0.729986
v -0.166653 0.946906 0.729986
v -0.217742 1.023367 0.729986
v -0.235683 1.113559 0.729986
v -0.217742 1.203751 0.729986
v -0.166653 1.280212 0.729986
v -0.090192 1.331301 0.729986
v -0.000000 1.349242 0.729986
v 0.090192 1.331301 0.729986
v 0.166653 1.280212 0.729986
v 0.217742 1.203751 0.729986
v 0.235682 1.113559 0.729986
v 0.217742 1.023367 0.729986
v 0.166653 0.946906 0.729986
v 0.090192 0.895816 0.729986
v -0.000000 0.559653 2.115949
v -0.211970 0.601817 2.115949
v -0.391670 0.721888 2.115949
v -0.511742 0.901588 2.115949
v -0.553905 1.113558 2.115949
v -0.511742 1.325529 2.115949
v -0.391670 1.505228 2.115949
v -0.211970 1.625300 2.115949
v 0.000000 1.667464 2.115949
v 0.211970 1.625300 2.115949
v 0.391670 1.505228 2.115949
v 0.511742 1.325529 2.115949
v 0.553905 1.113558 2.115949
v 0.511742 0.901588 2.115949
v 0.391670 0.721888 2.115949
v 0.211970 0.601817 2.115949
v -0.000000 0.204369 3.307413
v -0.347932 0.273577 3.307413
v -0.642893 0.470665 3.307413
v -0.839981 0.765627 3.307413
v -0.909189 1.113558 3.307413
v -0.839981 1.461489 3.307413
v -0.642893 1.756450 3.307413
v -0.347932 1.953538 3.307414
v 0.000000 2.022747 3.307414
v 0.347931 1.953538 3.307414
v 0.642893 1.756450 3.307413
v 0.839981 1.461489 3.307413
v 0.909189 1.113558 3.307413
v 0.839981 0.765626 3.307413
v 0.642893 0.470665 3.307413
v 0.347931 0.273577 3.307413
v 0.000000 0.899567 0.526023
v -0.081891 0.915856 0.526023
v -0.151315 0.962244 0.526023
v -0.197702 1.031668 0.526023
v -0.213992 1.113559 0.526023
v -0.197702 1.195450 0.526023
v -0.151315 1.264874 0.526023
v -0.081891 1.311262 0.526023
v -0.000000 1.327551 0.526023
v 0.081891 1.311262 0.526023
v 0.151315 1.264874 0.526023
v 0.197702 1.195450 0.526023
v 0.213991 1.113559 0.526023
v 0.197702 1.031668 0.526023
v 0.151315 0.962244 0.526023
v 0.081891 0.915856 0.526023
v 0.000000 0.915423 0.449750
v 0.000000 1.030538 0.333805
v 0.081632 0.916481 0.521579
v 0.075823 0.930505 0.449750
v 0.058207 0.973033 0.380415
v 0.031770 1.036857 0.333805
v 0.150836 0.962722 0.521579
v 0.140102 0.973456 0.449750
v 0.107553 1.006005 0.380415
v 0.058704 1.054854 0.333805
v 0.197077 1.031926 0.521579
v 0.183052 1.037735 0.449750
v 0.140525 1.055351 0.380415
v 0.076700 1.081788 0.333805
v 0.213315 1.113558 0.521579
v 0.198135 1.113558 0.449750
v 0.152103 1.113558 0.380415
v 0.083020 1.113558 0.333805
v 0.197077 1.195190 0.521579
v 0.183052 1.189381 0.449750
v 0.140525 1.171765 0.380415
v 0.076701 1.145328 0.333805
v 0.150836 1.264394 0.521579
v 0.140102 1.253660 0.449750
v 0.107553 1.221111 0.380416
v 0.058704 1.172262 0.333805
v 0.081632 1.310635 0.521579
v 0.075823 1.296611 0.449750
v 0.058207 1.254083 0.380416
v 0.031770 1.190259 0.333805
v -0.000000 1.326873 0.521579
v -0.000000 1.311693 0.449750
v -0.000000 1.265661 0.380415
v -0.000000 1.196578 0.333805
v -0.081632 1.310635 0.521579
v -0.075823 1.296611 0.449750
v -0.058207 1.254083 0.380416
v -0.031771 1.190259 0.333805
v -0.000000 1.113558 3.230600
v -0.150836 1.264394 0.521579
v -0.140102 1.253660 0.449750
v -0.107553 1.221111 0.380416
v -0.058704 1.172262 0.333805
v 0.292825 0.406614 3.450830
v 0.541071 0.572487 3.450830
v -0.197077 1.195190 0.521579
v -0.183053 1.189381 0.449750
v -0.140525 1.171765 0.380415
v -0.076701 1.145328 0.333805
v 0.706944 0.820732 3.450830
v 0.765190 1.113558 3.450830
v 0.706944 1.406384 3.450830
v -0.213315 1.113558 0.521579
v -0.198135 1.113558 0.449750
v -0.152103 1.113558 0.380415
v -0.083020 1.113558 0.333805
v 0.541071 1.654628 3.450830
v 0.292825 1.820501 3.450830
v 0.000000 1.878747 3.450830
v -0.197077 1.031926 0.521579
v -0.183052 1.037735 0.449750
v -0.140525 1.055351 0.380415
v -0.076701 1.081788 0.333805
v -0.292826 1.820501 3.450830
v -0.541071 1.654628 3.450830
v -0.706944 1.406384 3.450830
v -0.150836 0.962722 0.521579
v -0.140102 0.973456 0.449750
v -0.107553 1.006005 0.380415
v -0.058704 1.054854 0.333805
v -0.765190 1.113558 3.450830
v -0.706944 0.820732 3.450830
v -0.541071 0.572487 3.450830
v -0.081632 0.916481 0.521579
v -0.075823 0.930505 0.449750
v -0.058207 0.973033 0.380415
v -0.031770 1.036857 0.333805
v -0.292826 0.406614 3.450830
v -0.000000 0.348368 3.450830
v 0.000000 0.900243 0.521579
v 0.000000 0.961455 0.380415
v 0.000000 1.113558 0.317058
v -0.000000 1.599434 1.819461
v 0.185936 1.562449 1.819461
v -0.185936 0.664668 1.819461
v -0.343566 0.769993 1.819461
v 0.343566 1.457124 1.819461
v -0.448890 0.927622 1.819461
v 0.448890 1.299495 1.819461
v -0.485875 1.113558 1.819461
v 0.485875 1.113558 1.819461
v -0.448890 1.299495 1.819461
v 0.448890 0.927622 1.819461
v -0.343566 1.457124 1.819461
v 0.343566 0.769993 1.819461
v -0.185937 1.562449 1.819461
v 0.185936 0.664668 1.819461
v 0.000000 0.627683 1.819461
v -0.000000 1.633666 1.968577
v -0.199036 0.633042 1.968577
v 0.000000 0.593451 1.968577
v 0.199036 1.594075 1.968577
v -0.367771 0.745787 1.968577
v 0.367771 1.481329 1.968577
v -0.480516 0.914522 1.968577
v 0.480516 1.312595 1.968577
v -0.520107 1.113558 1.968577
v 0.520107 1.113558 1.968577
v -0.480516 1.312595 1.968577
v 0.480516 0.914522 1.968577
v -0.367771 1.481329 1.968577
v 0.367771 0.745787 1.968577
v -0.199036 1.594075 1.968577
v 0.199036 0.633042 1.968577
v 0.079173 0.806584 -4.128978
v 0.079173 0.687308 -3.949719
v 0.079173 0.687308 -3.527475
v 0.079173 0.985398 -3.227962
v 0.133620 1.002854 -4.248265
v 0.176241 0.839117 -4.126991
v 0.203782 0.730583 -3.948116
v 0.213296 0.692641 -3.738597
v 0.203782 0.730583 -3.529079
v 0.176241 0.839117 -3.350204
v 0.133620 1.002854 -3.228929
v 0.177052 1.050298 -4.246362
v 0.252993 0.926880 -4.123154
v 0.301183 0.845927 -3.945185
v 0.317707 0.817754 -3.738597
v 0.301183 0.845927 -3.532010
v 0.252993 0.926880 -3.354041
v 0.177052 1.050297 -3.230833
v 0.204795 1.119002 -4.244798
v 0.301459 1.052898 -4.120248
v 0.362211 1.009741 -3.943231
v 0.383041 0.994721 -3.738597
v 0.362211 1.009740 -3.533963
v 0.301459 1.052897 -3.356947
v 0.204795 1.119002 -3.232397
v 0.214362 1.199009 -4.244208
v 0.318063 1.199009 -4.119233
v 0.383107 1.199009 -3.942605
v 0.405432 1.199009 -3.738597
v 0.383107 1.199008 -3.534589
v 0.318063 1.199008 -3.357963
v 0.214362 1.199008 -3.232987
v 0.204794 1.279015 -4.244798
v 0.301459 1.345119 -4.120248
v 0.362211 1.388276 -3.943231
v 0.383041 1.403297 -3.738597
v 0.362211 1.388276 -3.533963
v 0.301459 1.345119 -3.356947
v 0.204794 1.279014 -3.232397
v 0.177052 1.347719 -4.246362
v 0.252993 1.471137 -4.123154
v 0.301183 1.552091 -3.945185
v 0.317707 1.580262 -3.738597
v 0.301183 1.552090 -3.532010
v 0.252993 1.471136 -3.354041
v 0.177052 1.347718 -3.230833
v 0.133620 1.395163 -4.248265
v 0.176241 1.558900 -4.126991
v 0.203782 1.667434 -3.948116
v 0.213295 1.705375 -3.738597
v 0.203782 1.667433 -3.529079
v 0.176241 1.558899 -3.350204
v 0.133620 1.395162 -3.228929
v 0.079173 1.412619 -4.249232
v 0.079173 1.591434 -4.128978
v 0.079173 1.710708 -3.949719
v 0.079173 1.752556 -3.738597
v 0.079173 1.710708 -3.527476
v 0.079173 1.591433 -3.348217
v 0.079173 1.412619 -3.227962
v 0.024727 1.395163 -4.248265
v -0.017894 1.558900 -4.126991
v -0.045436 1.667434 -3.948116
v -0.054949 1.705375 -3.738597
v -0.045436 1.667433 -3.529079
v -0.017894 1.558899 -3.350204
v 0.024727 1.395162 -3.228929
v -0.018706 1.347719 -4.246362
v -0.094646 1.471137 -4.123154
v -0.142836 1.552089 -3.945185
v -0.159360 1.580262 -3.738597
v -0.142836 1.552089 -3.532010
v -0.094646 1.471136 -3.354041
v -0.018706 1.347718 -3.230833
v -0.046448 1.279015 -4.244798
v -0.143112 1.345119 -4.120248
v -0.203864 1.388276 -3.943231
v -0.224694 1.403296 -3.738597
v -0.203864 1.388276 -3.533963
v -0.143112 1.345119 -3.356947
v -0.046448 1.279014 -3.232397
v -0.056015 1.199009 -4.244208
v -0.159716 1.199009 -4.119233
v -0.224760 1.199008 -3.942605
v -0.247085 1.199008 -3.738597
v -0.224760 1.199008 -3.534589
v -0.159716 1.199008 -3.357963
v -0.056015 1.199008 -3.232987
v -0.046448 1.119002 -4.244798
v -0.143112 1.052898 -4.120248
v -0.203864 1.009741 -3.943231
v -0.224694 0.994721 -3.738597
v -0.203864 1.009740 -3.533963
v -0.143112 1.052897 -3.356947
v -0.046448 1.119002 -3.232397
v -0.018705 1.050298 -4.246362
v -0.094646 0.926880 -4.123154
v -0.142836 0.845927 -3.945185
v -0.159360 0.817754 -3.738597
v -0.142836 0.845926 -3.532010
v -0.094646 0.926880 -3.354041
v -0.018705 1.050297 -3.230833
v 0.024727 1.002854 -4.248265
v -0.017894 0.839117 -4.126991
v -0.045435 0.730583 -3.948116
v -0.054948 0.692641 -3.738597
v -0.045435 0.730583 -3.529079
v -0.017894 0.839117 -3.350204
v 0.024727 1.002854 -3.228929
v 0.079173 1.199009 -4.292146
v 0.079173 0.985398 -4.249232
v 0.079174 0.645461 -3.738597
v 0.079174 0.806584 -3.348217
v 0.079173 1.199008 -3.185050
v -0.068078 1.579428 -3.886218
v 0.079173 2.384043 -3.868742
v 0.079173 2.186771 -3.953698
v 0.369863 1.432176 -4.785935
v -0.211516 1.432176 -4.080854
v -0.068078 1.429990 -3.810260
v 0.224649 2.384043 -3.808484
v 0.284722 2.186771 -3.868557
v 0.284907 1.432176 -4.983207
v -0.126375 1.624625 -3.868557
v -0.129071 1.429990 -3.663009
v 0.284907 2.384043 -3.663009
v 0.369863 2.186771 -3.663009
v -0.129071 1.432176 -3.886218
v -0.211516 1.624625 -3.663009
v -0.068078 1.429989 -3.515757
v 0.224649 2.384043 -3.517533
v 0.284722 2.186771 -3.457460
v -0.126375 1.226628 -4.080854
v 0.284722 1.226628 -4.785935
v -0.126375 1.624625 -3.457460
v 0.079173 2.384043 -3.457275
v 0.079173 2.186771 -3.372319
v 0.224649 1.286701 -4.983207
v 0.079173 1.429989 -3.454764
v 0.079173 2.434546 -3.663009
v -0.066302 2.384043 -3.517533
v -0.126375 2.186771 -3.457460
v -0.068078 1.284925 -3.886218
v 0.079173 1.624625 -3.372319
v 0.079173 1.342387 -3.663009
v -0.126560 2.384043 -3.663009
v -0.211516 2.186771 -3.663009
v 0.079173 1.141487 -4.785935
v 0.226425 1.429989 -3.515757
v 0.284722 1.624625 -3.457460
v -0.066302 2.384043 -3.808484
v -0.126375 2.186771 -3.868557
v 0.079173 1.226443 -4.983207
v 0.287418 1.429990 -3.663009
v 0.369863 1.624625 -3.663009
v 0.226425 1.429990 -3.810260
v 0.284722 1.624625 -3.868557
v 0.079173 1.429990 -3.871253
v 0.079173 1.624625 -3.953699
v 0.224649 1.577652 -4.983207
v 0.284722 1.637725 -4.785935
v -0.126375 1.637725 -4.080854
v 0.079173 1.637910 -4.983207
v 0.079173 1.722866 -4.785935
v 0.079173 1.640421 -3.886218
v 0.079173 1.432176 -5.033709
v -0.066302 1.577652 -4.983207
v -0.126375 1.637725 -4.785935
v 0.079173 1.722866 -4.080854
v 0.079173 1.432176 -3.798615
v -0.126560 1.432176 -4.983207
v -0.211516 1.432176 -4.785935
v 0.226425 1.579428 -3.886218
v 0.284722 1.637725 -4.080854
v -0.066302 1.286701 -4.983207
v -0.126375 1.226628 -4.785935
v 0.287418 1.432176 -3.886218
v 0.369863 1.432176 -4.080854
v 0.226425 1.284925 -3.886218
v 0.284722 1.226628 -4.080854
v 0.079173 1.223932 -3.886218
v 0.079173 1.141487 -4.080854
v -0.068078 1.181752 -3.841148
v 0.369863 1.034501 -4.740865
v -0.211516 1.034501 -4.035784
v 0.284907 1.034501 -4.938137
v -0.129071 1.034501 -3.841148
v -0.126375 0.828952 -4.035784
v 0.284722 0.828952 -4.740865
v 0.224649 0.889026 -4.938137
v -0.068078 0.887249 -3.841148
v 0.079173 0.743812 -4.740866
v 0.079173 0.828768 -4.938137
v 0.224649 1.179976 -4.938137
v 0.284722 1.240049 -4.740865
v -0.126375 1.240049 -4.035784
v 0.079173 1.240234 -4.938137
v 0.079173 1.325190 -4.740865
v 0.079173 1.242745 -3.841148
v 0.079173 1.034501 -4.988640
v -0.066302 1.179976 -4.938137
v -0.126375 1.240049 -4.740865
v 0.079173 1.325190 -4.035784
v 0.079173 1.034501 -3.753545
v -0.126560 1.034501 -4.938137
v -0.211516 1.034501 -4.740865
v 0.226425 1.181752 -3.841148
v 0.284722 1.240049 -4.035784
v -0.066302 0.889026 -4.938137
v -0.126375 0.828952 -4.740865
v 0.287418 1.034501 -3.841148
v 0.369863 1.034501 -4.035784
v 0.226425 0.887249 -3.841148
v 0.284722 0.828952 -4.035784
v 0.079173 0.826256 -3.841148
v 0.079173 0.743811 -4.035785
v -0.068078 1.006976 -3.899000
v 0.369863 0.266658 -4.431074
v -0.211516 0.765226 -3.932506
v 0.284907 0.127166 -4.570567
v -0.129071 0.902854 -3.794877
v -0.126375 0.619881 -3.787161
v 0.284722 0.121313 -4.285728
v 0.224649 0.024299 -4.467700
v -0.068078 0.798731 -3.690755
v 0.079173 0.061110 -4.225524
v 0.079173 -0.018310 -4.425091
v 0.224649 0.230032 -4.673432
v 0.284722 0.412003 -4.576418
v -0.126375 0.910570 -4.077850
v 0.079173 0.272641 -4.716042
v 0.079173 0.472207 -4.636622
v 0.079173 1.050105 -3.942128
v 0.079173 0.091455 -4.606277
v -0.066302 0.230032 -4.673432
v -0.126375 0.412003 -4.576418
v 0.079173 0.970774 -4.138054
v 0.079173 0.964799 -3.732932
v -0.126560 0.127166 -4.570567
v -0.211516 0.266658 -4.431074
v 0.226425 1.006976 -3.899000
v 0.284722 0.910570 -4.077850
v -0.066302 0.024299 -4.467700
v -0.126375 0.121313 -4.285728
v 0.287418 0.902854 -3.794877
v 0.369863 0.765226 -3.932506
v 0.226425 0.798731 -3.690755
v 0.284722 0.619881 -3.787161
v 0.079173 0.755603 -3.647626
v 0.079173 0.559677 -3.726957
v 0.079173 0.806581 4.128977
v 0.079173 0.687306 3.949718
v 0.079173 0.687306 3.527476
v 0.079173 0.985396 3.227962
v 0.133620 1.002851 4.248264
v 0.176241 0.839115 4.126990
v 0.203782 0.730581 3.948116
v 0.213296 0.692639 3.738596
v 0.203782 0.730581 3.529078
v 0.176241 0.839115 3.350204
v 0.133620 1.002851 3.228929
v 0.177052 1.050295 4.246362
v 0.252993 0.926878 4.123154
v 0.301183 0.845924 3.945184
v 0.317707 0.817751 3.738596
v 0.301183 0.845925 3.532010
v 0.252993 0.926878 3.354041
v 0.177052 1.050295 3.230833
v 0.204795 1.118999 4.244798
v 0.301459 1.052895 4.120247
v 0.362211 1.009738 3.943231
v 0.383041 0.994719 3.738596
v 0.362211 1.009738 3.533962
v 0.301459 1.052895 3.356946
v 0.204795 1.118999 3.232397
v 0.214362 1.199006 4.244207
v 0.318063 1.199006 4.119233
v 0.383107 1.199006 3.942605
v 0.405432 1.199006 3.738597
v 0.383107 1.199006 3.534589
v 0.318063 1.199006 3.357963
v 0.214362 1.199006 3.232987
v 0.204794 1.279012 4.244798
v 0.301459 1.345116 4.120247
v 0.362211 1.388273 3.943231
v 0.383041 1.403294 3.738597
v 0.362211 1.388273 3.533963
v 0.301459 1.345116 3.356947
v 0.204794 1.279012 3.232397
v 0.177052 1.347716 4.246362
v 0.252993 1.471134 4.123154
v 0.301183 1.552088 3.945185
v 0.317707 1.580260 3.738597
v 0.301183 1.552088 3.532010
v 0.252993 1.471134 3.354041
v 0.177052 1.347716 3.230833
v 0.133620 1.395160 4.248264
v 0.176240 1.558897 4.126990
v 0.203782 1.667431 3.948116
v 0.213295 1.705373 3.738597
v 0.203782 1.667431 3.529079
v 0.176240 1.558897 3.350204
v 0.133620 1.395160 3.228929
v 0.079173 1.412616 4.249231
v 0.079173 1.591431 4.128977
v 0.079173 1.710706 3.949719
v 0.079173 1.752554 3.738597
v 0.079173 1.710706 3.527476
v 0.079173 1.591431 3.348217
v 0.079173 1.412616 3.227962
v 0.024727 1.395160 4.248264
v -0.017894 1.558897 4.126990
v -0.045436 1.667431 3.948116
v -0.054949 1.705373 3.738597
v -0.045436 1.667431 3.529079
v -0.017894 1.558897 3.350204
v 0.024727 1.395160 3.228929
v -0.018706 1.347716 4.246362
v -0.094646 1.471134 4.123154
v -0.142836 1.552087 3.945185
v -0.159360 1.580260 3.738597
v -0.142836 1.552087 3.532010
v -0.094646 1.471134 3.354041
v -0.018706 1.347716 3.230833
v -0.046448 1.279012 4.244798
v -0.143112 1.345116 4.120247
v -0.203865 1.388273 3.943231
v -0.224694 1.403293 3.738597
v -0.203865 1.388273 3.533963
v -0.143112 1.345116 3.356947
v -0.046448 1.279012 3.232397
v -0.056015 1.199006 4.244207
v -0.159716 1.199006 4.119233
v -0.224760 1.199005 3.942605
v -0.247085 1.199005 3.738597
v -0.224760 1.199006 3.534589
v -0.159716 1.199006 3.357963
v -0.056015 1.199006 3.232987
v -0.046448 1.118999 4.244798
v -0.143112 1.052895 4.120247
v -0.203864 1.009738 3.943231
v -0.224694 0.994718 3.738596
v -0.203864 1.009738 3.533962
v -0.143112 1.052895 3.356946
v -0.046448 1.118999 3.232397
v -0.018705 1.050295 4.246362
v -0.094646 0.926878 4.123154
v -0.142836 0.845924 3.945184
v -0.159360 0.817751 3.738596
v -0.142836 0.845924 3.532010
v -0.094646 0.926878 3.354041
v -0.018705 1.050295 3.230833
v 0.024727 1.002851 4.248264
v -0.017894 0.839115 4.126990
v -0.045435 0.730581 3.948116
v -0.054948 0.692639 3.738596
v -0.045435 0.730581 3.529078
v -0.017894 0.839115 3.350204
v 0.024727 1.002851 3.228929
v 0.079173 1.199006 4.292146
v 0.079173 0.985396 4.249231
v 0.079174 0.645458 3.738596
v 0.079174 0.806582 3.348217
v 0.079173 1.199007 3.185050
v -0.068078 1.579425 3.886219
v 0.079174 2.384041 3.868743
v 0.079174 2.186769 3.953699
v 0.369863 1.432173 4.785936
v -0.211516 1.432173 4.080855
v -0.068078 1.429987 3.810261
v 0.224649 2.384041 3.808485
v 0.284722 2.186769 3.868558
v 0.284907 1.432173 4.983208
v -0.126375 1.624623 3.868558
v -0.129071 1.429987 3.663010
v 0.284907 2.384041 3.663010
v 0.369863 2.186769 3.663010
v -0.129071 1.432173 3.886219
v -0.211516 1.624623 3.663010
v -0.068078 1.429987 3.515758
v 0.224649 2.384041 3.517534
v 0.284722 2.186769 3.457461
v -0.126375 1.226625 4.080855
v 0.284722 1.226625 4.785936
v -0.126375 1.624623 3.457461
v 0.079173 2.384041 3.457276
v 0.079173 2.186769 3.372320
v 0.224649 1.286698 4.983208
v 0.079173 1.429987 3.454765
v 0.079173 2.434543 3.663010
v -0.066302 2.384041 3.517534
v -0.126375 2.186769 3.457461
v -0.068078 1.284922 3.886219
v 0.079173 1.624623 3.372320
v 0.079173 1.342384 3.663010
v -0.126560 2.384041 3.663010
v -0.211516 2.186769 3.663010
v 0.079173 1.141484 4.785936
v 0.226425 1.429987 3.515758
v 0.284722 1.624623 3.457461
v -0.066302 2.384041 3.808485
v -0.126375 2.186769 3.868558
v 0.079173 1.226440 4.983208
v 0.287418 1.429987 3.663010
v 0.369863 1.624623 3.663010
v 0.226425 1.429987 3.810261
v 0.284722 1.624623 3.868558
v 0.079174 1.429987 3.871254
v 0.079174 1.624623 3.953699
v 0.224649 1.577649 4.983208
v 0.284722 1.637722 4.785936
v -0.126375 1.637722 4.080855
v 0.079173 1.637907 4.983208
v 0.079173 1.722863 4.785936
v 0.079173 1.640418 3.886219
v 0.079173 1.432173 5.033710
v -0.066302 1.577649 4.983208
v -0.126375 1.637722 4.785936
v 0.079173 1.722863 4.080855
v 0.079173 1.432173 3.798616
v -0.126560 1.432173 4.983208
v -0.211516 1.432173 4.785936
v 0.226425 1.579425 3.886219
v 0.284722 1.637722 4.080855
v -0.066302 1.286698 4.983208
v -0.126375 1.226625 4.785936
v 0.287418 1.432173 3.886219
v 0.369863 1.432173 4.080855
v 0.226425 1.284922 3.886219
v 0.284722 1.226625 4.080855
v 0.079173 1.223929 3.886219
v 0.079173 1.141484 4.080855
v -0.068078 1.181749 3.841149
v 0.369863 1.034497 4.740866
v -0.211516 1.034498 4.035785
v 0.284907 1.034497 4.938138
v -0.129071 1.034498 3.841149
v -0.126375 0.828949 4.035785
v 0.284722 0.828948 4.740866
v 0.224649 0.889022 4.938138
v -0.068078 0.887246 3.841149
v 0.079173 0.743808 4.740866
v 0.079173 0.828764 4.938138
v 0.224649 1.179972 4.938138
v 0.284722 1.240046 4.740866
v -0.126375 1.240046 4.035785
v 0.079173 1.240230 4.938138
v 0.079173 1.325186 4.740866
v 0.079173 1.242742 3.841149
v 0.079173 1.034497 4.988641
v -0.066302 1.179972 4.938138
v -0.126375 1.240046 4.740866
v 0.079173 1.325187 4.035785
v 0.079173 1.034498 3.753546
v -0.126560 1.034497 4.938138
v -0.211516 1.034497 4.740866
v 0.226425 1.181749 3.841149
v 0.284722 1.240046 4.035785
v -0.066302 0.889022 4.938138
v -0.126375 0.828948 4.740866
v 0.287418 1.034498 3.841149
v 0.369863 1.034498 4.035785
v 0.226425 0.887246 3.841149
v 0.284722 0.828949 4.035785
v 0.079173 0.826252 3.841149
v 0.079173 0.743808 4.035785
v -0.068078 1.006973 3.899000
v 0.369863 0.266655 4.431073
v -0.211516 0.765222 3.932506
v 0.284907 0.127162 4.570566
v -0.129071 0.902851 3.794877
v -0.126375 0.619878 3.787161
v 0.284722 0.121310 4.285728
v 0.224649 0.024296 4.467699
v -0.068078 0.798729 3.690755
v 0.079173 0.061107 4.225523
v 0.079173 -0.018313 4.425090
v 0.224649 0.230029 4.673431
v 0.284722 0.412000 4.576417
v -0.126375 0.910567 4.077850
v 0.079173 0.272638 4.716041
v 0.079173 0.472204 4.636621
v 0.079173 1.050102 3.942128
v 0.079173 0.091452 4.606276
v -0.066302 0.230029 4.673431
v -0.126375 0.412000 4.576417
v 0.079173 0.970771 4.138054
v 0.079173 0.964796 3.732932
v -0.126560 0.127162 4.570566
v -0.211516 0.266655 4.431073
v 0.226425 1.006973 3.899000
v 0.284722 0.910567 4.077850
v -0.066302 0.024296 4.467699
v -0.126375 0.121310 4.285728
v 0.287418 0.902851 3.794877
v 0.369863 0.765222 3.932506
v 0.226425 0.798729 3.690755
v 0.284722 0.619878 3.787161
v 0.079173 0.755600 3.647626
v 0.079173 0.559674 3.726957
v -0.000000 -1.033315 -1.365983
v -0.265177 -1.033315 -1.313236
v -0.692941 -1.033315 -0.673042
v -0.265177 -1.033315 -0.032849
v 0.640194 -1.033315 -0.407865
v 0.640194 -1.033315 -0.938219
v 0.489983 -1.033315 -1.163025
v 0.265177 -1.033315 -1.313236
v 0.000000 -2.706178 -1.365983
v -0.265177 -2.706178 -1.313236
v -0.489983 -2.706178 -1.163026
v -0.640194 -2.706178 -0.938220
v -0.692941 -2.706178 -0.673043
v -0.640194 -2.706178 -0.407866
v -0.489983 -2.706178 -0.183060
v -0.265177 -2.706178 -0.032850
v -0.000000 -2.706178 0.019897
v 0.489983 -2.706178 -0.183060
v 0.640194 -2.706178 -0.407866
v 0.692940 -2.706178 -0.673043
v 0.640194 -2.706178 -0.938220
v 0.489983 -2.706178 -1.163026
v 0.265177 -2.706178 -1.313236
v 0.202892 -0.826984 -1.676298
v 0.190930 -1.014634 -1.530738
v -0.490737 -0.548606 -0.673043
v -0.640581 -0.773306 -0.673043
v 0.146307 -1.109700 -1.348588
v -0.000000 -2.966187 -1.313624
v 0.079449 -1.127652 -1.149935
v -0.000000 -3.341310 -0.939331
v -0.000000 -0.847659 -1.710958
v -0.000000 -1.034090 -1.563354
v -0.246018 -0.398183 -0.571139
v -0.453382 -0.548606 -0.485246
v 0.245140 -2.966187 -1.264863
v 0.187797 -3.190887 -1.126425
v 0.101904 -3.341310 -0.919061
v -0.000000 -1.124608 -1.373581
v -0.000000 -1.135748 -1.163507
v -0.591820 -0.773307 -0.427903
v -0.640194 -1.033315 -0.407866
v -0.188294 -0.398183 -0.484749
v 0.452959 -2.966187 -1.126002
v 0.347003 -3.190887 -1.020046
v 0.188293 -3.341310 -0.861337
v -0.202892 -0.826984 -1.676298
v -0.190931 -1.014634 -1.530738
v -0.347003 -0.548606 -0.326039
v -0.452959 -0.773307 -0.220084
v -0.489983 -1.033315 -0.183060
v 0.591819 -2.966187 -0.918183
v 0.453382 -3.190887 -0.860840
v 0.246017 -3.341310 -0.774947
v -0.146307 -1.109700 -1.348588
v -0.079450 -1.127652 -1.149935
v -0.101904 -0.398183 -0.427025
v -0.187797 -0.548606 -0.219661
v -0.245140 -0.773307 -0.081223
v 0.640581 -2.966187 -0.673043
v 0.490737 -3.190887 -0.673043
v 0.266287 -3.341310 -0.673043
v -0.374896 -0.768106 -1.577596
v -0.352794 -0.959227 -1.437854
v -0.000000 -0.398183 -0.406755
v -0.000000 -0.548606 -0.182306
v 0.591819 -2.966187 -0.427904
v 0.453381 -3.190887 -0.485247
v 0.246017 -3.341310 -0.571140
v -0.270340 -1.067242 -1.277413
v -0.146804 -1.104596 -1.111285
v -0.000000 -0.773307 -0.032462
v -0.000000 -1.033315 0.019898
v 0.101903 -0.398183 -0.427025
v 0.452959 -2.966187 -0.220084
v 0.347003 -3.190887 -0.326040
v 0.188293 -3.341310 -0.484750
v -0.489825 -0.679991 -1.429878
v -0.460947 -0.876306 -1.298844
v 0.187797 -0.548606 -0.219661
v 0.245139 -0.773307 -0.081223
v 0.265177 -1.033315 -0.032849
v 0.265177 -2.706178 -0.032850
v 0.245139 -2.966187 -0.081224
v 0.187797 -3.190887 -0.219662
v 0.101903 -3.341310 -0.427026
v -0.353216 -1.003701 -1.170892
v -0.191808 -1.070091 -1.053440
v 0.188293 -0.398183 -0.484749
v 0.347003 -0.548606 -0.326039
v 0.452959 -0.773307 -0.220084
v -0.000000 -2.966187 -0.032463
v -0.000000 -3.190887 -0.182307
v -0.000000 -3.341310 -0.406756
v -0.530183 -0.576050 -1.255631
v -0.498925 -0.778494 -1.134871
v 0.489983 -1.033315 -0.183060
v 0.246017 -0.398183 -0.571139
v 0.453381 -0.548606 -0.485246
v -0.245140 -2.966187 -0.081224
v -0.187797 -3.190887 -0.219662
v -0.101904 -3.341310 -0.427026
v -0.382318 -0.928749 -1.045242
v -0.000000 -0.344982 -0.673042
v 0.591819 -0.773307 -0.427903
v 0.266287 -0.398183 -0.673042
v -0.452959 -2.966187 -0.220085
v -0.347003 -3.190887 -0.326040
v -0.188294 -3.341310 -0.484750
v 0.000000 -0.548606 -1.163779
v 0.490737 -0.548606 -0.673042
v 0.640581 -0.773306 -0.673042
v 0.692940 -1.033315 -0.673042
v -0.591820 -2.966187 -0.427904
v -0.453382 -3.190887 -0.485247
v -0.246017 -3.341310 -0.571140
v -0.101904 -0.398183 -0.919059
v -0.187797 -0.548606 -1.126424
v 0.246017 -0.398183 -0.774946
v 0.453382 -0.548606 -0.860839
v 0.591819 -0.773306 -0.918182
v -0.640581 -2.966187 -0.673043
v -0.490737 -3.190887 -0.673044
v -0.266287 -3.341310 -0.673044
v -0.245139 -0.773306 -1.264862
v 0.188293 -0.398183 -0.861336
v 0.347003 -0.548606 -1.020045
v -0.591820 -2.966187 -0.918183
v -0.453382 -3.190887 -0.860840
v -0.246017 -3.341310 -0.774947
v -0.188294 -0.398183 -0.861336
v -0.347003 -0.548606 -1.020046
v 0.452959 -0.773306 -1.126001
v 0.101904 -0.398183 -0.919059
v -0.452959 -2.966187 -1.126003
v -0.347003 -3.190887 -1.020047
v -0.188293 -3.341310 -0.861337
v -0.452959 -0.773306 -1.126002
v -0.489983 -1.033315 -1.163025
v 0.187797 -0.548606 -1.126424
v 0.245139 -0.773306 -1.264862
v -0.245139 -2.966187 -1.264863
v -0.187797 -3.190887 -1.126425
v -0.101904 -3.341310 -0.919061
v -0.246017 -0.398183 -0.774946
v -0.000000 -0.398183 -0.939330
v -0.000000 -0.773306 -1.313623
v -0.453382 -0.548606 -0.860839
v -0.591820 -0.773306 -0.918182
v -0.640194 -1.033315 -0.938220
v 0.000000 -3.190887 -1.163780
v -0.266287 -0.398183 -0.673042
v -0.000000 -3.394511 -0.673043
v 0.146803 -1.104597 -1.111285
v 0.270340 -1.067243 -1.277413
v 0.352793 -0.959227 -1.437854
v 0.374896 -0.768107 -1.577597
v 0.191808 -1.070092 -1.053441
v 0.353216 -1.003701 -1.170892
v -0.000000 -1.065056 -0.963933
v 0.460947 -0.876306 -1.298845
v 0.489825 -0.679991 -1.429878
v 0.207612 -1.029390 -0.985209
v -0.000000 -0.732891 -0.716903
v 0.000000 -0.304442 -0.800305
v 0.382318 -0.928750 -1.045242
v 0.498925 -0.778494 -1.134872
v 0.530182 -0.576050 -1.255632
v -0.079450 -0.931128 -0.820482
v -0.146307 -0.747800 -0.741896
v 0.191808 -0.988689 -0.916977
v 0.353216 -0.853798 -0.919592
v 0.460947 -0.680682 -0.970898
v -0.190930 -0.542354 -0.739005
v -0.202892 -0.325117 -0.834965
v 0.489825 -0.472111 -1.081386
v 0.146803 -0.954184 -0.859132
v 0.270340 -0.790257 -0.813071
v -0.146804 -0.954184 -0.859132
v -0.270340 -0.790257 -0.813071
v 0.352793 -0.597761 -0.831889
v 0.374896 -0.383994 -0.933667
v 0.079449 -0.931128 -0.820482
v -0.352793 -0.597760 -0.831888
v -0.374896 -0.383994 -0.933667
v 0.146307 -0.747800 -0.741896
v 0.190930 -0.542354 -0.739005
v 0.202892 -0.325117 -0.834965
v -0.191808 -0.988689 -0.916976
v -0.000000 -0.923032 -0.806909
v -0.000000 -0.522898 -0.706389
v -0.353216 -0.853798 -0.919592
v -0.460947 -0.680682 -0.970898
v -0.489825 -0.472110 -1.081385
v -0.207612 -1.029390 -0.985208
v -0.000000 -0.558487 -1.266108
v -0.265267 -1.869747 -0.032632
v -0.000000 -1.869746 -1.366218
v -0.265267 -1.869746 -1.313453
v 0.265266 -1.869746 -1.313453
v 0.640411 -1.869747 -0.407776
v -0.693176 -1.869747 -0.673043
v 0.640411 -1.869747 -0.938309
v 0.490149 -1.869746 -1.163192
v -0.000000 -1.869747 0.020132
v 0.265267 -1.869747 -0.032632
v -0.490149 -1.869746 -1.163192
v 0.490149 -1.869747 -0.182894
v -0.640411 -1.869747 -0.938310
v 0.693176 -1.869747 -0.673043
v -0.640411 -1.869747 -0.407776
v -0.490149 -1.869747 -0.182894
v -0.265267 -1.745009 -1.313453
v 0.640411 -1.745009 -0.407776
v -0.693176 -1.745009 -0.673043
v 0.640411 -1.745009 -0.938309
v 0.490149 -1.745009 -1.163192
v -0.000000 -1.745009 0.020132
v 0.265267 -1.745009 -0.032632
v -0.490149 -1.745009 -1.163192
v 0.490149 -1.745009 -0.182894
v -0.640411 -1.745009 -0.938310
v 0.693176 -1.745009 -0.673043
v -0.640411 -1.745009 -0.407776
v -0.490149 -1.745009 -0.182894
v -0.265267 -1.745009 -0.032632
v -0.000000 -1.745009 -1.366218
v 0.265267 -1.745009 -1.313453
v -0.265267 -1.994485 -0.032632
v 0.000000 -1.994485 -1.366218
v 0.265267 -1.994485 -1.313453
v -0.265267 -1.994485 -1.313453
v 0.640411 -1.994485 -0.407776
v -0.693176 -1.994485 -0.673043
v 0.640411 -1.994485 -0.938310
v 0.490149 -1.994485 -1.163192
v -0.000000 -1.994485 0.020132
v 0.265267 -1.994484 -0.032632
v -0.490149 -1.994485 -1.163192
v 0.490149 -1.994485 -0.182894
v -0.640411 -1.994485 -0.938310
v 0.693176 -1.994485 -0.673043
v -0.640411 -1.994485 -0.407776
v -0.490149 -1.994485 -0.182894
v 0.000000 -1.033316 1.365982
v -0.265177 -1.033316 1.313235
v -0.692941 -1.033315 0.673042
v -0.265177 -1.033315 0.032848
v 0.640194 -1.033315 0.407865
v 0.640194 -1.033315 0.938219
v 0.489983 -1.033316 1.163024
v 0.265177 -1.033316 1.313235
v -0.000000 -2.706179 1.365982
v -0.265177 -2.706179 1.313235
v -0.489983 -2.706179 1.163024
v -0.640194 -2.706178 0.938218
v -0.692941 -2.706178 0.673041
v -0.640194 -2.706178 0.407865
v -0.489983 -2.706178 0.183059
v -0.265177 -2.706178 0.032848
v -0.000000 -2.706178 -0.019899
v 0.489983 -2.706178 0.183058
v 0.640194 -2.706178 0.407865
v 0.692940 -2.706178 0.673041
v 0.640194 -2.706178 0.938218
v 0.489983 -2.706179 1.163024
v 0.265177 -2.706179 1.313235
v 0.202892 -0.826985 1.676298
v 0.190930 -1.014635 1.530737
v -0.490737 -0.548606 0.673042
v -0.640581 -0.773307 0.673042
v 0.146307 -1.109701 1.348587
v -0.000000 -2.966188 1.313622
v 0.079449 -1.127653 1.149934
v -0.000000 -3.341310 0.939329
v -0.000000 -0.847660 1.710958
v -0.000000 -1.034091 1.563353
v -0.246018 -0.398183 0.571139
v -0.453382 -0.548606 0.485246
v 0.245139 -2.966188 1.264861
v 0.187797 -3.190887 1.126423
v 0.101904 -3.341310 0.919058
v -0.000000 -1.124609 1.373580
v -0.000000 -1.135749 1.163506
v -0.591820 -0.773307 0.427903
v -0.640194 -1.033315 0.407865
v -0.188294 -0.398183 0.484749
v 0.452959 -2.966187 1.126000
v 0.347003 -3.190887 1.020044
v 0.188293 -3.341310 0.861335
v -0.202892 -0.826985 1.676298
v -0.190931 -1.014635 1.530737
v -0.347003 -0.548606 0.326039
v -0.452959 -0.773307 0.220083
v -0.489983 -1.033315 0.183059
v 0.591819 -2.966187 0.918181
v 0.453382 -3.190887 0.860838
v 0.246017 -3.341310 0.774945
v -0.146307 -1.109701 1.348587
v -0.079450 -1.127653 1.149934
v -0.101904 -0.398183 0.427025
v -0.187797 -0.548606 0.219661
v -0.245140 -0.773307 0.081223
v 0.640581 -2.966187 0.673041
v 0.490737 -3.190887 0.673041
v 0.266287 -3.341310 0.673041
v -0.374896 -0.768107 1.577595
v -0.352794 -0.959228 1.437853
v -0.000000 -0.398183 0.406755
v -0.000000 -0.548606 0.182306
v 0.591819 -2.966187 0.427902
v 0.453381 -3.190887 0.485245
v 0.246017 -3.341310 0.571138
v -0.270340 -1.067243 1.277412
v -0.146804 -1.104597 1.111284
v -0.000000 -0.773307 0.032462
v -0.000000 -1.033315 -0.019898
v 0.101903 -0.398183 0.427025
v 0.452959 -2.966187 0.220083
v 0.347003 -3.190887 0.326038
v 0.188293 -3.341310 0.484748
v -0.489825 -0.679991 1.429877
v -0.460947 -0.876307 1.298843
v 0.187797 -0.548606 0.219661
v 0.245139 -0.773307 0.081223
v 0.265177 -1.033315 0.032849
v 0.265177 -2.706178 0.032848
v 0.245139 -2.966187 0.081222
v 0.187796 -3.190887 0.219660
v 0.101903 -3.341310 0.427024
v -0.353216 -1.003702 1.170891
v -0.191808 -1.070092 1.053439
v 0.188293 -0.398183 0.484749
v 0.347003 -0.548606 0.326039
v 0.452959 -0.773307 0.220083
v -0.000000 -2.966187 0.032461
v -0.000000 -3.190887 0.182305
v -0.000000 -3.341310 0.406754
v -0.530183 -0.576051 1.255630
v -0.498925 -0.778495 1.134870
v 0.489983 -1.033315 0.183059
v 0.246017 -0.398183 0.571138
v 0.453381 -0.548606 0.485245
v -0.245140 -2.966187 0.081222
v -0.187797 -3.190887 0.219660
v -0.101904 -3.341310 0.427024
v -0.382318 -0.928750 1.045241
v -0.000000 -0.344982 0.673042
v 0.591819 -0.773307 0.427902
v 0.266287 -0.398183 0.673042
v -0.452959 -2.966187 0.220083
v -0.347003 -3.190887 0.326039
v -0.188294 -3.341310 0.484748
v 0.000000 -0.548607 1.163779
v 0.490737 -0.548606 0.673042
v 0.640581 -0.773307 0.673042
v 0.692940 -1.033315 0.673042
v -0.591820 -2.966187 0.427902
v -0.453382 -3.190887 0.485245
v -0.246018 -3.341310 0.571138
v -0.101904 -0.398184 0.919059
v -0.187797 -0.548607 1.126423
v 0.246017 -0.398183 0.774946
v 0.453382 -0.548607 0.860839
v 0.591819 -0.773307 0.918181
v -0.640581 -2.966187 0.673042
v -0.490737 -3.190887 0.673042
v -0.266287 -3.341310 0.673041
v -0.245139 -0.773307 1.264861
v 0.188293 -0.398183 0.861335
v 0.347003 -0.548607 1.020045
v -0.591820 -2.966187 0.918181
v -0.453382 -3.190887 0.860838
v -0.246017 -3.341310 0.774945
v -0.188294 -0.398183 0.861336
v -0.347003 -0.548607 1.020046
v 0.452959 -0.773307 1.126000
v 0.101904 -0.398184 0.919059
v -0.452959 -2.966187 1.126001
v -0.347003 -3.190887 1.020045
v -0.188294 -3.341310 0.861335
v -0.452959 -0.773307 1.126001
v -0.489983 -1.033316 1.163024
v 0.187797 -0.548607 1.126423
v 0.245139 -0.773307 1.264861
v -0.245139 -2.966188 1.264861
v -0.187797 -3.190887 1.126423
v -0.101904 -3.341310 0.919058
v -0.246017 -0.398183 0.774946
v -0.000000 -0.398184 0.939329
v -0.000000 -0.773307 1.313622
v -0.453382 -0.548607 0.860839
v -0.591820 -0.773307 0.918182
v -0.640194 -1.033315 0.938219
v 0.000000 -3.190887 1.163778
v -0.266287 -0.398183 0.673042
v -0.000000 -3.394511 0.673041
v 0.146803 -1.104598 1.111284
v 0.270340 -1.067244 1.277412
v 0.352793 -0.959228 1.437853
v 0.374896 -0.768108 1.577596
v 0.191808 -1.070093 1.053440
v 0.353216 -1.003702 1.170891
v -0.000000 -1.065057 0.963933
v 0.460947 -0.876307 1.298844
v 0.489825 -0.679992 1.429877
v 0.207612 -1.029391 0.985208
v 0.000000 -0.732892 0.716903
v 0.000000 -0.304443 0.800305
v 0.382318 -0.928750 1.045241
v 0.498925 -0.778495 1.134871
v 0.530182 -0.576051 1.255631
v -0.079450 -0.931129 0.820481
v -0.146307 -0.747800 0.741896
v 0.191808 -0.988689 0.916976
v 0.353216 -0.853798 0.919592
v 0.460947 -0.680682 0.970898
v -0.190930 -0.542355 0.739005
v -0.202892 -0.325118 0.834964
v 0.489825 -0.472111 1.081385
v 0.146803 -0.954184 0.859131
v 0.270340 -0.790257 0.813071
v -0.146804 -0.954184 0.859131
v -0.270340 -0.790257 0.813071
v 0.352793 -0.597761 0.831888
v 0.374896 -0.383995 0.933667
v 0.079449 -0.931129 0.820481
v -0.352793 -0.597761 0.831888
v -0.374896 -0.383995 0.933667
v 0.146307 -0.747800 0.741896
v 0.190930 -0.542355 0.739005
v 0.202892 -0.325118 0.834964
v -0.191808 -0.988689 0.916976
v -0.000000 -0.923033 0.806909
v -0.000000 -0.522899 0.706389
v -0.353216 -0.853798 0.919592
v -0.460947 -0.680682 0.970898
v -0.489825 -0.472111 1.081385
v -0.207612 -1.029391 0.985208
v 0.000000 -0.558488 1.266108
v -0.265267 -1.869747 0.032631
v 0.000000 -1.869747 1.366217
v -0.265267 -1.869747 1.313452
v 0.265267 -1.869747 1.313452
v 0.640411 -1.869747 0.407775
v -0.693176 -1.869747 0.673042
v 0.640411 -1.869747 0.938308
v 0.490149 -1.869747 1.163191
v -0.000000 -1.869747 -0.020134
v 0.265267 -1.869747 0.032631
v -0.490149 -1.869747 1.163191
v 0.490149 -1.869747 0.182893
v -0.640411 -1.869747 0.938308
v 0.693176 -1.869747 0.673042
v -0.640411 -1.869747 0.407775
v -0.490149 -1.869747 0.182893
v -0.265267 -1.745009 1.313452
v 0.640411 -1.745009 0.407775
v -0.693176 -1.745009 0.673042
v 0.640411 -1.745009 0.938308
v 0.490149 -1.745009 1.163191
v -0.000000 -1.745009 -0.020133
v 0.265267 -1.745009 0.032631
v -0.490149 -1.745009 1.163191
v 0.490149 -1.745009 0.182893
v -0.640411 -1.745009 0.938309
v 0.693176 -1.745009 0.673042
v -0.640411 -1.745009 0.407775
v -0.490149 -1.745009 0.182893
v -0.265267 -1.745009 0.032631
v 0.000000 -1.745010 1.366217
v 0.265267 -1.745009 1.313452
v -0.265267 -1.994485 0.032631
v -0.000000 -1.994486 1.366217
v 0.265267 -1.994486 1.313452
v -0.265267 -1.994486 1.313452
v 0.640411 -1.994485 0.407775
v -0.693176 -1.994486 0.673041
v 0.640411 -1.994486 0.938308
v 0.490149 -1.994486 1.163191
v -0.000000 -1.994485 -0.020134
v 0.265267 -1.994484 0.032631
v -0.490149 -1.994486 1.163191
v 0.490149 -1.994485 0.182892
v -0.640411 -1.994486 0.938308
v 0.693176 -1.994486 0.673042
v -0.640411 -1.994485 0.407775
v -0.490149 -1.994485 0.182893
v 0.108711 -2.467795 -0.348016
v 0.107513 -2.697759 -0.076397
v 0.106890 -3.037619 0.102797
v 0.106699 -3.432023 0.165150
v -0.043053 -2.467778 -0.372072
v -0.172274 -2.697441 -0.120944
v -0.258006 -3.037315 0.044947
v -0.287877 -3.431915 0.102716
v -0.173707 -2.467223 -0.442130
v -0.413103 -2.696182 -0.249170
v -0.572289 -3.036297 -0.121328
v -0.627820 -3.431608 -0.076717
v -0.261527 -2.466624 -0.547710
v -0.575281 -2.694790 -0.442800
v -0.784500 -3.035122 -0.373044
v -0.857638 -3.431234 -0.348621
v -0.292536 -2.466359 -0.673043
v -0.632635 -2.694168 -0.673044
v -0.859725 -3.034583 -0.673044
v -0.939207 -3.431055 -0.673044
v -0.261527 -2.466624 -0.798377
v -0.575280 -2.694790 -0.903287
v -0.784499 -3.035122 -0.973043
v -0.857637 -3.431234 -0.997467
v -0.173707 -2.467223 -0.903956
v -0.413102 -2.696182 -1.096917
v -0.572288 -3.036296 -1.224759
v -0.627819 -3.431607 -1.269371
v 0.196480 -3.829895 -0.673044
v -0.043053 -2.467778 -0.974015
v -0.172274 -2.697441 -1.225143
v -0.258005 -3.037314 -1.391034
v -0.287876 -3.431914 -1.448803
v 0.108711 -2.467795 -0.998071
v 0.107513 -2.697759 -1.269688
v 0.106890 -3.037618 -1.448884
v 0.106700 -3.432022 -1.511237
v 0.107747 -3.814395 -1.497615
v -0.283780 -3.813494 -1.436660
v -0.619875 -3.813228 -1.259655
v -0.846739 -3.812875 -0.991976
v -0.927180 -3.812693 -0.673044
v -0.846740 -3.812875 -0.354112
v -0.619875 -3.813229 -0.086433
v -0.283780 -3.813495 0.090573
v 0.107747 -3.814396 0.151528
v 0.107582 -2.385971 -0.673043
v 1.741119 -2.688332 -0.673043
v 2.085300 -3.028500 -0.673043
v 1.187248 -2.465396 -0.546009
v 1.654842 -2.690227 -0.440068
v 1.970591 -3.030455 -0.367871
v 2.081901 -3.429616 -0.342064
v 1.056516 -2.466856 -0.440418
v 1.413093 -2.693876 -0.247157
v 1.652058 -3.034179 -0.117431
v 1.735692 -3.430975 -0.071892
v 0.864976 -2.467282 -0.373047
v 1.056766 -2.696535 -0.120990
v 1.184883 -3.036687 0.045733
v 1.229676 -3.431760 0.103792
v 0.817541 -2.468196 -0.347458
v 0.817698 -2.697523 -0.076640
v 0.817699 -3.037481 0.102750
v 0.817712 -3.431989 0.165159
v 0.899939 -3.829895 -0.673044
v 2.196387 -3.811624 -0.673043
v 2.072279 -3.812458 -0.997419
v 0.817541 -2.468196 -0.998628
v 0.817699 -2.697523 -1.269446
v 0.817700 -3.037480 -1.448837
v 0.817713 -3.431988 -1.511247
v 1.729340 -3.813510 -1.263141
v 1.226330 -3.814236 -1.436811
v 0.816684 -3.814438 -1.497586
v 0.864976 -2.467282 -0.973040
v 1.056766 -2.696535 -1.225097
v 1.184884 -3.036686 -1.391820
v 1.229677 -3.431759 -1.449879
v 1.056516 -2.466856 -0.905669
v 1.413093 -2.693876 -1.098929
v 1.652059 -3.034178 -1.228656
v 1.735692 -3.430974 -1.274195
v 1.187248 -2.465396 -0.800078
v 1.654842 -2.690228 -0.906018
v 1.970590 -3.030455 -0.978215
v 2.081901 -3.429615 -1.004022
v 0.816684 -3.814439 0.151498
v 1.226329 -3.814237 0.090723
v 0.817228 -2.385986 -0.673043
v 1.233637 -2.464618 -0.673043
v 2.207239 -3.428787 -0.673043
v 1.729340 -3.813511 -0.082946
v 2.072279 -3.812458 -0.348668
v 0.557164 -2.560367 -0.019018
v 0.999592 -2.560367 -0.019018
v 0.639904 -2.665827 -1.010513
v 0.805936 -2.488011 -1.022427
v 0.632612 -2.321274 -1.021562
v 0.461623 -2.495061 -1.009205
v 0.670518 -2.692891 -0.504077
v 0.888425 -2.463454 -0.471367
v 0.658554 -2.242360 -0.474224
v 0.438723 -2.470230 -0.507123
v 0.610441 -2.638518 -0.256147
v 0.724993 -2.517971 -0.208010
v 0.600806 -2.398001 -0.212292
v 0.485994 -2.518319 -0.260505
v 0.579307 -2.611792 -0.118033
v 0.644272 -2.543542 -0.090206
v 0.573642 -2.475293 -0.092703
v 0.508677 -2.543542 -0.120530
v 0.916852 -2.665827 -1.010513
v 1.095132 -2.495061 -1.009205
v 0.924144 -2.321274 -1.021562
v 0.750820 -2.488011 -1.022427
v 0.886238 -2.692891 -0.504077
v 1.118033 -2.470230 -0.507123
v 0.898202 -2.242360 -0.474224
v 0.668330 -2.463454 -0.471367
v 0.946315 -2.638518 -0.256147
v 1.070761 -2.518319 -0.260505
v 0.955949 -2.398001 -0.212292
v 0.831762 -2.517971 -0.208010
v 0.977449 -2.611792 -0.118033
v 1.048079 -2.543542 -0.120530
v 0.983113 -2.475293 -0.092703
v 0.912483 -2.543542 -0.090206
v 0.517392 -2.552743 -0.069002
v 0.567943 -2.601589 -0.067215
v 0.614439 -2.552742 -0.047299
v 0.563888 -2.503895 -0.049087
v 0.942317 -2.552743 -0.047300
v 0.988813 -2.601589 -0.067215
v 1.039364 -2.552742 -0.069002
v 0.992867 -2.503895 -0.049087
v 0.558911 -2.558844 -1.374287
v 0.586454 -2.616378 -1.254871
v 0.659104 -2.534853 -1.270024
v 0.583106 -2.461349 -1.268913
v 0.504419 -2.537953 -1.253245
v 0.509913 -2.623188 -1.007777
v 0.765654 -2.616048 -1.018003
v 0.683734 -2.705990 -0.719317
v 0.758131 -2.364330 -1.024298
v 0.927404 -2.449926 -0.715016
v 0.505987 -2.366891 -1.016528
v 0.672814 -2.205459 -0.715492
v 0.427049 -2.459843 -0.719585
v 0.501628 -2.637057 -0.512932
v 0.835485 -2.630872 -0.486244
v 0.634222 -2.659432 -0.355841
v 0.825750 -2.298414 -0.464990
v 0.787868 -2.496937 -0.305291
v 0.493690 -2.302315 -0.490529
v 0.623140 -2.338002 -0.309706
v 0.467950 -2.499206 -0.360511
v 0.521481 -2.606457 -0.268617
v 0.696383 -2.606193 -0.230071
v 0.593774 -2.624306 -0.182723
v 0.689210 -2.430349 -0.198233
v 0.681815 -2.531814 -0.145012
v 0.514417 -2.430453 -0.236391
v 0.586097 -2.439322 -0.148396
v 0.498055 -2.531814 -0.186107
v 0.529668 -2.592679 -0.124420
v 0.626938 -2.592679 -0.102667
v 0.622875 -2.494760 -0.084497
v 0.525604 -2.494760 -0.106249
v 0.970302 -2.616378 -1.254871
v 1.052337 -2.537953 -1.253245
v 0.973650 -2.461349 -1.268913
v 0.897651 -2.534853 -1.270024
v 0.791102 -2.616048 -1.018003
v 1.046843 -2.623188 -1.007777
v 0.873022 -2.705990 -0.719317
v 1.050769 -2.366891 -1.016528
v 1.129706 -2.459843 -0.719585
v 0.798624 -2.364331 -1.024298
v 0.883942 -2.205459 -0.715492
v 0.629351 -2.449926 -0.715016
v 0.721271 -2.630872 -0.486244
v 1.055128 -2.637057 -0.512932
v 0.922534 -2.659432 -0.355841
v 1.063065 -2.302315 -0.490529
v 1.088805 -2.499206 -0.360511
v 0.731005 -2.298414 -0.464990
v 0.933615 -2.338002 -0.309706
v 0.768887 -2.496937 -0.305291
v 0.860372 -2.606193 -0.230071
v 1.035274 -2.606457 -0.268617
v 0.962982 -2.624306 -0.182723
v 1.042338 -2.430453 -0.236391
v 1.058700 -2.531814 -0.186106
v 0.867545 -2.430349 -0.198233
v 0.970659 -2.439322 -0.148396
v 0.874941 -2.531814 -0.145012
v 0.929818 -2.592679 -0.102667
v 1.027088 -2.592679 -0.124420
v 1.031151 -2.494760 -0.106249
v 0.933881 -2.494760 -0.084497
v 0.495946 -2.645065 -0.720569
v 0.868016 -2.636346 -0.717509
v 0.858792 -2.266624 -0.713790
v 0.488938 -2.272569 -0.718129
v 0.531654 -2.589346 -0.089508
v 0.610270 -2.589346 -0.071927
v 0.606986 -2.510206 -0.057242
v 0.528369 -2.510206 -0.074823
v 0.688740 -2.636346 -0.717509
v 1.060809 -2.645065 -0.720569
v 1.067818 -2.272569 -0.718129
v 0.697964 -2.266624 -0.713790
v 0.946486 -2.589346 -0.071927
v 1.025102 -2.589346 -0.089508
v 1.028386 -2.510206 -0.074823
v 0.949769 -2.510206 -0.057242
v 0.527651 -2.595852 -1.251390
v 0.641446 -2.591522 -1.264264
v 0.636383 -2.482411 -1.272551
v 0.526748 -2.481421 -1.262355
v 0.514289 -2.617878 -0.369292
v 0.750312 -2.615791 -0.328276
v 0.741492 -2.379815 -0.295194
v 0.506399 -2.380675 -0.334931
v 0.525821 -2.599132 -0.192024
v 0.659215 -2.599132 -0.162193
v 0.653642 -2.464851 -0.137274
v 0.520249 -2.464851 -0.167106
v 0.997845 -2.558844 -1.374287
v 0.915310 -2.591522 -1.264264
v 1.029105 -2.595852 -1.251390
v 1.030008 -2.481421 -1.262355
v 0.920372 -2.482411 -1.272551
v 0.806443 -2.615791 -0.328276
v 1.042467 -2.617878 -0.369292
v 1.050357 -2.380676 -0.334931
v 0.815264 -2.379815 -0.295194
v 0.897541 -2.599132 -0.162193
v 1.030934 -2.599133 -0.192024
v 1.036507 -2.464851 -0.167105
v 0.903113 -2.464851 -0.137274
v 0.108711 -2.467795 0.348014
v 0.107513 -2.697759 0.076396
v 0.106890 -3.037619 -0.102798
v 0.106699 -3.432023 -0.165152
v -0.043053 -2.467778 0.372070
v -0.172274 -2.697441 0.120942
v -0.258006 -3.037315 -0.044949
v -0.287877 -3.431915 -0.102718
v -0.173707 -2.467223 0.442129
v -0.413103 -2.696182 0.249169
v -0.572289 -3.036297 0.121326
v -0.627820 -3.431608 0.076715
v -0.261527 -2.466624 0.547708
v -0.575281 -2.694790 0.442798
v -0.784500 -3.035122 0.373042
v -0.857638 -3.431234 0.348619
v -0.292536 -2.466359 0.673042
v -0.632635 -2.694168 0.673042
v -0.859725 -3.034583 0.673042
v -0.939207 -3.431055 0.673042
v -0.261527 -2.466624 0.798375
v -0.575280 -2.694790 0.903286
v -0.784499 -3.035122 0.973041
v -0.857637 -3.431234 0.997464
v -0.173707 -2.467223 0.903955
v -0.413102 -2.696182 1.096915
v -0.572288 -3.036297 1.224757
v -0.627819 -3.431608 1.269369
v 0.196480 -3.829896 0.673041
v -0.043053 -2.467778 0.974013
v -0.172274 -2.697442 1.225141
v -0.258005 -3.037315 1.391032
v -0.287876 -3.431915 1.448801
v 0.108711 -2.467795 0.998069
v 0.107513 -2.697760 1.269687
v 0.106890 -3.037619 1.448882
v 0.106700 -3.432023 1.511234
v 0.107747 -3.814396 1.497613
v -0.283780 -3.813495 1.436658
v -0.619875 -3.813229 1.259653
v -0.846739 -3.812875 0.991973
v -0.927180 -3.812693 0.673042
v -0.846740 -3.812875 0.354110
v -0.619875 -3.813229 0.086430
v -0.283780 -3.813495 -0.090575
v 0.107747 -3.814396 -0.151530
v 0.107582 -2.385971 0.673042
v 1.741119 -2.688332 0.673042
v 2.085300 -3.028500 0.673042
v 1.187248 -2.465396 0.546007
v 1.654842 -2.690228 0.440067
v 1.970591 -3.030455 0.367869
v 2.081901 -3.429616 0.342062
v 1.056516 -2.466856 0.440416
v 1.413093 -2.693876 0.247155
v 1.652058 -3.034179 0.117429
v 1.735692 -3.430975 0.071890
v 0.864976 -2.467282 0.373045
v 1.056766 -2.696535 0.120988
v 1.184883 -3.036687 -0.045735
v 1.229676 -3.431760 -0.103794
v 0.817541 -2.468196 0.347456
v 0.817698 -2.697523 0.076639
v 0.817699 -3.037481 -0.102752
v 0.817712 -3.431989 -0.165162
v 0.899939 -3.829896 0.673041
v 2.196387 -3.811624 0.673041
v 2.072279 -3.812458 0.997417
v 0.817541 -2.468196 0.998627
v 0.817699 -2.697524 1.269445
v 0.817700 -3.037481 1.448835
v 0.817713 -3.431989 1.511244
v 1.729340 -3.813511 1.263139
v 1.226330 -3.814237 1.436809
v 0.816684 -3.814439 1.497584
v 0.864976 -2.467282 0.973038
v 1.056766 -2.696536 1.225095
v 1.184884 -3.036687 1.391818
v 1.229677 -3.431760 1.449877
v 1.056516 -2.466856 0.905667
v 1.413093 -2.693876 1.098927
v 1.652059 -3.034179 1.228654
v 1.735692 -3.430975 1.274193
v 1.187248 -2.465396 0.800076
v 1.654842 -2.690228 0.906016
v 1.970590 -3.030455 0.978214
v 2.081901 -3.429616 1.004020
v 0.816684 -3.814439 -0.151501
v 1.226329 -3.814237 -0.090726
v 0.817228 -2.385986 0.673042
v 1.233637 -2.464618 0.673042
v 2.207239 -3.428788 0.673041
v 1.729340 -3.813511 0.082944
v 2.072279 -3.812458 0.348665
v 0.557164 -2.560367 0.019016
v 0.999592 -2.560367 0.019016
v 0.639904 -2.665827 1.010511
v 0.805936 -2.488011 1.022425
v 0.632612 -2.321274 1.021560
v 0.461623 -2.495061 1.009203
v 0.670518 -2.692891 0.504076
v 0.888425 -2.463454 0.471366
v 0.658554 -2.242360 0.474222
v 0.438723 -2.470230 0.507121
v 0.610441 -2.638518 0.256145
v 0.724993 -2.517971 0.208009
v 0.600806 -2.398001 0.212291
v 0.485994 -2.518319 0.260504
v 0.579307 -2.611792 0.118031
v 0.644272 -2.543542 0.090205
v 0.573642 -2.475293 0.092702
v 0.508677 -2.543542 0.120528
v 0.916852 -2.665827 1.010511
v 1.095132 -2.495061 1.009203
v 0.924144 -2.321274 1.021560
v 0.750820 -2.488011 1.022425
v 0.886238 -2.692891 0.504076
v 1.118033 -2.470230 0.507121
v 0.898202 -2.242360 0.474222
v 0.668330 -2.463454 0.471365
v 0.946315 -2.638518 0.256145
v 1.070761 -2.518319 0.260503
v 0.955949 -2.398001 0.212291
v 0.831762 -2.517971 0.208009
v 0.977449 -2.611792 0.118031
v 1.048079 -2.543542 0.120528
v 0.983113 -2.475293 0.092702
v 0.912483 -2.543542 0.090205
v 0.517392 -2.552743 0.069001
v 0.567943 -2.601589 0.067214
v 0.614439 -2.552742 0.047298
v 0.563888 -2.503895 0.049085
v 0.942317 -2.552743 0.047298
v 0.988813 -2.601589 0.067214
v 1.039364 -2.552742 0.069001
v 0.992867 -2.503895 0.049085
v 0.558911 -2.558845 1.374285
v 0.586454 -2.616379 1.254869
v 0.659104 -2.534853 1.270023
v 0.583106 -2.461349 1.268912
v 0.504419 -2.537954 1.253243
v 0.509913 -2.623188 1.007775
v 0.765654 -2.616048 1.018001
v 0.683734 -2.705990 0.719316
v 0.758131 -2.364330 1.024297
v 0.927404 -2.449926 0.715014
v 0.505987 -2.366891 1.016527
v 0.672814 -2.205459 0.715491
v 0.427049 -2.459843 0.719583
v 0.501628 -2.637057 0.512930
v 0.835485 -2.630872 0.486243
v 0.634222 -2.659432 0.355839
v 0.825750 -2.298414 0.464988
v 0.787868 -2.496937 0.305289
v 0.493690 -2.302315 0.490528
v 0.623140 -2.338002 0.309705
v 0.467950 -2.499206 0.360510
v 0.521481 -2.606457 0.268615
v 0.696383 -2.606193 0.230070
v 0.593774 -2.624306 0.182721
v 0.689210 -2.430349 0.198232
v 0.681815 -2.531814 0.145010
v 0.514417 -2.430453 0.236390
v 0.586097 -2.439322 0.148394
v 0.498055 -2.531814 0.186105
v 0.529668 -2.592679 0.124418
v 0.626938 -2.592679 0.102665
v 0.622875 -2.494760 0.084495
v 0.525604 -2.494760 0.106248
v 0.970302 -2.616379 1.254869
v 1.052337 -2.537954 1.253244
v 0.973650 -2.461349 1.268912
v 0.897651 -2.534853 1.270023
v 0.791102 -2.616048 1.018001
v 1.046843 -2.623188 1.007775
v 0.873022 -2.705990 0.719316
v 1.050769 -2.366891 1.016527
v 1.129706 -2.459843 0.719584
v 0.798624 -2.364331 1.024297
v 0.883942 -2.205459 0.715491
v 0.629351 -2.449926 0.715014
v 0.721271 -2.630872 0.486243
v 1.055128 -2.637057 0.512930
v 0.922534 -2.659432 0.355839
v 1.063065 -2.302315 0.490528
v 1.088805 -2.499206 0.360510
v 0.731005 -2.298414 0.464988
v 0.933615 -2.338002 0.309705
v 0.768887 -2.496937 0.305289
v 0.860372 -2.606193 0.230070
v 1.035274 -2.606457 0.268615
v 0.962982 -2.624306 0.182721
v 1.042338 -2.430453 0.236389
v 1.058700 -2.531814 0.186105
v 0.867545 -2.430349 0.198232
v 0.970658 -2.439322 0.148394
v 0.874941 -2.531814 0.145010
v 0.929818 -2.592679 0.102665
v 1.027088 -2.592679 0.124418
v 1.031151 -2.494760 0.106248
v 0.933881 -2.494760 0.084495
v 0.495946 -2.645065 0.720567
v 0.868016 -2.636346 0.717508
v 0.858792 -2.266624 0.713789
v 0.488938 -2.272569 0.718128
v 0.531654 -2.589346 0.089507
v 0.610270 -2.589346 0.071926
v 0.606986 -2.510206 0.057240
v 0.528369 -2.510206 0.074821
v 0.688740 -2.636346 0.717508
v 1.060809 -2.645065 0.720567
v 1.067818 -2.272569 0.718128
v 0.697964 -2.266624 0.713789
v 0.946486 -2.589346 0.071926
v 1.025102 -2.589346 0.089507
v 1.028386 -2.510206 0.074821
v 0.949769 -2.510206 0.057240
v 0.527651 -2.595853 1.251388
v 0.641446 -2.591523 1.264263
v 0.636383 -2.482412 1.272550
v 0.526748 -2.481422 1.262354
v 0.514289 -2.617878 0.369290
v 0.750312 -2.615791 0.328275
v 0.741492 -2.379815 0.295192
v 0.506399 -2.380675 0.334930
v 0.525821 -2.599132 0.192022
v 0.659215 -2.599132 0.162191
v 0.653642 -2.464851 0.137273
v 0.520249 -2.464851 0.167104
v 0.997845 -2.558845 1.374285
v 0.915310 -2.591523 1.264263
v 1.029105 -2.595853 1.251388
v 1.030008 -2.481422 1.262354
v 0.920372 -2.482412 1.272550
v 0.806443 -2.615791 0.328275
v 1.042467 -2.617878 0.369290
v 1.050357 -2.380676 0.334930
v 0.815264 -2.379815 0.295193
v 0.897541 -2.599132 0.162191
v 1.030934 -2.599133 0.192022
v 1.036507 -2.464851 0.167104
v 0.903113 -2.464851 0.137273
v 0.170380 1.853636 -1.049300
v -0.230950 1.848959 -0.970700
v -0.571714 1.841528 -0.743995
v -0.799084 1.833353 -0.402864
v -0.878559 1.829750 0.000001
v -0.799084 1.833353 0.402865
v -0.571714 1.841528 0.743996
v -0.230950 1.848959 0.970701
v 0.170380 1.853636 1.049302
v 0.571163 1.856293 0.968594
v 0.910693 1.857764 0.740961
v 1.137487 1.858508 0.400903
v 1.217116 1.858735 0.000001
v 1.137487 1.858508 -0.400902
v 0.910693 1.857764 -0.740960
v 0.571163 1.856293 -0.968593
v 0.168919 1.580073 -0.854583
v -0.158116 1.580073 -0.789531
v -0.435363 1.580073 -0.604281
v -0.620613 1.580073 -0.327034
v -0.685664 1.580073 0.000000
v -0.620613 1.580073 0.327035
v -0.435363 1.580073 0.604282
v -0.158116 1.580073 0.789532
v 0.168919 1.580073 0.854584
v 0.495953 1.580073 0.789532
v 0.773200 1.580073 0.604282
v 0.958451 1.580073 0.327035
v 1.023502 1.580073 0.000000
v 0.958450 1.580073 -0.327034
v 0.773200 1.580073 -0.604281
v 0.495953 1.580073 -0.789532
v 0.168919 1.447144 -0.545458
v -0.039819 1.447144 -0.503937
v -0.216779 1.447144 -0.385697
v -0.335019 1.447144 -0.208738
v -0.376540 1.447144 0.000000
v -0.335019 1.447144 0.208738
v -0.216779 1.447144 0.385698
v -0.039819 1.447144 0.503938
v 0.168919 1.447144 0.545459
v 0.377656 1.447144 0.503938
v 0.554616 1.447144 0.385698
v 0.672857 1.447144 0.208738
v 0.714377 1.447144 0.000000
v 0.672857 1.447144 -0.208738
v 0.554616 1.447144 -0.385697
v 0.377656 1.447144 -0.503938
v 0.615544 1.986317 -0.616461
v 0.804030 1.987316 -0.333360
v 0.870163 1.987614 0.000001
v 0.804030 1.987316 0.333362
v 0.615544 1.986317 0.616462
v 0.332902 1.984236 0.806625
v -0.001757 1.980259 0.875002
v -0.338252 1.973350 0.810307
v -0.624278 1.964613 0.620714
v 0.168919 1.333684 0.000000
v -0.814589 1.958361 0.335616
v -0.881081 1.956428 0.000001
v -0.814589 1.958361 -0.335615
v -0.624278 1.964613 -0.620713
v -0.338252 1.973350 -0.810305
v -0.001757 1.980259 -0.875001
v 0.332902 1.984236 -0.806624
v 0.880846 2.537013 0.000001
v 0.000000 3.154591 -0.623605
v 0.000000 2.868929 -0.814182
v 0.129422 3.345747 -0.312451
v 0.238643 3.154591 -0.576136
v 0.311574 2.868929 -0.752206
v 0.337085 2.537013 -0.813795
v 0.239140 3.345747 -0.239139
v 0.440956 3.154591 -0.440955
v 0.575714 2.868929 -0.575713
v 0.622852 2.537013 -0.622851
v 0.312452 3.345747 -0.129421
v 0.576137 3.154591 -0.238643
v 0.752207 2.868930 -0.311573
v 0.813796 2.537013 -0.337084
v 0.338195 3.345747 0.000001
v 0.623606 3.154591 0.000001
v 0.814183 2.868930 0.000001
v 0.312452 3.345747 0.129423
v 0.576137 3.154591 0.238644
v 0.752207 2.868929 0.311575
v 0.813795 2.537013 0.337086
v 0.239140 3.345747 0.239141
v 0.440956 3.154591 0.440957
v 0.575714 2.868929 0.575715
v 0.622852 2.537013 0.622853
v 0.129422 3.345747 0.312453
v 0.238643 3.154591 0.576138
v 0.311574 2.868929 0.752207
v 0.337085 2.537013 0.813796
v -0.000000 3.345747 0.338196
v -0.000000 3.154591 0.623607
v -0.000000 2.868929 0.814183
v -0.000000 2.537013 0.880846
v -0.129422 3.345747 0.312453
v -0.238644 3.154591 0.576137
v -0.311575 2.868929 0.752207
v -0.337085 2.537013 0.813796
v -0.239140 3.345747 0.239141
v -0.440956 3.154591 0.440956
v -0.575714 2.868929 0.575715
v -0.622852 2.537013 0.622852
v -0.312452 3.345747 0.129423
v -0.576137 3.154591 0.238644
v -0.752207 2.868929 0.311575
v -0.813796 2.537013 0.337085
v -0.338196 3.345747 0.000001
v -0.623606 3.154591 0.000001
v -0.814183 2.868929 0.000000
v -0.880846 2.537013 0.000000
v -0.312452 3.345747 -0.129421
v -0.576137 3.154591 -0.238643
v -0.752207 2.868929 -0.311574
v -0.813795 2.537013 -0.337085
v -0.239140 3.345747 -0.239139
v -0.440956 3.154591 -0.440955
v -0.575714 2.868929 -0.575714
v -0.622852 2.537013 -0.622852
v -0.129422 3.345747 -0.312451
v -0.238643 3.154591 -0.576136
v -0.311574 2.868929 -0.752206
v -0.337085 2.537013 -0.813795
v 0.000000 3.413251 0.000001
v 0.000000 3.345747 -0.338195
v 0.000000 2.537013 -0.880845
v -0.560296 2.709057 0.222329
v -1.469133 1.922751 0.461284
v -0.567367 2.310839 0.224188
v -1.274249 1.327408 0.410044
v -0.490917 2.709057 0.403750
v -1.190374 1.922751 1.031318
v -0.496359 2.310839 0.408632
v -1.040388 1.327408 0.896747
v -0.388926 2.709057 0.462605
v -0.904826 1.922751 1.248053
v -0.392940 2.310839 0.468715
v -0.794200 1.327408 1.079628
v -0.720103 2.475273 -0.299457
v -1.046734 2.167147 0.225439
v -1.410399 1.968156 -0.069738
v -0.668394 2.044420 0.299458
v -0.668394 2.044420 -0.299457
v -0.914338 1.668734 0.225438
v -0.914338 1.668734 -0.225437
v -1.117947 1.485336 0.122574
v -1.117947 1.485336 -0.122573
v -1.221701 1.390565 0.069739
v -0.506881 2.278513 0.208285
v -0.646433 2.475273 0.554611
v -0.939385 2.672234 0.322000
v -0.798726 2.475273 -0.024617
v -0.907161 1.989935 0.313528
v -0.981149 2.167147 0.566081
v -1.170738 2.346992 0.382829
v -1.095799 2.167147 0.130025
v -1.213207 1.929436 0.393995
v -1.240096 2.036176 0.527804
v -1.329286 2.143282 0.424515
v -1.302433 2.036176 0.290715
v -1.357400 1.907210 0.431907
v -1.372452 1.968156 0.507973
v -1.422970 2.029102 0.449147
v -1.407918 1.968156 0.373080
v -0.418505 1.904973 0.185048
v -0.596423 2.044420 0.541462
v -0.927756 2.183796 0.318943
v -0.748716 2.044420 -0.037766
v -0.742833 1.527990 0.270322
v -0.853105 1.668734 0.532415
v -1.079544 1.811809 0.358852
v -0.967755 1.668734 0.096359
v -1.026857 1.395500 0.344999
v -1.076178 1.485336 0.484706
v -1.187883 1.575537 0.387336
v -1.138515 1.485336 0.247616
v -1.162087 1.339183 0.380554
v -1.189956 1.390565 0.459991
v -1.253293 1.441947 0.404534
v -1.225423 1.390565 0.325097
v -0.449808 2.278513 0.366866
v -0.415829 2.475273 0.738702
v -0.782671 2.672234 0.665518
v -0.815798 2.475273 0.292917
v -0.757870 1.989935 0.643266
v -0.708379 2.167147 0.901739
v -0.960724 2.346992 0.825271
v -1.009484 2.167147 0.566142
v -0.993409 1.929436 0.854597
v -0.956234 2.036176 0.985921
v -1.082745 2.143282 0.934752
v -1.119949 2.036176 0.803453
v -1.104383 1.907210 0.954165
v -1.083042 1.968156 1.028713
v -1.154847 2.029102 0.999443
v -1.176188 1.968156 0.924896
v -0.381792 1.904973 0.305840
v -0.377340 2.044420 0.704169
v -0.773721 2.183796 0.657488
v -0.777309 2.044420 0.258384
v -0.631401 1.527990 0.529795
v -0.609834 1.668734 0.813322
v -0.890540 1.811809 0.762301
v -0.910939 1.668734 0.477726
v -0.849990 1.395500 0.725918
v -0.830079 1.485336 0.872732
v -0.973919 1.575537 0.837110
v -0.993794 1.485336 0.690264
v -0.954066 1.339183 0.819297
v -0.942590 1.390565 0.902695
v -1.024260 1.441947 0.882277
v -1.035736 1.390565 0.798879
v -0.358606 2.278513 0.416442
v -0.230751 2.475273 0.767255
v -0.604115 2.672234 0.790227
v -0.731342 2.475273 0.438457
v -0.585823 1.989935 0.762378
v -0.471936 2.167147 0.999626
v -0.735443 2.346992 0.990170
v -0.848791 2.167147 0.752100
v -0.759550 1.929436 1.026873
v -0.690056 2.036175 1.144341
v -0.825442 2.143282 1.127194
v -0.894957 2.036176 1.009758
v -0.841401 1.907210 1.151490
v -0.801722 1.968156 1.218110
v -0.878622 2.029102 1.208158
v -0.918302 1.968156 1.141539
v -0.308439 1.904973 0.340063
v -0.202363 2.044420 0.724035
v -0.597514 2.183796 0.780177
v -0.702954 2.044420 0.395236
v -0.492543 1.527990 0.620360
v -0.399252 1.668734 0.888966
v -0.683677 1.811809 0.911358
v -0.776107 1.668734 0.641440
v -0.653769 1.395500 0.865823
v -0.597008 1.485336 1.002676
v -0.745175 1.575537 1.004988
v -0.801909 1.485336 0.868093
v -0.730532 1.339183 0.982693
v -0.698129 1.390564 1.060391
v -0.782305 1.441947 1.061517
v -0.814708 1.390564 0.983819
v -0.596521 2.647566 -0.222675
v -1.455118 1.943281 0.050123
v -0.588307 2.240745 -0.222675
v -0.659682 2.647566 0.018216
v -0.773884 2.783132 0.278486
v -0.546437 2.647566 0.448929
v -0.433141 2.512398 0.188896
v -1.446180 1.943281 0.403423
v -1.409872 1.899479 0.445703
v -1.420689 1.943281 0.500373
v -1.456998 1.987084 0.458093
v -0.651738 2.240745 0.016127
v -0.791764 2.331477 0.283187
v -0.538493 2.240745 0.446840
v -0.399437 2.150182 0.180035
v -1.256898 1.355965 0.353656
v -1.211377 1.319036 0.393513
v -1.231407 1.355965 0.450606
v -1.276929 1.392894 0.410748
v -0.672536 2.647566 0.267537
v -0.655298 2.783132 0.551237
v -0.375121 2.647566 0.599021
v -0.393056 2.512398 0.315947
v -1.196374 1.943281 0.969362
v -1.144766 1.899479 0.990398
v -1.129428 1.943281 1.043976
v -1.181035 1.987085 1.022939
v -0.666422 2.240745 0.262051
v -0.669059 2.331477 0.563583
v -0.369006 2.240745 0.593535
v -0.367116 2.150182 0.292673
v -1.050698 1.355965 0.838658
v -0.992001 1.319036 0.853333
v -0.983752 1.355965 0.913273
v -1.042450 1.392894 0.898598
v -0.599320 2.647566 0.377316
v -0.510169 2.783132 0.647196
v -0.227082 2.647566 0.621810
v -0.316747 2.512398 0.352712
v -0.926456 1.943281 1.189685
v -0.871187 1.899479 1.196838
v -0.842668 1.943281 1.244720
v -0.897938 1.987084 1.237566
v -0.594810 2.240745 0.370450
v -0.520319 2.331477 0.662648
v -0.222572 2.240745 0.614943
v -0.297615 2.150182 0.323584
v -0.819011 1.355965 1.026101
v -0.758511 1.319036 1.025291
v -0.735223 1.355965 1.081135
v -0.795722 1.392894 1.081944
v -0.554394 2.328889 0.222209
v -0.886584 2.621602 0.222658
v -0.879133 2.290460 0.281248
v -0.886584 2.621602 -0.222656
v -0.946472 2.035291 -0.166128
v -0.946472 2.035291 0.166129
v -1.192892 2.087619 0.163025
v -1.148593 2.299256 -0.167590
v -1.192892 2.087619 -0.163024
v -1.244290 1.957575 0.089586
v -1.332159 2.114041 0.089705
v -1.332159 2.114041 -0.089704
v -1.353044 2.000058 -0.094415
v -1.386882 1.923973 0.050044
v -0.864360 2.147983 0.222658
v -0.864360 2.147983 -0.222656
v -0.780041 1.827669 -0.281246
v -0.786140 1.563834 0.166129
v -1.044148 1.773507 0.167591
v -1.037973 1.557372 0.163025
v -1.037973 1.557372 -0.163024
v -1.057691 1.418936 0.089586
v -1.179564 1.550654 0.089705
v -1.179564 1.550654 -0.089704
v -1.188546 1.353069 -0.050043
v -1.188546 1.353069 0.050044
v -1.256219 1.426810 -0.050043
v -0.618821 2.328889 0.007955
v -0.505813 2.328889 0.437765
v -0.692080 2.086149 0.256978
v -0.826971 2.621602 0.522668
v -0.804866 2.290460 0.577438
v -0.940206 2.621602 0.091992
v -1.061780 2.495881 0.354181
v -0.947898 2.290460 0.033433
v -0.983751 2.035291 0.161890
v -0.899264 2.035291 0.483227
v -1.096699 1.950597 0.363362
v -1.094369 2.299256 0.536036
v -1.138374 2.087619 0.542884
v -1.179600 2.299256 0.211872
v -1.263275 2.226353 0.407159
v -1.221282 2.087619 0.227553
v -1.252316 1.957575 0.311648
v -1.206757 1.957575 0.484929
v -1.290330 1.917547 0.414272
v -1.291707 2.114041 0.507388
v -1.310707 2.000058 0.517255
v -1.337327 2.114041 0.333876
v -1.379101 2.082569 0.437612
v -1.358724 2.000058 0.334630
v -1.380166 1.923973 0.386148
v -1.354716 1.923973 0.482945
v -1.401767 2.011440 0.495316
v -1.427218 2.011440 0.398519
v -0.540261 1.940625 -0.012700
v -0.427254 1.940625 0.417109
v -0.555317 1.673323 0.221019
v -0.805477 2.147983 0.517017
v -0.709031 1.827669 0.552240
v -0.918713 2.147983 0.086341
v -1.007094 1.982831 0.339803
v -0.852063 1.827669 0.008235
v -0.828690 1.563834 0.121120
v -0.744202 1.563834 0.442457
v -0.918311 1.444119 0.316459
v -0.993358 1.773507 0.509478
v -0.988546 1.557372 0.503491
v -1.078588 1.773507 0.185314
v -1.142385 1.672213 0.375374
v -1.071455 1.557372 0.188159
v -1.071851 1.418936 0.264199
v -1.026291 1.418936 0.437480
v -1.099185 1.365377 0.364015
v -1.144128 1.550654 0.468585
v -1.136916 1.434940 0.471560
v -1.189749 1.550654 0.295073
v -1.222664 1.504503 0.396481
v -1.184933 1.434940 0.288936
v -1.188350 1.353069 0.335715
v -1.162899 1.353069 0.432512
v -1.228348 1.426810 0.449720
v -1.253798 1.426810 0.352923
v -0.640868 2.328889 0.239750
v -0.344076 2.328889 0.570540
v -0.592340 2.086149 0.494749
v -0.591033 2.621602 0.792718
v -0.546359 2.290460 0.831351
v -0.888424 2.621602 0.461261
v -0.876868 2.495881 0.750034
v -0.922005 2.290460 0.412675
v -0.895249 2.035291 0.543330
v -0.673360 2.035291 0.790637
v -0.903742 1.950597 0.774146
v -0.822826 2.299256 0.926705
v -0.858849 2.087619 0.952891
v -1.046668 2.299256 0.677223
v -1.031942 2.226353 0.889170
v -1.076591 2.087619 0.710206
v -1.065804 1.957575 0.799193
v -0.946150 1.957575 0.932553
v -1.052765 1.917547 0.907852
v -1.011472 2.114041 0.991323
v -1.023872 2.000058 1.008776
v -1.131286 2.114041 0.857785
v -1.121084 2.082569 0.969150
v -1.149977 2.000058 0.868226
v -1.145531 1.923973 0.923850
v -1.078690 1.923973 0.998347
v -1.114902 2.011440 1.030838
v -1.181743 2.011440 0.956340
v -0.580407 1.940625 0.185503
v -0.283615 1.940625 0.516293
v -0.487085 1.673323 0.400311
v -0.574492 2.147983 0.777876
v -0.472603 1.827669 0.765175
v -0.871882 2.147983 0.446419
v -0.834781 1.982831 0.712272
v -0.848249 1.827669 0.346499
v -0.775910 1.563834 0.436257
v -0.554021 1.563834 0.683564
v -0.766452 1.444119 0.650966
v -0.745086 1.773507 0.856955
v -0.743539 1.557372 0.849432
v -0.968927 1.773507 0.607472
v -0.938903 1.672213 0.805693
v -0.961281 1.557372 0.606747
v -0.926914 1.418936 0.674578
v -0.807260 1.418936 0.807938
v -0.905656 1.365377 0.775863
v -0.897893 1.550654 0.889417
v -0.890119 1.434940 0.888771
v -1.017707 1.550654 0.755878
v -1.000688 1.504503 0.861127
v -1.016225 1.434940 0.748219
v -0.997905 1.353069 0.791397
v -0.931065 1.353069 0.865894
v -0.981435 1.426810 0.911087
v -1.048275 1.426810 0.836590
v -0.575802 2.328889 0.342361
v -0.204345 2.328889 0.586342
v -0.463733 2.086149 0.576497
v -0.386339 2.621602 0.864242
v -0.333278 2.290460 0.890179
v -0.758546 2.621602 0.619769
v -0.673593 2.495881 0.896005
v -0.803426 2.290460 0.581376
v -0.744175 2.035291 0.700858
v -0.466465 2.035291 0.883264
v -0.693415 1.950597 0.926183
v -0.576205 2.299256 1.053006
v -0.604342 2.087619 1.087525
v -0.856360 2.299256 0.868994
v -0.787971 2.226353 1.070145
v -0.876863 2.087619 0.908528
v -0.843698 1.957575 0.991805
v -0.693942 1.957575 1.090168
v -0.803329 1.917547 1.093526
v -0.742081 2.114041 1.163677
v -0.749609 2.000057 1.183720
v -0.892036 2.114041 1.065183
v -0.853720 2.082569 1.170246
v -0.907440 2.000058 1.080052
v -0.888929 1.923973 1.132694
v -0.805273 1.923973 1.187642
v -0.831982 2.011440 1.228305
v -0.915638 2.011440 1.173358
v -0.531208 1.940625 0.274467
v -0.159751 1.940625 0.518447
v -0.386100 1.673323 0.458301
v -0.374139 2.147983 0.845666
v -0.278877 1.827669 0.807355
v -0.746345 2.147983 0.601194
v -0.642550 1.982831 0.848743
v -0.749026 1.827669 0.498552
v -0.656155 1.563834 0.566848
v -0.378444 1.563834 0.749254
v -0.592153 1.444119 0.772014
v -0.518866 1.773507 0.965707
v -0.519293 1.557372 0.958039
v -0.799021 1.773507 0.781696
v -0.719348 1.672213 0.965666
v -0.791814 1.557372 0.779041
v -0.741257 1.418936 0.835840
v -0.591501 1.418936 0.934203
v -0.694826 1.365377 0.928331
v -0.658308 1.550654 1.036133
v -0.650957 1.434939 1.033522
v -0.808263 1.550654 0.937640
v -0.764919 1.504503 1.035047
v -0.808788 1.434940 0.929856
v -0.780044 1.353069 0.966920
v -0.696389 1.353069 1.021866
v -0.733540 1.426810 1.078429
v -0.817196 1.426810 1.023482
v -0.498478 2.498407 -0.167518
v -0.757781 2.708975 0.167543
v -0.737662 2.138268 0.208181
v -1.021446 2.442299 -0.209390
v -1.421146 1.915851 -0.040485
v -1.421146 1.915851 0.040487
v -1.460505 1.986613 0.040487
v -1.460505 1.986613 -0.040486
v -0.458240 2.118502 0.167519
v -0.759431 2.262935 -0.167541
v -1.219979 1.337195 -0.040486
v -1.219979 1.337195 0.040487
v -1.274727 1.396853 -0.040486
v -0.550837 2.498407 0.046629
v -0.465643 2.498407 0.370654
v -0.716416 2.708975 0.436613
v -0.801622 2.708975 0.112543
v -0.792497 2.138268 0.068124
v -0.686624 2.138268 0.470799
v -0.960773 2.442299 0.544131
v -1.067262 2.442299 0.139115
v -1.410874 1.915851 0.404104
v -1.390284 1.915851 0.482415
v -1.428350 1.986613 0.492423
v -1.448939 1.986613 0.414112
v -0.511921 2.118502 0.036397
v -0.426726 2.118502 0.360422
v -0.718011 2.262935 0.437032
v -0.803217 2.262935 0.112962
v -0.666162 1.712583 0.034907
v -0.560289 1.712583 0.437582
v -0.895337 1.942215 0.526927
v -1.001826 1.942215 0.121910
v -1.216319 1.337195 0.352951
v -1.195729 1.337195 0.431261
v -1.248678 1.396853 0.445183
v -1.269268 1.396853 0.366872
v -0.562726 2.498407 0.243116
v -0.338980 2.498407 0.492491
v -0.531969 2.708975 0.665677
v -0.755746 2.708975 0.416267
v -0.767910 2.138268 0.372582
v -0.489855 2.138268 0.682489
v -0.700273 2.442299 0.872907
v -0.979945 2.442299 0.561199
v -1.164651 1.915851 0.953846
v -1.110577 1.915851 1.014115
v -1.139872 1.986613 1.040401
v -1.193948 1.986613 0.980132
v -0.532775 2.118502 0.216244
v -0.309030 2.118502 0.465619
v -0.533197 2.262935 0.666779
v -0.756974 2.262935 0.417368
v -0.670680 1.712583 0.285345
v -0.392625 1.712583 0.595251
v -0.649912 1.942215 0.827722
v -0.929584 1.942215 0.516014
v -1.014919 1.337195 0.819502
v -0.960844 1.337195 0.879772
v -1.001594 1.396853 0.916334
v -1.055669 1.396853 0.856065
v -0.499393 2.498407 0.325650
v -0.219359 2.498407 0.509582
v -0.361694 2.708975 0.726327
v -0.641768 2.708975 0.542369
v -0.664689 2.138268 0.503243
v -0.316682 2.138268 0.731821
v -0.471465 2.442299 0.969681
v -0.821495 2.442299 0.739773
v -0.899751 1.915851 1.166580
v -0.832072 1.915851 1.211033
v -0.853680 1.986613 1.243932
v -0.921359 1.986613 1.199479
v -0.477303 2.118502 0.292017
v -0.197269 2.118502 0.475949
v -0.362600 2.262935 0.727706
v -0.642673 2.262935 0.543748
v -0.592975 1.712583 0.394059
v -0.244968 1.712583 0.622637
v -0.434320 1.942215 0.913128
v -0.784351 1.942215 0.683221
v -0.789312 1.337195 0.998440
v -0.721633 1.337194 1.042892
v -0.751690 1.396853 1.088652
v -0.819369 1.396853 1.044200
v -1.130228 1.986113 0.119598
v -1.257308 2.189057 -0.120307
v -1.320531 1.939700 -0.068550
v -1.320531 1.939700 0.068552
v -1.387174 2.059516 0.068552
v -0.953404 1.473238 0.119598
v -1.124228 1.641031 0.120308
v -1.220378 1.484821 -0.068551
v -1.149635 1.986113 0.253618
v -1.088812 1.986113 0.484951
v -1.211534 2.189057 0.517951
v -1.272718 2.189057 0.285245
v -1.320702 1.939700 0.351377
v -1.285839 1.939700 0.483972
v -1.350292 2.059516 0.500919
v -1.385155 2.059516 0.368323
v -0.978624 1.473238 0.208655
v -0.917800 1.473238 0.439987
v -1.082829 1.641030 0.484111
v -1.144013 1.641030 0.251406
v -1.134188 1.383808 0.302338
v -1.099326 1.383808 0.434933
v -1.188979 1.484821 0.458505
v -1.223841 1.484821 0.325910
v -1.000948 1.986113 0.700681
v -0.841208 1.986113 0.878719
v -0.935322 2.189057 0.964114
v -1.096010 2.189057 0.785019
v -1.108504 1.939700 0.865764
v -1.016944 1.939700 0.967812
v -1.066548 2.059516 1.012317
v -1.158108 2.059516 0.910270
v -0.869334 1.473238 0.582594
v -0.709594 1.473238 0.760632
v -0.836268 1.641030 0.875240
v -0.996956 1.641030 0.696146
v -0.964959 1.383808 0.736972
v -0.873399 1.383808 0.839020
v -0.942398 1.484821 0.900928
v -1.033958 1.484821 0.798879
v -0.806164 1.986113 0.879992
v -0.606238 1.986113 1.011307
v -0.675410 2.189056 1.117915
v -0.876522 2.189057 0.985819
v -0.867972 1.939700 1.067076
v -0.753378 1.939700 1.142344
v -0.789964 2.059515 1.198046
v -0.904558 2.059516 1.122779
v -0.709089 1.473238 0.732198
v -0.509163 1.473238 0.863513
v -0.602350 1.641030 1.006682
v -0.803463 1.641030 0.874588
v -0.762097 1.383808 0.905884
v -0.647503 1.383808 0.981152
v -0.698395 1.484821 1.058633
v -0.812989 1.484821 0.983366
v -0.552304 2.709057 0.000001
v -1.492030 1.922751 0.000001
v -0.559615 2.310839 0.000001
v -1.290522 1.327408 0.000000
v -0.560296 2.709057 -0.222327
v -1.469133 1.922751 -0.461283
v -0.567367 2.310839 -0.224186
v -1.274249 1.327408 -0.410043
v -0.490917 2.709057 -0.403748
v -1.190374 1.922751 -1.031317
v -0.496359 2.310839 -0.408631
v -1.040388 1.327408 -0.896747
v -0.388926 2.709057 -0.462603
v -0.904826 1.922751 -1.248052
v -0.392940 2.310839 -0.468714
v -0.794200 1.327409 -1.079628
v -0.497074 2.278513 0.000001
v -0.944277 2.672234 0.000001
v -0.720103 2.475273 0.299458
v -0.910958 1.989935 0.000001
v -1.046734 2.167147 -0.225437
v -1.183493 2.346992 0.000001
v -1.227406 1.929436 0.000001
v -1.287436 2.036176 -0.122573
v -1.347430 2.143282 0.000001
v -1.287436 2.036176 0.122574
v -1.376500 1.907210 0.000001
v -1.444298 2.029102 0.000001
v -1.410399 1.968156 0.069740
v -0.405694 1.904973 0.000001
v -0.932253 2.183796 0.000001
v -0.741045 1.527990 0.000000
v -1.089200 1.811809 0.000001
v -1.034722 1.395500 0.000000
v -1.201221 1.575537 0.000000
v -1.174548 1.339183 0.000000
v -1.221701 1.390565 -0.069739
v -1.268854 1.441947 0.000000
v -0.506881 2.278513 -0.208283
v -0.646433 2.475273 -0.554610
v -0.939385 2.672234 -0.321999
v -0.798726 2.475273 0.024619
v -0.907161 1.989935 -0.313527
v -0.981149 2.167147 -0.566080
v -1.170738 2.346992 -0.382827
v -1.095799 2.167147 -0.130024
v -1.213207 1.929436 -0.393994
v -1.240096 2.036176 -0.527803
v -1.329286 2.143282 -0.424513
v -1.302433 2.036176 -0.290713
v -1.357400 1.907210 -0.431905
v -1.372452 1.968156 -0.507972
v -1.422970 2.029102 -0.449145
v -1.407918 1.968156 -0.373079
v -0.418505 1.904973 -0.185047
v -0.596423 2.044420 -0.541461
v -0.927756 2.183796 -0.318941
v -0.748716 2.044420 0.037768
v -0.742833 1.527990 -0.270321
v -0.853105 1.668734 -0.532414
v -1.079544 1.811809 -0.358850
v -0.967755 1.668734 -0.096358
v -1.026857 1.395500 -0.344998
v -1.076178 1.485336 -0.484705
v -1.187883 1.575537 -0.387335
v -1.138515 1.485336 -0.247615
v -1.162087 1.339183 -0.380553
v -1.189956 1.390565 -0.459990
v -1.253293 1.441947 -0.404533
v -1.225423 1.390565 -0.325096
v -0.449808 2.278513 -0.366865
v -0.415829 2.475273 -0.738701
v -0.782671 2.672234 -0.665516
v -0.815798 2.475273 -0.292916
v -0.757870 1.989935 -0.643265
v -0.708379 2.167147 -0.901737
v -0.960724 2.346992 -0.825270
v -1.009484 2.167147 -0.566141
v -0.993409 1.929436 -0.854596
v -0.956234 2.036176 -0.985920
v -1.082745 2.143282 -0.934750
v -1.119949 2.036176 -0.803451
v -1.104383 1.907210 -0.954164
v -1.083042 1.968156 -1.028711
v -1.154847 2.029102 -0.999441
v -1.176188 1.968156 -0.924895
v -0.381792 1.904973 -0.305839
v -0.377340 2.044420 -0.704168
v -0.773721 2.183796 -0.657487
v -0.777309 2.044420 -0.258383
v -0.631401 1.527990 -0.529794
v -0.609834 1.668734 -0.813321
v -0.890540 1.811809 -0.762299
v -0.910939 1.668734 -0.477724
v -0.849990 1.395500 -0.725918
v -0.830079 1.485336 -0.872732
v -0.973919 1.575537 -0.837110
v -0.993794 1.485336 -0.690263
v -0.954066 1.339183 -0.819296
v -0.942590 1.390565 -0.902695
v -1.024260 1.441947 -0.882276
v -1.035736 1.390565 -0.798878
v -0.358606 2.278513 -0.416441
v -0.230751 2.475273 -0.767254
v -0.604115 2.672234 -0.790225
v -0.731342 2.475273 -0.438455
v -0.585823 1.989935 -0.762376
v -0.471936 2.167147 -0.999625
v -0.735443 2.346992 -0.990169
v -0.848791 2.167147 -0.752099
v -0.759550 1.929436 -1.026872
v -0.690056 2.036176 -1.144339
v -0.825442 2.143282 -1.127192
v -0.894957 2.036176 -1.009756
v -0.841401 1.907210 -1.151489
v -0.801722 1.968156 -1.218109
v -0.878622 2.029103 -1.208157
v -0.918302 1.968156 -1.141537
v -0.308439 1.904973 -0.340062
v -0.202363 2.044420 -0.724033
v -0.597514 2.183796 -0.780176
v -0.702954 2.044420 -0.395235
v -0.492543 1.527990 -0.620359
v -0.399252 1.668734 -0.888965
v -0.683677 1.811809 -0.911357
v -0.776107 1.668734 -0.641439
v -0.653769 1.395500 -0.865822
v -0.597008 1.485337 -1.002675
v -0.745175 1.575537 -1.004987
v -0.801909 1.485336 -0.868092
v -0.730532 1.339184 -0.982692
v -0.698129 1.390565 -1.060390
v -0.782305 1.441948 -1.061516
v -0.814708 1.390565 -0.983819
v -0.596521 2.647566 0.222677
v -0.773152 2.783132 0.000001
v -0.420827 2.512398 0.000001
v -1.430755 1.899479 0.000001
v -1.455118 1.943281 -0.050122
v -1.479483 1.987084 0.000001
v -0.588307 2.240745 0.222677
v -0.791639 2.331477 0.000001
v -0.385978 2.150182 0.000001
v -1.259403 1.355965 0.050123
v -1.225513 1.319036 0.000000
v -1.259403 1.355965 -0.050122
v -1.293293 1.392894 0.000000
v -0.659682 2.647566 -0.018214
v -0.773884 2.783132 -0.278485
v -0.546437 2.647566 -0.448927
v -0.433141 2.512398 -0.188895
v -1.446180 1.943281 -0.403421
v -1.409872 1.899479 -0.445701
v -1.420689 1.943281 -0.500372
v -1.456998 1.987084 -0.458092
v -0.651738 2.240745 -0.016125
v -0.791764 2.331477 -0.283186
v -0.538493 2.240745 -0.446839
v -0.399437 2.150182 -0.180033
v -1.256898 1.355965 -0.353655
v -1.211377 1.319036 -0.393512
v -1.231407 1.355965 -0.450605
v -1.276929 1.392894 -0.410748
v -0.672536 2.647566 -0.267535
v -0.655298 2.783132 -0.551235
v -0.375121 2.647566 -0.599020
v -0.393056 2.512398 -0.315945
v -1.196374 1.943281 -0.969360
v -1.144766 1.899479 -0.990397
v -1.129428 1.943281 -1.043975
v -1.181035 1.987085 -1.022938
v -0.666422 2.240745 -0.262049
v -0.669059 2.331477 -0.563581
v -0.369006 2.240745 -0.593534
v -0.367116 2.150182 -0.292672
v -1.050698 1.355965 -0.838657
v -0.992001 1.319036 -0.853332
v -0.983752 1.355965 -0.913272
v -1.042450 1.392894 -0.898597
v -0.599320 2.647566 -0.377314
v -0.510169 2.783132 -0.647194
v -0.227082 2.647566 -0.621808
v -0.316747 2.512398 -0.352711
v -0.926456 1.943281 -1.189684
v -0.871187 1.899479 -1.196837
v -0.842668 1.943281 -1.244718
v -0.897938 1.987084 -1.237565
v -0.594810 2.240745 -0.370448
v -0.520319 2.331477 -0.662646
v -0.222572 2.240745 -0.614942
v -0.297615 2.150182 -0.323583
v -0.819011 1.355965 -1.026100
v -0.758511 1.319036 -1.025290
v -0.735223 1.355965 -1.081134
v -0.795722 1.392895 -1.081943
v -0.554394 2.328889 -0.222208
v -0.688567 2.086149 0.000001
v -0.879133 2.290460 -0.281246
v -1.070832 2.495881 0.000001
v -1.106938 1.950597 0.000001
v -1.148593 2.299256 0.167591
v -1.279175 2.226353 0.000001
v -1.244290 1.957575 -0.089585
v -1.307150 1.917547 0.000001
v -1.398938 2.082569 0.000001
v -1.353044 2.000058 0.094416
v -1.386882 1.923973 -0.050043
v -1.435533 2.011440 -0.050043
v -1.435532 2.011440 0.050044
v -0.473164 1.940625 0.222209
v -0.473164 1.940625 -0.222208
v -0.547156 1.673323 0.000001
v -1.014287 1.982831 0.000001
v -0.780041 1.827669 0.281247
v -0.786140 1.563834 -0.166128
v -0.922487 1.444118 0.000000
v -1.044148 1.773507 -0.167590
v -1.154176 1.672213 0.000001
v -1.057691 1.418936 -0.089585
v -1.109508 1.365377 0.000000
v -1.173346 1.434940 -0.094415
v -1.237185 1.504503 0.000000
v -1.173346 1.434940 0.094416
v -1.256219 1.426810 0.050044
v -0.618821 2.328889 -0.007954
v -0.505813 2.328889 -0.437763
v -0.692080 2.086149 -0.256977
v -0.826971 2.621602 -0.522667
v -0.804866 2.290460 -0.577436
v -0.940206 2.621602 -0.091990
v -1.061780 2.495881 -0.354180
v -0.947898 2.290460 -0.033432
v -0.983751 2.035291 -0.161889
v -0.899264 2.035291 -0.483225
v -1.096699 1.950597 -0.363361
v -1.094369 2.299256 -0.536035
v -1.138374 2.087619 -0.542883
v -1.179600 2.299256 -0.211871
v -1.263275 2.226353 -0.407158
v -1.221282 2.087619 -0.227551
v -1.252316 1.957575 -0.311646
v -1.206757 1.957575 -0.484927
v -1.290330 1.917547 -0.414271
v -1.291707 2.114041 -0.507387
v -1.310707 2.000058 -0.517253
v -1.337327 2.114041 -0.333874
v -1.379101 2.082569 -0.437611
v -1.358724 2.000058 -0.334629
v -1.380166 1.923973 -0.386147
v -1.354716 1.923973 -0.482944
v -1.401767 2.011440 -0.495315
v -1.427218 2.011440 -0.398518
v -0.540261 1.940625 0.012701
v -0.427254 1.940625 -0.417108
v -0.555317 1.673323 -0.221018
v -0.805477 2.147983 -0.517016
v -0.709031 1.827669 -0.552239
v -0.918713 2.147983 -0.086339
v -1.007094 1.982831 -0.339801
v -0.852063 1.827669 -0.008234
v -0.828690 1.563834 -0.121119
v -0.744202 1.563834 -0.442456
v -0.918311 1.444119 -0.316458
v -0.993358 1.773507 -0.509476
v -0.988546 1.557372 -0.503490
v -1.078588 1.773507 -0.185312
v -1.142385 1.672213 -0.375373
v -1.071455 1.557372 -0.188158
v -1.071851 1.418936 -0.264198
v -1.026291 1.418936 -0.437479
v -1.099185 1.365377 -0.364014
v -1.144128 1.550654 -0.468584
v -1.136916 1.434940 -0.471560
v -1.189749 1.550654 -0.295072
v -1.222664 1.504503 -0.396480
v -1.184933 1.434940 -0.288935
v -1.188350 1.353069 -0.335714
v -1.162899 1.353069 -0.432511
v -1.228348 1.426810 -0.449719
v -1.253798 1.426810 -0.352922
v -0.640868 2.328889 -0.239749
v -0.344076 2.328889 -0.570538
v -0.592340 2.086149 -0.494748
v -0.591033 2.621602 -0.792716
v -0.546359 2.290460 -0.831350
v -0.888424 2.621602 -0.461259
v -0.876868 2.495881 -0.750032
v -0.922005 2.290460 -0.412674
v -0.895248 2.035291 -0.543329
v -0.673360 2.035291 -0.790635
v -0.903742 1.950597 -0.774145
v -0.822826 2.299256 -0.926704
v -0.858849 2.087619 -0.952890
v -1.046668 2.299256 -0.677222
v -1.031942 2.226353 -0.889169
v -1.076591 2.087619 -0.710204
v -1.065804 1.957575 -0.799192
v -0.946150 1.957575 -0.932552
v -1.052765 1.917547 -0.907851
v -1.011472 2.114041 -0.991321
v -1.023872 2.000058 -1.008775
v -1.131286 2.114041 -0.857783
v -1.121084 2.082569 -0.969149
v -1.149977 2.000058 -0.868224
v -1.145531 1.923973 -0.923849
v -1.078690 1.923973 -0.998346
v -1.114902 2.011440 -1.030836
v -1.181743 2.011440 -0.956339
v -0.580407 1.940625 -0.185502
v -0.283615 1.940625 -0.516292
v -0.487085 1.673323 -0.400310
v -0.574492 2.147983 -0.777874
v -0.472603 1.827669 -0.765174
v -0.871882 2.147983 -0.446418
v -0.834781 1.982831 -0.712271
v -0.848249 1.827669 -0.346498
v -0.775910 1.563834 -0.436256
v -0.554021 1.563834 -0.683563
v -0.766452 1.444119 -0.650965
v -0.745086 1.773507 -0.856954
v -0.743539 1.557372 -0.849431
v -0.968927 1.773507 -0.607471
v -0.938903 1.672213 -0.805692
v -0.961281 1.557372 -0.606746
v -0.926914 1.418936 -0.674577
v -0.807260 1.418936 -0.807937
v -0.905656 1.365377 -0.775862
v -0.897893 1.550654 -0.889416
v -0.890119 1.434940 -0.888770
v -1.017707 1.550654 -0.755877
v -1.000688 1.504503 -0.861126
v -1.016225 1.434940 -0.748218
v -0.997905 1.353069 -0.791396
v -0.931065 1.353069 -0.865893
v -0.981435 1.426810 -0.911086
v -1.048275 1.426810 -0.836590
v -0.575802 2.328889 -0.342359
v -0.204345 2.328889 -0.586340
v -0.463733 2.086149 -0.576496
v -0.386339 2.621602 -0.864240
v -0.333278 2.290460 -0.890178
v -0.758546 2.621602 -0.619767
v -0.673593 2.495881 -0.896004
v -0.803426 2.290460 -0.581374
v -0.744175 2.035291 -0.700857
v -0.466465 2.035291 -0.883263
v -0.693415 1.950597 -0.926182
v -0.576205 2.299256 -1.053004
v -0.604342 2.087619 -1.087524
v -0.856360 2.299256 -0.868993
v -0.787971 2.226353 -1.070143
v -0.876863 2.087619 -0.908526
v -0.843698 1.957575 -0.991804
v -0.693942 1.957575 -1.090166
v -0.803329 1.917547 -1.093525
v -0.742081 2.114042 -1.163675
v -0.749609 2.000058 -1.183718
v -0.892036 2.114041 -1.065181
v -0.853720 2.082570 -1.170244
v -0.907440 2.000058 -1.080051
v -0.888929 1.923973 -1.132693
v -0.805273 1.923973 -1.187640
v -0.831982 2.011441 -1.228304
v -0.915638 2.011441 -1.173357
v -0.531208 1.940625 -0.274465
v -0.159751 1.940625 -0.518446
v -0.386100 1.673323 -0.458300
v -0.374139 2.147983 -0.845665
v -0.278877 1.827669 -0.807354
v -0.746345 2.147983 -0.601193
v -0.642550 1.982831 -0.848742
v -0.749026 1.827669 -0.498551
v -0.656155 1.563834 -0.566847
v -0.378444 1.563834 -0.749253
v -0.592153 1.444119 -0.772013
v -0.518866 1.773507 -0.965706
v -0.519293 1.557372 -0.958038
v -0.799021 1.773507 -0.781695
v -0.719348 1.672213 -0.965665
v -0.791814 1.557372 -0.779040
v -0.741257 1.418936 -0.835839
v -0.591501 1.418936 -0.934202
v -0.694826 1.365377 -0.928331
v -0.658308 1.550654 -1.036132
v -0.650957 1.434940 -1.033521
v -0.808263 1.550654 -0.937639
v -0.764919 1.504503 -1.035046
v -0.808788 1.434940 -0.929855
v -0.780044 1.353070 -0.966919
v -0.696389 1.353070 -1.021865
v -0.733540 1.426811 -1.078428
v -0.817196 1.426811 -1.023481
v -0.498478 2.498407 0.167519
v -0.757781 2.708975 -0.167541
v -0.737662 2.138268 -0.208180
v -1.021446 2.442299 0.209392
v -0.458240 2.118502 -0.167518
v -0.759431 2.262935 0.167543
v -0.607032 1.712583 0.208181
v -0.607032 1.712583 -0.208180
v -0.953786 1.942215 -0.209390
v -0.953786 1.942215 0.209392
v -1.274727 1.396853 0.040486
v -0.550837 2.498407 -0.046628
v -0.465643 2.498407 -0.370653
v -0.716416 2.708975 -0.436611
v -0.801622 2.708975 -0.112541
v -0.792497 2.138268 -0.068123
v -0.686624 2.138268 -0.470798
v -0.960773 2.442299 -0.544130
v -1.067262 2.442299 -0.139113
v -1.410874 1.915851 -0.404103
v -1.390284 1.915851 -0.482413
v -1.428350 1.986613 -0.492422
v -1.448939 1.986613 -0.414111
v -0.511921 2.118502 -0.036396
v -0.426726 2.118502 -0.360421
v -0.718011 2.262935 -0.437031
v -0.803217 2.262935 -0.112961
v -0.666162 1.712583 -0.034906
v -0.560289 1.712583 -0.437581
v -0.895337 1.942215 -0.526925
v -1.001826 1.942215 -0.121909
v -1.216319 1.337195 -0.352950
v -1.195729 1.337195 -0.431261
v -1.248678 1.396853 -0.445182
v -1.269268 1.396853 -0.366871
v -0.562726 2.498407 -0.243114
v -0.338980 2.498407 -0.492490
v -0.531969 2.708975 -0.665675
v -0.755746 2.708975 -0.416265
v -0.767910 2.138268 -0.372581
v -0.489855 2.138268 -0.682487
v -0.700273 2.442299 -0.872905
v -0.979945 2.442299 -0.561197
v -1.164651 1.915851 -0.953845
v -1.110577 1.915851 -1.014114
v -1.139872 1.986613 -1.040399
v -1.193948 1.986613 -0.980130
v -0.532775 2.118502 -0.216242
v -0.309030 2.118502 -0.465618
v -0.533197 2.262935 -0.666777
v -0.756974 2.262935 -0.417367
v -0.670680 1.712583 -0.285344
v -0.392625 1.712583 -0.595250
v -0.649912 1.942215 -0.827721
v -0.929584 1.942215 -0.516013
v -1.014919 1.337195 -0.819502
v -0.960844 1.337195 -0.879771
v -1.001594 1.396853 -0.916333
v -1.055669 1.396853 -0.856064
v -0.499393 2.498407 -0.325648
v -0.219359 2.498407 -0.509580
v -0.361694 2.708975 -0.726326
v -0.641768 2.708975 -0.542368
v -0.664689 2.138268 -0.503241
v -0.316682 2.138268 -0.731820
v -0.471465 2.442299 -0.969679
v -0.821495 2.442299 -0.739772
v -0.899751 1.915851 -1.166579
v -0.832072 1.915851 -1.211032
v -0.853680 1.986613 -1.243930
v -0.921359 1.986613 -1.199477
v -0.477303 2.118502 -0.292015
v -0.197269 2.118502 -0.475947
v -0.362600 2.262935 -0.727704
v -0.642673 2.262935 -0.543747
v -0.592975 1.712583 -0.394058
v -0.244968 1.712583 -0.622636
v -0.434320 1.942215 -0.913127
v -0.784351 1.942215 -0.683220
v -0.789312 1.337196 -0.998439
v -0.721633 1.337195 -1.042891
v -0.751690 1.396854 -1.088651
v -0.819369 1.396854 -1.044199
v -1.130228 1.986113 -0.119597
v -1.257308 2.189057 0.120308
v -1.387174 2.059516 -0.068551
v -0.953404 1.473238 -0.119597
v -1.124228 1.641031 -0.120307
v -1.127678 1.383808 0.068551
v -1.127678 1.383808 -0.068551
v -1.220378 1.484821 0.068552
v -1.149635 1.986113 -0.253617
v -1.088812 1.986113 -0.484949
v -1.211534 2.189057 -0.517950
v -1.272718 2.189057 -0.285244
v -1.320702 1.939700 -0.351376
v -1.285839 1.939700 -0.483971
v -1.350292 2.059516 -0.500917
v -1.385155 2.059516 -0.368322
v -0.978624 1.473238 -0.208654
v -0.917800 1.473238 -0.439986
v -1.082829 1.641030 -0.484110
v -1.144013 1.641030 -0.251405
v -1.134188 1.383808 -0.302337
v -1.099326 1.383808 -0.434932
v -1.188979 1.484821 -0.458504
v -1.223841 1.484821 -0.325909
v -1.000948 1.986113 -0.700680
v -0.841208 1.986113 -0.878718
v -0.935322 2.189057 -0.964112
v -1.096010 2.189057 -0.785018
v -1.108504 1.939700 -0.865763
v -1.016944 1.939700 -0.967811
v -1.066548 2.059516 -1.012316
v -1.158108 2.059516 -0.910269
v -0.869334 1.473238 -0.582593
v -0.709594 1.473238 -0.760631
v -0.836268 1.641030 -0.875239
v -0.996956 1.641030 -0.696145
v -0.964959 1.383808 -0.736971
v -0.873399 1.383808 -0.839020
v -0.942398 1.484821 -0.900927
v -1.033958 1.484821 -0.798878
v -0.806164 1.986113 -0.879991
v -0.606238 1.986113 -1.011306
v -0.675410 2.189056 -1.117913
v -0.876522 2.189057 -0.985818
v -0.867972 1.939700 -1.067075
v -0.753378 1.939700 -1.142342
v -0.789964 2.059516 -1.198045
v -0.904558 2.059516 -1.122777
v -0.709089 1.473238 -0.732197
v -0.509163 1.473238 -0.863512
v -0.602350 1.641030 -1.006681
v -0.803463 1.641030 -0.874586
v -0.762097 1.383808 -0.905883
v -0.647503 1.383808 -0.981151
v -0.698395 1.484822 -1.058632
v -0.812989 1.484822 -0.983365
v 0.536672 2.186375 -0.002014
v 1.154070 3.511210 0.184346
v 0.811263 2.775600 2.468439
v 0.056035 2.569798 0.391664
v 0.056035 1.674099 1.965497
v 0.056035 2.017232 0.272239
v 0.056035 1.468486 1.206495
v 0.572209 2.262632 -0.141158
v 0.583387 2.775066 -0.691642
v 0.258308 2.822034 -0.743014
v 1.080897 2.836614 0.150198
v 0.981322 2.931773 -0.152959
v 0.695615 3.044293 -0.024555
v 0.794562 2.949235 0.279216
v 1.125952 3.128501 0.171502
v 1.067556 3.195266 -0.016303
v 0.887844 3.262247 0.063342
v 0.946186 3.195480 0.251193
v 1.150042 3.280641 0.182517
v 1.109907 3.326711 0.053230
v 0.986138 3.372782 0.108070
v 1.026274 3.326711 0.237357
v 1.169347 3.402421 0.191286
v 1.143744 3.431810 0.108811
v 1.064789 3.461199 0.143794
v 1.090393 3.431810 0.226269
v 0.860500 2.227363 0.116771
v 0.717973 2.311033 -0.270805
v 0.363589 2.468861 -0.106409
v 0.506123 2.385205 0.281168
v 0.988189 2.496817 0.129323
v 0.850307 2.593364 -0.259729
v 0.491216 2.746996 -0.094781
v 0.628906 2.650592 0.294516
v 0.878398 2.473703 0.647847
v 1.246869 2.809985 0.318813
v 0.797517 3.190723 0.208361
v 0.428151 2.855306 0.536250
v 0.998693 2.446073 1.044590
v 1.659507 3.116007 0.849652
v 0.939434 3.781923 0.782730
v 0.278440 3.112293 0.979470
v 0.956473 2.499269 1.588286
v 1.496109 3.064288 1.638734
v 0.925700 3.603542 1.654336
v 0.383189 3.043679 1.606162
v 0.850062 2.691311 2.212440
v 1.000673 2.844350 2.282629
v 0.836315 2.996004 2.306009
v 0.685208 2.843730 2.236337
v 0.056035 2.152920 0.673157
v 0.524949 2.600691 0.785412
v 0.056035 3.043365 0.898833
v -0.412878 2.600691 0.785412
v 0.056035 1.923147 1.240237
v 0.488132 2.292607 1.456092
v 0.056035 2.658400 1.664824
v -0.376061 2.292607 1.456092
v 0.056035 1.743505 1.735442
v 0.188134 1.829636 1.836907
v 0.056035 1.915491 1.936609
v -0.076063 1.829636 1.836907
v 0.056035 1.748131 0.512938
v 0.355498 2.036236 0.559067
v 0.056035 2.321784 0.608495
v -0.243427 2.036236 0.559067
v 0.056035 1.709250 0.796183
v 0.281032 1.887793 0.930763
v 0.056035 2.064003 1.057552
v -0.168961 1.887793 0.930763
v 0.056035 1.590799 0.975755
v 0.178550 1.660251 1.077403
v 0.056035 1.730266 1.177753
v -0.066479 1.660252 1.077403
v 0.056035 1.505885 1.096977
v 0.125698 1.544977 1.154637
v 0.056035 1.584069 1.212297
v -0.013627 1.544977 1.154637
v 0.713901 2.253122 0.228424
v 0.944956 2.429710 -0.076966
v 0.619747 2.677232 -0.179762
v 0.388022 2.501152 0.124942
v 0.583387 2.327809 -0.840138
v 0.409320 2.337857 -0.666361
v 0.583387 2.347905 -0.492584
v 0.757455 2.337857 -0.666361
v 0.258308 2.378527 -0.611554
v 0.432331 2.395472 -0.784750
v 0.258308 2.412418 -0.957945
v 0.084285 2.395472 -0.784750
v 0.478662 2.254301 0.200650
v 0.374938 2.315185 -0.081399
v 0.632836 2.200322 -0.201036
v 0.736560 2.139438 0.081014
v 1.115258 3.472363 0.221714
v 1.176550 3.449548 0.194557
v 1.156674 3.472363 0.130533
v 1.095383 3.495177 0.157690
v 0.753332 2.796353 2.393820
v 0.824009 2.731214 2.383456
v 0.888536 2.796353 2.414099
v 0.817859 2.861491 2.424463
v -0.204687 2.578143 0.492679
v 0.056035 2.831402 0.511841
v 0.316758 2.578143 0.492679
v 0.056035 2.321362 0.474202
v -0.007192 1.724271 1.923433
v 0.056035 1.683650 1.874981
v 0.119263 1.724271 1.923433
v 0.056035 1.764893 1.971885
v -0.166655 2.022107 0.347726
v 0.056035 2.240733 0.350301
v 0.278726 2.022107 0.347726
v 0.056035 1.800955 0.346624
v 0.006029 1.503098 1.183030
v 0.056035 1.475036 1.141639
v 0.106042 1.503098 1.183030
v 0.056035 1.531159 1.224421
v 0.391104 2.346397 -0.018785
v 0.559552 2.468661 -0.254344
v 0.803522 2.287134 -0.174785
v 0.635408 2.164530 0.061079
v 0.783942 2.653862 -0.684633
v 0.583387 2.642284 -0.884854
v 0.382833 2.653862 -0.684633
v 0.583387 2.665439 -0.484413
v 0.057819 2.703708 -0.754591
v 0.258308 2.684185 -0.555055
v 0.458798 2.703708 -0.754591
v 0.258308 2.723231 -0.954128
v 0.962081 2.870673 0.287984
v 1.041782 2.647402 0.137369
v 1.100087 2.857812 -0.032426
v 1.107950 3.012820 0.163038
v 0.916838 2.750733 -0.229228
v 0.814975 3.011351 -0.161540
v 1.034111 3.092563 -0.069982
v 0.575023 2.890924 -0.073878
v 0.676448 3.024643 0.158256
v 0.812239 3.176765 0.028765
v 0.699464 2.787719 0.293239
v 0.885763 3.097054 0.262080
v 1.050118 3.147035 0.255609
v 1.139288 3.146887 0.059030
v 1.138774 3.209557 0.177399
v 0.964339 3.245140 -0.020424
v 1.090155 3.265364 0.020787
v 0.875142 3.245326 0.176119
v 0.940228 3.321171 0.087217
v 0.988847 3.265364 0.243829
v 1.097643 3.293899 0.239558
v 1.158522 3.293899 0.105527
v 1.160106 3.344124 0.187088
v 1.039211 3.360971 0.051335
v 1.127546 3.381499 0.082204
v 0.978333 3.360971 0.185366
v 1.027138 3.418873 0.126692
v 1.059699 3.381499 0.231577
v 1.135722 3.411509 0.226695
v 1.173889 3.411509 0.142666
v 1.099089 3.453559 0.108691
v 1.060922 3.453559 0.192720
v 0.718102 2.286181 0.293273
v 0.875569 2.231043 -0.117004
v 0.928147 2.367987 0.123813
v 0.506224 2.410552 -0.282888
v 0.785915 2.455004 -0.266225
v 0.348752 2.465677 0.127389
v 0.428526 2.612739 -0.100794
v 0.570786 2.525781 0.289247
v 0.842143 2.550347 0.306472
v 1.006450 2.507933 -0.105426
v 0.637467 2.693726 -0.271703
v 0.472794 2.736267 0.139820
v 0.562774 2.581816 0.671596
v 0.794068 2.390649 0.400717
v 1.172836 2.547960 0.509237
v 0.952447 2.496814 0.887828
v 1.064491 2.618038 0.097716
v 1.111800 3.082131 0.182988
v 1.457188 2.985333 0.572937
v 0.709164 2.902558 -0.004000
v 0.502874 3.116177 0.343877
v 0.877853 3.499652 0.466903
v 0.437515 2.676563 0.297893
v 0.372758 3.011585 0.781155
v 0.475366 2.614254 1.058641
v 1.507453 2.616895 0.963436
v 1.003612 2.413635 1.244680
v 1.462188 3.614236 0.766969
v 1.717518 3.156751 1.197933
v 0.431417 3.612175 0.864519
v 0.961959 3.871290 1.180371
v 0.246835 3.130550 1.230064
v 0.535717 2.632459 1.586063
v 1.368154 2.648720 1.611326
v 0.893531 2.618308 1.947729
v 1.342657 3.471545 1.658189
v 1.195749 2.930636 2.037982
v 0.514870 3.457543 1.635645
v 0.870808 3.233575 2.067501
v 0.566677 2.924528 1.978754
v 0.731937 2.731243 2.208914
v 0.964173 2.731709 2.243193
v 0.953627 2.955776 2.311626
v 0.722031 2.955559 2.277957
v -0.294652 2.267579 0.700881
v 0.406723 2.267579 0.700881
v 0.056035 2.031727 0.939681
v 0.404620 2.931319 0.870000
v 0.606710 2.536870 1.148317
v -0.292549 2.931319 0.870000
v 0.056035 3.039244 1.354671
v -0.494639 2.536870 1.148317
v -0.267496 2.016920 1.297570
v 0.379567 2.016920 1.297570
v 0.056035 1.826631 1.523330
v 0.376133 2.565582 1.612475
v 0.306276 2.012493 1.687879
v -0.264062 2.565582 1.612475
v 0.056035 2.196224 1.846471
v -0.194205 2.012493 1.687879
v -0.040902 1.765640 1.763430
v 0.152973 1.765640 1.763430
v 0.152364 1.891936 1.910916
v -0.040293 1.891937 1.910916
v -0.166611 1.822163 0.524163
v 0.278682 1.822163 0.524163
v 0.056035 1.752461 0.677752
v 0.277715 2.248825 0.595913
v 0.337099 2.007862 0.785072
v -0.165644 2.248825 0.595913
v 0.056035 2.259581 0.891539
v -0.225028 2.007862 0.785072
v -0.112265 1.755062 0.833566
v 0.224336 1.755062 0.833566
v 0.056035 1.644911 0.895665
v 0.220778 2.018609 1.025676
v 0.218947 1.749587 1.019732
v -0.108707 2.018609 1.025676
v 0.056035 1.854467 1.138445
v -0.106876 1.749587 1.019732
v -0.033579 1.608497 1.003625
v 0.145650 1.608497 1.003625
v 0.056035 1.545654 1.040202
v 0.145392 1.710808 1.151575
v 0.150375 1.598593 1.118287
v -0.033321 1.710808 1.151575
v 0.056035 1.651532 1.196372
v -0.038304 1.598593 1.118287
v 0.006051 1.516157 1.113788
v 0.106019 1.516157 1.113788
v 0.106019 1.572254 1.196532
v 0.006051 1.572254 1.196532
v 0.494583 2.334192 0.250846
v 0.908677 2.281055 0.100475
v 0.838298 2.596247 -0.202292
v 0.424916 2.649362 -0.052829
v 0.583387 1.919836 -0.642190
v 0.583387 2.043973 -0.728225
v 0.504662 2.048518 -0.649631
v 0.583387 2.053062 -0.571036
v 0.662113 2.048518 -0.649631
v 0.711821 2.330353 -0.794575
v 0.454954 2.330353 -0.794575
v 0.454954 2.345181 -0.538137
v 0.711821 2.345181 -0.538137
v 0.258308 2.106376 -0.734056
v 0.336912 2.114030 -0.812286
v 0.258308 2.121684 -0.890516
v 0.179705 2.114030 -0.812286
v 0.129907 2.382880 -0.656967
v 0.386710 2.382880 -0.656967
v 0.386710 2.407887 -0.912550
v 0.129907 2.407887 -0.912550
v 0.646389 2.209631 0.212172
v 0.761793 2.169226 -0.088504
v 0.491107 2.300779 -0.210075
v 0.375703 2.341184 0.090600
v 1.145399 3.441396 0.223426
v 1.177795 3.441396 0.152104
v 1.114305 3.477087 0.123266
v 1.081909 3.477087 0.194589
v 0.901207 2.692882 0.304367
v 1.062237 2.665546 -0.083833
v 0.716012 2.846094 -0.240322
v 0.554389 2.873835 0.147201
v 0.549203 2.477930 0.422554
v 1.016232 2.434644 0.273038
v 0.952128 2.815066 -0.026770
v 0.487046 2.858820 0.121067
v 0.538710 2.633964 0.910115
v 1.347343 2.614086 0.755160
v 1.291157 3.362252 0.442009
v 0.482777 3.382286 0.596692
v 0.448223 2.588727 1.248858
v 1.548479 2.608827 1.226824
v 1.515394 3.697016 1.176128
v 0.418441 3.678655 1.201909
v 0.762087 2.743828 2.332776
v 0.898074 2.743828 2.353172
v 0.891888 2.874859 2.394415
v 0.755901 2.874859 2.374019
v -0.165782 2.368725 0.535015
v 0.277853 2.368725 0.535015
v 0.277187 2.797516 0.602249
v -0.165116 2.797516 0.602249
v -0.356258 2.160812 0.993389
v 0.468329 2.160812 0.993389
v 0.465712 2.912338 1.302582
v -0.353641 2.912338 1.302582
v -0.004310 1.714966 1.852487
v 0.116381 1.714966 1.852487
v 0.116381 1.792506 1.944974
v -0.004310 1.792506 1.944974
v -0.111256 1.861389 0.390234
v 0.223327 1.861389 0.390234
v 0.223237 2.189379 0.413742
v -0.111166 2.189379 0.413742
v -0.154184 1.819297 0.706426
v 0.266255 1.819297 0.706426
v 0.263312 2.195412 0.864664
v -0.151241 2.195412 0.864664
v 0.015609 1.493832 1.140470
v 0.096462 1.493832 1.140470
v 0.096462 1.539203 1.207393
v 0.015609 1.539203 1.207393
v 0.487615 2.260653 0.109812
v 0.798697 2.217664 -0.006053
v 0.743159 2.449914 -0.240298
v 0.432048 2.492840 -0.124492
v 0.715473 2.557962 -0.811394
v 0.451302 2.557962 -0.811394
v 0.451302 2.573211 -0.547664
v 0.715473 2.573211 -0.547664
v 0.126255 2.604837 -0.631581
v 0.390362 2.604837 -0.631581
v 0.390362 2.630555 -0.894432
v 0.126255 2.630555 -0.894432
v 1.014775 3.036707 0.268204
v 1.124095 3.033424 0.023090
v 0.906036 3.154242 -0.075831
v 0.796506 3.157724 0.169030
v 1.075416 3.225249 0.247066
v 1.149551 3.225249 0.083849
v 1.004260 3.306926 0.017856
v 0.930125 3.306926 0.181073
v 1.117494 3.355208 0.232853
v 1.166533 3.355208 0.124887
v 1.070425 3.409236 0.081234
v 1.021386 3.409236 0.189199
v 0.783998 2.425760 0.301245
v 0.943823 2.373177 -0.111393
v 0.572702 2.555026 -0.278223
v 0.412852 2.607555 0.134413
v 0.655921 2.695469 1.942602
v 1.124395 2.700420 1.987167
v 1.105887 3.156920 2.074697
v 0.640220 3.153263 2.031854
v -0.130282 1.873779 1.567555
v 0.242352 1.873779 1.567555
v 0.239980 2.148546 1.806592
v -0.127909 2.148546 1.806592
v -0.064393 1.671256 0.929489
v 0.176464 1.671256 0.929489
v 0.174814 1.826514 1.108233
v -0.062743 1.826514 1.108233
v -0.012456 1.559387 1.062119
v 0.124527 1.559387 1.062119
v 0.124527 1.636257 1.175501
v -0.012456 1.636257 1.175501
v 0.640191 2.044389 -0.706290
v 0.526584 2.044389 -0.706290
v 0.526584 2.050948 -0.592873
v 0.640191 2.050948 -0.592873
v 0.258308 1.988491 -0.824569
v 0.201601 2.107647 -0.755932
v 0.315016 2.107647 -0.755932
v 0.315016 2.118691 -0.868809
v 0.201601 2.118691 -0.868809
v -0.877375 2.595967 0.891488
v -1.206494 3.627958 1.057837
v -0.877375 2.595967 -0.891486
v -1.206494 3.627958 -1.057835
v 0.866258 2.603005 0.885076
v 0.814354 4.374022 1.056533
v 0.866258 2.603005 -0.885074
v 0.814354 4.374023 -1.056530
v -0.937221 2.774080 0.928694
v -0.937221 2.774080 -0.928692
v 0.866133 2.869174 -0.916655
v 0.866133 2.869174 0.916656
v -1.726878 2.508434 -0.884458
v -1.726878 2.508434 0.884460
v -1.760509 2.706280 -0.912884
v -1.760509 2.706280 0.912886
v -0.105445 2.374436 -0.870093
v -0.111084 2.037517 -0.873523
v -0.322463 2.476751 -1.170420
v -0.241046 1.853173 -1.059822
v -0.040230 2.510660 -0.762532
v -0.036823 1.931616 -0.760899
v -0.431948 2.659040 -1.280851
v -0.298661 1.636861 -1.102314
v -0.214987 2.510259 -0.579028
v -0.213883 1.931059 -0.575903
v -0.603129 2.661058 -1.098531
v -0.468951 1.635572 -0.919023
v -0.432547 2.457972 -1.066357
v -0.229489 2.364479 -0.794270
v -0.230371 2.042560 -0.797694
v -0.356361 1.877022 -0.963344
v -0.105445 2.374436 0.919367
v -0.111084 2.037517 0.922797
v -0.322463 2.476750 1.219694
v -0.241046 1.853173 1.109097
v -0.040230 2.510660 0.811806
v -0.036823 1.931616 0.810172
v -0.431948 2.659039 1.330125
v -0.298661 1.636861 1.151587
v -0.214987 2.510259 0.628302
v -0.213883 1.931059 0.625176
v -0.603129 2.661057 1.147805
v -0.468951 1.635572 0.968296
v -0.432547 2.457972 1.115632
v -0.229489 2.364479 0.843544
v -0.230371 2.042560 0.846968
v -0.356361 1.877022 1.012617
vn 0.6934 -0.1959 -0.6934
vn 0.8677 0.3434 -0.3594
vn 0.6641 0.3434 -0.6641
vn -0.3594 0.3434 0.8677
vn -0.6934 -0.1959 0.6934
vn -0.6641 0.3434 0.6641
vn 0.3594 0.3434 -0.8677
vn -0.0000 0.3434 0.9392
vn -0.3753 -0.1959 0.9060
vn -0.3594 0.3434 -0.8677
vn -0.0000 -0.1959 -0.9806
vn -0.0000 0.3434 -0.9392
vn 0.3753 -0.1959 -0.9060
vn 0.3594 0.3434 0.8677
vn 0.0001 -0.1959 0.9806
vn -0.6641 0.3434 -0.6641
vn -0.3753 -0.1959 -0.9060
vn 0.6934 -0.1959 0.6934
vn 0.6641 0.3434 0.6641
vn -0.8733 0.3431 -0.3458
vn -0.6934 -0.1959 -0.6934
vn 0.9060 -0.1959 0.3753
vn 0.8677 0.3434 0.3594
vn -0.9419 0.3358 -0.0000
vn -0.9063 -0.1981 -0.3733
vn 0.9392 0.3434 -0.0000
vn -0.9063 -0.1981 0.3733
vn -0.8733 0.3431 0.3458
vn 0.9806 -0.1959 -0.0000
vn -0.9795 -0.2015 -0.0000
vn -0.9003 0.2244 0.3729
vn -0.9745 0.2243 -0.0000
vn 0.9806 -0.1958 -0.0000
vn 0.9003 0.2243 -0.3729
vn 0.9745 0.2243 -0.0000
vn 0.9060 -0.1959 -0.3753
vn 0.6891 0.2243 -0.6891
vn -0.6891 0.2243 0.6891
vn 0.3729 0.2244 -0.9003
vn -0.0000 -0.1959 0.9806
vn -0.3729 0.2243 0.9003
vn -0.3729 0.2243 -0.9003
vn -0.0000 0.2243 -0.9745
vn 0.3752 -0.1959 -0.9060
vn 0.3729 0.2244 0.9003
vn -0.0000 0.2243 0.9745
vn -0.6891 0.2244 -0.6891
vn 0.3753 -0.1959 0.9060
vn 0.9060 -0.1959 0.3752
vn 0.6891 0.2243 0.6891
vn -0.9003 0.2243 -0.3729
vn 0.9003 0.2243 0.3729
vn 0.0172 0.9997 0.0172
vn 0.0093 0.9997 0.0225
vn -0.0225 0.9997 -0.0093
vn -0.0172 0.9997 -0.0172
vn 0.0225 0.9997 0.0093
vn -0.0244 0.9997 -0.0000
vn 0.0244 0.9997 -0.0000
vn -0.0172 0.9997 0.0172
vn -0.0225 0.9997 0.0093
vn 0.0172 0.9997 -0.0172
vn 0.0225 0.9997 -0.0093
vn 0.0093 0.9997 -0.0225
vn -0.0000 0.9997 0.0244
vn -0.0093 0.9997 0.0225
vn -0.0000 0.9997 -0.0244
vn -0.0093 0.9997 -0.0225
vn -0.0000 1.0000 -0.0000
vn -0.0000 -0.7851 -0.6193
vn 0.1212 -0.9485 -0.2926
vn -0.0000 -0.9485 -0.3167
vn -0.0000 0.0429 -0.9991
vn 0.3388 -0.4650 -0.8179
vn -0.0000 -0.4650 -0.8853
vn -0.0000 -1.0000 -0.0000
vn 0.2370 -0.7851 -0.5722
vn 0.2240 -0.9485 -0.2240
vn 0.6260 -0.4650 -0.6260
vn 0.4379 -0.7851 -0.4379
vn 0.3823 0.0429 -0.9230
vn 0.2926 -0.9485 -0.1212
vn 0.5722 -0.7851 -0.2370
vn 0.7065 0.0429 -0.7064
vn 0.8179 -0.4650 -0.3388
vn 0.6193 -0.7851 -0.0000
vn 0.3167 -0.9485 -0.0000
vn 0.9991 0.0429 -0.0000
vn 0.8853 -0.4650 -0.0000
vn 0.5722 -0.7851 0.2370
vn 0.2926 -0.9485 0.1212
vn 0.8179 -0.4650 0.3388
vn 0.2240 -0.9485 0.2240
vn 0.6260 -0.4650 0.6260
vn 0.4379 -0.7851 0.4379
vn 0.7064 0.0429 0.7065
vn 0.3388 -0.4650 0.8179
vn 0.2370 -0.7851 0.5722
vn 0.1212 -0.9485 0.2926
vn -0.0000 -0.7851 0.6193
vn -0.0000 -0.9485 0.3167
vn 0.3823 0.0429 0.9230
vn -0.0000 -0.4650 0.8853
vn -0.0000 0.0429 0.9991
vn -0.3388 -0.4650 0.8179
vn -0.1212 -0.9485 0.2926
vn -0.2370 -0.7851 0.5722
vn -0.2240 -0.9485 0.2240
vn -0.6260 -0.4650 0.6260
vn -0.4379 -0.7851 0.4379
vn -0.7065 0.0429 0.7064
vn -0.2926 -0.9485 0.1212
vn -0.8235 -0.4593 0.3328
vn -0.5722 -0.7851 0.2370
vn -0.6193 -0.7851 -0.0000
vn -0.3167 -0.9485 -0.0000
vn -0.9983 0.0579 -0.0000
vn -0.8996 -0.4367 -0.0000
vn -0.2926 -0.9485 -0.1212
vn -0.8235 -0.4594 -0.3328
vn -0.5722 -0.7851 -0.2370
vn -0.2240 -0.9485 -0.2240
vn -0.6260 -0.4650 -0.6260
vn -0.4379 -0.7851 -0.4379
vn -0.9314 0.0427 -0.3614
vn -0.1212 -0.9485 -0.2926
vn -0.7064 0.0429 -0.7065
vn -0.3388 -0.4650 -0.8179
vn -0.2370 -0.7851 -0.5722
vn -0.3823 0.0429 -0.9230
vn -0.8737 0.3431 0.3449
vn -0.8745 0.3422 0.3436
vn -0.9427 0.3336 -0.0000
vn -0.8737 0.3431 -0.3449
vn -0.8745 0.3422 -0.3436
vn 0.9230 0.0430 -0.3823
vn 0.7064 0.0430 -0.7065
vn -0.3823 0.0430 0.9230
vn -0.7064 0.0430 0.7065
vn 0.3823 0.0430 -0.9230
vn -0.3823 0.0430 -0.9230
vn -0.7065 0.0430 -0.7064
vn 0.7065 0.0430 0.7064
vn -0.9314 0.0428 -0.3614
vn 0.9230 0.0430 0.3823
vn -0.9983 0.0580 -0.0000
vn 0.9991 0.0430 -0.0000
vn -0.9314 0.0428 0.3614
vn 0.3730 0.9005 0.2237
vn -0.0000 0.9660 0.2586
vn -0.0000 0.9746 0.2237
vn -0.6892 -0.6892 0.2237
vn -0.3697 -0.8924 0.2586
vn -0.3730 -0.9005 0.2237
vn 0.6830 0.6830 0.2586
vn 0.6892 0.6892 0.2237
vn -0.9005 -0.3730 0.2237
vn -0.6830 -0.6830 0.2586
vn 0.8924 0.3697 0.2586
vn 0.9005 0.3730 0.2237
vn -0.9746 -0.0000 0.2237
vn -0.8924 -0.3697 0.2586
vn 0.9660 -0.0000 0.2586
vn 0.9746 -0.0000 0.2237
vn -0.9005 0.3730 0.2237
vn -0.9660 -0.0000 0.2586
vn 0.8924 -0.3697 0.2586
vn 0.9005 -0.3730 0.2237
vn -0.6892 0.6892 0.2237
vn -0.8924 0.3697 0.2586
vn 0.6830 -0.6830 0.2586
vn 0.6892 -0.6892 0.2237
vn -0.3730 0.9005 0.2237
vn -0.6830 0.6830 0.2586
vn 0.3697 -0.8924 0.2586
vn 0.3730 -0.9005 0.2237
vn -0.0000 -0.9660 0.2586
vn -0.0000 -0.9746 0.2237
vn 0.6874 -0.6874 -0.2346
vn -0.3697 0.8924 0.2586
vn -0.0000 0.9721 -0.2346
vn -0.3720 0.8981 -0.2346
vn -0.3720 -0.8981 -0.2346
vn -0.0000 -0.9721 -0.2346
vn 0.3720 -0.8981 -0.2346
vn 0.3697 0.8924 0.2586
vn -0.6874 -0.6874 -0.2346
vn 0.6874 0.6874 -0.2346
vn 0.3720 0.8981 -0.2346
vn -0.8981 -0.3720 -0.2346
vn -0.9721 -0.0000 -0.2346
vn 0.8981 0.3720 -0.2346
vn -0.8981 0.3720 -0.2346
vn 0.9721 -0.0000 -0.2346
vn -0.6874 0.6874 -0.2346
vn 0.8981 -0.3720 -0.2346
vn -0.0000 0.9860 0.1665
vn 0.3805 0.9187 0.1062
vn 0.3773 0.9110 0.1665
vn -0.6972 -0.6972 0.1665
vn -0.3805 -0.9187 0.1062
vn -0.7031 -0.7031 0.1062
vn 0.6972 0.6972 0.1665
vn 0.7031 0.7031 0.1062
vn -0.9187 -0.3805 0.1062
vn -0.9110 -0.3773 0.1665
vn 0.9187 0.3805 0.1062
vn 0.9110 0.3773 0.1665
vn -0.9943 -0.0000 0.1062
vn -0.9860 -0.0000 0.1665
vn 0.9943 -0.0000 0.1062
vn 0.9860 -0.0000 0.1665
vn -0.9110 0.3773 0.1665
vn -0.9187 0.3805 0.1062
vn 0.9110 -0.3773 0.1665
vn 0.9187 -0.3805 0.1062
vn -0.6972 0.6972 0.1665
vn -0.7031 0.7031 0.1062
vn 0.6972 -0.6972 0.1665
vn 0.7031 -0.7031 0.1062
vn -0.3805 0.9187 0.1062
vn -0.3773 0.9110 0.1665
vn 0.3805 -0.9187 0.1062
vn 0.3773 -0.9110 0.1665
vn -0.0000 0.9943 0.1062
vn -0.0000 -0.9860 0.1665
vn -0.3773 -0.9110 0.1665
vn -0.0000 -0.9943 0.1062
vn -0.0000 -0.7189 0.6952
vn 0.1543 -0.3724 0.9152
vn -0.0000 -0.4031 0.9152
vn -0.0000 -0.9808 0.1951
vn 0.3549 -0.8567 0.3744
vn -0.0000 -0.9273 0.3744
vn -0.0000 -0.0000 1.0000
vn 0.2751 -0.6641 0.6952
vn 0.3753 -0.9061 0.1951
vn 0.6557 -0.6557 0.3744
vn 0.2850 -0.2850 0.9152
vn 0.5083 -0.5083 0.6952
vn 0.3724 -0.1543 0.9152
vn 0.8567 -0.3549 0.3744
vn 0.6641 -0.2751 0.6952
vn 0.6935 -0.6935 0.1951
vn 0.4031 -0.0000 0.9152
vn 0.9061 -0.3753 0.1951
vn 0.9273 -0.0000 0.3744
vn 0.7189 -0.0000 0.6952
vn 0.3724 0.1543 0.9152
vn 0.9061 0.3753 0.1951
vn 0.8567 0.3549 0.3744
vn 0.6641 0.2751 0.6952
vn 0.2850 0.2850 0.9152
vn 0.6557 0.6557 0.3744
vn 0.5083 0.5083 0.6952
vn 0.1543 0.3724 0.9152
vn 0.3549 0.8567 0.3744
vn 0.2751 0.6641 0.6952
vn 0.6935 0.6935 0.1951
vn -0.0000 0.7189 0.6952
vn -0.0000 0.4031 0.9152
vn 0.3753 0.9061 0.1951
vn -0.0000 0.9273 0.3744
vn -0.2747 -0.1138 -0.9548
vn -0.2973 -0.0000 -0.9548
vn -0.0000 -0.0000 -1.0000
vn 0.1138 -0.2747 -0.9548
vn -0.0000 -0.2973 -0.9548
vn 0.2747 0.1138 -0.9548
vn 0.2973 -0.0000 -0.9548
vn -0.1543 0.3724 0.9152
vn -0.0000 0.9808 0.1951
vn -0.3549 0.8567 0.3744
vn -0.0000 0.2973 -0.9548
vn 0.1138 0.2747 -0.9548
vn -0.1138 -0.2747 -0.9548
vn -0.2102 -0.2102 -0.9548
vn -0.2751 0.6641 0.6952
vn 0.2102 0.2102 -0.9548
vn 0.2747 -0.1138 -0.9548
vn 0.2102 -0.2102 -0.9548
vn -0.2850 0.2850 0.9152
vn -0.6557 0.6557 0.3744
vn -0.5083 0.5083 0.6952
vn -0.2747 0.1138 -0.9548
vn -0.6935 0.6935 0.1951
vn -0.2102 0.2102 -0.9548
vn -0.1138 0.2747 -0.9548
vn -0.6641 0.2751 0.6952
vn -0.3724 0.1543 0.9152
vn -0.9061 0.3753 0.1951
vn -0.8567 0.3549 0.3744
vn -0.7189 -0.0000 0.6952
vn -0.4031 -0.0000 0.9152
vn -0.9273 -0.0000 0.3744
vn -0.9808 -0.0000 0.1951
vn -0.8567 -0.3549 0.3744
vn -0.3724 -0.1543 0.9152
vn -0.6641 -0.2751 0.6952
vn -0.2850 -0.2850 0.9152
vn -0.6557 -0.6557 0.3744
vn -0.5083 -0.5083 0.6952
vn -0.9061 -0.3753 0.1951
vn -0.2751 -0.6641 0.6952
vn -0.1542 -0.3724 0.9152
vn -0.3753 -0.9061 0.1951
vn -0.3549 -0.8567 0.3744
vn 0.3730 0.9005 -0.2237
vn -0.0000 0.9660 -0.2586
vn 0.3697 0.8924 -0.2586
vn -0.6892 -0.6892 -0.2237
vn -0.3697 -0.8924 -0.2586
vn -0.6830 -0.6830 -0.2586
vn 0.6830 0.6830 -0.2586
vn 0.6892 0.6892 -0.2237
vn -0.9005 -0.3730 -0.2237
vn -0.8924 -0.3697 -0.2586
vn 0.8924 0.3697 -0.2586
vn 0.9005 0.3730 -0.2237
vn -0.9746 -0.0000 -0.2237
vn -0.9660 -0.0000 -0.2586
vn 0.9660 -0.0000 -0.2586
vn 0.9746 -0.0000 -0.2237
vn -0.9005 0.3730 -0.2237
vn -0.8924 0.3697 -0.2586
vn 0.8924 -0.3697 -0.2586
vn 0.9005 -0.3730 -0.2237
vn -0.6892 0.6892 -0.2237
vn -0.6830 0.6830 -0.2586
vn 0.6830 -0.6830 -0.2586
vn 0.6892 -0.6892 -0.2237
vn -0.3730 0.9005 -0.2237
vn -0.3697 0.8924 -0.2586
vn 0.3697 -0.8924 -0.2586
vn 0.3730 -0.9005 -0.2237
vn -0.0000 0.9746 -0.2237
vn -0.3730 -0.9005 -0.2237
vn -0.0000 -0.9660 -0.2586
vn -0.0000 -0.9746 -0.2237
vn 0.6874 -0.6874 0.2346
vn -0.0000 0.9721 0.2346
vn -0.3720 -0.8981 0.2346
vn 0.3720 -0.8981 0.2346
vn -0.6874 -0.6874 0.2346
vn 0.6874 0.6874 0.2346
vn -0.8981 -0.3720 0.2346
vn -0.9721 -0.0000 0.2346
vn 0.8981 0.3720 0.2346
vn -0.8981 0.3720 0.2346
vn 0.9721 -0.0000 0.2346
vn -0.6874 0.6874 0.2346
vn 0.8981 -0.3720 0.2346
vn 0.3805 0.9187 -0.1062
vn -0.0000 0.9860 -0.1665
vn 0.3773 0.9110 -0.1665
vn -0.6972 -0.6972 -0.1665
vn -0.3805 -0.9187 -0.1062
vn -0.3773 -0.9110 -0.1665
vn 0.6972 0.6972 -0.1665
vn -0.9187 -0.3805 -0.1062
vn -0.9110 -0.3773 -0.1665
vn 0.9187 0.3805 -0.1062
vn 0.9110 0.3773 -0.1665
vn -0.9943 -0.0000 -0.1062
vn -0.9860 -0.0000 -0.1665
vn 0.9943 -0.0000 -0.1062
vn 0.9860 -0.0000 -0.1665
vn -0.9110 0.3773 -0.1665
vn 0.9110 -0.3773 -0.1665
vn -0.6972 0.6972 -0.1665
vn -0.9187 0.3805 -0.1062
vn 0.6972 -0.6972 -0.1665
vn 0.9187 -0.3805 -0.1062
vn -0.3805 0.9187 -0.1062
vn -0.3773 0.9110 -0.1665
vn 0.3805 -0.9187 -0.1062
vn 0.3773 -0.9110 -0.1665
vn -0.0000 -0.9860 -0.1665
vn -0.0000 -0.9943 -0.1062
vn 0.1543 -0.3724 -0.9152
vn -0.0000 -0.7189 -0.6952
vn -0.0000 -0.4031 -0.9152
vn 0.3549 -0.8567 -0.3744
vn -0.0000 -0.9808 -0.1951
vn -0.0000 -0.9273 -0.3744
vn 0.2751 -0.6641 -0.6952
vn 0.6557 -0.6557 -0.3744
vn 0.3753 -0.9061 -0.1951
vn 0.2850 -0.2850 -0.9152
vn 0.5083 -0.5083 -0.6952
vn 0.3724 -0.1543 -0.9152
vn 0.8567 -0.3549 -0.3744
vn 0.6935 -0.6935 -0.1951
vn 0.4031 -0.0000 -0.9152
vn 0.6641 -0.2751 -0.6952
vn 0.9273 -0.0000 -0.3744
vn 0.9061 -0.3753 -0.1951
vn 0.7189 -0.0000 -0.6952
vn 0.3724 0.1543 -0.9152
vn 0.9061 0.3753 -0.1951
vn 0.9808 -0.0000 -0.1951
vn 0.6641 0.2751 -0.6952
vn 0.2850 0.2850 -0.9152
vn 0.6557 0.6557 -0.3744
vn 0.8567 0.3549 -0.3744
vn 0.5083 0.5083 -0.6952
vn 0.1543 0.3724 -0.9152
vn 0.3549 0.8567 -0.3744
vn 0.2751 0.6641 -0.6952
vn 0.6935 0.6935 -0.1951
vn -0.0000 0.7189 -0.6952
vn -0.0000 0.9273 -0.3744
vn 0.3753 0.9061 -0.1951
vn -0.2747 -0.1138 0.9548
vn -0.2973 -0.0000 0.9548
vn 0.1138 -0.2747 0.9548
vn -0.0000 -0.2973 0.9548
vn -0.0000 0.4031 -0.9152
vn 0.2747 0.1138 0.9548
vn 0.2973 -0.0000 0.9548
vn -0.1543 0.3724 -0.9152
vn -0.3549 0.8567 -0.3744
vn -0.0000 0.9808 -0.1951
vn -0.0000 0.2973 0.9548
vn 0.1138 0.2747 0.9548
vn -0.1138 -0.2747 0.9548
vn -0.2102 -0.2102 0.9548
vn -0.2751 0.6641 -0.6952
vn 0.2102 0.2102 0.9548
vn 0.2747 -0.1138 0.9548
vn 0.2102 -0.2102 0.9548
vn -0.2850 0.2850 -0.9152
vn -0.6557 0.6557 -0.3744
vn -0.2747 0.1138 0.9548
vn -0.5083 0.5083 -0.6952
vn -0.6935 0.6935 -0.1951
vn -0.3753 0.9061 -0.1951
vn -0.2102 0.2102 0.9548
vn -0.1138 0.2747 0.9548
vn -0.6641 0.2751 -0.6952
vn -0.9061 0.3753 -0.1951
vn -0.3724 0.1543 -0.9152
vn -0.7189 -0.0000 -0.6952
vn -0.9273 -0.0000 -0.3744
vn -0.8567 0.3549 -0.3744
vn -0.4031 -0.0000 -0.9152
vn -0.8567 -0.3549 -0.3744
vn -0.9808 -0.0000 -0.1951
vn 0.3720 0.8981 0.2346
vn -0.3724 -0.1542 -0.9152
vn -0.2850 -0.2850 -0.9152
vn -0.6641 -0.2751 -0.6952
vn -0.6557 -0.6557 -0.3744
vn -0.3720 0.8981 0.2346
vn -0.9061 -0.3753 -0.1951
vn -0.0000 -0.9721 0.2346
vn -0.2751 -0.6641 -0.6952
vn -0.5083 -0.5083 -0.6952
vn -0.3753 -0.9061 -0.1951
vn -0.6935 -0.6935 -0.1951
vn -0.1542 -0.3724 -0.9152
vn -0.3549 -0.8567 -0.3744
vn -0.0000 -0.4182 0.9083
vn 0.2798 -0.3625 0.8890
vn -0.0000 -0.7273 0.6864
vn 0.5387 -0.7724 0.3364
vn 0.4462 -0.6187 0.6466
vn -0.0000 -0.9296 -0.3685
vn 0.5681 -0.8230 -0.0000
vn -0.0000 -0.4182 -0.9083
vn 0.4462 -0.6187 -0.6466
vn -0.0000 -0.7273 -0.6864
vn -0.0000 -0.9296 0.3685
vn 0.5387 -0.7724 -0.3364
vn 0.2798 -0.3625 -0.8890
vn 0.7138 -0.4071 0.5699
vn 0.4625 -0.2490 0.8509
vn 0.8638 -0.5038 -0.0000
vn 0.8307 -0.4825 0.2778
vn 0.8307 -0.4825 -0.2778
vn 0.4625 -0.2490 -0.8509
vn 0.7138 -0.4071 -0.5699
vn 0.9728 -0.2318 -0.0000
vn 0.9447 -0.2247 0.2387
vn 0.9447 -0.2247 -0.2387
vn 0.5590 -0.1253 -0.8197
vn 0.5590 -0.1253 0.8197
vn 0.8362 -0.1970 0.5118
vn 0.8362 -0.1970 -0.5118
vn 0.5894 -0.0000 0.8079
vn 0.9741 -0.0000 0.2262
vn 0.8709 -0.0000 0.4915
vn 1.0000 -0.0000 -0.0000
vn 0.8709 -0.0000 -0.4915
vn 0.9741 -0.0000 -0.2262
vn 0.5894 -0.0000 -0.8079
vn 0.9447 0.2247 -0.2387
vn 0.9728 0.2318 -0.0000
vn 0.5590 0.1253 -0.8197
vn 0.8362 0.1970 -0.5118
vn 0.5590 0.1253 0.8197
vn 0.9447 0.2247 0.2387
vn 0.8362 0.1970 0.5118
vn 0.4625 0.2490 0.8509
vn 0.8307 0.4825 0.2778
vn 0.7138 0.4071 -0.5699
vn 0.8307 0.4825 -0.2778
vn 0.4625 0.2490 -0.8509
vn 0.7138 0.4071 0.5699
vn 0.8638 0.5038 -0.0000
vn 0.4462 0.6187 -0.6466
vn 0.5387 0.7724 -0.3364
vn 0.2798 0.3625 -0.8890
vn 0.2798 0.3625 0.8890
vn 0.4462 0.6187 0.6466
vn 0.5681 0.8230 -0.0000
vn 0.5387 0.7724 0.3364
vn -0.0000 0.4182 0.9083
vn -0.0000 0.7273 0.6864
vn -0.0000 0.9296 -0.3684
vn -0.0000 0.4182 -0.9083
vn -0.0000 0.7273 -0.6864
vn -0.0000 0.9296 0.3685
vn -0.4462 0.6187 -0.6466
vn -0.4462 0.6187 0.6466
vn -0.2798 0.3625 0.8890
vn -0.5681 0.8230 -0.0000
vn -0.5387 0.7724 0.3364
vn -0.5387 0.7724 -0.3364
vn -0.2798 0.3625 -0.8890
vn -0.7138 0.4071 0.5699
vn -0.4625 0.2490 0.8509
vn -0.8638 0.5038 -0.0000
vn -0.8307 0.4825 0.2778
vn -0.8307 0.4825 -0.2778
vn -0.4625 0.2490 -0.8509
vn -0.7138 0.4071 -0.5699
vn -0.5590 0.1253 -0.8197
vn -0.5590 0.1253 0.8197
vn -0.9447 0.2247 0.2387
vn -0.8362 0.1970 0.5118
vn -0.9728 0.2318 -0.0000
vn -0.8362 0.1970 -0.5118
vn -0.9447 0.2247 -0.2387
vn -0.9741 -0.0000 0.2262
vn -0.8709 -0.0000 0.4915
vn -1.0000 -0.0000 -0.0000
vn -0.8709 -0.0000 -0.4915
vn -0.5894 -0.0000 0.8079
vn -0.9741 -0.0000 -0.2262
vn -0.5894 -0.0000 -0.8079
vn -0.5590 -0.1253 0.8197
vn -0.9447 -0.2247 0.2387
vn -0.8362 -0.1970 -0.5118
vn -0.9447 -0.2247 -0.2387
vn -0.5590 -0.1253 -0.8197
vn -0.8362 -0.1970 0.5118
vn -0.9728 -0.2318 -0.0000
vn -0.8307 -0.4825 0.2778
vn -0.7138 -0.4071 -0.5699
vn -0.8307 -0.4825 -0.2778
vn -0.4625 -0.2490 -0.8509
vn -0.4625 -0.2490 0.8509
vn -0.7138 -0.4071 0.5699
vn -0.8638 -0.5038 -0.0000
vn -0.2798 -0.3625 0.8890
vn -0.4462 -0.6187 0.6466
vn -0.5387 -0.7724 -0.3364
vn -0.5681 -0.8230 -0.0000
vn -0.2798 -0.3625 -0.8890
vn -0.4462 -0.6187 -0.6466
vn -0.5387 -0.7724 0.3364
vn -0.0000 0.1866 -0.9824
vn 0.4938 0.7157 -0.4938
vn 0.6947 0.1866 -0.6947
vn 0.4938 0.4938 -0.7157
vn -0.0000 0.6984 -0.7157
vn -0.0000 0.7157 -0.6984
vn 0.6947 0.6947 -0.1866
vn -0.0000 0.9824 -0.1866
vn 0.9824 -0.0000 -0.1866
vn 0.6984 0.7157 -0.0000
vn 0.6984 -0.0000 -0.7157
vn 0.9824 0.1866 -0.0000
vn 0.4938 -0.4938 -0.7157
vn 0.6947 -0.6947 -0.1866
vn 0.4938 0.7157 0.4938
vn 0.6947 0.1866 0.6947
vn -0.0000 0.7157 0.6984
vn -0.0000 0.1866 0.9824
vn -0.0000 -0.6984 -0.7157
vn -0.0000 -0.9824 -0.1866
vn -0.6947 -0.1866 -0.6947
vn -0.6947 0.1866 -0.6947
vn -0.6947 0.1866 0.6947
vn 0.9824 -0.1866 -0.0000
vn -0.4938 0.7157 0.4938
vn 0.6947 -0.1866 -0.6947
vn -0.9824 0.1866 -0.0000
vn -0.9824 -0.1866 -0.0000
vn -0.6984 0.7157 -0.0000
vn -0.6947 -0.1866 0.6947
vn -0.4938 0.7157 -0.4938
vn 0.6947 -0.1866 0.6947
vn -0.0000 -0.1866 0.9824
vn -0.0000 -0.1866 -0.9824
vn 0.5294 -0.6630 -0.5294
vn -0.0000 -0.6630 -0.7486
vn 0.7486 -0.6630 -0.0000
vn 0.5294 -0.6630 0.5294
vn -0.0000 -0.6630 0.7486
vn -0.5294 -0.6630 0.5294
vn -0.7486 -0.6630 -0.0000
vn -0.5294 -0.6630 -0.5294
vn -0.6947 -0.6947 0.1866
vn -0.6947 -0.6947 -0.1866
vn -0.6947 0.6947 -0.1866
vn 0.9824 -0.0000 0.1866
vn -0.4938 0.4938 -0.7157
vn 0.6947 -0.6947 0.1866
vn -0.9824 -0.0000 -0.1866
vn -0.9824 -0.0000 0.1866
vn -0.6984 -0.0000 -0.7157
vn -0.6947 0.6947 0.1866
vn -0.4938 -0.4938 -0.7157
vn 0.6947 0.6947 0.1866
vn -0.0000 0.9824 0.1866
vn -0.0000 -0.9824 0.1866
vn 0.5294 -0.5294 0.6630
vn -0.0000 -0.7486 0.6630
vn 0.7486 -0.0000 0.6630
vn 0.5294 0.5294 0.6630
vn -0.0000 0.7486 0.6630
vn -0.5294 0.5294 0.6630
vn -0.7486 -0.0000 0.6630
vn -0.5294 -0.5294 0.6630
vn 0.5294 0.5293 0.6630
vn -0.5294 0.5293 0.6630
vn 0.4938 -0.1569 -0.8553
vn -0.0000 -0.7071 -0.7071
vn -0.0000 -0.0122 -0.9999
vn 0.6947 0.3593 -0.6231
vn -0.0000 0.5628 -0.8266
vn 0.9824 -0.1319 -0.1319
vn 0.6984 -0.5061 -0.5061
vn 0.4938 -0.8553 -0.1569
vn 0.6947 -0.6231 0.3593
vn -0.0000 -0.9999 -0.0123
vn -0.0000 -0.8266 0.5628
vn -0.6947 -0.3593 0.6231
vn -0.6947 -0.6231 0.3593
vn -0.6947 0.3593 -0.6231
vn 0.6947 0.6231 -0.3593
vn 0.9824 0.1319 0.1319
vn -0.4938 -0.1569 -0.8553
vn 0.6947 -0.3593 0.6231
vn -0.9824 -0.1319 -0.1319
vn -0.9824 0.1319 0.1319
vn -0.6984 -0.5061 -0.5061
vn -0.6947 0.6231 -0.3593
vn -0.4938 -0.8553 -0.1569
vn -0.0000 0.8266 -0.5628
vn -0.0000 -0.5628 0.8266
vn 0.5294 0.0945 0.8431
vn -0.0000 -0.0605 0.9982
vn -0.0000 0.7071 0.7071
vn 0.7486 0.4688 0.4688
vn 0.5294 0.8431 0.0945
vn -0.0000 0.9982 -0.0605
vn -0.5294 0.8431 0.0945
vn -0.7486 0.4688 0.4688
vn -0.5294 0.0945 0.8431
vn 0.4938 0.4938 0.7157
vn -0.0000 0.6984 0.7157
vn 0.6984 -0.0000 0.7157
vn 0.4938 -0.4938 0.7157
vn -0.0000 -0.6984 0.7157
vn -0.4938 0.4938 0.7157
vn -0.6984 -0.0000 0.7157
vn -0.4938 -0.4938 0.7157
vn 0.5294 -0.5294 -0.6630
vn -0.0000 -0.7486 -0.6630
vn 0.7486 -0.0000 -0.6630
vn 0.5294 0.5294 -0.6630
vn -0.0000 0.7486 -0.6630
vn -0.5294 0.5294 -0.6630
vn -0.7486 -0.0000 -0.6630
vn -0.5294 -0.5294 -0.6630
vn 0.5294 0.5293 -0.6630
vn -0.5294 0.5293 -0.6630
vn 0.4938 -0.1569 0.8553
vn -0.0000 -0.0122 0.9999
vn -0.0000 -0.7071 0.7071
vn 0.6947 0.3593 0.6231
vn 0.9824 -0.1319 0.1319
vn 0.6984 -0.5061 0.5061
vn 0.4938 -0.8553 0.1569
vn 0.6947 -0.6231 -0.3593
vn -0.0000 -0.9999 0.0123
vn -0.0000 -0.8266 -0.5628
vn -0.6947 -0.3593 -0.6231
vn -0.6947 -0.6231 -0.3593
vn -0.6947 0.3593 0.6231
vn -0.0000 0.5628 0.8266
vn 0.6947 0.6231 0.3593
vn -0.4938 -0.1569 0.8553
vn 0.6947 -0.3593 -0.6231
vn -0.9824 -0.1319 0.1319
vn -0.6984 -0.5061 0.5061
vn -0.6947 0.6231 0.3593
vn -0.4938 -0.8553 0.1569
vn -0.0000 0.8266 0.5628
vn 0.5294 0.0945 -0.8431
vn -0.0000 -0.5628 -0.8266
vn -0.0000 -0.0605 -0.9982
vn -0.0000 0.7071 -0.7071
vn 0.9824 0.1319 -0.1319
vn 0.7486 0.4688 -0.4688
vn 0.5294 0.8431 -0.0945
vn -0.0000 0.9982 0.0605
vn -0.5294 0.8431 -0.0945
vn -0.7486 0.4688 -0.4688
vn -0.9824 0.1319 -0.1319
vn -0.5294 0.0945 -0.8431
vn -0.3809 -0.0969 0.9195
vn -0.0000 -0.0969 0.9953
vn -0.3809 -0.0969 -0.9195
vn -0.3827 -0.0000 -0.9239
vn 0.3827 -0.0000 -0.9239
vn -0.0000 -0.0969 -0.9953
vn 0.3809 -0.0969 0.9195
vn 0.3827 -0.0000 0.9239
vn -0.7071 -0.0000 -0.7071
vn -0.7038 -0.0969 -0.7038
vn 0.7071 -0.0000 0.7071
vn 0.7038 -0.0969 0.7038
vn -0.9239 -0.0000 -0.3827
vn -0.9195 -0.0969 -0.3809
vn 0.9195 -0.0969 0.3809
vn 0.9239 -0.0000 0.3827
vn -0.9953 -0.0969 -0.0000
vn 0.9953 -0.0969 -0.0000
vn -0.9239 -0.0000 0.3827
vn -0.9195 -0.0969 0.3809
vn 0.9195 -0.0969 -0.3809
vn 0.9239 -0.0000 -0.3827
vn -0.7071 -0.0000 0.7071
vn -0.7038 -0.0969 0.7038
vn 0.7038 -0.0969 -0.7038
vn 0.7071 -0.0000 -0.7071
vn -0.3827 -0.0000 0.9239
vn 0.3809 -0.0969 -0.9195
vn -0.5083 0.6952 -0.5083
vn -0.8567 0.3744 -0.3549
vn -0.6641 0.6952 -0.2751
vn -0.0000 -0.9152 -0.4031
vn 0.1543 -0.9152 -0.3724
vn -0.0000 -0.6952 -0.7189
vn 0.3549 -0.3744 -0.8567
vn 0.2751 -0.6952 -0.6641
vn -0.6557 0.3744 -0.6557
vn -0.3809 0.0969 -0.9195
vn -0.7038 0.0969 -0.7038
vn -0.2751 0.6952 -0.6641
vn -0.0000 0.3744 -0.9273
vn -0.3549 0.3744 -0.8567
vn -0.0000 -0.3744 -0.9273
vn -0.0000 0.9152 -0.4031
vn -0.1543 0.9152 -0.3724
vn -0.9195 0.0969 -0.3809
vn 0.5083 -0.6952 -0.5083
vn 0.2850 -0.9152 -0.2850
vn 0.6557 -0.3744 -0.6557
vn -0.2850 0.9152 -0.2850
vn -0.3724 0.9152 -0.1543
vn 0.6641 -0.6952 -0.2751
vn 0.3724 -0.9152 -0.1543
vn 0.8567 -0.3744 -0.3549
vn -0.4031 0.9152 -0.0000
vn -0.7189 0.6952 -0.0000
vn -0.9273 0.3744 -0.0000
vn -0.9953 0.0969 -0.0000
vn -0.3724 0.9152 0.1543
vn -0.6641 0.6952 0.2751
vn -0.8567 0.3744 0.3549
vn -0.9195 0.0969 0.3809
vn 0.4031 -0.9152 -0.0000
vn 0.7189 -0.6952 -0.0000
vn 0.9273 -0.3744 -0.0000
vn 0.3724 -0.9152 0.1543
vn 0.6641 -0.6952 0.2751
vn -0.2850 0.9152 0.2850
vn 0.8567 -0.3744 0.3549
vn -0.5083 0.6952 0.5083
vn -0.6557 0.3744 0.6557
vn -0.7038 0.0969 0.7038
vn 0.5083 -0.6952 0.5083
vn 0.2850 -0.9152 0.2850
vn 0.6557 -0.3744 0.6557
vn -0.1543 0.9152 0.3724
vn -0.2751 0.6952 0.6641
vn -0.3549 0.3744 0.8567
vn -0.3809 0.0969 0.9195
vn 0.2751 -0.6952 0.6641
vn 0.1543 -0.9152 0.3724
vn 0.3549 -0.3744 0.8567
vn -0.0000 0.3744 0.9273
vn -0.0000 0.0969 0.9953
vn -0.0000 0.9152 0.4031
vn -0.0000 0.6952 0.7189
vn 0.3549 0.3744 0.8567
vn 0.3809 0.0969 0.9195
vn -0.0000 -0.9152 0.4031
vn -0.0000 -0.3744 0.9273
vn -0.0000 -0.6952 0.7189
vn 0.2751 0.6952 0.6641
vn 0.1543 0.9152 0.3724
vn -0.3549 -0.3744 0.8567
vn -0.2751 -0.6952 0.6641
vn 0.6557 0.3744 0.6557
vn 0.7038 0.0969 0.7038
vn -0.1543 -0.9152 0.3724
vn 0.2850 0.9152 0.2850
vn 0.5083 0.6952 0.5083
vn -0.5083 -0.6952 0.5083
vn -0.2850 -0.9152 0.2850
vn -0.6557 -0.3744 0.6557
vn 0.3724 0.9152 0.1543
vn 0.6641 0.6952 0.2751
vn 0.8567 0.3744 0.3549
vn 0.9195 0.0969 0.3809
vn -0.8567 -0.3744 0.3549
vn 0.4031 0.9152 -0.0000
vn 0.7189 0.6952 -0.0000
vn 0.9953 0.0969 -0.0000
vn 0.9273 0.3744 -0.0000
vn -0.3724 -0.9152 0.1543
vn -0.6641 -0.6952 0.2751
vn -0.4031 -0.9152 -0.0000
vn -0.9273 -0.3744 -0.0000
vn -0.7189 -0.6952 -0.0000
vn 0.8567 0.3744 -0.3549
vn 0.6641 0.6952 -0.2751
vn 0.3724 0.9152 -0.1543
vn 0.9195 0.0969 -0.3809
vn 0.6557 0.3744 -0.6557
vn 0.7038 0.0969 -0.7038
vn -0.3724 -0.9152 -0.1543
vn -0.8567 -0.3744 -0.3549
vn 0.2850 0.9152 -0.2850
vn 0.5083 0.6952 -0.5083
vn -0.6641 -0.6952 -0.2751
vn -0.2850 -0.9152 -0.2850
vn -0.6557 -0.3744 -0.6557
vn 0.1543 0.9152 -0.3724
vn 0.3549 0.3744 -0.8567
vn 0.2751 0.6952 -0.6641
vn -0.5083 -0.6952 -0.5083
vn 0.3809 0.0969 -0.9195
vn -0.0000 0.6952 -0.7189
vn -0.0000 0.0969 -0.9953
vn -0.1543 -0.9152 -0.3724
vn -0.3549 -0.3744 -0.8567
vn -0.2751 -0.6952 -0.6641
vn -0.5083 -0.3366 0.7927
vn -0.8567 -0.1397 0.4965
vn -0.6641 -0.4561 0.5924
vn -0.6557 0.0144 0.7549
vn -0.3087 0.8893 0.3373
vn -0.5704 0.7998 0.1871
vn -0.2751 -0.2568 0.9265
vn -0.0000 0.1535 0.9881
vn -0.3549 0.1174 0.9275
vn -0.0000 -0.5794 0.8150
vn -0.1543 -0.5952 0.7887
vn -0.7453 0.6657 -0.0376
vn -0.0000 -0.8588 0.5123
vn -0.2850 -0.6399 0.7136
vn -0.3724 -0.7069 0.6013
vn -0.4031 -0.7859 0.4688
vn -0.7189 -0.5970 0.3561
vn -0.9273 -0.3215 0.1918
vn -0.8067 0.5075 -0.3027
vn -0.3724 -0.8650 0.3364
vn -0.6641 -0.7379 0.1199
vn -0.8567 -0.5033 -0.1130
vn -0.7453 0.3494 -0.5679
vn -0.2850 -0.9320 0.2240
vn -0.5083 -0.8574 -0.0804
vn -0.6557 -0.6574 -0.3713
vn -0.5704 0.2153 -0.7926
vn -0.1543 -0.9767 0.1490
vn -0.2751 -0.9372 -0.2142
vn -0.3549 -0.7604 -0.5440
vn -0.3087 0.1257 -0.9428
vn -0.0000 -0.7965 -0.6046
vn -0.0000 0.0943 -0.9955
vn -0.0000 -0.9924 0.1227
vn -0.0000 -0.9653 -0.2612
vn 0.3087 0.1257 -0.9428
vn 0.3549 -0.7604 -0.5440
vn 0.2751 -0.9372 -0.2142
vn 0.1543 -0.9767 0.1490
vn 0.5704 0.2153 -0.7926
vn 0.6557 -0.6574 -0.3713
vn 0.2850 -0.9320 0.2240
vn 0.5083 -0.8574 -0.0804
vn 0.3724 -0.8650 0.3364
vn 0.6641 -0.7379 0.1199
vn 0.8567 -0.5033 -0.1130
vn 0.7453 0.3494 -0.5679
vn 0.4031 -0.7859 0.4688
vn 0.7189 -0.5970 0.3561
vn 0.8067 0.5075 -0.3028
vn 0.9273 -0.3215 0.1918
vn 0.8567 -0.1397 0.4965
vn 0.6641 -0.4561 0.5924
vn 0.3724 -0.7069 0.6013
vn 0.7453 0.6657 -0.0376
vn 0.6557 0.0144 0.7549
vn 0.5704 0.7998 0.1871
vn 0.2850 -0.6399 0.7136
vn 0.5083 -0.3366 0.7927
vn 0.1543 -0.5952 0.7887
vn 0.2751 -0.2568 0.9265
vn 0.3549 0.1174 0.9275
vn 0.3087 0.8893 0.3373
vn -0.0000 -0.2287 0.9735
vn -0.0000 0.9208 0.3900
vn -0.0000 0.8588 -0.5123
vn -0.8567 -0.1397 -0.4965
vn -0.5083 -0.3366 -0.7927
vn -0.6641 -0.4561 -0.5924
vn -0.6557 0.0144 -0.7549
vn -0.3087 0.8893 -0.3373
vn -0.3549 0.1174 -0.9275
vn -0.2751 -0.2568 -0.9265
vn -0.0000 0.1535 -0.9881
vn -0.0000 -0.2287 -0.9735
vn -0.0000 -0.5794 -0.8150
vn -0.1543 -0.5952 -0.7887
vn -0.7453 0.6657 0.0376
vn -0.0000 -0.8588 -0.5123
vn -0.3724 -0.7069 -0.6013
vn -0.2850 -0.6399 -0.7136
vn -0.4031 -0.7859 -0.4688
vn -0.7189 -0.5970 -0.3561
vn -0.8067 0.5075 0.3027
vn -0.9273 -0.3215 -0.1918
vn -0.3724 -0.8650 -0.3364
vn -0.8567 -0.5033 0.1130
vn -0.6641 -0.7379 -0.1199
vn -0.2850 -0.9320 -0.2240
vn -0.5083 -0.8574 0.0804
vn -0.6557 -0.6574 0.3713
vn -0.7453 0.3494 0.5679
vn -0.1543 -0.9767 -0.1490
vn -0.2751 -0.9372 0.2142
vn -0.3087 0.1257 0.9428
vn -0.3549 -0.7604 0.5439
vn -0.0000 -0.7965 0.6046
vn -0.0000 -0.9924 -0.1227
vn -0.0000 -0.9653 0.2612
vn 0.3087 0.1257 0.9428
vn 0.3549 -0.7604 0.5440
vn 0.2751 -0.9372 0.2142
vn 0.1543 -0.9767 -0.1490
vn 0.5704 0.2153 0.7926
vn 0.6557 -0.6574 0.3713
vn 0.2850 -0.9320 -0.2240
vn 0.5083 -0.8574 0.0804
vn 0.3724 -0.8650 -0.3364
vn 0.6641 -0.7379 -0.1199
vn 0.7453 0.3494 0.5679
vn 0.8567 -0.5033 0.1130
vn 0.4031 -0.7859 -0.4688
vn 0.8067 0.5075 0.3028
vn 0.9273 -0.3215 -0.1918
vn 0.7189 -0.5970 -0.3561
vn 0.8567 -0.1397 -0.4965
vn 0.6641 -0.4561 -0.5924
vn 0.3724 -0.7069 -0.6013
vn 0.7453 0.6657 0.0376
vn 0.6557 0.0144 -0.7549
vn 0.2850 -0.6399 -0.7136
vn 0.5083 -0.3366 -0.7927
vn 0.1543 -0.5952 -0.7887
vn 0.2751 -0.2568 -0.9265
vn 0.3087 0.8893 -0.3373
vn 0.3549 0.1174 -0.9275
vn -0.0000 0.9208 -0.3900
vn -0.5704 0.7998 -0.1871
vn -0.0000 0.8588 0.5123
vn -0.5704 0.2153 0.7926
vn 0.5704 0.7998 -0.1871
vn -0.0000 0.0943 0.9955
vn -0.0370 0.8842 0.4657
vn -0.0595 0.9982 -0.0000
vn -0.1433 0.8845 0.4440
vn -0.0772 0.0772 0.9940
vn -0.3002 0.3177 0.8994
vn -0.3150 0.0794 0.9457
vn -0.0609 0.6203 0.7820
vn -0.2447 0.6267 0.7398
vn -0.0734 0.3116 0.9474
vn -0.5913 0.3380 0.7322
vn -0.6254 0.0855 0.7756
vn -0.2734 0.8956 0.3510
vn -0.4732 0.6519 0.5925
vn -0.6512 0.6797 0.3376
vn -0.8301 0.3616 0.4245
vn -0.3707 0.9076 0.1972
vn -0.8863 0.0930 0.4536
vn -0.7217 0.6922 -0.0000
vn -0.9281 0.3723 -0.0000
vn -0.4082 0.9129 -0.0000
vn -0.0562 -0.6900 0.7216
vn -0.2331 -0.6720 0.7029
vn -0.9953 0.0965 -0.0000
vn -0.2331 -0.6720 -0.7029
vn -0.0562 -0.6900 -0.7216
vn -0.6684 -0.6596 -0.3438
vn -0.4666 -0.6667 -0.5813
vn -0.8863 0.0930 -0.4536
vn -0.6512 0.6797 -0.3376
vn -0.4666 -0.6667 0.5813
vn -0.6684 -0.6596 0.3438
vn -0.8301 0.3616 -0.4245
vn -0.3707 0.9076 -0.1972
vn -0.6254 0.0855 -0.7756
vn -0.4732 0.6519 -0.5925
vn -0.7548 -0.6560 -0.0000
vn -0.5913 0.3380 -0.7322
vn -0.2734 0.8956 -0.3510
vn -0.3002 0.3177 -0.8994
vn -0.1433 0.8845 -0.4440
vn -0.3151 0.0794 -0.9457
vn -0.2447 0.6267 -0.7398
vn -0.0734 0.3116 -0.9474
vn -0.0370 0.8842 -0.4657
vn -0.3150 0.0794 0.9458
vn -0.0772 0.0772 -0.9940
vn -0.0609 0.6203 -0.7820
vn -0.3150 0.0793 -0.9458
vn 0.0742 0.3138 -0.9466
vn 0.0739 0.0779 -0.9942
vn 0.0533 -0.6909 0.7210
vn -0.8863 0.0929 0.4536
vn 0.0642 0.9979 -0.0000
vn 0.0742 0.3138 0.9466
vn 0.0533 -0.6909 -0.7210
vn 0.0743 0.6236 -0.7782
vn 0.0739 0.0778 0.9942
vn 0.0743 0.6236 0.7782
vn 0.1273 0.8689 -0.4782
vn 0.1273 0.8689 0.4782
vn 0.5880 0.8089 -0.0000
vn 0.7172 0.4549 0.5280
vn 0.8695 0.4940 -0.0000
vn 0.3192 0.9477 -0.0000
vn 0.2786 0.9322 0.2313
vn 0.8015 0.1254 0.5847
vn 0.9899 0.1419 -0.0000
vn 0.5018 0.7710 0.3922
vn 0.4794 0.0982 0.8721
vn 0.3352 0.6980 0.6328
vn 0.4461 0.3804 0.8101
vn 0.1905 0.9030 0.3852
vn 0.1900 0.6458 0.7394
vn 0.2293 0.3316 0.9151
vn 0.1681 0.8896 0.4246
vn 0.2393 0.0831 0.9674
vn 0.0739 0.0779 0.9942
vn 0.3524 -0.6723 0.6510
vn 0.1730 -0.6868 0.7059
vn 0.6091 -0.6513 0.4527
vn 0.7729 -0.6346 -0.0000
vn 0.1730 -0.6868 -0.7059
vn 0.6091 -0.6513 -0.4527
vn 0.3524 -0.6723 -0.6510
vn 0.4794 0.0981 0.8721
vn 0.8015 0.1253 0.5847
vn 0.2393 0.0830 -0.9674
vn 0.0739 0.0778 -0.9942
vn 0.8015 0.1253 -0.5847
vn 0.4794 0.0981 -0.8721
vn 0.2293 0.3316 -0.9151
vn 0.2393 0.0831 -0.9674
vn 0.1681 0.8896 -0.4246
vn 0.1900 0.6458 -0.7394
vn 0.1905 0.9030 -0.3852
vn 0.3352 0.6980 -0.6328
vn 0.4461 0.3804 -0.8101
vn 0.2393 0.0830 0.9674
vn 0.4794 0.0982 -0.8721
vn 0.5018 0.7710 -0.3922
vn 0.7172 0.4549 -0.5280
vn 0.2786 0.9322 -0.2313
vn 0.8015 0.1254 -0.5847
vn -0.9584 -0.0900 0.2707
vn -0.0676 -0.9508 0.3022
vn -0.2144 -0.1868 0.9587
vn 0.7518 -0.0900 0.6532
vn -0.1390 0.7708 0.6217
vn -0.7518 -0.0900 0.6532
vn 0.0676 -0.9508 0.3022
vn 0.2144 -0.1868 0.9587
vn 0.9584 -0.0900 0.2707
vn 0.1390 0.7708 0.6217
vn -0.1795 -0.1564 -0.9713
vn 0.0175 -0.9792 -0.2021
vn -0.6867 -0.7151 -0.1303
vn 0.6519 -0.6480 -0.3937
vn 0.8586 0.0134 -0.5124
vn 0.5702 0.5969 -0.5645
vn -0.0235 0.8717 -0.4895
vn -0.6852 0.6362 -0.3546
vn -0.9854 -0.0226 -0.1689
vn -0.6876 -0.7178 -0.1089
vn 0.0243 -0.9847 -0.1723
vn 0.6772 -0.6538 -0.3375
vn 0.0394 -0.9984 -0.0416
vn -0.6901 -0.7234 -0.0217
vn 0.8978 0.0190 -0.4400
vn 0.6055 0.6321 -0.4835
vn 0.9938 0.0374 -0.1045
vn 0.7421 -0.6650 -0.0835
vn -0.0184 0.9073 -0.4201
vn -0.6887 0.6582 -0.3041
vn -0.6957 0.7143 -0.0758
vn -0.0008 0.9949 -0.1007
vn -0.9895 -0.0170 -0.1435
vn -0.9994 -0.0058 -0.0331
vn 0.0182 -0.9902 0.1381
vn 0.6951 -0.6712 0.2575
vn 0.6003 -0.6932 0.3989
vn -0.0301 -0.9776 0.2081
vn -0.6891 -0.7184 0.0953
vn 0.9409 0.0129 0.3385
vn 0.6419 0.6702 0.3727
vn 0.5532 0.5888 0.5893
vn 0.8476 -0.0389 0.5292
vn -0.0275 0.9464 0.3220
vn -0.7031 0.6719 0.2329
vn -0.0847 0.8602 0.5028
vn -0.9928 -0.0227 0.1176
vn -0.9825 -0.0609 0.1763
vn -0.7277 0.5847 0.3586
vn -0.6920 -0.7123 0.1176
vn -0.0428 -0.9811 0.1885
vn 0.5825 -0.7106 0.3945
vn 0.5810 -0.7131 0.3924
vn -0.0405 -0.9826 0.1810
vn -0.6928 -0.7131 0.1075
vn 0.8357 -0.0626 0.5456
vn 0.5364 0.5764 0.6165
vn 0.5278 0.5693 0.6303
vn 0.8298 -0.0683 0.5538
vn -0.1109 0.8503 0.5145
vn -0.7440 0.5692 0.3499
vn -0.7460 0.5693 0.3454
vn -0.1164 0.8460 0.5204
vn -0.9852 -0.0705 0.1563
vn -0.9867 -0.0683 0.1476
vn 0.5739 -0.7116 0.4053
vn -0.6919 -0.7116 0.1222
vn 0.5211 0.5627 0.6417
vn -0.7448 0.5627 0.3587
vn 0.1795 -0.1564 -0.9713
vn -0.0175 -0.9792 -0.2021
vn -0.6519 -0.6480 -0.3937
vn 0.6867 -0.7151 -0.1303
vn 0.9854 -0.0226 -0.1689
vn 0.6852 0.6362 -0.3546
vn 0.0235 0.8717 -0.4895
vn -0.5702 0.5969 -0.5645
vn -0.8586 0.0134 -0.5124
vn -0.0243 -0.9847 -0.1723
vn 0.6876 -0.7178 -0.1089
vn 0.6901 -0.7234 -0.0217
vn -0.0394 -0.9984 -0.0416
vn -0.6772 -0.6538 -0.3375
vn 0.9895 -0.0170 -0.1435
vn 0.6887 0.6582 -0.3041
vn 0.9994 -0.0058 -0.0331
vn 0.0184 0.9073 -0.4201
vn -0.6055 0.6321 -0.4835
vn 0.0008 0.9949 -0.1007
vn 0.6957 0.7143 -0.0758
vn -0.8978 0.0190 -0.4400
vn -0.7421 -0.6650 -0.0835
vn -0.9938 0.0374 -0.1045
vn -0.6951 -0.6712 0.2575
vn -0.0182 -0.9902 0.1381
vn 0.6891 -0.7184 0.0953
vn 0.0301 -0.9776 0.2081
vn -0.6003 -0.6932 0.3989
vn 0.9928 -0.0227 0.1176
vn 0.7031 0.6719 0.2329
vn 0.7277 0.5847 0.3586
vn 0.9825 -0.0609 0.1763
vn 0.0275 0.9464 0.3220
vn -0.6419 0.6702 0.3727
vn -0.5532 0.5888 0.5893
vn 0.0847 0.8602 0.5028
vn -0.9409 0.0129 0.3385
vn -0.8476 -0.0389 0.5292
vn -0.5825 -0.7106 0.3945
vn 0.0428 -0.9811 0.1885
vn 0.6920 -0.7123 0.1176
vn 0.6928 -0.7131 0.1075
vn 0.0405 -0.9826 0.1810
vn -0.5810 -0.7131 0.3924
vn 0.9852 -0.0705 0.1563
vn 0.7440 0.5692 0.3499
vn 0.7460 0.5693 0.3455
vn 0.9867 -0.0683 0.1476
vn 0.1109 0.8503 0.5145
vn -0.5364 0.5764 0.6165
vn -0.5278 0.5693 0.6303
vn 0.1164 0.8460 0.5204
vn -0.8357 -0.0626 0.5456
vn -0.8298 -0.0683 0.5538
vn 0.6919 -0.7116 0.1222
vn -0.5740 -0.7116 0.4053
vn 0.7460 0.5693 0.3454
vn 0.7448 0.5627 0.3586
vn -0.5211 0.5627 0.6417
vn -0.3150 0.0794 -0.9458
vn -0.3150 0.0793 0.9458
vn -0.8863 0.0929 -0.4536
vn -0.0676 -0.9508 -0.3022
vn -0.9584 -0.0901 -0.2707
vn -0.2144 -0.1868 -0.9587
vn 0.7518 -0.0900 -0.6532
vn -0.1390 0.7708 -0.6217
vn 0.0676 -0.9508 -0.3022
vn -0.7518 -0.0900 -0.6532
vn 0.2144 -0.1868 -0.9587
vn 0.9584 -0.0900 -0.2707
vn 0.1390 0.7708 -0.6217
vn -0.1795 -0.1564 0.9713
vn -0.6867 -0.7151 0.1303
vn 0.0175 -0.9792 0.2021
vn 0.6519 -0.6481 0.3937
vn 0.8586 0.0134 0.5124
vn 0.5702 0.5969 0.5645
vn -0.0235 0.8717 0.4895
vn -0.6852 0.6362 0.3546
vn -0.9854 -0.0226 0.1689
vn -0.6876 -0.7178 0.1089
vn 0.0243 -0.9847 0.1723
vn 0.0394 -0.9984 0.0416
vn 0.6772 -0.6538 0.3375
vn -0.6901 -0.7234 0.0217
vn 0.8978 0.0190 0.4400
vn 0.9938 0.0374 0.1045
vn 0.6055 0.6321 0.4835
vn 0.7421 -0.6650 0.0835
vn -0.0184 0.9073 0.4201
vn -0.6887 0.6582 0.3041
vn -0.6957 0.7143 0.0758
vn -0.0008 0.9949 0.1007
vn -0.9895 -0.0170 0.1435
vn -0.9994 -0.0058 0.0331
vn 0.0182 -0.9902 -0.1381
vn -0.6891 -0.7184 -0.0953
vn 0.6951 -0.6712 -0.2575
vn 0.6003 -0.6932 -0.3989
vn -0.0301 -0.9776 -0.2081
vn 0.9409 0.0129 -0.3385
vn 0.6419 0.6702 -0.3727
vn 0.5532 0.5888 -0.5893
vn 0.8476 -0.0389 -0.5292
vn -0.0275 0.9464 -0.3220
vn -0.0847 0.8602 -0.5028
vn -0.7031 0.6719 -0.2329
vn -0.9928 -0.0227 -0.1176
vn -0.9825 -0.0609 -0.1763
vn -0.7277 0.5847 -0.3586
vn -0.6920 -0.7123 -0.1176
vn -0.0428 -0.9811 -0.1885
vn 0.5825 -0.7106 -0.3945
vn 0.5810 -0.7131 -0.3924
vn -0.6928 -0.7131 -0.1075
vn -0.0405 -0.9826 -0.1810
vn 0.8357 -0.0626 -0.5456
vn 0.5364 0.5764 -0.6165
vn 0.5278 0.5693 -0.6303
vn 0.8298 -0.0683 -0.5538
vn -0.1109 0.8503 -0.5145
vn -0.7460 0.5693 -0.3454
vn -0.7440 0.5692 -0.3499
vn -0.1164 0.8460 -0.5204
vn -0.9852 -0.0705 -0.1563
vn -0.9867 -0.0683 -0.1476
vn 0.5740 -0.7116 -0.4053
vn -0.6919 -0.7116 -0.1222
vn 0.5211 0.5627 -0.6418
vn -0.7448 0.5627 -0.3587
vn 0.1795 -0.1564 0.9713
vn -0.6519 -0.6481 0.3937
vn -0.0175 -0.9792 0.2021
vn 0.6867 -0.7151 0.1303
vn 0.9854 -0.0226 0.1689
vn 0.6852 0.6362 0.3546
vn 0.0235 0.8717 0.4895
vn -0.5702 0.5969 0.5645
vn -0.8586 0.0134 0.5124
vn -0.0243 -0.9847 0.1723
vn -0.6772 -0.6538 0.3375
vn 0.6876 -0.7178 0.1089
vn 0.6901 -0.7234 0.0217
vn -0.0394 -0.9984 0.0416
vn 0.9895 -0.0170 0.1435
vn 0.9994 -0.0058 0.0331
vn 0.6887 0.6582 0.3041
vn 0.0184 0.9073 0.4201
vn 0.0008 0.9949 0.1007
vn -0.6055 0.6321 0.4835
vn 0.6957 0.7143 0.0758
vn -0.8978 0.0190 0.4400
vn -0.7421 -0.6650 0.0835
vn -0.9938 0.0374 0.1045
vn -0.6951 -0.6712 -0.2575
vn -0.0182 -0.9902 -0.1381
vn 0.0301 -0.9776 -0.2081
vn 0.6891 -0.7184 -0.0953
vn -0.6003 -0.6932 -0.3989
vn 0.9928 -0.0227 -0.1176
vn 0.7031 0.6719 -0.2329
vn 0.7277 0.5847 -0.3586
vn 0.9825 -0.0609 -0.1763
vn 0.0275 0.9464 -0.3220
vn -0.6419 0.6702 -0.3727
vn -0.5532 0.5888 -0.5893
vn 0.0847 0.8602 -0.5028
vn -0.9409 0.0129 -0.3385
vn -0.8476 -0.0389 -0.5292
vn -0.5825 -0.7106 -0.3945
vn 0.0428 -0.9811 -0.1885
vn 0.6920 -0.7123 -0.1176
vn 0.6928 -0.7131 -0.1075
vn -0.5810 -0.7131 -0.3924
vn 0.0405 -0.9826 -0.1810
vn 0.9852 -0.0705 -0.1563
vn 0.7440 0.5692 -0.3499
vn 0.7460 0.5693 -0.3455
vn 0.9867 -0.0683 -0.1476
vn 0.1109 0.8503 -0.5145
vn -0.5364 0.5764 -0.6165
vn -0.5278 0.5693 -0.6303
vn 0.1164 0.8460 -0.5204
vn -0.8357 -0.0626 -0.5456
vn -0.8298 -0.0683 -0.5538
vn 0.6919 -0.7116 -0.1222
vn -0.5740 -0.7116 -0.4053
vn 0.7460 0.5693 -0.3454
vn 0.7448 0.5627 -0.3586
vn -0.5211 0.5627 -0.6418
vn -0.6705 -0.0781 -0.7378
vn -0.5799 -0.7785 -0.2402
vn -0.8825 -0.2416 -0.4036
vn 0.6934 0.2466 0.6771
vn 0.5799 -0.7785 0.2402
vn 0.8938 0.2615 0.3644
vn -0.6277 -0.7785 -0.0000
vn -0.9495 -0.3136 -0.0000
vn 0.9640 0.2661 -0.0000
vn 0.6277 -0.7785 -0.0000
vn -0.5799 -0.7785 0.2402
vn -0.8825 -0.2416 0.4036
vn 0.5799 -0.7785 -0.2402
vn 0.8938 0.2615 -0.3644
vn -0.6705 -0.0781 0.7378
vn -0.4438 -0.7785 0.4438
vn 0.6934 0.2466 -0.6771
vn 0.4438 -0.7785 -0.4438
vn -0.2402 -0.7785 0.5799
vn -0.3437 0.0706 0.9364
vn 0.2402 -0.7785 -0.5799
vn 0.3912 0.2172 -0.8943
vn -0.0000 -0.7785 0.6277
vn 0.0292 0.1641 0.9860
vn -0.3437 0.0706 -0.9364
vn -0.0000 -0.7785 -0.6277
vn -0.2402 -0.7785 -0.5799
vn 0.0292 0.1641 -0.9860
vn 0.2402 -0.7785 0.5799
vn 0.3912 0.2172 0.8943
vn -0.4438 -0.7785 -0.4438
vn 0.4438 -0.7785 0.4438
vn 0.1186 -0.9507 0.2864
vn -0.1186 -0.9507 -0.2864
vn -0.2192 -0.9507 -0.2192
vn 0.2192 -0.9507 0.2192
vn -0.2864 -0.9507 -0.1186
vn 0.2864 -0.9507 0.1186
vn -0.3100 -0.9507 -0.0000
vn 0.3100 -0.9507 -0.0000
vn -0.2864 -0.9507 0.1186
vn 0.2864 -0.9507 -0.1186
vn -0.2192 -0.9507 0.2192
vn 0.2192 -0.9507 -0.2192
vn -0.1186 -0.9507 0.2864
vn 0.1186 -0.9507 -0.2864
vn -0.0000 -0.9507 0.3100
vn -0.0000 -0.9507 -0.3100
vn -0.7323 0.1637 -0.6610
vn 0.7242 0.6178 0.3064
vn 0.5576 0.5978 0.5760
vn -0.9354 0.0387 -0.3515
vn 0.7816 0.6237 -0.0000
vn -0.9354 0.0387 0.3515
vn -0.7323 0.1637 0.6610
vn 0.7242 0.6178 -0.3064
vn -0.4042 0.3385 0.8497
vn 0.5576 0.5978 -0.5760
vn -0.0351 0.4766 0.8784
vn -0.0351 0.4766 -0.8784
vn 0.2972 0.5562 -0.7761
vn 0.2972 0.5562 0.7761
vn -0.4042 0.3385 -0.8497
vn 0.6135 0.7897 -0.0000
vn -0.0912 0.8156 -0.5714
vn -0.1388 0.9903 -0.0000
vn -0.0912 0.8156 0.5714
vn 0.4390 0.5581 0.7041
vn 0.8131 0.0997 -0.5736
vn 0.4390 0.5581 -0.7041
vn -0.4082 -0.2270 -0.8842
vn 0.0216 -0.9998 -0.0000
vn -0.8739 -0.4861 -0.0000
vn -0.4082 -0.2270 0.8842
vn -0.8380 0.5457 -0.0000
vn 0.4129 0.9108 -0.0000
vn -0.2785 0.7720 -0.5714
vn -0.3654 0.9308 -0.0000
vn 0.7675 0.2862 0.5736
vn 0.9307 0.3657 -0.0000
vn 0.7675 0.2862 -0.5736
vn 0.2971 0.6450 -0.7041
vn -0.3441 -0.3158 -0.8842
vn 0.2537 -0.9673 -0.0000
vn -0.7368 -0.6761 -0.0000
vn -0.3441 -0.3158 0.8842
vn -0.9420 0.3356 -0.0000
vn 0.5933 0.7897 -0.1560
vn -0.2335 0.8156 -0.5294
vn -0.1342 0.9903 0.0353
vn 0.0571 0.8156 0.5758
vn 0.6036 0.5581 0.5693
vn 0.9322 0.0997 0.3480
vn 0.9577 0.1390 -0.2518
vn 0.6405 0.0997 -0.7615
vn 0.2455 0.5581 -0.7926
vn -0.6196 -0.2271 -0.7513
vn 0.0209 -0.9998 -0.0055
vn -0.8452 -0.4861 0.2222
vn -0.1700 -0.2271 0.9589
vn -0.8105 0.5457 0.2131
vn 0.3993 0.9108 -0.1050
vn -0.4147 0.7720 -0.4818
vn -0.3534 0.9308 0.0929
vn -0.1241 0.7720 0.6234
vn 0.4663 0.6450 0.6054
vn 0.8882 0.2862 0.3596
vn 0.9002 0.3657 -0.2367
vn 0.5965 0.2862 -0.7499
vn 0.1083 0.6450 -0.7565
vn -0.5577 -0.3158 -0.7676
vn 0.2454 -0.9673 -0.0645
vn -0.7126 -0.6761 0.1874
vn -0.1080 -0.3158 0.9426
vn -0.9110 0.3356 0.2396
vn 0.4566 0.7897 -0.4097
vn -0.4495 0.8156 -0.3644
vn -0.1033 0.9903 0.0927
vn 0.3137 0.8156 0.4862
vn 0.7970 0.5581 0.2309
vn 0.9882 0.0997 -0.1161
vn 0.7371 0.1390 -0.6613
vn 0.2221 0.0997 -0.9699
vn -0.1434 0.5581 -0.8173
vn -0.8943 -0.2271 -0.3855
vn 0.0161 -0.9998 -0.0144
vn -0.6505 -0.4861 0.5836
vn 0.2866 -0.2270 0.9307
vn -0.6237 0.5457 0.5596
vn 0.3073 0.9108 -0.2757
vn -0.5889 0.7720 -0.2393
vn -0.2720 0.9308 0.2441
vn 0.1743 0.7720 0.6113
vn 0.6913 0.6450 0.3257
vn 0.9543 0.2862 -0.0857
vn 0.6928 0.3657 -0.6216
vn 0.1882 0.2862 -0.9395
vn -0.2491 0.6450 -0.7225
vn -0.8467 -0.3158 -0.4283
vn 0.1889 -0.9673 -0.1694
vn -0.5484 -0.6761 0.4920
vn 0.3344 -0.3158 0.8880
vn -0.7011 0.3356 0.6291
vn 0.3368 0.7897 -0.5128
vn -0.5277 0.8156 -0.2375
vn -0.0762 0.9903 0.1160
vn 0.4275 0.8156 0.3899
vn 0.8295 0.5581 0.0196
vn 0.9258 0.0997 -0.3647
vn 0.5437 0.1390 -0.8277
vn -0.0331 0.0997 -0.9945
vn -0.3475 0.5581 -0.7535
vn -0.9631 -0.2271 -0.1442
vn 0.0118 -0.9998 -0.0181
vn -0.4798 -0.4860 0.7305
vn 0.5149 -0.2271 0.8266
vn -0.4600 0.5457 0.7004
vn 0.2267 0.9108 -0.3451
vn -0.6305 0.7720 -0.0809
vn -0.2006 0.9308 0.3055
vn 0.3247 0.7720 0.5465
vn 0.7516 0.6450 0.1383
vn 0.9008 0.2862 -0.3266
vn 0.5110 0.3657 -0.7779
vn -0.0580 0.2862 -0.9564
vn -0.4254 0.6450 -0.6348
vn -0.9280 -0.3158 -0.1978
vn 0.1393 -0.9673 -0.2121
vn -0.4045 -0.6762 0.6158
vn 0.5501 -0.3158 0.7731
vn -0.5172 0.3357 0.7873
vn 0.8582 -0.5133 -0.0000
vn 0.9903 0.1390 -0.0000
vn 0.8131 0.0997 0.5736
vn 0.6553 -0.3118 0.6880
vn 0.3691 -0.6297 0.6835
vn 0.5653 -0.8249 -0.0000
vn 0.1001 0.1065 0.9893
vn -0.4219 0.5735 0.7022
vn -0.6014 0.3689 0.7086
vn -0.1069 -0.1266 0.9862
vn -0.6823 0.7311 -0.0000
vn -0.4219 0.5735 -0.7022
vn -0.8054 0.5927 -0.0000
vn 0.1001 0.1065 -0.9893
vn 0.6553 -0.3118 -0.6880
vn -0.1069 -0.1266 -0.9862
vn -0.6014 0.3689 -0.7086
vn 0.3017 -0.9534 -0.0000
vn 0.3691 -0.6297 -0.6835
vn 0.1364 -0.7436 0.6546
vn 0.1809 -0.9835 -0.0000
vn 0.1364 -0.7436 -0.6546
vn -0.2352 -0.1960 0.9520
vn -0.6382 0.3561 0.6826
vn -0.2985 -0.1910 0.9351
vn 0.0248 -0.7602 0.6492
vn -0.6382 0.3561 -0.6826
vn -0.7899 0.6132 -0.0000
vn -0.6538 0.3725 -0.6587
vn -0.7779 0.6284 -0.0000
vn -0.2352 -0.1960 -0.9520
vn 0.0248 -0.7602 -0.6492
vn -0.2985 -0.1910 -0.9351
vn 0.0053 -0.7548 0.6560
vn 0.1611 -0.9869 -0.0000
vn -0.0045 -0.7540 0.6568
vn 0.1474 -0.9891 -0.0000
vn -0.0045 -0.7540 -0.6568
vn 0.0053 -0.7548 -0.6560
vn -0.3083 -0.1741 0.9352
vn -0.6538 0.3725 0.6587
vn -0.6487 0.3882 0.6546
vn -0.6430 0.3939 0.6568
vn -0.3076 -0.1711 0.9360
vn -0.7680 0.6405 -0.0000
vn -0.6487 0.3882 -0.6546
vn -0.6430 0.3939 -0.6568
vn -0.7626 0.6469 -0.0000
vn -0.3083 -0.1741 -0.9352
vn -0.3076 -0.1711 -0.9360
vn -0.0045 -0.7541 -0.6568
vn -0.0045 -0.7541 0.6568
vn -0.0176 -0.7571 0.6531
vn -0.0176 -0.7571 -0.6531
vn -0.6525 0.3844 0.6531
vn -0.6525 0.3844 -0.6531
vn 0.9541 -0.2995 -0.0000
vn 0.7099 -0.1507 0.6880
vn 0.0726 0.1268 0.9893
vn 0.2971 0.6450 0.7041
vn -0.2785 0.7720 0.5714
vn -0.5438 0.4595 0.7022
vn -0.6708 0.2188 0.7086
vn -0.0745 -0.1480 0.9862
vn -0.8337 0.5522 -0.0000
vn -0.5438 0.4595 -0.7022
vn -0.9213 0.3890 -0.0000
vn 0.0726 0.1268 -0.9893
vn 0.7099 -0.1507 -0.6880
vn -0.0745 -0.1480 -0.9862
vn -0.6708 0.2188 -0.7086
vn 0.5153 -0.8570 -0.0000
vn 0.5055 -0.5265 0.6835
vn 0.3057 -0.6914 0.6546
vn 0.4048 -0.9144 -0.0000
vn -0.1831 -0.2453 0.9520
vn -0.7035 0.1978 0.6826
vn -0.2459 -0.2553 0.9351
vn 0.2010 -0.7336 0.6492
vn -0.9109 0.4125 -0.0000
vn -0.7225 0.2101 0.6587
vn -0.1831 -0.2453 -0.9520
vn 0.3057 -0.6914 -0.6546
vn 0.2010 -0.7336 -0.6492
vn -0.2459 -0.2553 -0.9351
vn -0.7035 0.1978 -0.6826
vn 0.1808 -0.7328 0.6560
vn 0.3864 -0.9223 -0.0000
vn 0.1712 -0.7344 0.6568
vn 0.3736 -0.9276 -0.0000
vn -0.2593 -0.2411 0.9352
vn -0.7212 0.2266 0.6546
vn -0.7170 0.2335 0.6568
vn -0.2593 -0.2380 0.9360
vn -0.9028 0.4301 -0.0000
vn -0.8960 0.4441 -0.0000
vn -0.7212 0.2266 -0.6546
vn -0.7170 0.2335 -0.6568
vn -0.8922 0.4517 -0.0000
vn -0.2593 -0.2411 -0.9352
vn -0.7225 0.2101 -0.6587
vn 0.1808 -0.7328 -0.6560
vn 0.1712 -0.7344 -0.6568
vn -0.2593 -0.2380 -0.9360
vn 0.1591 -0.7404 0.6531
vn 0.1591 -0.7404 -0.6531
vn -0.7241 0.2219 0.6531
vn -0.7241 0.2219 -0.6531
vn 0.8300 -0.5133 -0.2182
vn 0.8087 -0.3118 0.4988
vn 0.5308 -0.6297 0.5672
vn 0.5467 -0.8249 -0.1438
vn 0.1831 -0.6297 -0.7549
vn 0.4588 -0.3118 -0.8320
vn 0.3484 0.1065 0.9313
vn -0.2295 0.5735 0.7864
vn -0.4015 0.3689 0.8383
vn 0.1474 -0.1266 0.9809
vn -0.6599 0.7311 0.1735
vn -0.5866 0.5735 -0.5719
vn -0.7789 0.5927 0.2048
vn -0.1547 0.1065 -0.9822
vn -0.3542 -0.1266 -0.9266
vn -0.7619 0.3689 -0.5324
vn 0.2918 -0.9534 -0.0767
vn 0.2983 -0.7436 0.5984
vn 0.1749 -0.9835 -0.0460
vn -0.0346 -0.7436 -0.6678
vn 0.0146 -0.1960 0.9805
vn -0.4436 0.3561 0.8224
vn -0.0509 -0.1910 0.9803
vn 0.1890 -0.7602 0.6216
vn -0.7639 0.6132 0.2009
vn -0.7908 0.3561 -0.4979
vn -0.7998 0.3725 -0.4708
vn -0.7523 0.6284 0.1978
vn -0.4648 0.3725 0.8033
vn -0.4695 -0.1960 -0.8609
vn -0.1411 -0.7602 -0.6342
vn -0.5265 -0.1910 -0.8284
vn -0.1617 -0.7548 -0.6357
vn 0.1558 -0.9869 -0.0410
vn 0.1719 -0.7548 0.6331
vn 0.1627 -0.7540 0.6363
vn 0.1426 -0.9891 -0.0375
vn -0.1713 -0.7540 -0.6341
vn -0.0604 -0.1741 0.9829
vn -0.4609 0.3882 0.7980
vn -0.4548 0.3939 0.7987
vn -0.0594 -0.1711 0.9835
vn -0.7427 0.6405 0.1953
vn -0.7938 0.3882 -0.4682
vn -0.7889 0.3939 -0.4717
vn -0.7375 0.6469 0.1939
vn -0.5360 -0.1741 -0.8261
vn -0.5355 -0.1711 -0.8270
vn -0.1713 -0.7541 -0.6341
vn 0.1627 -0.7541 0.6363
vn 0.1490 -0.7571 0.6361
vn -0.1831 -0.7571 -0.6271
vn -0.0595 -0.1711 0.9835
vn -0.4650 0.3844 0.7975
vn -0.7971 0.3844 -0.4657
vn 0.9227 -0.2995 -0.2426
vn 0.8615 -0.1507 0.4849
vn 0.6627 -0.5265 0.5325
vn 0.7174 -0.6706 -0.1886
vn 0.3151 -0.5265 -0.7896
vn 0.5116 -0.1507 -0.8459
vn 0.3218 0.1268 0.9383
vn -0.3473 0.4595 0.8174
vn -0.4685 0.2188 0.8559
vn 0.1787 -0.1480 0.9727
vn -0.8063 0.5522 0.2120
vn -0.7045 0.4595 -0.5409
vn -0.8910 0.3890 0.2343
vn -0.1813 0.1268 -0.9752
vn -0.3228 -0.1480 -0.9348
vn -0.8289 0.2188 -0.5148
vn 0.4984 -0.8570 -0.1310
vn 0.4621 -0.6914 0.5554
vn 0.3915 -0.9144 -0.1029
vn 0.1292 -0.6914 -0.7108
vn 0.0650 -0.2453 0.9673
vn -0.5068 0.1978 0.8390
vn -0.0000 -0.2553 0.9669
vn 0.3595 -0.7336 0.5767
vn -0.8810 0.4125 0.2316
vn -0.8540 0.1978 -0.4813
vn -0.8663 0.2101 -0.4533
vn -0.8731 0.4301 0.2296
vn -0.5313 0.2101 0.8207
vn -0.4192 -0.2453 -0.8741
vn 0.0293 -0.7336 -0.6790
vn -0.4756 -0.2553 -0.8418
vn 0.0081 -0.7328 -0.6804
vn 0.3737 -0.9223 -0.0983
vn 0.3417 -0.7328 0.5884
vn 0.3325 -0.7344 0.5917
vn 0.3613 -0.9276 -0.0950
vn -0.0015 -0.7344 -0.6787
vn -0.0130 -0.2411 0.9704
vn -0.5310 0.2266 0.8165
vn -0.5264 0.2335 0.8175
vn -0.0128 -0.2380 0.9712
vn -0.8665 0.4441 0.2278
vn -0.8640 0.2266 -0.4497
vn -0.8605 0.2335 -0.4529
vn -0.8629 0.4517 0.2269
vn -0.4886 -0.2410 -0.8385
vn -0.4888 -0.2380 -0.8393
vn 0.3200 -0.7404 0.5912
vn -0.0122 -0.7404 -0.6721
vn -0.5342 0.2219 0.8157
vn -0.8663 0.2220 -0.4475
vn 0.6388 -0.5133 -0.5731
vn 0.9472 -0.3118 0.0745
vn 0.7312 -0.6297 0.2623
vn 0.4208 -0.8249 -0.3775
vn -0.1818 -0.6297 -0.7553
vn 0.0283 -0.3118 -0.9497
vn 0.7352 0.1065 0.6695
vn 0.1549 0.5735 0.8044
vn 0.0256 0.3689 0.9291
vn 0.5790 -0.1266 0.8054
vn -0.5078 0.7311 0.4556
vn -0.7830 0.5735 -0.2409
vn -0.5995 0.5927 0.5379
vn -0.5861 0.1065 -0.8032
vn -0.7382 -0.1266 -0.6626
vn -0.9209 0.3689 -0.1258
vn 0.2246 -0.9534 -0.2015
vn 0.5387 -0.7436 0.3962
vn 0.1346 -0.9835 -0.1208
vn -0.3357 -0.7436 -0.5783
vn 0.4607 -0.1960 0.8656
vn -0.0191 0.3561 0.9342
vn 0.4023 -0.1910 0.8954
vn 0.4520 -0.7602 0.4667
vn -0.5879 0.6132 0.5275
vn -0.9308 0.3561 -0.0819
vn -0.9265 0.3725 -0.0536
vn -0.5790 0.6284 0.5195
vn -0.0468 0.3725 0.9269
vn -0.8108 -0.1960 -0.5515
vn -0.4151 -0.7602 -0.4997
vn -0.8467 -0.1910 -0.4966
vn -0.4341 -0.7548 -0.4918
vn 0.1199 -0.9869 -0.1076
vn 0.4420 -0.7548 0.4847
vn 0.4353 -0.7540 0.4919
vn 0.1097 -0.9891 -0.0985
vn -0.4419 -0.7540 -0.4859
vn 0.3951 -0.1741 0.9020
vn -0.0456 0.3882 0.9204
vn -0.0400 0.3939 0.9183
vn 0.3962 -0.1711 0.9021
vn -0.5716 0.6405 0.5129
vn -0.9200 0.3882 -0.0541
vn -0.9172 0.3939 -0.0595
vn -0.5676 0.6469 0.5092
vn -0.8540 -0.1741 -0.4902
vn -0.8540 -0.1711 -0.4913
vn -0.4420 -0.7541 -0.4859
vn 0.1097 -0.9891 -0.0984
vn 0.4353 -0.7541 0.4919
vn 0.4230 -0.7571 0.4979
vn -0.4492 -0.7571 -0.4743
vn -0.0495 0.3844 0.9219
vn -0.5676 0.6469 0.5093
vn -0.9218 0.3844 -0.0503
vn 0.7102 -0.2995 -0.6372
vn 0.9879 -0.1507 0.0380
vn 0.8327 -0.5265 0.1712
vn 0.5521 -0.6706 -0.4954
vn -0.0802 -0.5265 -0.8464
vn 0.0689 -0.1507 -0.9862
vn 0.7147 0.1268 0.6878
vn 0.0642 0.4595 0.8858
vn -0.0260 0.2188 0.9754
vn 0.6031 -0.1480 0.7838
vn -0.6205 0.5522 0.5568
vn -0.8737 0.4595 -0.1595
vn -0.6857 0.3890 0.6152
vn -0.6066 0.1268 -0.7848
vn -0.7140 -0.1480 -0.6843
vn -0.9725 0.2188 -0.0795
vn 0.3836 -0.8570 -0.3441
vn 0.6647 -0.6914 0.2831
vn 0.3013 -0.9144 -0.2703
vn -0.2096 -0.6914 -0.6914
vn 0.4995 -0.2453 0.8309
vn -0.0678 0.1978 0.9779
vn 0.4415 -0.2553 0.8602
vn 0.5832 -0.7336 0.3490
vn -0.6780 0.4125 0.6083
vn -0.9795 0.1978 -0.0382
vn -0.9777 0.2101 -0.0077
vn -0.6720 0.4301 0.6029
vn -0.0979 0.2101 0.9728
vn -0.7720 -0.2453 -0.5863
vn -0.2839 -0.7336 -0.6175
vn -0.8075 -0.2553 -0.5318
vn -0.3035 -0.7328 -0.6090
vn 0.2876 -0.9223 -0.2580
vn 0.5727 -0.7328 0.3675
vn 0.5660 -0.7344 0.3746
vn 0.2781 -0.9276 -0.2495
vn -0.3112 -0.7344 -0.6032
vn 0.4316 -0.2411 0.8693
vn -0.0996 0.2266 0.9689
vn -0.0951 0.2335 0.9677
vn 0.4321 -0.2380 0.8699
vn -0.6669 0.4441 0.5983
vn -0.9740 0.2266 -0.0056
vn -0.9723 0.2335 -0.0100
vn -0.6641 0.4517 0.5958
vn -0.8176 -0.2410 -0.5229
vn -0.8181 -0.2380 -0.5235
vn 0.5546 -0.7404 0.3799
vn -0.3177 -0.7404 -0.5924
vn -0.1028 0.2219 0.9696
vn -0.9751 0.2219 -0.0025
vn 0.4711 -0.5133 -0.7173
vn 0.9348 -0.3118 -0.1700
vn 0.7739 -0.6297 0.0668
vn 0.3104 -0.8249 -0.4725
vn -0.3687 -0.6297 -0.6837
vn -0.2153 -0.3118 -0.9254
vn 0.8818 0.1065 0.4594
vn 0.3553 0.5735 0.7382
vn 0.2621 0.3689 0.8917
vn 0.7656 -0.1266 0.6308
vn -0.3746 0.7311 0.5703
vn -0.8186 0.5735 -0.0329
vn -0.4422 0.5927 0.6732
vn -0.7719 0.1065 -0.6268
vn -0.8830 -0.1266 -0.4520
vn -0.9225 0.3689 0.1137
vn 0.1656 -0.9534 -0.2522
vn 0.6220 -0.7436 0.2454
vn 0.0993 -0.9835 -0.1512
vn -0.4723 -0.7436 -0.4734
vn 0.6666 -0.1960 0.7192
vn 0.2202 0.3561 0.9081
vn 0.6177 -0.1910 0.7629
vn 0.5562 -0.7602 0.3357
vn -0.4337 0.6132 0.6602
vn -0.9209 0.3561 0.1587
vn -0.9094 0.3725 0.1848
vn -0.4271 0.6284 0.6502
vn 0.1916 0.3725 0.9080
vn -0.9248 -0.1960 -0.3261
vn -0.5290 -0.7602 -0.3771
vn -0.9455 -0.1910 -0.2638
vn -0.5454 -0.7548 -0.3645
vn 0.0884 -0.9869 -0.1347
vn 0.5512 -0.7548 0.3557
vn 0.5465 -0.7540 0.3643
vn 0.0809 -0.9891 -0.1232
vn -0.5514 -0.7540 -0.3568
vn 0.6124 -0.1741 0.7711
vn 0.1911 0.3882 0.9015
vn 0.1960 0.3939 0.8980
vn 0.6135 -0.1711 0.7709
vn -0.4216 0.6405 0.6419
vn -0.9033 0.3882 0.1828
vn -0.9020 0.3939 0.1769
vn -0.4186 0.6469 0.6374
vn -0.9509 -0.1741 -0.2557
vn -0.9512 -0.1711 -0.2568
vn 0.5362 -0.7571 0.3733
vn -0.5555 -0.7571 -0.3438
vn 0.1876 0.3843 0.9039
vn -0.9041 0.3844 0.1869
vn 0.5238 -0.2995 -0.7975
vn 0.9648 -0.1507 -0.2156
vn 0.8488 -0.5265 -0.0473
vn 0.4072 -0.6706 -0.6200
vn -0.2938 -0.5265 -0.7978
vn -0.1853 -0.1507 -0.9711
vn 0.8667 0.1268 0.4824
vn 0.2884 0.4595 0.8400
vn 0.2240 0.2188 0.9497
vn 0.7834 -0.1480 0.6037
vn -0.4577 0.5522 0.6968
vn -0.8855 0.4595 0.0690
vn -0.5058 0.3890 0.7700
vn -0.7870 0.1268 -0.6038
vn -0.8652 -0.1480 -0.4791
vn -0.9606 0.2188 0.1716
vn 0.2829 -0.8570 -0.4307
vn 0.7150 -0.6914 0.1039
vn 0.2222 -0.9144 -0.3383
vn -0.3793 -0.6914 -0.6149
vn 0.6952 -0.2453 0.6757
vn 0.1843 0.1978 0.9628
vn 0.6466 -0.2553 0.7189
vn 0.6530 -0.7336 0.1884
vn -0.5001 0.4125 0.7614
vn -0.9568 0.1978 0.2133
vn -0.9472 0.2101 0.2423
vn -0.4956 0.4301 0.7546
vn 0.1539 0.2101 0.9655
vn -0.8962 -0.2453 -0.3696
vn -0.4323 -0.7336 -0.5244
vn -0.9165 -0.2553 -0.3079
vn -0.4490 -0.7328 -0.5113
vn 0.2121 -0.9223 -0.3230
vn 0.6475 -0.7328 0.2090
vn 0.6429 -0.7344 0.2175
vn 0.2051 -0.9276 -0.3123
vn -0.4550 -0.7344 -0.5036
vn 0.6393 -0.2411 0.7302
vn 0.1512 0.2266 0.9622
vn 0.1553 0.2334 0.9599
vn 0.6400 -0.2380 0.7306
vn -0.4919 0.4441 0.7489
vn -0.9431 0.2266 0.2434
vn -0.9426 0.2335 0.2387
vn -0.4898 0.4517 0.7457
vn -0.9241 -0.2411 -0.2967
vn -0.9247 -0.2380 -0.2971
vn 0.2051 -0.9276 -0.3122
vn 0.6332 -0.7404 0.2255
vn -0.4585 -0.7404 -0.4915
vn 0.1554 0.2334 0.9599
vn 0.1483 0.2219 0.9637
vn -0.9426 0.2334 0.2387
vn -0.9434 0.2219 0.2466
vn 0.5933 0.7897 0.1560
vn -0.2335 0.8156 0.5294
vn 0.2455 0.5581 0.7926
vn 0.0571 0.8156 -0.5758
vn -0.1342 0.9903 -0.0353
vn 0.9322 0.0997 -0.3480
vn 0.6036 0.5581 -0.5693
vn 0.6405 0.0997 0.7615
vn 0.9577 0.1390 0.2518
vn 0.0209 -0.9998 0.0055
vn -0.6196 -0.2271 0.7513
vn -0.8452 -0.4861 -0.2222
vn -0.1699 -0.2271 -0.9589
vn -0.8105 0.5457 -0.2131
vn 0.3993 0.9108 0.1050
vn -0.4147 0.7720 0.4818
vn 0.1083 0.6450 0.7565
vn -0.1241 0.7720 -0.6234
vn -0.3534 0.9308 -0.0929
vn 0.8882 0.2862 -0.3596
vn 0.4663 0.6450 -0.6054
vn 0.5965 0.2862 0.7499
vn 0.9002 0.3657 0.2367
vn 0.2454 -0.9673 0.0645
vn -0.5577 -0.3158 0.7676
vn -0.7126 -0.6761 -0.1873
vn -0.1080 -0.3158 -0.9426
vn -0.9110 0.3356 -0.2396
vn 0.4566 0.7897 0.4097
vn -0.4495 0.8156 0.3644
vn -0.1434 0.5581 0.8173
vn 0.3137 0.8156 -0.4862
vn -0.1033 0.9903 -0.0927
vn 0.9882 0.0997 0.1161
vn 0.7970 0.5581 -0.2309
vn 0.2221 0.0997 0.9699
vn 0.7371 0.1390 0.6613
vn 0.0161 -0.9998 0.0144
vn -0.8943 -0.2271 0.3855
vn -0.6505 -0.4861 -0.5836
vn 0.2866 -0.2270 -0.9307
vn -0.6237 0.5457 -0.5596
vn 0.3073 0.9108 0.2757
vn -0.5889 0.7720 0.2393
vn -0.2491 0.6450 0.7225
vn 0.1743 0.7720 -0.6113
vn -0.2720 0.9308 -0.2441
vn 0.9543 0.2862 0.0857
vn 0.6913 0.6450 -0.3257
vn 0.1882 0.2862 0.9395
vn 0.6928 0.3657 0.6216
vn 0.1889 -0.9673 0.1694
vn -0.8466 -0.3158 0.4283
vn -0.5484 -0.6761 -0.4920
vn 0.3343 -0.3158 -0.8880
vn -0.7011 0.3356 -0.6291
vn 0.3368 0.7897 0.5128
vn -0.5277 0.8156 0.2375
vn -0.3475 0.5581 0.7535
vn 0.4275 0.8156 -0.3899
vn -0.0762 0.9903 -0.1160
vn 0.9258 0.0997 0.3647
vn 0.8295 0.5581 -0.0196
vn -0.0330 0.0997 0.9945
vn 0.5437 0.1390 0.8277
vn 0.0118 -0.9998 0.0181
vn -0.9631 -0.2271 0.1442
vn -0.4798 -0.4861 -0.7305
vn 0.5149 -0.2271 -0.8266
vn -0.4601 0.5457 -0.7004
vn 0.2267 0.9108 0.3451
vn -0.6305 0.7720 0.0809
vn -0.4254 0.6450 0.6348
vn 0.3247 0.7720 -0.5465
vn -0.2006 0.9308 -0.3055
vn 0.9008 0.2862 0.3266
vn 0.7516 0.6450 -0.1383
vn -0.0580 0.2862 0.9564
vn 0.5110 0.3657 0.7779
vn 0.1393 -0.9673 0.2121
vn -0.9280 -0.3158 0.1978
vn -0.4045 -0.6762 -0.6158
vn 0.5501 -0.3158 -0.7731
vn -0.5172 0.3357 -0.7873
vn 0.5055 -0.5265 -0.6835
vn 0.7418 -0.6706 -0.0000
vn 0.8300 -0.5133 0.2182
vn 0.4588 -0.3118 0.8320
vn 0.5308 -0.6297 -0.5672
vn 0.8087 -0.3118 -0.4988
vn 0.1831 -0.6297 0.7549
vn 0.5467 -0.8249 0.1438
vn 0.3484 0.1065 -0.9313
vn -0.4015 0.3689 -0.8383
vn -0.2295 0.5735 -0.7864
vn 0.1474 -0.1266 -0.9809
vn -0.6599 0.7311 -0.1735
vn -0.7789 0.5927 -0.2048
vn -0.5866 0.5735 0.5719
vn -0.1547 0.1065 0.9822
vn -0.3542 -0.1266 0.9266
vn -0.7619 0.3689 0.5324
vn 0.2918 -0.9534 0.0767
vn -0.0346 -0.7436 0.6678
vn 0.1749 -0.9835 0.0460
vn 0.2983 -0.7436 -0.5984
vn 0.0146 -0.1960 -0.9805
vn -0.0509 -0.1910 -0.9803
vn -0.4436 0.3561 -0.8224
vn 0.1890 -0.7602 -0.6216
vn -0.7639 0.6132 -0.2009
vn -0.7908 0.3561 0.4979
vn -0.7998 0.3725 0.4708
vn -0.4648 0.3725 -0.8033
vn -0.7523 0.6284 -0.1978
vn -0.4695 -0.1960 0.8609
vn -0.1411 -0.7602 0.6342
vn -0.5265 -0.1910 0.8284
vn -0.1617 -0.7548 0.6357
vn 0.1558 -0.9869 0.0410
vn 0.1719 -0.7548 -0.6331
vn 0.1627 -0.7540 -0.6363
vn -0.1713 -0.7541 0.6341
vn 0.1426 -0.9891 0.0375
vn -0.0604 -0.1741 -0.9829
vn -0.4548 0.3939 -0.7987
vn -0.4609 0.3882 -0.7980
vn -0.0594 -0.1711 -0.9835
vn -0.7427 0.6405 -0.1953
vn -0.7938 0.3882 0.4682
vn -0.7889 0.3939 0.4717
vn -0.7375 0.6469 -0.1939
vn -0.5360 -0.1741 0.8261
vn -0.5355 -0.1711 0.8270
vn 0.1627 -0.7541 -0.6363
vn 0.1490 -0.7571 -0.6361
vn -0.1831 -0.7571 0.6271
vn -0.0595 -0.1711 -0.9835
vn -0.4650 0.3844 -0.7975
vn -0.7971 0.3844 0.4657
vn 0.9227 -0.2995 0.2426
vn 0.5116 -0.1507 0.8459
vn 0.6627 -0.5265 -0.5325
vn 0.8615 -0.1507 -0.4849
vn 0.3151 -0.5265 0.7896
vn 0.7174 -0.6706 0.1886
vn 0.3218 0.1268 -0.9383
vn -0.4685 0.2188 -0.8559
vn -0.3473 0.4595 -0.8174
vn 0.1787 -0.1480 -0.9727
vn -0.8063 0.5522 -0.2120
vn -0.8910 0.3890 -0.2343
vn -0.7045 0.4595 0.5409
vn -0.1813 0.1268 0.9752
vn -0.3228 -0.1480 0.9348
vn -0.8289 0.2188 0.5148
vn 0.4984 -0.8570 0.1310
vn 0.1292 -0.6914 0.7108
vn 0.3915 -0.9144 0.1029
vn 0.4621 -0.6914 -0.5554
vn 0.0650 -0.2453 -0.9673
vn -0.0000 -0.2553 -0.9669
vn -0.5068 0.1978 -0.8390
vn 0.3595 -0.7336 -0.5767
vn -0.8810 0.4125 -0.2316
vn -0.8540 0.1978 0.4813
vn -0.8663 0.2101 0.4533
vn -0.5313 0.2101 -0.8207
vn -0.8731 0.4301 -0.2296
vn -0.4192 -0.2453 0.8741
vn 0.0293 -0.7336 0.6790
vn -0.4756 -0.2553 0.8418
vn 0.0081 -0.7328 0.6804
vn 0.3737 -0.9223 0.0983
vn 0.3417 -0.7328 -0.5884
vn 0.3325 -0.7344 -0.5917
vn -0.0015 -0.7344 0.6787
vn 0.3613 -0.9276 0.0950
vn -0.0130 -0.2411 -0.9704
vn -0.5264 0.2335 -0.8175
vn -0.5310 0.2266 -0.8165
vn -0.0128 -0.2380 -0.9712
vn -0.8665 0.4441 -0.2278
vn -0.8640 0.2266 0.4497
vn -0.8605 0.2335 0.4529
vn -0.8629 0.4517 -0.2269
vn -0.4886 -0.2411 0.8385
vn -0.4888 -0.2380 0.8393
vn 0.3200 -0.7404 -0.5912
vn -0.0122 -0.7404 0.6721
vn -0.5342 0.2219 -0.8157
vn -0.8663 0.2220 0.4475
vn 0.6388 -0.5133 0.5731
vn 0.0283 -0.3118 0.9497
vn 0.7312 -0.6297 -0.2623
vn 0.9472 -0.3118 -0.0745
vn -0.1818 -0.6297 0.7553
vn 0.4208 -0.8249 0.3775
vn 0.7352 0.1065 -0.6695
vn 0.0256 0.3689 -0.9291
vn 0.1549 0.5735 -0.8044
vn 0.5790 -0.1266 -0.8054
vn -0.5078 0.7311 -0.4556
vn -0.5995 0.5927 -0.5379
vn -0.7830 0.5735 0.2409
vn -0.5861 0.1065 0.8032
vn -0.7382 -0.1266 0.6626
vn -0.9209 0.3689 0.1258
vn 0.2246 -0.9534 0.2015
vn -0.3357 -0.7436 0.5783
vn 0.1346 -0.9835 0.1208
vn 0.5387 -0.7436 -0.3962
vn 0.4607 -0.1960 -0.8656
vn 0.4023 -0.1910 -0.8954
vn -0.0191 0.3561 -0.9342
vn 0.4520 -0.7602 -0.4667
vn -0.5879 0.6132 -0.5275
vn -0.9308 0.3561 0.0819
vn -0.9265 0.3725 0.0536
vn -0.0468 0.3725 -0.9269
vn -0.5790 0.6284 -0.5195
vn -0.8108 -0.1960 0.5515
vn -0.4151 -0.7602 0.4997
vn -0.8467 -0.1910 0.4966
vn -0.4341 -0.7548 0.4918
vn 0.1199 -0.9869 0.1076
vn 0.4420 -0.7548 -0.4847
vn 0.4353 -0.7540 -0.4919
vn -0.4419 -0.7541 0.4859
vn 0.1097 -0.9891 0.0985
vn 0.3951 -0.1741 -0.9020
vn -0.0400 0.3939 -0.9183
vn -0.0456 0.3882 -0.9204
vn 0.3962 -0.1711 -0.9021
vn -0.5716 0.6405 -0.5129
vn -0.9200 0.3882 0.0541
vn -0.9172 0.3939 0.0595
vn -0.5676 0.6469 -0.5092
vn -0.8540 -0.1741 0.4902
vn -0.8540 -0.1711 0.4913
vn -0.4420 -0.7541 0.4859
vn 0.1097 -0.9891 0.0984
vn 0.4230 -0.7571 -0.4979
vn -0.4492 -0.7571 0.4743
vn -0.0495 0.3844 -0.9219
vn -0.5676 0.6469 -0.5093
vn -0.9218 0.3844 0.0503
vn 0.7102 -0.2995 0.6372
vn 0.0689 -0.1507 0.9862
vn 0.8327 -0.5265 -0.1712
vn 0.9879 -0.1507 -0.0380
vn -0.0802 -0.5265 0.8464
vn 0.5521 -0.6706 0.4954
vn 0.7147 0.1268 -0.6878
vn -0.0260 0.2188 -0.9754
vn 0.0642 0.4595 -0.8858
vn 0.6031 -0.1480 -0.7838
vn -0.6205 0.5522 -0.5568
vn -0.6857 0.3890 -0.6152
vn -0.8737 0.4595 0.1595
vn -0.6066 0.1268 0.7848
vn -0.7140 -0.1480 0.6843
vn -0.9725 0.2188 0.0795
vn 0.3836 -0.8570 0.3441
vn -0.2096 -0.6914 0.6914
vn 0.3013 -0.9144 0.2703
vn 0.6647 -0.6914 -0.2831
vn 0.4995 -0.2453 -0.8309
vn 0.4415 -0.2553 -0.8602
vn -0.0678 0.1978 -0.9779
vn 0.5832 -0.7336 -0.3490
vn -0.6780 0.4125 -0.6083
vn -0.9795 0.1978 0.0382
vn -0.9777 0.2101 0.0077
vn -0.0979 0.2101 -0.9728
vn -0.6720 0.4301 -0.6029
vn -0.7720 -0.2453 0.5863
vn -0.2839 -0.7336 0.6175
vn -0.8075 -0.2553 0.5318
vn -0.3035 -0.7328 0.6090
vn 0.2876 -0.9223 0.2580
vn 0.5727 -0.7328 -0.3675
vn 0.5660 -0.7344 -0.3746
vn -0.3112 -0.7344 0.6032
vn 0.2781 -0.9276 0.2495
vn 0.4316 -0.2411 -0.8693
vn -0.0951 0.2335 -0.9677
vn -0.0996 0.2266 -0.9689
vn 0.4321 -0.2380 -0.8699
vn -0.6669 0.4441 -0.5983
vn -0.9740 0.2266 0.0056
vn -0.9723 0.2335 0.0100
vn -0.6641 0.4517 -0.5958
vn -0.8176 -0.2411 0.5229
vn -0.8181 -0.2380 0.5235
vn 0.5546 -0.7404 -0.3799
vn -0.3177 -0.7404 0.5924
vn -0.1028 0.2219 -0.9696
vn -0.9751 0.2219 0.0025
vn 0.4711 -0.5133 0.7173
vn -0.2153 -0.3118 0.9254
vn 0.7739 -0.6297 -0.0668
vn 0.9348 -0.3118 0.1700
vn -0.3687 -0.6297 0.6837
vn 0.3104 -0.8249 0.4725
vn 0.8818 0.1065 -0.4594
vn 0.2621 0.3689 -0.8917
vn 0.3553 0.5735 -0.7382
vn 0.7656 -0.1266 -0.6308
vn -0.3746 0.7311 -0.5703
vn -0.4422 0.5927 -0.6732
vn -0.8186 0.5735 0.0329
vn -0.7719 0.1065 0.6268
vn -0.8830 -0.1266 0.4520
vn -0.9225 0.3689 -0.1137
vn 0.1656 -0.9534 0.2522
vn -0.4723 -0.7436 0.4734
vn 0.0993 -0.9835 0.1512
vn 0.6220 -0.7436 -0.2454
vn 0.6666 -0.1960 -0.7192
vn 0.6177 -0.1910 -0.7629
vn 0.2202 0.3561 -0.9081
vn 0.5562 -0.7602 -0.3357
vn -0.4337 0.6132 -0.6602
vn -0.9209 0.3561 -0.1587
vn -0.9094 0.3725 -0.1848
vn 0.1916 0.3725 -0.9080
vn -0.4271 0.6284 -0.6502
vn -0.9248 -0.1960 0.3261
vn -0.5290 -0.7602 0.3771
vn -0.9455 -0.1910 0.2638
vn -0.5454 -0.7548 0.3645
vn 0.0884 -0.9869 0.1347
vn 0.5512 -0.7548 -0.3557
vn 0.5465 -0.7540 -0.3643
vn -0.5514 -0.7540 0.3568
vn 0.0809 -0.9891 0.1232
vn 0.6124 -0.1741 -0.7711
vn 0.1960 0.3939 -0.8980
vn 0.1911 0.3882 -0.9015
vn 0.6135 -0.1711 -0.7709
vn -0.4216 0.6405 -0.6419
vn -0.9033 0.3882 -0.1828
vn -0.9020 0.3939 -0.1769
vn -0.4186 0.6469 -0.6374
vn -0.9509 -0.1741 0.2557
vn -0.9512 -0.1711 0.2568
vn -0.5514 -0.7541 0.3568
vn 0.5362 -0.7571 -0.3733
vn -0.5555 -0.7571 0.3438
vn 0.1876 0.3843 -0.9039
vn -0.9041 0.3844 -0.1869
vn 0.5238 -0.2995 0.7975
vn -0.1853 -0.1507 0.9711
vn 0.8488 -0.5265 0.0473
vn 0.9648 -0.1507 0.2156
vn -0.2938 -0.5265 0.7978
vn 0.4072 -0.6706 0.6200
vn 0.8667 0.1268 -0.4824
vn 0.2240 0.2188 -0.9497
vn 0.2884 0.4595 -0.8400
vn 0.7834 -0.1480 -0.6037
vn -0.4577 0.5522 -0.6968
vn -0.5058 0.3890 -0.7700
vn -0.8855 0.4595 -0.0690
vn -0.7870 0.1268 0.6038
vn -0.8652 -0.1480 0.4791
vn -0.9606 0.2188 -0.1716
vn 0.2829 -0.8570 0.4307
vn -0.3793 -0.6914 0.6149
vn 0.2222 -0.9144 0.3383
vn 0.7150 -0.6914 -0.1039
vn 0.6952 -0.2453 -0.6757
vn 0.6466 -0.2553 -0.7189
vn 0.1843 0.1978 -0.9628
vn 0.6530 -0.7336 -0.1884
vn -0.5001 0.4125 -0.7614
vn -0.9568 0.1978 -0.2133
vn -0.9472 0.2101 -0.2423
vn 0.1539 0.2101 -0.9655
vn -0.4956 0.4301 -0.7546
vn -0.8962 -0.2453 0.3696
vn -0.4323 -0.7336 0.5244
vn -0.9165 -0.2553 0.3079
vn -0.4490 -0.7328 0.5113
vn 0.2121 -0.9223 0.3230
vn 0.6475 -0.7328 -0.2090
vn 0.6429 -0.7344 -0.2175
vn -0.4550 -0.7344 0.5036
vn 0.2051 -0.9276 0.3122
vn 0.6393 -0.2411 -0.7302
vn 0.1553 0.2334 -0.9599
vn 0.1512 0.2266 -0.9622
vn 0.6400 -0.2380 -0.7306
vn -0.4919 0.4441 -0.7489
vn -0.9431 0.2266 -0.2434
vn -0.9426 0.2335 -0.2387
vn -0.4898 0.4517 -0.7457
vn -0.9241 -0.2411 0.2967
vn -0.9247 -0.2380 0.2971
vn 0.6332 -0.7404 -0.2255
vn -0.4585 -0.7404 0.4915
vn 0.1554 0.2334 -0.9599
vn 0.1483 0.2219 -0.9637
vn -0.9426 0.2334 -0.2387
vn -0.9434 0.2219 -0.2466
vn -0.4221 -0.9057 -0.0403
vn -0.8664 -0.4473 0.2221
vn -0.8416 -0.4737 -0.2594
vn -0.5407 -0.5613 -0.6266
vn -0.1196 -0.7953 -0.5943
vn 0.2233 -0.9326 -0.2835
vn 0.1708 -0.9657 0.1953
vn -0.1024 -0.8186 0.5652
vn -0.5512 -0.6441 0.5303
vn -0.2100 0.3607 0.9087
vn 0.9091 -0.0558 0.4129
vn 0.4148 0.8902 0.1885
vn 0.5462 0.3607 -0.7560
vn -0.5729 0.7773 -0.2602
vn -0.8631 -0.1882 0.4686
vn -0.0524 -0.9354 0.3497
vn -0.1413 -0.3033 0.9424
vn 0.6877 -0.1882 0.7012
vn -0.1230 0.5589 0.8200
vn -0.5973 0.0990 -0.7959
vn -0.0000 0.6812 -0.7321
vn -0.0000 0.0512 -0.9987
vn 0.5973 0.0990 -0.7959
vn 0.4525 -0.4566 -0.7660
vn -0.0000 -0.5680 -0.8230
vn -0.4525 -0.4566 -0.7660
vn -0.8249 -0.4332 0.3632
vn -0.0000 -0.9632 -0.2689
vn -0.0000 -0.7663 0.6425
vn 0.8249 -0.4332 0.3632
vn -0.0000 0.0968 0.9953
vn -0.0000 0.0211 -0.9998
vn -0.5685 0.6103 -0.5517
vn -0.0000 0.7093 -0.7049
vn 0.5685 0.6103 -0.5517
vn 0.6881 0.0484 -0.7240
vn 0.5166 -0.5913 -0.6192
vn -0.0000 -0.7324 -0.6808
vn -0.5166 -0.5913 -0.6192
vn -0.6881 0.0484 -0.7240
vn -0.8819 -0.3902 0.2645
vn -0.0000 -0.8851 -0.4654
vn -0.0000 -0.8277 0.5611
vn 0.8819 -0.3902 0.2645
vn -0.0000 0.1047 0.9945
vn -0.3334 -0.7155 -0.6139
vn -0.8216 0.0461 -0.5682
vn -0.3556 -0.0357 -0.9339
vn 0.2380 -0.1011 -0.9660
vn 0.4089 -0.6022 -0.6857
vn 0.4275 -0.8895 -0.1612
vn -0.1156 -0.9911 0.0662
vn -0.6292 -0.7407 0.2355
vn -0.8899 -0.4143 -0.1909
vn -0.0000 0.9983 -0.0577
vn 0.6984 0.1155 -0.7063
vn -0.0000 0.4597 -0.8881
vn -0.6984 0.1155 -0.7063
vn -0.8601 0.5093 -0.0294
vn -0.6984 0.1962 0.6883
vn -0.0000 0.5590 0.8292
vn 0.6984 0.1962 0.6883
vn 0.8601 0.5093 -0.0294
vn -0.0000 0.9952 0.0974
vn -0.6978 0.0929 0.7102
vn -0.0000 0.4253 0.9051
vn 0.6978 0.0929 0.7102
vn 0.8593 0.5090 0.0498
vn 0.6978 0.2288 -0.6788
vn -0.0000 0.5927 -0.8055
vn -0.6978 0.2288 -0.6788
vn -0.8593 0.5090 0.0498
vn 0.8994 -0.1906 0.3933
vn 0.3821 -0.0984 0.9189
vn 0.8835 -0.2732 0.3806
vn 0.9414 -0.0616 -0.3315
vn 0.9496 -0.0293 -0.3122
vn 0.8994 -0.1677 0.4037
vn 0.3988 -0.0366 0.9163
vn 0.4980 0.2214 -0.8384
vn 0.9113 -0.1804 -0.3702
vn 0.4480 0.0931 -0.8892
vn -0.1579 0.5391 -0.8273
vn -0.1388 0.5768 -0.8050
vn 0.5142 0.2571 -0.8182
vn -0.7368 0.5763 -0.3536
vn -0.6691 0.6708 -0.3199
vn -0.7683 0.5049 0.3934
vn -0.7102 0.5732 0.4087
vn -0.6505 0.6973 -0.3010
vn -0.3107 0.2132 0.9263
vn -0.2794 0.2607 0.9241
vn 0.4001 -0.0205 0.9163
vn -0.2695 0.2704 0.9243
vn -0.6909 0.5891 0.4192
vn 0.3973 -0.0258 0.9173
vn 0.8971 -0.1704 0.4075
vn 0.9513 -0.0287 -0.3069
vn 0.9518 -0.0279 -0.3054
vn 0.8970 -0.1715 0.4074
vn 0.3962 -0.0279 0.9177
vn 0.5170 0.2610 -0.8152
vn -0.1379 0.5818 -0.8015
vn -0.1370 0.5842 -0.8000
vn 0.5179 0.2637 -0.8138
vn -0.6520 0.6980 -0.2962
vn -0.6922 0.5853 0.4222
vn -0.6926 0.5842 0.4232
vn -0.6513 0.6988 -0.2958
vn -0.2708 0.2658 0.9252
vn -0.2721 0.2637 0.9254
vn 0.5179 0.2636 -0.8138
vn 0.9531 -0.0178 -0.3022
vn 0.3995 -0.0178 0.9166
vn -0.1318 0.5921 -0.7950
vn -0.6855 0.5921 0.4238
vn 0.6861 -0.6382 0.3492
vn 0.6614 -0.6451 -0.3825
vn 0.8340 -0.4050 0.3748
vn 0.3386 -0.1975 0.9200
vn 0.1852 -0.4782 0.8585
vn 0.2261 -0.3680 -0.9019
vn -0.4556 -0.1020 -0.8843
vn 0.3558 -0.1235 -0.9264
vn 0.8412 -0.3744 -0.3903
vn -0.9177 0.1412 -0.3712
vn -0.9320 0.0646 0.3568
vn -0.8409 0.3748 0.3904
vn -0.8338 0.4054 -0.3746
vn -0.4576 -0.1286 0.8798
vn -0.3550 0.1254 0.9264
vn 0.3538 -0.1690 0.9199
vn 0.8513 -0.3680 0.3741
vn 0.8635 -0.3185 -0.3910
vn 0.3834 -0.0604 -0.9216
vn -0.3377 0.1994 -0.9199
vn -0.3054 0.2626 -0.9153
vn -0.2263 0.4149 -0.8813
vn -0.8076 0.4563 -0.3735
vn -0.8233 0.4148 0.3874
vn -0.3434 0.1518 0.9268
vn -0.0027 -0.9792 0.2028
vn -0.6340 -0.6150 0.4687
vn 0.0658 -0.8907 0.4499
vn 0.6836 -0.7290 0.0355
vn 0.6075 -0.7822 -0.1382
vn -0.0515 -0.9927 -0.1090
vn -0.6595 -0.7243 0.2013
vn 0.8632 -0.2033 -0.4622
vn 0.8233 -0.2104 -0.5272
vn 0.4970 0.3475 -0.7951
vn 0.4899 0.3640 -0.7921
vn 0.8153 -0.1494 -0.5595
vn 0.5590 -0.7615 -0.3281
vn -0.1539 0.6336 -0.7582
vn -0.1738 0.6308 -0.7562
vn -0.7734 0.4172 -0.4774
vn -0.7206 0.4417 -0.5344
vn -0.1032 0.7009 -0.7058
vn -0.9899 -0.1329 -0.0498
vn -0.7933 0.4654 -0.3926
vn -0.9901 -0.0395 0.1349
vn -0.6307 -0.7605 -0.1543
vn -0.9523 -0.1626 -0.2583
vn -0.0029 -0.9780 -0.2084
vn 0.6764 -0.6895 -0.2590
vn 0.7378 -0.6648 0.1171
vn 0.0286 -0.9988 0.0394
vn -0.6598 -0.7106 -0.2444
vn 0.9328 -0.0169 -0.3601
vn 0.5152 0.4489 -0.7301
vn 0.6220 0.6362 -0.4565
vn 0.9891 0.0514 0.1383
vn -0.0379 0.8953 -0.4438
vn -0.7008 0.6227 -0.3480
vn -0.0047 0.9910 0.1337
vn -0.9720 -0.0638 -0.2260
vn -0.9949 -0.0078 0.1008
vn -0.6905 0.7098 0.1394
vn 0.0068 -0.9614 0.2751
vn -0.6965 -0.7168 0.0334
vn 0.6319 -0.6507 0.4209
vn 0.5666 -0.6862 0.4562
vn -0.0223 -0.9577 0.2870
vn -0.6296 -0.7136 0.3071
vn -0.6497 -0.7011 0.2939
vn 0.8515 0.0007 0.5244
vn 0.5594 0.5786 0.5935
vn 0.5131 0.4866 0.7070
vn 0.7969 -0.0772 0.5992
vn -0.0244 0.8152 0.5786
vn -0.6362 0.5686 0.5215
vn -0.0632 0.7270 0.6838
vn -0.9257 -0.0474 0.3752
vn -0.9085 -0.1096 0.4032
vn -0.6525 0.4730 0.5920
vn -0.6326 -0.7308 0.2565
vn -0.0373 -0.9696 0.2419
vn 0.5397 -0.7275 0.4236
vn 0.5337 -0.7297 0.4274
vn -0.6356 -0.7297 0.2521
vn 0.7846 -0.1433 0.6032
vn 0.5016 0.4349 0.7479
vn 0.4805 0.3969 0.7821
vn -0.1007 0.6876 0.7190
vn -0.6896 0.4199 0.5901
vn -0.6888 0.3969 0.6067
vn -0.9171 -0.1547 0.3675
vn -0.0000 -0.8450 -0.5348
vn 0.6525 -0.5529 -0.5183
vn -0.0000 -0.9267 -0.3759
vn -0.6525 -0.5529 -0.5183
vn 0.9117 0.1174 -0.3938
vn 0.5040 0.6071 -0.6143
vn 0.6122 0.7303 -0.3031
vn 0.9984 0.0202 0.0522
vn 0.7351 -0.6348 -0.2380
vn -0.0000 0.9699 -0.2436
vn -0.5040 0.6071 -0.6143
vn -0.6122 0.7303 -0.3031
vn -0.6780 0.6585 0.3268
vn -0.0000 0.9028 0.4300
vn 0.6780 0.6585 0.3268
vn -0.9117 0.1174 -0.3938
vn -0.7351 -0.6348 -0.2380
vn -0.9984 0.0202 0.0522
vn -0.6817 -0.7248 -0.0998
vn -0.0000 -0.9424 -0.3345
vn 0.6817 -0.7248 -0.0998
vn 0.6305 -0.7684 -0.1102
vn -0.0000 -0.9390 -0.3439
vn -0.6305 -0.7684 -0.1102
vn 0.9249 -0.1787 0.3356
vn 0.6124 0.3111 0.7268
vn 0.5963 0.1352 0.7913
vn 0.8880 -0.2952 0.3525
vn -0.0000 0.5101 0.8601
vn -0.6124 0.3111 0.7268
vn -0.0000 0.3286 0.9445
vn -0.9249 -0.1787 0.3356
vn -0.8880 -0.2952 0.3525
vn -0.5963 0.1352 0.7913
vn -0.6161 -0.7713 -0.1600
vn -0.0000 -0.9252 -0.3794
vn 0.6161 -0.7713 -0.1600
vn 0.6176 -0.7699 -0.1604
vn -0.6176 -0.7699 -0.1604
vn 0.8906 -0.3441 0.2975
vn 0.6220 0.0707 0.7798
vn 0.6176 0.0236 0.7861
vn -0.0000 0.2715 0.9625
vn -0.6220 0.0707 0.7798
vn -0.6176 0.0236 0.7861
vn -0.8906 -0.3441 0.2975
vn -0.0000 -0.9880 -0.1547
vn 0.6941 -0.6960 -0.1837
vn -0.0000 -0.9875 -0.1573
vn -0.6941 -0.6960 -0.1837
vn 0.9908 0.0441 -0.1279
vn 0.6745 0.7306 -0.1063
vn 0.9830 -0.0247 0.1818
vn 0.7242 -0.6885 -0.0385
vn -0.0000 0.9984 -0.0566
vn -0.6745 0.7306 -0.1063
vn -0.6633 0.6165 0.4242
vn -0.0000 0.8595 0.5112
vn 0.6633 0.6165 0.4242
vn -0.9908 0.0441 -0.1279
vn -0.7242 -0.6885 -0.0385
vn -0.9830 -0.0247 0.1818
vn -0.6935 -0.6963 -0.1848
vn -0.0000 -0.8972 -0.4416
vn 0.6935 -0.6963 -0.1848
vn 0.6567 -0.6933 -0.2967
vn -0.0000 -0.8347 -0.5508
vn -0.6567 -0.6933 -0.2967
vn 0.9422 -0.1726 0.2871
vn 0.6259 0.3149 0.7135
vn 0.6345 0.1377 0.7606
vn 0.9318 -0.2684 0.2443
vn -0.0000 0.5129 0.8585
vn -0.6259 0.3149 0.7135
vn -0.0000 0.3211 0.9470
vn -0.9422 -0.1726 0.2871
vn -0.9318 -0.2684 0.2443
vn -0.6345 0.1377 0.7606
vn -0.6499 -0.6873 -0.3244
vn -0.0000 -0.8242 -0.5663
vn 0.6499 -0.6873 -0.3244
vn 0.6556 -0.6780 -0.3324
vn -0.0000 -0.8191 -0.5737
vn -0.6556 -0.6780 -0.3324
vn 0.9328 -0.2956 0.2061
vn 0.6529 0.0856 0.7526
vn 0.6556 0.0578 0.7529
vn 0.9345 -0.2947 0.1998
vn -0.0000 0.2683 0.9633
vn -0.6529 0.0856 0.7526
vn -0.6556 0.0578 0.7529
vn -0.0000 0.2297 0.9733
vn -0.9328 -0.2956 0.2061
vn -0.9345 -0.2947 0.1998
vn 0.6518 -0.6867 -0.3219
vn -0.6518 -0.6867 -0.3219
vn 0.6517 0.0448 0.7571
vn -0.6517 0.0448 0.7571
vn 0.0775 -0.8565 0.5103
vn 0.6518 -0.7571 0.0446
vn -0.6186 -0.5948 0.5133
vn 0.8220 -0.2829 -0.4943
vn 0.4328 0.2112 -0.8764
vn -0.2279 0.5171 -0.8250
vn -0.8253 0.3705 -0.4261
vn -0.9847 -0.0505 0.1667
vn -0.0000 -0.9983 0.0577
vn -0.0000 -0.3680 -0.9298
vn 0.6673 -0.3687 -0.6471
vn -0.6673 -0.3687 -0.6471
vn -0.9495 -0.3132 0.0181
vn -0.6673 -0.2917 0.6853
vn -0.0000 -0.2584 0.9660
vn 0.6673 -0.2917 0.6853
vn 0.9495 -0.3132 0.0181
vn -0.0000 -0.2343 -0.9722
vn -0.6966 -0.2118 -0.6855
vn 0.6966 -0.2118 -0.6855
vn -0.9841 -0.1775 0.0103
vn -0.6966 -0.1314 0.7053
vn -0.0000 -0.1207 0.9927
vn 0.6966 -0.1314 0.7053
vn 0.9841 -0.1775 0.0103
vn -0.0000 -0.9952 -0.0974
vn -0.0000 -0.4117 0.9113
vn -0.6654 -0.4015 0.6293
vn 0.6654 -0.4015 0.6293
vn 0.9471 -0.3195 -0.0313
vn 0.6654 -0.2719 -0.6952
vn -0.0000 -0.2273 -0.9738
vn -0.6654 -0.2719 -0.6952
vn -0.9471 -0.3195 -0.0313
vn -0.0000 -0.2772 0.9608
vn 0.6961 -0.2427 0.6757
vn -0.6961 -0.2427 0.6757
vn 0.9832 -0.1814 -0.0178
vn 0.6961 -0.1072 -0.7099
vn -0.0000 -0.0857 -0.9963
vn -0.6961 -0.1072 -0.7099
vn -0.9832 -0.1814 -0.0178
vn -0.7134 0.3244 0.6212
vn -0.3435 0.0492 -0.9378
vn -0.3435 0.0493 0.9379
vn -0.7133 0.3244 -0.6212
vn 0.7133 -0.0577 -0.6985
vn 0.4619 0.6629 -0.5893
vn 0.7133 -0.0577 0.6985
vn 0.7132 -0.0577 -0.6985
vn 0.5914 -0.5947 -0.5446
vn 0.0436 -0.7518 0.6580
vn 0.0438 -0.7517 -0.6580
vn -0.7134 0.3244 -0.6212
vn 0.4619 0.6628 0.5893
vn 0.0436 -0.7518 0.6579
vn 0.5913 -0.5947 0.5446
vn 0.5914 -0.5947 -0.5447
vn 0.0436 -0.7518 -0.6579
vn -0.4890 -0.6957 -0.5262
vn -0.6423 0.4481 0.6218
vn -0.4889 -0.6958 -0.5262
vn -0.4890 -0.6957 0.5262
vn -0.3435 0.0493 -0.9379
vn -0.6424 0.4481 -0.6218
vn 0.4778 -0.2985 -0.8262
vn 0.7926 -0.5946 0.1355
vn 0.8927 -0.2190 -0.3938
vn 0.2000 -0.7634 -0.6142
vn -0.7857 0.6166 -0.0497
vn 0.0216 0.5763 -0.8170
vn 0.8616 0.5015 0.0787
vn 0.8300 0.2978 -0.4717
vn 0.9297 -0.3510 0.1113
vn 0.3650 0.2571 -0.8948
vn -0.0172 0.4935 0.8696
vn -0.5895 -0.7891 0.1725
vn 0.0049 -0.3622 0.9321
vn 0.0984 -0.4977 -0.8618
vn 0.6252 0.7748 -0.0941
vn 0.0807 0.3580 -0.9302
vn 0.7926 -0.5946 -0.1355
vn 0.4778 -0.2985 0.8262
vn 0.8927 -0.2190 0.3938
vn 0.2000 -0.7634 0.6142
vn -0.7857 0.6166 0.0497
vn -0.5895 -0.7891 -0.1725
vn 0.8616 0.5015 -0.0787
vn 0.0216 0.5763 0.8170
vn 0.8300 0.2978 0.4717
vn 0.9297 -0.3510 -0.1113
vn 0.3650 0.2571 0.8948
vn -0.0172 0.4935 -0.8696
vn 0.0049 -0.3622 -0.9321
vn 0.0984 -0.4977 0.8618
vn 0.6252 0.7748 0.0941
vn 0.0807 0.3580 0.9302
vn -0.8661 -0.3482 0.3587
vn -0.6965 0.1723 0.6965
vn -0.6629 -0.3482 0.6629
vn 0.3587 -0.3482 -0.8661
vn 0.6966 0.1723 -0.6964
vn 0.3770 0.1723 -0.9101
vn -0.3587 -0.3482 0.8661
vn -0.3770 0.1723 0.9101
vn -0.0000 -0.3482 -0.9374
vn -0.0000 0.1723 -0.9850
vn 0.3587 -0.3482 0.8661
vn -0.0000 0.1723 0.9850
vn 0.3770 0.1723 0.9101
vn -0.0000 -0.3482 0.9374
vn -0.3587 -0.3482 -0.8661
vn -0.3770 0.1723 -0.9101
vn 0.6630 -0.3482 0.6627
vn 0.6966 0.1723 0.6964
vn -0.6965 0.1723 -0.6965
vn -0.6629 -0.3482 -0.6629
vn 0.9106 0.1744 0.3747
vn 0.8715 -0.3479 0.3457
vn -0.9101 0.1723 -0.3770
vn -0.8661 -0.3482 -0.3587
vn 0.9402 -0.3406 -0.0000
vn 0.9841 0.1779 -0.0000
vn -0.9374 -0.3482 -0.0000
vn -0.9851 0.1723 -0.0000
vn 0.9106 0.1744 -0.3747
vn 0.8715 -0.3479 -0.3457
vn -0.9101 0.1723 0.3770
vn 0.6630 -0.3482 -0.6627
vn 0.9782 -0.2078 -0.0000
vn -0.9037 -0.2077 0.3743
vn 0.9037 -0.2077 -0.3744
vn -0.6917 -0.2077 0.6917
vn 0.6917 -0.2077 -0.6917
vn 0.3743 -0.2077 -0.9037
vn 0.3743 -0.2077 0.9037
vn -0.3743 -0.2077 0.9037
vn -0.3743 -0.2077 -0.9037
vn 0.9037 -0.2077 0.3744
vn -0.6917 -0.2077 -0.6917
vn -0.9782 -0.2077 -0.0000
vn -0.0461 -0.9979 -0.0461
vn 0.0461 -0.9979 0.0461
vn 0.6917 -0.2077 0.6917
vn -0.9037 -0.2077 -0.3743
vn 0.0651 -0.9979 -0.0000
vn -0.0602 -0.9979 -0.0249
vn -0.0651 -0.9979 -0.0000
vn 0.0461 -0.9979 -0.0461
vn -0.0461 -0.9979 0.0461
vn -0.0000 -0.9979 -0.0651
vn -0.0000 -0.2077 -0.9782
vn -0.0000 -0.9979 0.0651
vn -0.0000 -0.2077 0.9782
vn 0.0249 -0.9979 0.0602
vn -0.0249 -0.9979 0.0602
vn 0.0249 -0.9979 -0.0602
vn -0.0249 -0.9979 -0.0602
vn 0.0602 -0.9979 0.0249
vn 0.0602 -0.9979 -0.0249
vn -0.0602 -0.9979 0.0249
vn -0.1216 0.9482 0.2936
vn -0.0000 0.7839 0.6209
vn -0.0000 0.9482 0.3178
vn -0.3393 0.4625 0.8191
vn -0.0000 -0.0430 0.9991
vn -0.0000 0.4625 0.8866
vn -0.2247 0.9482 0.2247
vn -0.2376 0.7839 0.5736
vn -0.6269 0.4625 0.6269
vn -0.4390 0.7839 0.4390
vn -0.3823 -0.0430 0.9230
vn -0.2936 0.9482 0.1216
vn -0.5736 0.7839 0.2376
vn -0.8191 0.4625 0.3393
vn -0.7065 -0.0430 0.7065
vn -0.6209 0.7839 -0.0000
vn -0.9991 -0.0430 -0.0000
vn -0.9230 -0.0430 0.3823
vn -0.3178 0.9482 -0.0000
vn -0.5736 0.7839 -0.2376
vn -0.8191 0.4625 -0.3393
vn -0.8866 0.4625 -0.0000
vn -0.2936 0.9482 -0.1216
vn -0.2247 0.9482 -0.2247
vn -0.6269 0.4625 -0.6269
vn -0.4390 0.7839 -0.4390
vn -0.9230 -0.0430 -0.3823
vn -0.2376 0.7839 -0.5736
vn -0.1216 0.9482 -0.2936
vn -0.3823 -0.0430 -0.9230
vn -0.7065 -0.0430 -0.7065
vn -0.0000 0.7839 -0.6209
vn -0.0000 0.4625 -0.8866
vn -0.3393 0.4625 -0.8191
vn -0.0000 0.9482 -0.3178
vn 0.3393 0.4625 -0.8191
vn -0.0000 -0.0430 -0.9991
vn 0.1216 0.9482 -0.2936
vn 0.2376 0.7839 -0.5736
vn 0.2247 0.9482 -0.2247
vn 0.6270 0.4625 -0.6269
vn 0.4390 0.7839 -0.4390
vn 0.7065 -0.0430 -0.7064
vn 0.3823 -0.0430 -0.9230
vn 0.2936 0.9482 -0.1216
vn 0.8247 0.4568 -0.3336
vn 0.5737 0.7838 -0.2376
vn 0.6211 0.7838 -0.0000
vn 0.9984 -0.0569 -0.0000
vn 0.9312 -0.0431 -0.3619
vn 0.3178 0.9482 -0.0000
vn 0.2936 0.9482 0.1216
vn 0.8247 0.4568 0.3336
vn 0.9002 0.4356 -0.0000
vn 0.5737 0.7838 0.2376
vn 0.2247 0.9482 0.2247
vn 0.6270 0.4625 0.6269
vn 0.4390 0.7839 0.4390
vn 0.7065 -0.0430 0.7064
vn 0.9312 -0.0431 0.3619
vn 0.1216 0.9482 0.2936
vn 0.3393 0.4625 0.8191
vn 0.2376 0.7839 0.5736
vn 0.3823 -0.0430 0.9230
vn 0.6647 -0.3419 -0.6643
vn 0.8735 -0.3431 -0.3453
vn 0.6643 -0.3434 -0.6639
vn -0.8682 -0.3418 0.3596
vn -0.9392 -0.3434 -0.0000
vn -0.8677 -0.3434 0.3594
vn 0.9432 -0.3322 -0.0000
vn 0.8749 -0.3408 -0.3441
vn -0.9398 -0.3418 -0.0000
vn -0.8677 -0.3434 -0.3594
vn 0.8735 -0.3431 0.3453
vn 0.9427 -0.3336 -0.0000
vn -0.8682 -0.3418 -0.3596
vn -0.6641 -0.3434 -0.6641
vn 0.6647 -0.3419 0.6643
vn 0.8749 -0.3408 0.3441
vn -0.3596 -0.3418 -0.8682
vn -0.6645 -0.3418 -0.6645
vn 0.3594 -0.3434 0.8677
vn 0.6643 -0.3434 0.6639
vn -0.0000 -0.3418 -0.9398
vn -0.3594 -0.3434 -0.8677
vn -0.0000 -0.3418 0.9398
vn -0.3594 -0.3434 0.8677
vn -0.0000 -0.3434 0.9392
vn 0.3596 -0.3418 0.8682
vn 0.3594 -0.3434 -0.8677
vn -0.0000 -0.3434 -0.9392
vn -0.3596 -0.3418 0.8682
vn -0.6641 -0.3434 0.6641
vn 0.3596 -0.3418 -0.8682
vn -0.6645 -0.3418 0.6645
vn -0.0000 -0.9747 -0.2236
vn -0.3700 -0.8931 -0.2558
vn -0.3730 -0.9005 -0.2236
vn 0.6892 0.6892 -0.2236
vn 0.3700 0.8931 -0.2558
vn 0.6836 0.6836 -0.2558
vn -0.6836 -0.6836 -0.2558
vn -0.6892 -0.6892 -0.2236
vn 0.9005 0.3730 -0.2236
vn 0.8931 0.3700 -0.2558
vn -0.8931 -0.3700 -0.2558
vn -0.9005 -0.3730 -0.2236
vn 0.9747 -0.0000 -0.2236
vn 0.9667 -0.0000 -0.2558
vn -0.9667 -0.0000 -0.2558
vn -0.9747 -0.0000 -0.2236
vn 0.9005 -0.3730 -0.2236
vn 0.8931 -0.3700 -0.2558
vn -0.8931 0.3700 -0.2558
vn -0.9005 0.3730 -0.2236
vn 0.6892 -0.6892 -0.2236
vn 0.6836 -0.6836 -0.2558
vn -0.6836 0.6836 -0.2558
vn -0.6892 0.6892 -0.2236
vn 0.3730 -0.9005 -0.2236
vn 0.3700 -0.8931 -0.2558
vn -0.3700 0.8931 -0.2558
vn -0.3730 0.9005 -0.2236
vn -0.0000 -0.9667 -0.2558
vn 0.3730 0.9005 -0.2236
vn -0.0000 0.9667 -0.2558
vn -0.0000 0.9747 -0.2236
vn -0.6878 0.6878 0.2323
vn -0.0000 -0.9726 0.2323
vn -0.0000 0.9726 0.2323
vn -0.3722 0.8986 0.2323
vn 0.6878 0.6878 0.2323
vn -0.6878 -0.6878 0.2323
vn 0.8986 0.3722 0.2323
vn 0.9726 -0.0000 0.2323
vn -0.8986 -0.3722 0.2323
vn 0.8986 -0.3722 0.2323
vn -0.9726 -0.0000 0.2323
vn 0.6878 -0.6878 0.2323
vn -0.3805 -0.9187 -0.1058
vn -0.0000 -0.9861 -0.1663
vn -0.3774 -0.9110 -0.1663
vn 0.6973 0.6973 -0.1663
vn 0.3805 0.9187 -0.1058
vn 0.3774 0.9110 -0.1663
vn -0.6973 -0.6973 -0.1663
vn 0.9110 0.3774 -0.1663
vn 0.7031 0.7031 -0.1058
vn -0.9187 -0.3805 -0.1058
vn -0.9110 -0.3774 -0.1663
vn 0.9944 -0.0000 -0.1058
vn 0.9861 -0.0000 -0.1663
vn -0.9944 -0.0000 -0.1058
vn -0.9861 -0.0000 -0.1663
vn 0.9110 -0.3774 -0.1663
vn -0.9187 0.3805 -0.1058
vn -0.9110 0.3774 -0.1663
vn 0.7031 -0.7031 -0.1058
vn 0.6973 -0.6973 -0.1663
vn -0.6973 0.6973 -0.1663
vn 0.3805 -0.9187 -0.1058
vn 0.3774 -0.9110 -0.1663
vn -0.3805 0.9187 -0.1058
vn -0.3774 0.9110 -0.1663
vn -0.0000 0.9944 -0.1058
vn -0.0000 0.9861 -0.1663
vn -0.1555 0.3755 -0.9137
vn -0.0000 0.7214 -0.6926
vn -0.0000 0.4064 -0.9137
vn -0.3542 0.8551 -0.3787
vn -0.0000 0.9784 -0.2068
vn -0.0000 0.9255 -0.3787
vn -0.2761 0.6664 -0.6926
vn -0.6544 0.6544 -0.3787
vn -0.3744 0.9039 -0.2068
vn -0.2874 0.2874 -0.9137
vn -0.5101 0.5101 -0.6926
vn -0.3755 0.1555 -0.9137
vn -0.8551 0.3542 -0.3787
vn -0.9039 0.3744 -0.2068
vn -0.6918 0.6918 -0.2068
vn -0.4064 -0.0000 -0.9137
vn -0.6664 0.2760 -0.6926
vn -0.9255 -0.0000 -0.3787
vn -0.3755 -0.1555 -0.9137
vn -0.7214 -0.0000 -0.6926
vn -0.9039 -0.3744 -0.2068
vn -0.9784 -0.0000 -0.2068
vn -0.6664 -0.2760 -0.6926
vn -0.2874 -0.2874 -0.9137
vn -0.5101 -0.5101 -0.6926
vn -0.8551 -0.3542 -0.3787
vn -0.6544 -0.6544 -0.3787
vn -0.1555 -0.3755 -0.9137
vn -0.3542 -0.8551 -0.3787
vn -0.2760 -0.6664 -0.6926
vn -0.6918 -0.6918 -0.2068
vn -0.0000 -0.7214 -0.6926
vn -0.0000 -0.9255 -0.3787
vn -0.3744 -0.9039 -0.2068
vn 0.2830 0.1172 0.9519
vn 0.3064 -0.0000 0.9519
vn -0.1172 0.2830 0.9519
vn -0.0000 0.3064 0.9519
vn -0.0000 -0.4064 -0.9137
vn -0.2830 -0.1172 0.9519
vn -0.3064 -0.0000 0.9519
vn 0.1555 -0.3755 -0.9137
vn 0.3542 -0.8551 -0.3787
vn -0.0000 -0.9784 -0.2068
vn -0.0000 -0.3064 0.9519
vn -0.1172 -0.2830 0.9519
vn 0.1172 0.2830 0.9519
vn 0.2166 0.2166 0.9519
vn 0.2761 -0.6664 -0.6926
vn -0.2166 -0.2166 0.9519
vn -0.2830 0.1172 0.9519
vn -0.2166 0.2166 0.9519
vn 0.2874 -0.2874 -0.9137
vn 0.6544 -0.6544 -0.3787
vn 0.2830 -0.1172 0.9519
vn 0.5101 -0.5101 -0.6926
vn 0.6918 -0.6918 -0.2068
vn 0.3744 -0.9039 -0.2068
vn 0.2166 -0.2166 0.9519
vn 0.1172 -0.2830 0.9519
vn 0.8551 -0.3542 -0.3787
vn 0.6664 -0.2760 -0.6926
vn 0.3755 -0.1555 -0.9137
vn 0.7214 -0.0000 -0.6926
vn 0.9255 -0.0000 -0.3787
vn 0.9039 -0.3744 -0.2068
vn 0.4064 -0.0000 -0.9137
vn 0.8551 0.3542 -0.3787
vn 0.9784 -0.0000 -0.2068
vn -0.3722 -0.8986 0.2323
vn 0.3755 0.1555 -0.9137
vn 0.3722 0.8986 0.2323
vn 0.2874 0.2874 -0.9137
vn 0.6664 0.2761 -0.6926
vn 0.6544 0.6544 -0.3787
vn 0.3722 -0.8986 0.2323
vn 0.9039 0.3744 -0.2068
vn 0.2760 0.6665 -0.6926
vn 0.5101 0.5101 -0.6926
vn 0.3744 0.9039 -0.2068
vn 0.6918 0.6918 -0.2068
vn -0.8986 0.3722 0.2323
vn 0.1555 0.3755 -0.9137
vn 0.3542 0.8551 -0.3787
vn -0.0000 0.9746 -0.2238
vn 0.3730 0.9004 -0.2238
vn -0.0000 -0.9746 -0.2238
vn -0.3730 0.9005 -0.2238
vn 0.3730 -0.9005 -0.2238
vn -0.6892 0.6892 -0.2238
vn 0.9004 -0.3730 -0.2238
vn 0.6892 -0.6892 -0.2238
vn -0.9004 0.3730 -0.2238
vn 0.9746 -0.0000 -0.2238
vn -0.9746 -0.0000 -0.2238
vn 0.9004 0.3730 -0.2238
vn -0.9004 -0.3730 -0.2238
vn -0.6892 -0.6892 -0.2238
vn 0.6892 0.6892 -0.2238
vn -0.3730 -0.9004 -0.2238
vn -0.3700 -0.8931 0.2558
vn -0.0000 -0.9747 0.2236
vn -0.3730 -0.9005 0.2236
vn 0.6892 0.6892 0.2236
vn 0.3700 0.8931 0.2558
vn 0.3730 0.9005 0.2236
vn -0.6836 -0.6836 0.2558
vn -0.6892 -0.6892 0.2236
vn 0.9005 0.3730 0.2236
vn 0.6836 0.6836 0.2558
vn -0.8931 -0.3700 0.2558
vn -0.9005 -0.3730 0.2236
vn 0.9747 -0.0000 0.2236
vn 0.8931 0.3700 0.2558
vn -0.9667 -0.0000 0.2558
vn -0.9747 -0.0000 0.2236
vn 0.9005 -0.3730 0.2236
vn 0.9667 -0.0000 0.2558
vn -0.8931 0.3700 0.2558
vn -0.9005 0.3730 0.2236
vn 0.6892 -0.6892 0.2236
vn 0.8931 -0.3700 0.2558
vn -0.6836 0.6836 0.2558
vn -0.6892 0.6892 0.2236
vn 0.3730 -0.9005 0.2236
vn 0.6836 -0.6836 0.2558
vn -0.3700 0.8931 0.2558
vn -0.3730 0.9005 0.2236
vn 0.3700 -0.8932 0.2558
vn -0.0000 0.9667 0.2558
vn -0.0000 0.9747 0.2236
vn -0.6878 0.6878 -0.2323
vn -0.0000 -0.9726 -0.2323
vn 0.3722 -0.8986 -0.2323
vn -0.0000 0.9726 -0.2323
vn -0.3722 0.8986 -0.2323
vn -0.0000 -0.9667 0.2558
vn 0.6878 0.6878 -0.2323
vn 0.3722 0.8986 -0.2323
vn -0.6878 -0.6878 -0.2323
vn -0.3722 -0.8986 -0.2323
vn 0.8986 0.3722 -0.2323
vn 0.9726 -0.0000 -0.2323
vn -0.8986 -0.3722 -0.2323
vn 0.8986 -0.3722 -0.2323
vn -0.9726 -0.0000 -0.2323
vn 0.6878 -0.6878 -0.2323
vn -0.8986 0.3722 -0.2323
vn -0.0000 -0.9861 0.1663
vn -0.3805 -0.9187 0.1058
vn -0.3774 -0.9110 0.1663
vn 0.6973 0.6973 0.1663
vn 0.3805 0.9187 0.1058
vn 0.7031 0.7031 0.1058
vn -0.6973 -0.6973 0.1663
vn -0.7031 -0.7031 0.1058
vn 0.9110 0.3774 0.1663
vn 0.9187 0.3805 0.1058
vn -0.9187 -0.3805 0.1058
vn -0.9110 -0.3774 0.1663
vn 0.9944 -0.0000 0.1058
vn 0.9861 -0.0000 0.1663
vn -0.9944 -0.0000 0.1058
vn -0.9861 -0.0000 0.1663
vn 0.9110 -0.3774 0.1663
vn 0.9187 -0.3805 0.1058
vn -0.9187 0.3805 0.1058
vn -0.9110 0.3774 0.1663
vn 0.7031 -0.7031 0.1058
vn 0.6973 -0.6973 0.1663
vn -0.6973 0.6973 0.1663
vn -0.7031 0.7031 0.1058
vn 0.3805 -0.9187 0.1058
vn 0.3774 -0.9110 0.1663
vn -0.3805 0.9187 0.1058
vn -0.3774 0.9110 0.1663
vn -0.0000 -0.9944 0.1058
vn 0.3774 0.9110 0.1663
vn -0.0000 0.9944 0.1058
vn -0.0000 0.9861 0.1663
vn -0.0000 0.7214 0.6926
vn -0.1555 0.3755 0.9137
vn -0.0000 0.4064 0.9137
vn -0.0000 0.9784 0.2068
vn -0.3542 0.8551 0.3787
vn -0.0000 0.9255 0.3787
vn -0.2761 0.6664 0.6926
vn -0.3744 0.9039 0.2068
vn -0.6544 0.6544 0.3787
vn -0.2874 0.2874 0.9137
vn -0.5101 0.5101 0.6926
vn -0.3755 0.1555 0.9137
vn -0.8551 0.3542 0.3787
vn -0.6664 0.2760 0.6926
vn -0.6918 0.6918 0.2068
vn -0.4064 -0.0000 0.9137
vn -0.9039 0.3744 0.2068
vn -0.9255 -0.0000 0.3787
vn -0.7214 -0.0000 0.6926
vn -0.3755 -0.1555 0.9137
vn -0.9039 -0.3744 0.2068
vn -0.8551 -0.3542 0.3787
vn -0.6664 -0.2760 0.6926
vn -0.2874 -0.2874 0.9137
vn -0.5101 -0.5101 0.6926
vn -0.6544 -0.6544 0.3787
vn -0.1555 -0.3755 0.9137
vn -0.3542 -0.8551 0.3787
vn -0.2760 -0.6664 0.6926
vn -0.6918 -0.6918 0.2068
vn -0.0000 -0.7214 0.6926
vn -0.0000 -0.4064 0.9137
vn -0.3744 -0.9039 0.2068
vn -0.0000 -0.9255 0.3787
vn 0.2830 0.1172 -0.9519
vn 0.3064 -0.0000 -0.9519
vn -0.1172 0.2830 -0.9519
vn -0.0000 0.3064 -0.9519
vn -0.2830 -0.1172 -0.9519
vn -0.3064 -0.0000 -0.9519
vn 0.1555 -0.3755 0.9137
vn -0.0000 -0.9784 0.2068
vn 0.3542 -0.8551 0.3787
vn -0.0000 -0.3064 -0.9519
vn -0.1172 -0.2830 -0.9519
vn 0.1172 0.2830 -0.9519
vn 0.2166 0.2166 -0.9519
vn 0.2761 -0.6664 0.6926
vn -0.2166 -0.2166 -0.9519
vn -0.2830 0.1172 -0.9519
vn -0.2166 0.2166 -0.9519
vn 0.2874 -0.2874 0.9137
vn 0.6544 -0.6544 0.3787
vn 0.5101 -0.5101 0.6926
vn 0.2830 -0.1172 -0.9519
vn 0.6918 -0.6918 0.2068
vn 0.2166 -0.2166 -0.9519
vn 0.1172 -0.2830 -0.9519
vn 0.8551 -0.3542 0.3787
vn 0.6664 -0.2760 0.6926
vn 0.3755 -0.1555 0.9137
vn 0.7214 -0.0000 0.6926
vn 0.4064 -0.0000 0.9137
vn 0.9039 -0.3744 0.2068
vn 0.9255 -0.0000 0.3787
vn 0.9784 -0.0000 0.2068
vn 0.8551 0.3542 0.3787
vn 0.3755 0.1555 0.9137
vn 0.6664 0.2761 0.6926
vn 0.2874 0.2874 0.9137
vn 0.6544 0.6544 0.3787
vn 0.5101 0.5101 0.6926
vn 0.9039 0.3744 0.2068
vn 0.2760 0.6665 0.6926
vn 0.1555 0.3755 0.9137
vn 0.3744 0.9039 0.2068
vn 0.3542 0.8551 0.3787
vn -0.0000 0.9746 0.2238
vn 0.3730 0.9004 0.2238
vn -0.0000 -0.9746 0.2238
vn -0.3730 0.9005 0.2238
vn 0.3730 -0.9004 0.2238
vn -0.6892 0.6892 0.2238
vn 0.9004 -0.3730 0.2238
vn -0.9004 0.3730 0.2238
vn 0.9746 -0.0000 0.2238
vn -0.9746 -0.0000 0.2238
vn 0.9004 0.3730 0.2238
vn -0.9004 -0.3730 0.2238
vn -0.6892 -0.6892 0.2238
vn -0.3730 -0.9004 0.2238
vn 0.6892 -0.6892 0.2238
vn 0.6892 0.6892 0.2238
vn -0.2785 0.3655 -0.8882
vn -0.0000 0.4177 -0.9086
vn -0.0000 0.7272 -0.6864
vn -0.5325 0.7765 -0.3369
vn -0.0000 0.9295 -0.3687
vn -0.5613 0.8276 -0.0000
vn -0.0000 0.9295 0.3687
vn -0.4418 0.6221 0.6464
vn -0.0000 0.4177 0.9086
vn -0.0000 0.7272 0.6864
vn -0.4418 0.6221 -0.6464
vn -0.5325 0.7765 0.3369
vn -0.2785 0.3655 0.8882
vn -0.7117 0.4099 -0.5705
vn -0.8611 0.5084 -0.0000
vn -0.8279 0.4865 0.2790
vn -0.4640 0.2509 0.8496
vn -0.4640 0.2509 -0.8496
vn -0.8279 0.4865 -0.2790
vn -0.7117 0.4099 0.5705
vn -0.9724 0.2333 -0.0000
vn -0.9441 0.2262 0.2398
vn -0.5579 0.1249 0.8205
vn -0.5579 0.1249 -0.8205
vn -0.9441 0.2262 -0.2398
vn -0.8347 0.1980 0.5139
vn -0.8347 0.1980 -0.5139
vn -0.5862 -0.0000 -0.8102
vn -0.9739 -0.0000 -0.2271
vn -0.8694 -0.0000 0.4941
vn -0.8694 -0.0000 -0.4941
vn -0.9739 -0.0000 0.2271
vn -0.5862 -0.0000 0.8102
vn -0.9441 -0.2262 0.2398
vn -0.5579 -0.1249 0.8205
vn -0.5579 -0.1249 -0.8205
vn -0.9441 -0.2262 -0.2398
vn -0.8347 -0.1980 0.5139
vn -0.8347 -0.1980 -0.5139
vn -0.4640 -0.2509 -0.8496
vn -0.8279 -0.4865 -0.2790
vn -0.9724 -0.2333 -0.0000
vn -0.7117 -0.4099 0.5705
vn -0.4640 -0.2509 0.8496
vn -0.7117 -0.4099 -0.5705
vn -0.8279 -0.4865 0.2790
vn -0.4418 -0.6221 0.6464
vn -0.2785 -0.3655 0.8882
vn -0.2785 -0.3655 -0.8882
vn -0.4418 -0.6221 -0.6464
vn -0.8611 -0.5084 -0.0000
vn -0.5325 -0.7765 0.3369
vn -0.5325 -0.7765 -0.3369
vn -0.0000 -0.4177 -0.9086
vn -0.0000 -0.7272 -0.6864
vn -0.5613 -0.8276 -0.0000
vn -0.0000 -0.9295 0.3687
vn -0.0000 -0.4177 0.9086
vn -0.0000 -0.9295 -0.3687
vn -0.0000 -0.7272 0.6864
vn 0.4418 -0.6221 0.6464
vn 0.4418 -0.6221 -0.6464
vn 0.5613 -0.8276 -0.0000
vn 0.5325 -0.7765 0.3369
vn 0.2785 -0.3655 0.8882
vn 0.2785 -0.3655 -0.8882
vn 0.5325 -0.7765 -0.3369
vn 0.7117 -0.4099 -0.5705
vn 0.8611 -0.5084 -0.0000
vn 0.8279 -0.4865 0.2790
vn 0.4640 -0.2509 0.8496
vn 0.4640 -0.2509 -0.8496
vn 0.8279 -0.4865 -0.2790
vn 0.7117 -0.4099 0.5705
vn 0.5579 -0.1249 0.8205
vn 0.5579 -0.1249 -0.8205
vn 0.9441 -0.2262 -0.2398
vn 0.9724 -0.2333 -0.0000
vn 0.8347 -0.1980 0.5139
vn 0.8347 -0.1980 -0.5139
vn 0.9441 -0.2262 0.2398
vn 0.9739 -0.0000 -0.2271
vn 0.8694 -0.0000 0.4941
vn 0.8694 -0.0000 -0.4941
vn 0.9739 -0.0000 0.2271
vn 0.5862 -0.0000 0.8102
vn 0.5862 -0.0000 -0.8102
vn 0.5579 0.1249 -0.8205
vn 0.9441 0.2262 -0.2398
vn 0.8347 0.1980 0.5139
vn 0.5579 0.1249 0.8205
vn 0.8347 0.1980 -0.5139
vn 0.9441 0.2262 0.2398
vn 0.8279 0.4865 -0.2790
vn 0.9724 0.2333 -0.0000
vn 0.7117 0.4099 0.5705
vn 0.4640 0.2509 0.8496
vn 0.4640 0.2509 -0.8496
vn 0.7117 0.4099 -0.5705
vn 0.8279 0.4865 0.2790
vn 0.2785 0.3655 -0.8882
vn 0.4418 0.6221 -0.6464
vn 0.8611 0.5084 -0.0000
vn 0.5325 0.7765 0.3369
vn 0.2785 0.3655 0.8882
vn 0.5325 0.7765 -0.3369
vn 0.4418 0.6221 0.6464
vn 0.5613 0.8276 -0.0000
vn -0.0000 -0.1928 0.9812
vn -0.4964 -0.7122 0.4964
vn -0.0000 -0.7122 0.7019
vn -0.4964 -0.4964 0.7122
vn -0.0000 -0.7020 0.7122
vn -0.6938 -0.6938 0.1928
vn -0.9812 -0.0000 0.1928
vn -0.7019 -0.0000 0.7122
vn -0.7020 -0.7122 -0.0000
vn -0.9812 -0.1928 -0.0000
vn -0.6938 -0.1928 0.6938
vn -0.4964 0.4964 0.7122
vn -0.6938 0.6938 0.1928
vn -0.4964 -0.7122 -0.4964
vn -0.6938 -0.1928 -0.6938
vn -0.0000 -0.1928 -0.9812
vn -0.0000 0.7019 0.7122
vn -0.0000 -0.7122 -0.7020
vn -0.0000 0.9812 0.1928
vn 0.6942 0.1901 0.6942
vn 0.6938 -0.1928 0.6938
vn 0.6938 -0.1928 -0.6938
vn -0.9818 0.1901 -0.0000
vn 0.4964 -0.7122 -0.4964
vn -0.6942 0.1901 0.6942
vn 0.7020 -0.7122 -0.0000
vn 0.9818 0.1901 -0.0000
vn 0.9812 -0.1928 -0.0000
vn 0.6942 0.1902 -0.6942
vn 0.4964 -0.7122 0.4964
vn -0.6942 0.1902 -0.6942
vn -0.0000 0.1901 -0.9818
vn -0.0000 0.1902 0.9818
vn -0.5284 0.6645 0.5284
vn -0.0000 0.6645 0.7473
vn -0.7473 0.6645 -0.0000
vn -0.5284 0.6645 -0.5284
vn -0.0000 0.6645 -0.7473
vn 0.5284 0.6645 -0.5284
vn 0.7473 0.6645 -0.0000
vn 0.5284 0.6645 0.5284
vn 0.6942 0.6942 -0.1901
vn 0.6938 0.6938 0.1928
vn 0.6938 -0.6938 0.1928
vn -0.0000 -0.9812 0.1928
vn -0.9818 -0.0000 -0.1901
vn 0.4964 -0.4964 0.7122
vn -0.6942 0.6942 -0.1901
vn 0.9812 -0.0000 0.1928
vn 0.9818 -0.0000 -0.1902
vn 0.7019 -0.0000 0.7122
vn 0.6942 -0.6942 -0.1901
vn 0.4964 0.4964 0.7122
vn -0.6942 -0.6942 -0.1901
vn -0.0000 -0.9818 -0.1901
vn -0.0000 0.9818 -0.1902
vn -0.5284 0.5284 -0.6645
vn -0.0000 0.7473 -0.6645
vn -0.7473 -0.0000 -0.6645
vn -0.5284 -0.5284 -0.6645
vn -0.0000 -0.7473 -0.6645
vn 0.5284 -0.5284 -0.6645
vn 0.7473 -0.0000 -0.6645
vn 0.5284 0.5284 -0.6645
vn -0.9818 -0.0000 -0.1902
vn 0.6942 -0.6942 -0.1902
vn -0.0000 0.9818 -0.1901
vn -0.4964 0.1526 0.8546
vn -0.0000 0.0073 1.0000
vn -0.6938 -0.3543 0.6270
vn -0.9812 0.1363 0.1364
vn -0.7019 0.5036 0.5036
vn -0.4964 0.8546 0.1526
vn -0.6938 0.6270 -0.3543
vn -0.0000 1.0000 0.0073
vn -0.0000 0.8302 -0.5575
vn 0.6942 0.3564 -0.6253
vn 0.6938 0.6270 -0.3543
vn 0.6938 -0.3543 0.6270
vn -0.0000 -0.5575 0.8302
vn -0.9818 -0.1345 -0.1345
vn 0.4964 0.1526 0.8546
vn 0.9812 0.1363 0.1364
vn 0.7019 0.5036 0.5036
vn 0.9818 -0.1345 -0.1345
vn 0.4964 0.8546 0.1526
vn -0.0000 -0.8287 0.5597
vn -0.6942 0.3564 -0.6253
vn -0.5284 -0.0963 -0.8435
vn -0.0000 0.5598 -0.8287
vn -0.0000 0.0585 -0.9983
vn -0.7473 -0.4699 -0.4699
vn -0.5284 -0.8435 -0.0963
vn -0.6942 -0.6253 0.3564
vn -0.0000 -0.9983 0.0585
vn 0.5284 -0.8435 -0.0963
vn 0.7473 -0.4699 -0.4699
vn 0.6942 -0.6253 0.3564
vn 0.5284 -0.0963 -0.8435
vn -0.4964 -0.4964 -0.7122
vn -0.0000 -0.7020 -0.7122
vn -0.0000 -0.7122 -0.7019
vn -0.6938 -0.6938 -0.1928
vn -0.0000 -0.9812 -0.1928
vn -0.9812 -0.0000 -0.1928
vn -0.7019 -0.0000 -0.7122
vn -0.4964 0.4964 -0.7122
vn -0.6938 0.6938 -0.1928
vn -0.0000 0.7019 -0.7122
vn -0.0000 -0.7122 0.7020
vn -0.0000 0.9812 -0.1928
vn 0.6942 0.1901 -0.6942
vn -0.6942 0.1901 -0.6942
vn 0.6942 0.1902 0.6942
vn -0.6942 0.1902 0.6942
vn -0.0000 0.1901 0.9818
vn -0.0000 0.1902 -0.9818
vn 0.6942 0.6942 0.1901
vn 0.6938 0.6938 -0.1928
vn 0.6938 -0.6938 -0.1928
vn -0.9818 -0.0000 0.1901
vn 0.4964 -0.4964 -0.7122
vn -0.6942 0.6942 0.1901
vn 0.9812 -0.0000 -0.1928
vn 0.9818 -0.0000 0.1902
vn 0.7019 -0.0000 -0.7122
vn 0.6942 -0.6942 0.1901
vn 0.4964 0.4964 -0.7122
vn -0.6942 -0.6942 0.1901
vn -0.0000 -0.9818 0.1901
vn -0.0000 0.9818 0.1902
vn -0.5284 0.5284 0.6645
vn -0.0000 0.7473 0.6645
vn -0.7473 -0.0000 0.6645
vn -0.5284 -0.5284 0.6645
vn -0.0000 -0.7473 0.6645
vn 0.5284 -0.5284 0.6645
vn 0.7473 -0.0000 0.6645
vn 0.5284 0.5284 0.6645
vn -0.0000 0.7020 -0.7122
vn 0.9818 -0.0000 0.1901
vn 0.6942 -0.6942 0.1902
vn -0.4964 0.1526 -0.8546
vn -0.0000 0.0073 -1.0000
vn -0.6938 -0.3543 -0.6270
vn -0.0000 -0.5575 -0.8302
vn -0.9812 0.1363 -0.1363
vn -0.7019 0.5036 -0.5036
vn -0.4964 0.8546 -0.1526
vn -0.6938 0.6270 0.3543
vn -0.0000 1.0000 -0.0073
vn -0.0000 0.8302 0.5575
vn 0.6942 0.3564 0.6253
vn 0.6938 0.6270 0.3543
vn 0.6938 -0.3543 -0.6270
vn -0.9818 -0.1345 0.1345
vn 0.4964 0.1526 -0.8546
vn -0.6942 0.3564 0.6253
vn 0.9812 0.1363 -0.1364
vn 0.9818 -0.1345 0.1345
vn 0.7019 0.5036 -0.5036
vn 0.6942 -0.6253 -0.3564
vn 0.4964 0.8546 -0.1526
vn -0.0000 -0.8287 -0.5597
vn -0.6942 -0.6253 -0.3564
vn -0.0000 0.5598 0.8287
vn -0.5284 -0.0963 0.8435
vn -0.0000 0.0585 0.9983
vn -0.7473 -0.4699 0.4699
vn -0.5284 -0.8435 0.0963
vn -0.0000 -0.9983 -0.0585
vn 0.5284 -0.8435 0.0963
vn 0.7473 -0.4699 0.4699
vn 0.5284 -0.0963 0.8435
vn -0.0000 0.0002 -1.0000
vn 0.3808 0.0982 -0.9194
vn 0.3827 0.0002 -0.9239
vn 0.3808 0.0982 0.9194
vn -0.0000 0.0002 1.0000
vn 0.3827 0.0002 0.9239
vn -0.0000 0.0982 0.9952
vn -0.3827 0.0002 0.9239
vn -0.3808 0.0982 -0.9194
vn -0.3827 0.0002 -0.9239
vn 0.7071 0.0002 0.7071
vn -0.7071 0.0002 -0.7071
vn 0.9239 0.0002 0.3827
vn 0.7037 0.0982 0.7037
vn -0.9194 0.0982 -0.3808
vn -0.9239 0.0002 -0.3827
vn 1.0000 0.0002 -0.0000
vn 0.9194 0.0982 0.3808
vn -0.9952 0.0982 -0.0000
vn -1.0000 0.0002 -0.0000
vn 0.9239 0.0002 -0.3827
vn 0.9952 0.0982 -0.0000
vn -0.9194 0.0982 0.3808
vn -0.9239 0.0002 0.3827
vn 0.7071 0.0002 -0.7071
vn 0.9194 0.0982 -0.3808
vn -0.7037 0.0982 0.7037
vn -0.7071 0.0002 0.7071
vn 0.7037 0.0982 -0.7037
vn 0.6649 -0.6944 0.2754
vn 0.6555 -0.3751 0.6555
vn 0.5089 -0.6944 0.5089
vn -0.1547 0.9147 0.3734
vn -0.0000 0.9147 0.4041
vn -0.0000 0.6944 0.7196
vn -0.3547 0.3751 0.8564
vn -0.0000 0.3751 0.9270
vn 0.3808 -0.0982 0.9194
vn 0.3547 -0.3751 0.8564
vn 0.2754 -0.6944 0.6649
vn -0.0000 -0.3751 0.9270
vn -0.0000 -0.6944 0.7196
vn -0.3808 0.0982 0.9194
vn -0.0000 -0.9147 0.4041
vn 0.1547 -0.9147 0.3734
vn 0.9194 -0.0982 0.3808
vn 0.8564 -0.3751 0.3547
vn -0.5089 0.6944 0.5089
vn -0.2754 0.6944 0.6648
vn 0.3734 -0.9147 0.1547
vn 0.2858 -0.9147 0.2858
vn -0.2858 0.9147 0.2858
vn -0.6649 0.6944 0.2754
vn -0.6555 0.3751 0.6555
vn 0.4041 -0.9147 -0.0000
vn 0.7196 -0.6944 -0.0000
vn -0.3734 0.9147 0.1547
vn -0.8564 0.3751 0.3547
vn 0.9270 -0.3751 -0.0000
vn 0.3734 -0.9147 -0.1547
vn 0.8564 -0.3751 -0.3547
vn 0.9952 -0.0982 -0.0000
vn -0.4041 0.9147 -0.0000
vn -0.9270 0.3751 -0.0000
vn 0.6649 -0.6944 -0.2754
vn -0.3734 0.9147 -0.1547
vn -0.6649 0.6944 -0.2754
vn -0.7196 0.6944 -0.0000
vn 0.2858 -0.9147 -0.2858
vn -0.8564 0.3751 -0.3547
vn 0.5089 -0.6944 -0.5089
vn 0.7037 -0.0982 -0.7037
vn 0.6555 -0.3751 -0.6555
vn -0.5089 0.6944 -0.5089
vn -0.6555 0.3751 -0.6555
vn 0.1547 -0.9147 -0.3734
vn 0.2754 -0.6944 -0.6648
vn -0.2858 0.9147 -0.2858
vn 0.3547 -0.3751 -0.8564
vn -0.2754 0.6944 -0.6649
vn -0.3547 0.3751 -0.8564
vn -0.7037 0.0982 -0.7037
vn -0.0000 -0.3751 -0.9270
vn 0.3808 -0.0982 -0.9194
vn -0.0000 -0.9147 -0.4041
vn -0.1547 0.9147 -0.3734
vn -0.0000 -0.6944 -0.7196
vn -0.3547 -0.3751 -0.8564
vn -0.0000 -0.0982 -0.9952
vn -0.0000 0.9147 -0.4041
vn -0.0000 0.3751 -0.9270
vn -0.2754 -0.6944 -0.6649
vn -0.0000 0.0982 -0.9952
vn -0.1547 -0.9147 -0.3734
vn -0.0000 0.6944 -0.7196
vn 0.3547 0.3751 -0.8564
vn -0.6555 -0.3751 -0.6555
vn -0.3808 -0.0982 -0.9194
vn 0.1547 0.9147 -0.3734
vn -0.2858 -0.9147 -0.2858
vn -0.5089 -0.6944 -0.5089
vn 0.5089 0.6944 -0.5089
vn 0.2754 0.6944 -0.6648
vn -0.3734 -0.9147 -0.1547
vn -0.6649 -0.6944 -0.2754
vn 0.2858 0.9147 -0.2858
vn 0.6555 0.3751 -0.6555
vn -0.9194 -0.0982 -0.3808
vn -0.8564 -0.3751 -0.3547
vn -0.4041 -0.9147 -0.0000
vn -0.9952 -0.0982 -0.0000
vn -0.9270 -0.3751 -0.0000
vn 0.3734 0.9147 -0.1547
vn 0.8564 0.3751 -0.3547
vn -0.7196 -0.6944 -0.0000
vn 0.6649 0.6944 -0.2754
vn 0.4041 0.9147 -0.0000
vn 0.9270 0.3751 -0.0000
vn -0.8564 -0.3751 0.3547
vn -0.6649 -0.6944 0.2754
vn 0.7196 0.6944 -0.0000
vn -0.3734 -0.9147 0.1547
vn -0.6555 -0.3751 0.6555
vn -0.9194 -0.0982 0.3808
vn 0.3734 0.9147 0.1547
vn -0.2858 -0.9147 0.2858
vn -0.5089 -0.6944 0.5089
vn 0.6649 0.6944 0.2754
vn 0.2858 0.9147 0.2858
vn 0.8564 0.3751 0.3547
vn -0.1547 -0.9147 0.3734
vn -0.3547 -0.3751 0.8564
vn -0.2754 -0.6944 0.6648
vn 0.6555 0.3751 0.6555
vn -0.7037 -0.0982 0.7037
vn -0.3808 -0.0982 0.9194
vn 0.1547 0.9147 0.3734
vn 0.5089 0.6944 0.5089
vn 0.3547 0.3751 0.8564
vn 0.2754 0.6944 0.6649
vn -0.0000 -0.0982 0.9952
vn 0.8678 0.1106 -0.4845
vn 0.5090 0.3354 -0.7927
vn 0.6651 0.4550 -0.5922
vn 0.6642 -0.0455 -0.7462
vn 0.3055 -0.8951 -0.3247
vn 0.3594 -0.1498 -0.9211
vn 0.2755 0.2554 -0.9268
vn -0.0000 -0.1864 -0.9825
vn -0.0000 0.2274 -0.9738
vn -0.0000 0.5783 -0.8159
vn 0.1548 0.5940 -0.7894
vn 0.7374 -0.6738 0.0463
vn 0.3736 0.7062 -0.6014
vn 0.2860 0.6389 -0.7141
vn 0.4044 0.7854 -0.4685
vn 0.9393 0.2948 -0.1758
vn 0.7198 0.5961 -0.3556
vn 0.7982 -0.5174 0.3086
vn 0.3736 0.8647 -0.3356
vn 0.8678 0.4789 0.1329
vn 0.6651 0.7372 -0.1190
vn 0.2860 0.9319 -0.2229
vn 0.5090 0.8569 0.0815
vn 0.6642 0.6350 0.3946
vn 0.7374 -0.3609 0.5709
vn 0.1548 0.9769 -0.1476
vn 0.2755 0.9368 0.2156
vn 0.3055 -0.1396 0.9419
vn 0.3594 0.7393 0.5694
vn -0.0000 -0.1085 0.9941
vn -0.0000 0.7759 0.6308
vn -0.0000 0.9926 -0.1212
vn -0.0000 0.9649 0.2626
vn -0.3594 0.7393 0.5694
vn -0.2755 0.9368 0.2156
vn -0.1548 0.9769 -0.1476
vn -0.5644 -0.2282 0.7933
vn -0.6642 0.6350 0.3946
vn -0.2860 0.9319 -0.2229
vn -0.5090 0.8569 0.0815
vn -0.3736 0.8647 -0.3356
vn -0.6651 0.7372 -0.1190
vn -0.7374 -0.3609 0.5709
vn -0.8678 0.4789 0.1329
vn -0.4044 0.7854 -0.4685
vn -0.7982 -0.5174 0.3086
vn -0.9393 0.2947 -0.1758
vn -0.7198 0.5961 -0.3556
vn -0.8678 0.1106 -0.4845
vn -0.6651 0.4550 -0.5922
vn -0.3736 0.7062 -0.6014
vn -0.7374 -0.6738 0.0463
vn -0.6642 -0.0455 -0.7462
vn -0.2860 0.6389 -0.7141
vn -0.5090 0.3354 -0.7927
vn -0.1548 0.5940 -0.7894
vn -0.2755 0.2554 -0.9268
vn -0.3594 -0.1498 -0.9211
vn -0.5644 -0.8065 -0.1761
vn -0.0000 -0.9263 -0.3769
vn 0.5644 -0.8065 -0.1761
vn 0.5644 -0.2282 0.7933
vn -0.3054 -0.8951 -0.3247
vn -0.3054 -0.1396 0.9419
vn -0.3827 -0.0002 0.9239
vn -0.7071 -0.0002 0.7071
vn 0.3827 -0.0002 -0.9239
vn 0.7071 -0.0002 -0.7071
vn -0.9239 -0.0002 0.3827
vn 0.9239 -0.0002 -0.3827
vn -1.0000 -0.0002 -0.0000
vn 1.0000 -0.0002 -0.0000
vn -0.9239 -0.0002 -0.3827
vn 0.9239 -0.0002 0.3827
vn -0.7071 -0.0002 -0.7071
vn 0.7071 -0.0002 0.7071
vn -0.3827 -0.0002 -0.9239
vn 0.3827 -0.0002 0.9239
vn -0.0000 -0.0002 -1.0000
vn -0.0000 -0.0002 1.0000
vn 0.7037 -0.0982 0.7037
vn -0.7037 -0.0982 -0.7037
vn 0.9194 -0.0982 -0.3808
vn -0.2754 0.6944 -0.6648
vn 0.2754 -0.6944 -0.6649
vn -0.2754 0.6944 0.6649
vn -0.2754 -0.6944 0.6649
vn -0.2754 -0.6944 -0.6648
vn 0.2754 0.6944 -0.6649
vn 0.5090 0.3354 0.7927
vn 0.8678 0.1106 0.4845
vn 0.6651 0.4550 0.5922
vn 0.6642 -0.0455 0.7462
vn 0.3055 -0.8951 0.3247
vn 0.5644 -0.8065 0.1761
vn 0.2755 0.2554 0.9268
vn -0.0000 -0.1864 0.9825
vn 0.3594 -0.1498 0.9211
vn -0.0000 0.5783 0.8159
vn 0.1548 0.5940 0.7894
vn 0.7374 -0.6738 -0.0463
vn 0.2860 0.6389 0.7141
vn 0.3736 0.7062 0.6014
vn 0.4044 0.7854 0.4685
vn 0.9393 0.2948 0.1758
vn 0.7198 0.5961 0.3556
vn 0.7982 -0.5174 -0.3086
vn 0.3736 0.8647 0.3356
vn 0.6651 0.7372 0.1190
vn 0.8678 0.4789 -0.1329
vn 0.7374 -0.3609 -0.5709
vn 0.2860 0.9319 0.2229
vn 0.5090 0.8569 -0.0815
vn 0.6642 0.6350 -0.3946
vn 0.5644 -0.2282 -0.7933
vn 0.1548 0.9769 0.1476
vn 0.2755 0.9368 -0.2156
vn 0.3594 0.7393 -0.5694
vn 0.3055 -0.1396 -0.9419
vn -0.0000 0.7759 -0.6308
vn -0.0000 -0.1085 -0.9941
vn -0.0000 0.9926 0.1212
vn -0.0000 0.9649 -0.2626
vn -0.3054 -0.1396 -0.9419
vn -0.3594 0.7393 -0.5694
vn -0.2755 0.9368 -0.2156
vn -0.1548 0.9769 0.1476
vn -0.5644 -0.2282 -0.7933
vn -0.6642 0.6350 -0.3946
vn -0.2860 0.9319 0.2229
vn -0.5090 0.8569 -0.0815
vn -0.3736 0.8647 0.3356
vn -0.6651 0.7372 0.1190
vn -0.8678 0.4789 -0.1329
vn -0.7374 -0.3609 -0.5709
vn -0.4044 0.7854 0.4685
vn -0.7198 0.5961 0.3556
vn -0.7982 -0.5174 -0.3086
vn -0.9393 0.2947 0.1758
vn -0.8678 0.1106 0.4845
vn -0.6651 0.4550 0.5922
vn -0.3736 0.7062 0.6014
vn -0.7374 -0.6738 -0.0463
vn -0.6642 -0.0455 0.7462
vn -0.5644 -0.8065 0.1761
vn -0.2860 0.6389 0.7141
vn -0.5090 0.3354 0.7927
vn -0.1548 0.5940 0.7894
vn -0.2755 0.2554 0.9268
vn -0.3594 -0.1498 0.9211
vn -0.3054 -0.8951 0.3247
vn -0.0000 0.2274 0.9738
vn -0.0000 -0.9263 0.3769
vn 0.0372 -0.8844 -0.4653
vn 0.1440 -0.8842 -0.4444
vn 0.0606 -0.9982 -0.0000
vn 0.0777 -0.0603 -0.9952
vn 0.3011 -0.3184 -0.8989
vn 0.0741 -0.3124 -0.9471
vn 0.0615 -0.6206 -0.7817
vn 0.2455 -0.6267 -0.7396
vn 0.3163 -0.0634 -0.9465
vn 0.5919 -0.3387 -0.7314
vn 0.2742 -0.8950 -0.3518
vn 0.4739 -0.6516 -0.5923
vn 0.6518 -0.6793 -0.3373
vn 0.3718 -0.9070 -0.1976
vn 0.6268 -0.0701 -0.7760
vn 0.8303 -0.3621 -0.4237
vn 0.7222 -0.6917 -0.0000
vn 0.4093 -0.9124 -0.0000
vn 0.0561 0.6969 -0.7150
vn 0.0047 1.0000 -0.0000
vn 0.2324 0.6782 -0.6972
vn 0.8879 -0.0780 -0.4534
vn 0.9279 -0.3729 -0.0000
vn 0.2324 0.6782 0.6972
vn 0.0561 0.6969 0.7150
vn 0.6634 0.6664 0.3403
vn 0.4635 0.6733 0.5760
vn 0.8879 -0.0780 0.4534
vn 0.9967 -0.0817 -0.0000
vn 0.6518 -0.6793 0.3373
vn 0.4635 0.6733 -0.5760
vn 0.6634 0.6664 -0.3403
vn 0.8303 -0.3621 0.4237
vn 0.3718 -0.9070 0.1976
vn 0.6268 -0.0701 0.7760
vn 0.4739 -0.6516 0.5923
vn 0.7489 0.6627 -0.0000
vn 0.5919 -0.3387 0.7314
vn 0.2742 -0.8950 0.3518
vn 0.3011 -0.3184 0.8989
vn 0.1440 -0.8842 0.4444
vn 0.3163 -0.0634 0.9465
vn 0.2455 -0.6267 0.7396
vn 0.0741 -0.3124 0.9471
vn 0.0372 -0.8844 0.4653
vn 0.0777 -0.0603 0.9952
vn 0.0615 -0.6206 0.7817
vn -0.0741 -0.0608 0.9954
vn -0.0528 0.6973 -0.7148
vn -0.0638 -0.9980 -0.0000
vn -0.0741 -0.0608 -0.9954
vn -0.0528 0.6973 0.7148
vn -0.0744 -0.3147 0.9463
vn -0.0744 -0.3147 -0.9463
vn -0.0744 -0.6238 0.7781
vn -0.0744 -0.6238 -0.7781
vn -0.7188 -0.4551 -0.5255
vn -0.5891 -0.8081 -0.0000
vn -0.8692 -0.4945 -0.0000
vn -0.3198 -0.9475 -0.0000
vn -0.2798 -0.9317 -0.2317
vn -0.8047 -0.1118 -0.5831
vn -0.9917 -0.1289 -0.0000
vn -0.5039 -0.7700 -0.3914
vn -0.4816 -0.0832 -0.8724
vn -0.3366 -0.6972 -0.6330
vn -0.4476 -0.3810 -0.8090
vn -0.1910 -0.9025 -0.3859
vn -0.1905 -0.6458 -0.7394
vn -0.2299 -0.3325 -0.9147
vn -0.1627 -0.8912 -0.4235
vn -0.2401 -0.0665 -0.9685
vn -0.1242 -0.8687 -0.4796
vn -0.3509 0.6792 -0.6446
vn -0.0043 1.0000 -0.0000
vn -0.1720 0.6933 -0.6998
vn -0.6059 0.6582 -0.4468
vn -0.7675 0.6411 -0.0000
vn -0.1720 0.6933 0.6998
vn -0.6059 0.6582 0.4468
vn -0.3509 0.6792 0.6446
vn -0.2401 -0.0665 0.9685
vn -0.4816 -0.0832 0.8724
vn -0.8047 -0.1118 0.5831
vn -0.2299 -0.3325 0.9147
vn -0.1627 -0.8912 0.4235
vn -0.1242 -0.8687 0.4796
vn -0.1905 -0.6458 0.7394
vn -0.1910 -0.9025 0.3859
vn -0.3366 -0.6972 0.6330
vn -0.4476 -0.3810 0.8090
vn -0.5039 -0.7700 0.3914
vn -0.2798 -0.9317 0.2317
vn -0.7188 -0.4551 0.5255
vn 0.1066 0.8727 -0.4765
vn 0.8854 0.1201 -0.4490
vn 0.2144 0.1868 -0.9587
vn -0.6098 0.1201 -0.7834
vn 0.1690 -0.6326 -0.7558
vn -0.1066 0.8727 -0.4765
vn 0.6098 0.1201 -0.7834
vn -0.2144 0.1868 -0.9587
vn -0.8854 0.1201 -0.4490
vn -0.1690 -0.6326 -0.7558
vn 0.1714 0.1494 0.9738
vn 0.6739 0.6990 0.2395
vn -0.0009 0.9509 0.3094
vn -0.6053 0.6355 0.4793
vn -0.8027 0.0035 0.5964
vn -0.5307 -0.5584 0.6376
vn 0.0414 -0.8170 0.5751
vn 0.6731 -0.5922 0.4430
vn 0.9597 0.0347 0.2788
vn 0.6877 0.7182 0.1059
vn -0.0265 0.9845 0.1733
vn -0.0441 0.9982 0.0418
vn -0.6782 0.6548 0.3337
vn 0.6896 0.7239 0.0214
vn -0.8985 -0.0190 0.4385
vn -0.9937 -0.0402 0.1043
vn -0.6068 -0.6334 0.4802
vn -0.7441 0.6629 0.0828
vn 0.0185 -0.9079 0.4187
vn 0.6895 -0.6591 0.3003
vn 0.6935 -0.7165 0.0751
vn -0.0025 -0.9949 0.1005
vn 0.9894 0.0146 0.1448
vn 0.9994 0.0013 0.0337
vn -0.0219 0.9903 -0.1375
vn 0.6886 0.7190 -0.0938
vn -0.6972 0.6702 -0.2545
vn -0.6023 0.6933 -0.3956
vn 0.0274 0.9777 -0.2084
vn -0.9420 -0.0152 -0.3353
vn -0.6431 -0.6711 -0.3690
vn -0.5554 -0.5906 -0.5855
vn -0.8481 0.0361 -0.5286
vn 0.0248 -0.9474 -0.3190
vn 0.0818 -0.8607 -0.5024
vn 0.7020 -0.6740 -0.2301
vn 0.9929 0.0189 -0.1175
vn 0.9825 0.0588 -0.1768
vn 0.7279 -0.5863 -0.3555
vn 0.0404 0.9804 -0.1931
vn 0.6897 0.7103 -0.1406
vn 0.6921 0.7117 -0.1199
vn -0.5836 0.7107 -0.3927
vn -0.5815 0.7146 -0.3889
vn 0.6931 0.7136 -0.1023
vn 0.0409 0.9826 -0.1809
vn -0.8346 0.0592 -0.5477
vn -0.5374 -0.5770 -0.6151
vn -0.5299 -0.5713 -0.6267
vn -0.8289 0.0673 -0.5554
vn 0.1074 -0.8494 -0.5168
vn 0.1155 -0.8451 -0.5220
vn 0.7442 -0.5702 -0.3480
vn 0.9847 0.0686 -0.1602
vn 0.7475 -0.5696 -0.3419
vn 0.9867 0.0686 -0.1475
vn 0.0422 0.9811 -0.1886
vn 0.6928 0.7131 -0.1075
vn -0.4930 0.6869 -0.5340
vn -0.5810 0.7131 -0.3924
vn 0.6734 0.6869 -0.2731
vn -0.8254 0.0697 -0.5602
vn -0.4442 -0.4872 -0.7518
vn -0.5278 -0.5693 -0.6303
vn 0.1178 -0.8417 -0.5269
vn 0.7222 -0.4872 -0.4910
vn 0.7460 -0.5693 -0.3454
vn 0.9854 0.0697 -0.1553
vn -0.1714 0.1494 0.9738
vn 0.6053 0.6355 0.4793
vn 0.0009 0.9509 0.3094
vn -0.6739 0.6990 0.2395
vn -0.9597 0.0347 0.2788
vn -0.6731 -0.5922 0.4430
vn -0.0414 -0.8170 0.5751
vn 0.5307 -0.5584 0.6376
vn 0.8027 0.0035 0.5964
vn 0.0265 0.9845 0.1733
vn 0.6782 0.6548 0.3337
vn -0.6877 0.7182 0.1059
vn -0.6896 0.7239 0.0214
vn 0.0441 0.9982 0.0418
vn -0.9894 0.0146 0.1448
vn -0.9994 0.0013 0.0337
vn -0.6895 -0.6591 0.3003
vn -0.0185 -0.9079 0.4187
vn 0.0025 -0.9949 0.1005
vn 0.6068 -0.6334 0.4802
vn -0.6935 -0.7165 0.0751
vn 0.8985 -0.0190 0.4385
vn 0.7441 0.6629 0.0828
vn 0.9937 -0.0402 0.1043
vn 0.6972 0.6702 -0.2545
vn 0.0219 0.9903 -0.1375
vn -0.0274 0.9777 -0.2084
vn -0.6886 0.7190 -0.0938
vn 0.6023 0.6933 -0.3956
vn -0.9929 0.0189 -0.1175
vn -0.7020 -0.6740 -0.2301
vn -0.7279 -0.5863 -0.3555
vn -0.9825 0.0588 -0.1768
vn -0.0248 -0.9474 -0.3190
vn 0.6431 -0.6711 -0.3690
vn 0.5554 -0.5906 -0.5855
vn -0.0818 -0.8607 -0.5024
vn 0.9420 -0.0152 -0.3353
vn 0.8481 0.0361 -0.5286
vn 0.5836 0.7107 -0.3927
vn -0.0404 0.9804 -0.1931
vn -0.6897 0.7103 -0.1406
vn -0.6931 0.7136 -0.1023
vn -0.6921 0.7117 -0.1199
vn 0.5815 0.7146 -0.3889
vn -0.0409 0.9826 -0.1809
vn -0.9847 0.0686 -0.1602
vn -0.7442 -0.5702 -0.3480
vn -0.7475 -0.5696 -0.3419
vn -0.9867 0.0686 -0.1475
vn -0.1074 -0.8494 -0.5168
vn 0.5374 -0.5770 -0.6151
vn 0.5299 -0.5713 -0.6267
vn -0.1155 -0.8451 -0.5220
vn 0.8346 0.0592 -0.5477
vn 0.8289 0.0673 -0.5554
vn -0.0422 0.9811 -0.1886
vn 0.5810 0.7131 -0.3924
vn -0.6734 0.6869 -0.2731
vn -0.6928 0.7131 -0.1075
vn 0.4930 0.6869 -0.5340
vn -0.9854 0.0697 -0.1553
vn -0.7222 -0.4872 -0.4910
vn -0.7460 -0.5693 -0.3455
vn -0.1178 -0.8417 -0.5269
vn 0.4442 -0.4872 -0.7518
vn 0.5278 -0.5693 -0.6303
vn 0.8254 0.0697 -0.5602
vn -0.1243 -0.8687 -0.4796
vn 0.8854 0.1201 0.4490
vn 0.1066 0.8727 0.4765
vn 0.2144 0.1868 0.9587
vn -0.6098 0.1201 0.7834
vn 0.1690 -0.6326 0.7558
vn 0.6098 0.1201 0.7834
vn -0.1066 0.8727 0.4765
vn -0.2144 0.1868 0.9587
vn -0.8854 0.1201 0.4490
vn -0.1690 -0.6326 0.7558
vn 0.1714 0.1494 -0.9738
vn -0.0009 0.9509 -0.3094
vn 0.6739 0.6990 -0.2395
vn -0.6053 0.6355 -0.4793
vn -0.8027 0.0035 -0.5964
vn -0.5307 -0.5584 -0.6376
vn 0.0414 -0.8170 -0.5751
vn 0.6731 -0.5922 -0.4430
vn 0.9597 0.0347 -0.2788
vn 0.6877 0.7182 -0.1059
vn -0.0265 0.9845 -0.1733
vn -0.6782 0.6548 -0.3337
vn -0.0441 0.9982 -0.0418
vn 0.6896 0.7239 -0.0214
vn -0.8985 -0.0190 -0.4385
vn -0.6068 -0.6334 -0.4802
vn -0.9937 -0.0402 -0.1043
vn -0.7441 0.6629 -0.0828
vn 0.0185 -0.9079 -0.4187
vn 0.6895 -0.6591 -0.3003
vn 0.6935 -0.7165 -0.0751
vn -0.0025 -0.9949 -0.1005
vn 0.9894 0.0146 -0.1448
vn 0.9994 0.0013 -0.0337
vn -0.0219 0.9903 0.1375
vn -0.6972 0.6702 0.2545
vn -0.6023 0.6933 0.3956
vn 0.0274 0.9777 0.2084
vn 0.6886 0.7190 0.0938
vn -0.9420 -0.0152 0.3353
vn -0.6431 -0.6711 0.3690
vn -0.5554 -0.5906 0.5855
vn -0.8481 0.0361 0.5286
vn 0.0248 -0.9474 0.3190
vn 0.7020 -0.6740 0.2301
vn 0.0818 -0.8607 0.5024
vn 0.9929 0.0189 0.1175
vn 0.9825 0.0588 0.1768
vn 0.7279 -0.5863 0.3555
vn 0.0404 0.9804 0.1931
vn 0.6897 0.7103 0.1406
vn -0.5836 0.7107 0.3927
vn -0.5815 0.7146 0.3889
vn 0.0409 0.9826 0.1809
vn 0.6931 0.7136 0.1023
vn 0.6921 0.7117 0.1199
vn -0.8346 0.0592 0.5477
vn -0.5374 -0.5770 0.6151
vn -0.5299 -0.5713 0.6267
vn -0.8289 0.0673 0.5554
vn 0.1074 -0.8494 0.5168
vn 0.7442 -0.5702 0.3480
vn 0.1155 -0.8451 0.5220
vn 0.9847 0.0686 0.1602
vn 0.9867 0.0686 0.1475
vn 0.7475 -0.5696 0.3419
vn 0.0422 0.9811 0.1886
vn -0.5810 0.7131 0.3924
vn -0.4930 0.6869 0.5340
vn 0.6734 0.6869 0.2731
vn 0.6928 0.7131 0.1075
vn -0.8254 0.0697 0.5602
vn -0.5278 -0.5693 0.6303
vn -0.4442 -0.4872 0.7518
vn 0.1178 -0.8417 0.5269
vn 0.7460 -0.5693 0.3455
vn 0.7222 -0.4872 0.4910
vn 0.9854 0.0697 0.1553
vn -0.1714 0.1494 -0.9738
vn 0.0008 0.9509 -0.3094
vn 0.6053 0.6355 -0.4793
vn -0.6739 0.6990 -0.2395
vn -0.9597 0.0347 -0.2788
vn -0.6731 -0.5922 -0.4430
vn -0.0414 -0.8170 -0.5751
vn 0.5307 -0.5584 -0.6376
vn 0.8027 0.0035 -0.5964
vn 0.0265 0.9845 -0.1733
vn -0.6877 0.7182 -0.1059
vn -0.6896 0.7239 -0.0214
vn 0.0441 0.9982 -0.0418
vn 0.6782 0.6548 -0.3337
vn -0.9894 0.0146 -0.1448
vn -0.6895 -0.6591 -0.3003
vn -0.9994 0.0013 -0.0337
vn -0.0185 -0.9079 -0.4187
vn 0.6068 -0.6334 -0.4802
vn 0.0025 -0.9949 -0.1005
vn -0.6935 -0.7165 -0.0751
vn 0.8985 -0.0190 -0.4385
vn 0.7441 0.6629 -0.0828
vn 0.9937 -0.0402 -0.1043
vn 0.6972 0.6702 0.2545
vn 0.0219 0.9903 0.1375
vn -0.6886 0.7190 0.0938
vn -0.0274 0.9777 0.2084
vn 0.6023 0.6933 0.3956
vn -0.9929 0.0189 0.1175
vn -0.7020 -0.6740 0.2301
vn -0.7279 -0.5863 0.3555
vn -0.9825 0.0588 0.1768
vn -0.0248 -0.9474 0.3190
vn 0.6431 -0.6711 0.3690
vn 0.5554 -0.5906 0.5855
vn -0.0818 -0.8607 0.5024
vn 0.9420 -0.0152 0.3353
vn 0.8481 0.0361 0.5286
vn 0.5836 0.7107 0.3927
vn -0.0404 0.9804 0.1931
vn -0.6897 0.7103 0.1406
vn -0.6921 0.7117 0.1199
vn -0.6931 0.7136 0.1023
vn -0.0409 0.9826 0.1809
vn 0.5815 0.7146 0.3889
vn -0.9847 0.0686 0.1602
vn -0.7442 -0.5702 0.3480
vn -0.7475 -0.5696 0.3419
vn -0.9867 0.0686 0.1475
vn -0.1074 -0.8494 0.5168
vn 0.5374 -0.5770 0.6151
vn 0.5299 -0.5713 0.6267
vn -0.1155 -0.8451 0.5220
vn 0.8346 0.0592 0.5477
vn 0.8289 0.0673 0.5554
vn -0.0422 0.9811 0.1886
vn -0.6928 0.7131 0.1075
vn -0.6734 0.6869 0.2731
vn 0.4930 0.6869 0.5339
vn 0.5810 0.7131 0.3924
vn -0.9854 0.0697 0.1553
vn -0.7460 -0.5693 0.3455
vn -0.7222 -0.4872 0.4910
vn -0.1178 -0.8417 0.5269
vn 0.5278 -0.5693 0.6303
vn 0.4442 -0.4872 0.7518
vn 0.8254 0.0697 0.5602
vn 0.8805 0.2516 0.4018
vn 0.4495 0.7707 0.4516
vn 0.6704 0.0887 0.7367
vn -0.6023 0.7583 -0.2492
vn -0.6925 -0.2530 -0.6756
vn -0.8918 -0.2697 -0.3633
vn 0.9470 0.3213 -0.0000
vn 0.5846 0.7742 0.2426
vn -0.6522 0.7581 -0.0000
vn -0.9615 -0.2748 -0.0000
vn 0.5846 0.7742 -0.2426
vn 0.8805 0.2516 -0.4018
vn -0.8918 -0.2697 0.3633
vn 0.4495 0.7707 -0.4516
vn 0.6704 0.0887 -0.7367
vn -0.6925 -0.2530 0.6756
vn -0.6023 0.7583 0.2492
vn 0.2442 0.7663 -0.5943
vn 0.3440 -0.0634 -0.9368
vn -0.3915 -0.2202 0.8934
vn -0.4607 0.7591 0.4600
vn -0.0013 0.7627 -0.6467
vn -0.0296 -0.1623 -0.9863
vn 0.3440 -0.0634 0.9368
vn -0.0013 0.7627 0.6467
vn -0.0296 -0.1623 0.9863
vn -0.2493 0.7604 0.5997
vn -0.2493 0.7604 -0.5997
vn -0.3915 -0.2202 -0.8934
vn 0.2442 0.7663 0.5943
vn -0.4607 0.7591 -0.4600
vn -0.0000 0.9500 -0.3122
vn 0.2207 0.9500 0.2207
vn -0.2207 0.9500 -0.2207
vn 0.3122 0.9500 -0.0000
vn 0.6316 0.7753 -0.0000
vn -0.2884 0.9500 -0.1195
vn 0.2884 0.9500 -0.1195
vn -0.3122 0.9500 -0.0000
vn 0.2207 0.9500 -0.2207
vn -0.2207 0.9500 0.2207
vn 0.1195 0.9500 -0.2884
vn -0.0000 0.9500 0.3122
vn -0.1195 0.9500 0.2884
vn -0.2884 0.9500 0.1195
vn 0.1195 0.9500 0.2884
vn -0.1195 0.9500 -0.2884
vn 0.2884 0.9500 0.1195
vn 0.7348 -0.1482 0.6619
vn -0.7417 -0.5924 -0.3145
vn 0.9356 -0.0285 0.3519
vn -0.8009 -0.5988 -0.0000
vn 0.9356 -0.0285 -0.3519
vn 0.7348 -0.1482 -0.6619
vn -0.7417 -0.5924 0.3145
vn 0.4099 -0.3132 -0.8567
vn -0.5700 -0.5711 0.5907
vn 0.0381 -0.4470 -0.8937
vn 0.0381 -0.4470 0.8937
vn -0.3019 -0.5276 0.7941
vn -0.3019 -0.5276 -0.7941
vn 0.4099 -0.3132 0.8567
vn -0.5700 -0.5711 -0.5907
vn -0.9203 -0.0883 0.3811
vn 0.9194 -0.0979 -0.3810
vn -0.9203 -0.0883 -0.3811
vn 0.9952 -0.0981 -0.0000
vn 1.0000 0.0098 -0.0000
vn -0.7045 -0.0888 -0.7042
vn -0.3815 -0.0900 -0.9200
vn 0.9194 -0.0979 0.3810
vn -0.0007 -0.0920 -0.9958
vn -0.0007 -0.0920 0.9958
vn 0.7033 -0.0969 0.7042
vn 0.3802 -0.0946 -0.9201
vn -0.3815 -0.0900 0.9200
vn 0.3802 -0.0946 0.9201
vn -0.7045 -0.0888 0.7042
vn 0.7033 -0.0969 -0.7042
vn -0.3548 -0.3749 0.8565
vn -0.0000 -0.3749 0.9271
vn -0.0000 -0.6945 0.7195
vn -0.1546 -0.9148 0.3732
vn -0.0000 -0.9148 0.4039
vn -0.2753 -0.6945 0.6647
vn -0.5087 -0.6945 0.5087
vn -0.2856 -0.9148 0.2856
vn -0.6555 -0.3749 0.6555
vn -0.8565 -0.3749 0.3548
vn -0.3732 -0.9148 0.1546
vn -0.6647 -0.6945 0.2753
vn -0.9961 -0.0881 -0.0000
vn -0.4039 -0.9148 -0.0000
vn -0.7195 -0.6945 -0.0000
vn -0.3732 -0.9148 -0.1546
vn -0.9270 -0.3749 -0.0000
vn -0.6647 -0.6945 -0.2753
vn -0.8565 -0.3749 -0.3548
vn -0.6555 -0.3749 -0.6555
vn -0.2856 -0.9148 -0.2856
vn -0.1546 -0.9148 -0.3732
vn -0.5087 -0.6945 -0.5087
vn -0.3548 -0.3749 -0.8565
vn -0.2753 -0.6945 -0.6647
vn -0.0000 -0.9148 -0.4039
vn -0.0000 -0.3749 -0.9270
vn 0.3548 -0.3749 -0.8565
vn -0.0000 -0.6945 -0.7195
vn 0.1546 -0.9148 -0.3732
vn 0.6555 -0.3749 -0.6555
vn 0.2753 -0.6945 -0.6647
vn 0.2856 -0.9148 -0.2856
vn 0.5087 -0.6945 -0.5087
vn 0.3732 -0.9148 -0.1546
vn 0.8565 -0.3749 -0.3548
vn 0.9271 -0.3749 -0.0000
vn 0.6647 -0.6945 -0.2753
vn 0.4039 -0.9148 -0.0000
vn 0.8565 -0.3749 0.3548
vn 0.7195 -0.6945 -0.0000
vn 0.3732 -0.9148 0.1546
vn 0.6555 -0.3749 0.6555
vn 0.6647 -0.6945 0.2753
vn 0.2856 -0.9148 0.2856
vn 0.3548 -0.3749 0.8565
vn 0.5087 -0.6945 0.5087
vn 0.1546 -0.9148 0.3732
vn 0.2753 -0.6945 0.6647
vn -0.6133 -0.7898 -0.0000
vn 0.0853 -0.8177 0.5693
vn -0.4408 -0.5600 0.7015
vn 0.0853 -0.8177 -0.5693
vn 0.1330 -0.9911 -0.0000
vn -0.8145 -0.1057 0.5704
vn -0.9900 -0.1408 -0.0000
vn 0.1771 0.9842 -0.0000
vn 0.5533 0.3078 0.7740
vn 0.8739 0.4861 -0.0000
vn 0.5534 0.3078 -0.7740
vn 0.9296 -0.3686 -0.0000
vn -0.4126 -0.9109 -0.0000
vn 0.2732 -0.7754 0.5692
vn -0.2984 -0.6472 0.7015
vn -0.7675 -0.2924 -0.5704
vn -0.2984 -0.6472 -0.7015
vn -0.7675 -0.2924 0.5704
vn -0.9301 -0.3673 -0.0000
vn -0.0568 0.9984 -0.0000
vn 0.4665 0.4281 0.7740
vn 0.7368 0.6761 -0.0000
vn 0.4665 0.4281 -0.7740
vn 0.9898 -0.1421 -0.0000
vn -0.5932 -0.7898 0.1560
vn 0.2272 -0.8177 0.5289
vn -0.2479 -0.5600 0.7905
vn -0.0623 -0.8177 -0.5722
vn 0.1286 -0.9911 -0.0338
vn -0.9328 -0.1057 -0.3446
vn -0.6047 -0.5600 -0.5664
vn -0.6427 -0.1057 0.7588
vn -0.9575 -0.1408 0.2517
vn 0.1713 0.9842 -0.0450
vn 0.7320 0.3078 0.6078
vn 0.8452 0.4861 -0.2222
vn 0.3383 0.3078 -0.8893
vn 0.8990 -0.3686 -0.2364
vn -0.3991 -0.9109 0.1049
vn 0.4090 -0.7754 0.4811
vn -0.1102 -0.6472 0.7543
vn 0.1195 -0.7754 -0.6200
vn 0.3482 -0.9329 -0.0915
vn -0.8873 -0.2924 -0.3565
vn -0.4669 -0.6472 -0.6026
vn -0.5972 -0.2924 0.7469
vn -0.8995 -0.3673 0.2365
vn -0.0549 0.9984 0.0144
vn 0.6480 0.4281 0.6299
vn 0.7126 0.6761 -0.1874
vn 0.2544 0.4281 -0.8672
vn 0.9573 -0.1421 -0.2517
vn -0.4565 -0.7898 0.4096
vn 0.4436 -0.8177 0.3668
vn 0.1404 -0.5600 0.8165
vn -0.3167 -0.8177 -0.4806
vn 0.0990 -0.9911 -0.0888
vn -0.9872 -0.1057 0.1193
vn -0.7966 -0.5600 -0.2278
vn -0.2253 -0.1057 0.9685
vn -0.7369 -0.1408 0.6612
vn 0.1318 0.9842 -0.1183
vn 0.9288 0.3078 0.2066
vn 0.6505 0.4861 -0.5836
vn -0.1050 0.3078 -0.9456
vn 0.6919 -0.3686 -0.6208
vn -0.3071 -0.9109 0.2756
vn 0.5835 -0.7754 0.2412
vn 0.2464 -0.6472 0.7214
vn -0.1768 -0.7754 -0.6062
vn 0.2680 -0.9329 -0.2404
vn -0.9522 -0.2924 0.0880
vn -0.6906 -0.6472 -0.3229
vn -0.1903 -0.2924 0.9372
vn -0.6923 -0.3673 0.6211
vn -0.0423 0.9984 0.0379
vn 0.8641 0.4281 0.2645
vn 0.5484 0.6761 -0.4920
vn -0.1696 0.4281 -0.8876
vn 0.7368 -0.1421 -0.6610
vn -0.3367 -0.7898 0.5126
vn 0.5226 -0.8177 0.2412
vn 0.3443 -0.5600 0.7536
vn -0.4290 -0.8177 -0.3838
vn 0.0730 -0.9911 -0.1112
vn -0.9239 -0.1057 0.3676
vn -0.8283 -0.5600 -0.0167
vn 0.0296 -0.1057 0.9940
vn -0.5435 -0.1408 0.8275
vn 0.0972 0.9842 -0.1481
vn 0.9507 0.3078 -0.0376
vn 0.4798 0.4861 -0.7304
vn -0.3431 0.3078 -0.8874
vn 0.5103 -0.3686 -0.7770
vn -0.2265 -0.9109 0.3449
vn 0.6258 -0.7754 0.0841
vn 0.4225 -0.6472 0.6345
vn -0.3258 -0.7754 -0.5409
vn 0.1976 -0.9329 -0.3009
vn -0.8982 -0.2924 0.3283
vn -0.7501 -0.6472 -0.1357
vn 0.0554 -0.2924 0.9547
vn -0.5106 -0.3673 0.7774
vn -0.0312 0.9984 0.0475
vn 0.9030 0.4281 0.0350
vn 0.4045 0.6761 -0.6158
vn -0.3908 0.4281 -0.8149
vn 0.5434 -0.1421 -0.8273
vn -0.8595 0.5111 -0.0000
vn -0.6539 0.3142 0.6883
vn -0.8145 -0.1057 -0.5704
vn -0.3721 0.6289 -0.6826
vn -0.6539 0.3142 -0.6883
vn -0.1030 -0.1098 -0.9886
vn -0.4408 -0.5600 -0.7015
vn 0.5981 -0.3700 -0.7108
vn 0.4238 -0.5718 -0.7025
vn 0.1025 0.1279 -0.9865
vn 0.6778 -0.7352 -0.0000
vn 0.8044 -0.5941 -0.0000
vn 0.4238 -0.5718 0.7025
vn -0.1030 -0.1098 0.9886
vn 0.1025 0.1279 0.9865
vn 0.5981 -0.3700 0.7108
vn -0.3030 0.9530 -0.0000
vn -0.3721 0.6289 0.6826
vn -0.1386 0.7431 0.6546
vn -0.5678 0.8232 -0.0000
vn -0.1781 0.9840 -0.0000
vn -0.1386 0.7431 -0.6546
vn 0.2333 0.1984 -0.9519
vn 0.2984 0.1936 -0.9346
vn 0.6370 -0.3571 -0.6832
vn -0.0260 0.7602 -0.6491
vn 0.6370 -0.3571 0.6832
vn 0.7903 -0.6127 -0.0000
vn 0.6531 -0.3745 0.6582
vn 0.2333 0.1984 0.9519
vn -0.0260 0.7602 0.6491
vn 0.2984 0.1936 0.9346
vn -0.0076 0.7554 -0.6553
vn -0.1593 0.9872 -0.0000
vn -0.0001 0.7530 -0.6580
vn -0.0001 0.7530 0.6580
vn -0.1474 0.9891 -0.0000
vn 0.3094 0.1775 -0.9342
vn 0.6531 -0.3745 -0.6582
vn 0.6394 -0.3973 -0.6582
vn 0.6481 -0.3890 -0.6548
vn 0.3078 0.1706 -0.9360
vn 0.7787 -0.6274 -0.0000
vn 0.7691 -0.6392 -0.0000
vn 0.6481 -0.3890 0.6548
vn 0.6394 -0.3973 0.6582
vn 0.7625 -0.6469 -0.0000
vn 0.3094 0.1775 0.9342
vn -0.0076 0.7554 0.6553
vn 0.3078 0.1706 0.9360
vn -0.1398 0.9902 -0.0000
vn 0.0045 0.7540 0.6568
vn 0.1626 0.7808 -0.6033
vn 0.0045 0.7540 -0.6568
vn 0.1626 0.7808 0.6033
vn 0.3139 0.1746 -0.9333
vn 0.7491 -0.2737 -0.6033
vn 0.6430 -0.3939 -0.6568
vn 0.7675 -0.6410 -0.0000
vn 0.7491 -0.2737 0.6033
vn 0.6430 -0.3939 0.6568
vn 0.3139 0.1746 0.9333
vn -0.9549 0.2970 -0.0000
vn -0.0746 -0.1307 -0.9886
vn -0.7091 0.1534 -0.6883
vn 0.2732 -0.7754 -0.5692
vn 0.6678 -0.2207 -0.7108
vn 0.5452 -0.4574 -0.7025
vn 0.0699 0.1482 -0.9865
vn 0.8303 -0.5572 -0.0000
vn 0.3600 -0.9329 -0.0000
vn 0.9206 -0.3906 -0.0000
vn 0.5452 -0.4574 0.7025
vn -0.0746 -0.1307 0.9886
vn 0.0699 0.1482 0.9865
vn -0.7091 0.1534 0.6883
vn 0.6678 -0.2207 0.7108
vn -0.5165 0.8563 -0.0000
vn -0.5083 0.5250 -0.6826
vn -0.7438 0.6684 -0.0000
vn -0.4023 0.9155 -0.0000
vn -0.3078 0.6905 -0.6546
vn 0.1807 0.2473 -0.9519
vn 0.2452 0.2577 -0.9346
vn 0.7026 -0.1990 -0.6832
vn -0.2022 0.7333 -0.6491
vn 0.9112 -0.4120 -0.0000
vn 0.7223 -0.2122 -0.6582
vn 0.9033 -0.4290 -0.0000
vn 0.1807 0.2473 0.9519
vn 0.7026 -0.1990 0.6832
vn -0.3078 0.6905 0.6546
vn -0.2022 0.7333 0.6491
vn 0.2452 0.2577 0.9346
vn -0.1832 0.7329 -0.6553
vn -0.3847 0.9231 -0.0000
vn -0.1753 0.7323 -0.6580
vn 0.2596 0.2446 -0.9342
vn 0.7144 -0.2376 -0.6582
vn 0.7208 -0.2275 -0.6548
vn 0.2597 0.2376 -0.9360
vn 0.8967 -0.4426 -0.0000
vn 0.7208 -0.2275 0.6548
vn 0.7144 -0.2376 0.6582
vn 0.8922 -0.4517 -0.0000
vn 0.2596 0.2446 0.9342
vn 0.7223 -0.2122 0.6582
vn -0.1832 0.7329 0.6553
vn -0.1753 0.7323 0.6580
vn 0.2597 0.2376 0.9360
vn -0.3664 0.9305 -0.0000
vn -0.1712 0.7344 0.6568
vn -0.3736 0.9276 -0.0000
vn -0.0236 0.7972 -0.6033
vn -0.1712 0.7344 -0.6568
vn -0.0236 0.7972 0.6033
vn 0.2646 0.2428 -0.9333
vn 0.7922 -0.0918 -0.6033
vn 0.7170 -0.2334 -0.6568
vn 0.8956 -0.4448 -0.0000
vn 0.7922 -0.0918 0.6033
vn 0.7170 -0.2334 0.6568
vn 0.2646 0.2428 0.9333
vn -0.8313 0.5111 0.2186
vn -0.4574 0.3142 0.8319
vn -0.5335 0.6289 -0.5656
vn -0.8074 0.3142 -0.4994
vn -0.1863 0.6289 0.7548
vn -0.5491 0.8232 0.1444
vn -0.3510 -0.1098 -0.9299
vn 0.3977 -0.3700 -0.8396
vn 0.2312 -0.5718 -0.7872
vn -0.1517 0.1279 -0.9801
vn 0.6556 -0.7352 -0.1724
vn 0.7779 -0.5941 -0.2045
vn 0.5885 -0.5718 0.5716
vn 0.1518 -0.1098 0.9823
vn 0.3500 0.1279 0.9280
vn 0.7592 -0.3700 0.5354
vn -0.2930 0.9530 0.0771
vn 0.0324 0.7431 0.6684
vn -0.1723 0.9840 0.0453
vn -0.3005 0.7431 -0.5979
vn -0.0164 0.1984 -0.9800
vn 0.0510 0.1936 -0.9798
vn 0.4423 -0.3571 -0.8227
vn -0.1902 0.7602 -0.6212
vn 0.7643 -0.6127 -0.2010
vn 0.7898 -0.3571 0.4987
vn 0.7990 -0.3745 0.4705
vn 0.4642 -0.3745 -0.8027
vn 0.7531 -0.6274 -0.1980
vn 0.4677 0.1984 0.8613
vn 0.1399 0.7602 0.6344
vn 0.5263 0.1936 0.8280
vn 0.1593 0.7554 0.6357
vn -0.1540 0.9872 0.0405
vn -0.1740 0.7554 -0.6318
vn -0.1674 0.7530 -0.6364
vn 0.1673 0.7530 0.6364
vn -0.1426 0.9891 0.0375
vn 0.0616 0.1775 -0.9822
vn 0.4511 -0.3973 -0.7992
vn 0.4603 -0.3890 -0.7980
vn 0.0597 0.1706 -0.9835
vn 0.7438 -0.6392 -0.1956
vn 0.7933 -0.3890 0.4685
vn 0.7858 -0.3973 0.4740
vn 0.7375 -0.6469 -0.1939
vn 0.5368 0.1775 0.8249
vn 0.5357 0.1706 0.8270
vn -0.1352 0.9902 0.0355
vn 0.1713 0.7540 0.6341
vn 0.0039 0.7808 -0.6248
vn -0.1627 0.7540 -0.6364
vn 0.3107 0.7808 0.5421
vn 0.0662 0.1746 -0.9824
vn 0.5711 -0.2737 -0.7739
vn 0.4548 -0.3939 -0.7987
vn 0.7423 -0.6410 -0.1952
vn 0.8779 -0.2737 0.3930
vn 0.7889 -0.3939 0.4717
vn 0.5409 0.1746 0.8228
vn -0.9235 0.2970 0.2428
vn -0.5107 0.1534 0.8459
vn -0.6652 0.5250 -0.5310
vn -0.8608 0.1534 -0.4853
vn -0.3180 0.5250 0.7895
vn -0.7193 0.6684 0.1891
vn -0.3235 -0.1307 -0.9371
vn 0.4651 -0.2207 -0.8573
vn 0.3487 -0.4574 -0.8180
vn -0.1832 0.1482 -0.9718
vn 0.8031 -0.5572 -0.2111
vn 0.8903 -0.3906 -0.2341
vn 0.7059 -0.4574 0.5408
vn 0.1792 -0.1307 0.9751
vn 0.3185 0.1482 0.9363
vn 0.8266 -0.2207 0.5177
vn -0.4995 0.8563 0.1313
vn -0.1312 0.6905 0.7114
vn -0.3890 0.9155 0.1023
vn -0.4641 0.6905 -0.5549
vn -0.0673 0.2473 -0.9666
vn -0.0005 0.2577 -0.9662
vn 0.5058 -0.1990 -0.8394
vn -0.3606 0.7333 -0.5764
vn 0.8812 -0.4120 -0.2317
vn 0.8532 -0.1990 0.4821
vn 0.8659 -0.2122 0.4529
vn 0.5312 -0.2122 -0.8203
vn 0.8736 -0.4290 -0.2297
vn 0.4168 0.2473 0.8747
vn -0.0305 0.7333 0.6792
vn 0.4748 0.2577 0.8415
vn -0.0105 0.7329 0.6803
vn -0.3720 0.9231 0.0978
vn -0.3438 0.7329 -0.5871
vn -0.3369 0.7323 -0.5918
vn -0.0022 0.7323 0.6810
vn -0.3613 0.9276 0.0950
vn 0.0135 0.2446 -0.9695
vn 0.5235 -0.2376 -0.8182
vn 0.5306 -0.2275 -0.8165
vn 0.0131 0.2376 -0.9713
vn 0.8672 -0.4426 -0.2280
vn 0.8636 -0.2275 0.4500
vn 0.8583 -0.2376 0.4549
vn 0.8629 -0.4517 -0.2269
vn 0.4886 0.2446 0.8375
vn 0.4891 0.2376 0.8392
vn -0.3544 0.9305 0.0932
vn 0.0015 0.7344 0.6787
vn -0.1762 0.7972 -0.5775
vn -0.3326 0.7344 -0.5917
vn 0.1306 0.7972 0.5895
vn 0.0186 0.2428 -0.9699
vn 0.6128 -0.0918 -0.7849
vn 0.5264 -0.2334 -0.8175
vn 0.8662 -0.4448 -0.2277
vn 0.9196 -0.0918 0.3820
vn 0.8605 -0.2335 0.4529
vn 0.4932 0.2428 0.8353
vn -0.6398 0.5111 0.5740
vn -0.0271 0.3142 0.9490
vn -0.7329 0.6289 -0.2596
vn -0.9463 0.3142 -0.0756
vn 0.1789 0.6289 0.7566
vn -0.4226 0.8232 0.3792
vn -0.7369 -0.1098 -0.6671
vn -0.0295 -0.3700 -0.9285
vn -0.1537 -0.5718 -0.8059
vn -0.5825 0.1279 -0.8027
vn 0.5045 -0.7352 -0.4527
vn 0.5987 -0.5941 -0.5372
vn 0.7846 -0.5718 0.2399
vn 0.5836 -0.1098 0.8046
vn 0.7351 0.1279 0.6658
vn 0.9199 -0.3700 0.1296
vn -0.2255 0.9530 0.2024
vn 0.3340 0.7431 0.5798
vn -0.1326 0.9840 0.1190
vn -0.5404 0.7431 -0.3947
vn -0.4621 0.1984 -0.8644
vn -0.4020 0.1936 -0.8949
vn 0.0179 -0.3571 -0.9339
vn -0.4528 0.7602 -0.4658
vn 0.5882 -0.6127 -0.5278
vn 0.9304 -0.3571 0.0831
vn 0.9257 -0.3745 0.0538
vn 0.0465 -0.3745 -0.9261
vn 0.5796 -0.6274 -0.5200
vn 0.8094 0.1984 0.5527
vn 0.4142 0.7602 0.5005
vn 0.8463 0.1936 0.4963
vn 0.4320 0.7554 0.4928
vn -0.1185 0.9872 0.1064
vn -0.4432 0.7554 -0.4827
vn -0.4395 0.7530 -0.4897
vn 0.4394 0.7530 0.4898
vn -0.1097 0.9891 0.0985
vn -0.3936 0.1775 -0.9020
vn 0.0364 -0.3973 -0.9170
vn 0.0451 -0.3890 -0.9201
vn -0.3960 0.1706 -0.9023
vn 0.5724 -0.6392 -0.5136
vn 0.9196 -0.3890 0.0546
vn 0.9155 -0.3973 0.0629
vn 0.5676 -0.6469 -0.5092
vn 0.8542 0.1775 0.4888
vn 0.8542 0.1706 0.4911
vn -0.1040 0.9902 0.0933
vn 0.4420 0.7540 0.4859
vn -0.2819 0.7808 -0.5576
vn -0.4353 0.7540 -0.4919
vn 0.5239 0.7808 0.3405
vn -0.3896 0.1746 -0.9043
vn 0.1547 -0.2737 -0.9493
vn 0.0400 -0.3939 -0.9183
vn 0.5713 -0.6410 -0.5126
vn 0.9605 -0.2736 -0.0512
vn 0.9172 -0.3939 0.0595
vn 0.8569 0.1746 0.4851
vn -0.7107 0.2970 0.6377
vn -0.0681 0.1534 0.9858
vn -0.8342 0.5250 -0.1687
vn -0.9874 0.1534 -0.0388
vn 0.0776 0.5250 0.8476
vn -0.5536 0.6684 0.4967
vn -0.7157 -0.1307 -0.6860
vn 0.0224 -0.2207 -0.9751
vn -0.0633 -0.4574 -0.8870
vn -0.6068 0.1482 -0.7809
vn 0.6180 -0.5572 -0.5545
vn 0.6852 -0.3906 -0.6148
vn 0.8750 -0.4574 0.1588
vn 0.6047 -0.1307 0.7857
vn 0.7108 0.1482 0.6876
vn 0.9718 -0.2207 0.0831
vn -0.3844 0.8563 0.3449
vn 0.2081 0.6905 0.6928
vn -0.2994 0.9155 0.2686
vn -0.6663 0.6905 -0.2817
vn -0.5012 0.2473 -0.8292
vn -0.4417 0.2577 -0.8594
vn 0.0667 -0.1990 -0.9777
vn -0.5840 0.7333 -0.3481
vn 0.6782 -0.4120 -0.6085
vn 0.9792 -0.1990 0.0393
vn 0.9772 -0.2122 0.0076
vn 0.0980 -0.2122 -0.9723
vn 0.6724 -0.4290 -0.6033
vn 0.7702 0.2473 0.5879
vn 0.2830 0.7333 0.6182
vn 0.8066 0.2577 0.5319
vn 0.3013 0.7329 0.6101
vn -0.2863 0.9231 0.2569
vn -0.5739 0.7329 -0.3654
vn -0.5699 0.7323 -0.3727
vn 0.3089 0.7323 0.6068
vn -0.2781 0.9276 0.2495
vn -0.4307 0.2446 -0.8687
vn 0.0921 -0.2376 -0.9670
vn 0.0992 -0.2275 -0.9687
vn -0.4318 0.2376 -0.8701
vn 0.6674 -0.4426 -0.5988
vn 0.9738 -0.2275 0.0060
vn 0.9713 -0.2376 0.0129
vn 0.6641 -0.4517 -0.5958
vn 0.8171 0.2446 0.5220
vn 0.8184 0.2376 0.5233
vn -0.2727 0.9305 0.2447
vn 0.3112 0.7344 0.6032
vn -0.4204 0.7972 -0.4333
vn -0.5660 0.7344 -0.3746
vn 0.3853 0.7972 0.4648
vn -0.4263 0.2428 -0.8714
vn 0.1868 -0.0918 -0.9781
vn 0.0951 -0.2334 -0.9677
vn 0.6666 -0.4448 -0.5981
vn 0.9926 -0.0918 -0.0800
vn 0.9723 -0.2335 0.0100
vn 0.8202 0.2428 0.5179
vn -0.4719 0.5111 0.7184
vn 0.2163 0.3142 0.9244
vn -0.7749 0.6289 -0.0637
vn -0.9342 0.3142 0.1687
vn 0.3663 0.6289 0.6858
vn -0.3117 0.8232 0.4746
vn -0.8828 -0.1098 -0.4567
vn -0.2658 -0.3700 -0.8902
vn -0.3545 -0.5718 -0.7399
vn -0.7683 0.1279 -0.6272
vn 0.3721 -0.7352 -0.5666
vn 0.4416 -0.5941 -0.6723
vn 0.8198 -0.5718 0.0315
vn 0.7698 -0.1098 0.6288
vn 0.8808 0.1279 0.4559
vn 0.9225 -0.3700 -0.1097
vn -0.1663 0.9530 0.2533
vn 0.4711 0.7431 0.4753
vn -0.0978 0.9840 0.1489
vn -0.6233 0.7431 -0.2435
vn -0.6676 0.1984 -0.7176
vn -0.6173 0.1936 -0.7625
vn -0.2213 -0.3571 -0.9075
vn -0.5568 0.7602 -0.3347
vn 0.4339 -0.6127 -0.6605
vn 0.9207 -0.3571 -0.1574
vn 0.9087 -0.3745 -0.1845
vn -0.1916 -0.3745 -0.9072
vn 0.4275 -0.6274 -0.6508
vn 0.9237 0.1984 0.3276
vn 0.5283 0.7602 0.3781
vn 0.9450 0.1936 0.2637
vn 0.5435 0.7554 0.3661
vn -0.0874 0.9872 0.1331
vn -0.5518 0.7554 -0.3534
vn -0.5500 0.7530 -0.3612
vn 0.5500 0.7530 0.3613
vn -0.0809 0.9891 0.1232
vn -0.6110 0.1775 -0.7715
vn -0.1991 -0.3973 -0.8958
vn -0.1915 -0.3890 -0.9011
vn -0.6134 0.1706 -0.7712
vn 0.4222 -0.6392 -0.6428
vn 0.9030 -0.3890 -0.1822
vn 0.9012 -0.3973 -0.1731
vn 0.4186 -0.6469 -0.6374
vn 0.9507 0.1775 0.2543
vn 0.9513 0.1706 0.2566
vn -0.0767 0.9902 0.1168
vn 0.5514 0.7540 0.3568
vn -0.4150 0.7808 -0.4671
vn -0.5465 0.7540 -0.3643
vn 0.5935 0.7808 0.1953
vn -0.6077 0.1746 -0.7747
vn -0.0930 -0.2737 -0.9573
vn -0.1960 -0.3939 -0.8980
vn 0.4214 -0.6410 -0.6415
vn 0.9155 -0.2737 -0.2949
vn 0.9020 -0.3939 -0.1768
vn 0.9524 0.1746 0.2500
vn -0.5242 0.2970 0.7981
vn 0.1860 0.1534 0.9705
vn -0.8496 0.5250 0.0501
vn -0.9645 0.1534 0.2148
vn 0.2915 0.5250 0.7996
vn -0.4083 0.6684 0.6217
vn -0.8673 -0.1307 -0.4804
vn -0.2275 -0.2207 -0.9484
vn -0.2878 -0.4574 -0.8414
vn -0.7861 0.1482 -0.6000
vn 0.4559 -0.5572 -0.6940
vn 0.5054 -0.3906 -0.7694
vn 0.8865 -0.4574 -0.0700
vn 0.7854 -0.1307 0.6051
vn 0.8629 0.1482 0.4831
vn 0.9608 -0.2207 -0.1680
vn -0.2835 0.8563 0.4317
vn 0.3782 0.6905 0.6166
vn -0.2208 0.9155 0.3362
vn -0.7161 0.6905 -0.1021
vn -0.6965 0.2473 -0.6737
vn -0.6466 0.2577 -0.7180
vn -0.1853 -0.1990 -0.9623
vn -0.6536 0.7333 -0.1874
vn 0.5002 -0.4120 -0.7616
vn 0.9567 -0.1990 -0.2122
vn 0.9467 -0.2122 -0.2423
vn -0.1536 -0.2122 -0.9651
vn 0.4959 -0.4290 -0.7550
vn 0.8949 0.2473 0.3716
vn 0.4316 0.7333 0.5254
vn 0.9158 0.2577 0.3082
vn 0.4471 0.7329 0.5128
vn -0.2112 0.9231 0.3215
vn -0.6482 0.7329 -0.2066
vn -0.6462 0.7323 -0.2147
vn 0.4537 0.7323 0.5078
vn -0.2051 0.9276 0.3123
vn -0.6384 0.2446 -0.7298
vn -0.1580 -0.2376 -0.9584
vn -0.1516 -0.2275 -0.9619
vn -0.6398 0.2376 -0.7309
vn 0.4923 -0.4426 -0.7495
vn 0.9430 -0.2275 -0.2430
vn 0.9423 -0.2376 -0.2357
vn 0.4898 -0.4517 -0.7457
vn 0.9234 0.2446 0.2959
vn 0.9249 0.2376 0.2968
vn -0.2012 0.9305 0.3063
vn 0.4550 0.7344 0.5036
vn -0.5172 0.7972 -0.3115
vn -0.6429 0.7344 -0.2175
vn 0.4913 0.7972 0.3509
vn -0.6348 0.2428 -0.7335
vn -0.0693 -0.0918 -0.9934
vn -0.1553 -0.2334 -0.9599
vn 0.4917 -0.4448 -0.7486
vn 0.9392 -0.0918 -0.3310
vn 0.9426 -0.2334 -0.2387
vn 0.9253 0.2428 0.2912
vn -0.5932 -0.7898 -0.1560
vn 0.2272 -0.8177 -0.5289
vn 0.1286 -0.9911 0.0338
vn -0.0623 -0.8177 0.5722
vn -0.6047 -0.5600 0.5664
vn -0.9328 -0.1057 0.3446
vn -0.9575 -0.1408 -0.2517
vn -0.6427 -0.1057 -0.7588
vn -0.2479 -0.5600 -0.7905
vn 0.7320 0.3078 -0.6078
vn 0.1713 0.9842 0.0450
vn 0.8452 0.4861 0.2222
vn 0.3383 0.3078 0.8893
vn 0.8990 -0.3686 0.2364
vn -0.3991 -0.9109 -0.1049
vn 0.4090 -0.7754 -0.4811
vn 0.3482 -0.9329 0.0915
vn 0.1195 -0.7754 0.6200
vn -0.4669 -0.6472 0.6026
vn -0.8873 -0.2924 0.3565
vn -0.8995 -0.3673 -0.2365
vn -0.5972 -0.2924 -0.7469
vn -0.1102 -0.6472 -0.7543
vn 0.6480 0.4281 -0.6299
vn -0.0549 0.9984 -0.0144
vn 0.7126 0.6761 0.1874
vn 0.2544 0.4281 0.8672
vn 0.9573 -0.1421 0.2517
vn -0.4565 -0.7898 -0.4096
vn 0.4436 -0.8177 -0.3668
vn 0.0990 -0.9911 0.0888
vn -0.3167 -0.8177 0.4806
vn -0.7966 -0.5600 0.2278
vn -0.9872 -0.1057 -0.1193
vn -0.7369 -0.1408 -0.6612
vn -0.2253 -0.1057 -0.9685
vn 0.1404 -0.5600 -0.8165
vn 0.9288 0.3078 -0.2066
vn 0.1318 0.9842 0.1183
vn 0.6505 0.4861 0.5836
vn -0.1050 0.3078 0.9456
vn 0.6919 -0.3686 0.6208
vn -0.3071 -0.9109 -0.2756
vn 0.5835 -0.7754 -0.2412
vn 0.2680 -0.9329 0.2404
vn -0.1768 -0.7754 0.6062
vn -0.6906 -0.6472 0.3229
vn -0.9522 -0.2924 -0.0880
vn -0.6923 -0.3673 -0.6211
vn -0.1903 -0.2924 -0.9372
vn 0.2464 -0.6472 -0.7214
vn 0.8641 0.4281 -0.2645
vn -0.0423 0.9984 -0.0379
vn 0.5484 0.6761 0.4920
vn -0.1696 0.4281 0.8876
vn 0.7368 -0.1421 0.6610
vn -0.3367 -0.7898 -0.5126
vn 0.5226 -0.8177 -0.2412
vn 0.0730 -0.9911 0.1112
vn -0.4290 -0.8177 0.3838
vn -0.8283 -0.5600 0.0167
vn -0.9239 -0.1057 -0.3676
vn -0.5435 -0.1408 -0.8275
vn 0.0296 -0.1057 -0.9940
vn 0.3443 -0.5600 -0.7536
vn 0.9507 0.3078 0.0376
vn 0.0972 0.9842 0.1481
vn 0.4798 0.4861 0.7304
vn -0.3431 0.3078 0.8874
vn 0.5103 -0.3686 0.7770
vn -0.2265 -0.9109 -0.3449
vn 0.6258 -0.7754 -0.0841
vn 0.1976 -0.9329 0.3009
vn -0.3258 -0.7754 0.5409
vn -0.7501 -0.6472 0.1357
vn -0.8982 -0.2924 -0.3283
vn -0.5106 -0.3673 -0.7774
vn 0.0554 -0.2924 -0.9547
vn 0.4225 -0.6472 -0.6345
vn 0.9030 0.4281 -0.0350
vn -0.0312 0.9984 -0.0475
vn 0.4045 0.6761 0.6158
vn -0.3908 0.4281 0.8149
vn 0.5434 -0.1421 0.8273
vn -0.5083 0.5250 0.6826
vn -0.8313 0.5111 -0.2186
vn -0.8074 0.3142 0.4994
vn -0.5335 0.6289 0.5656
vn -0.5491 0.8232 -0.1444
vn -0.1863 0.6289 -0.7548
vn -0.4574 0.3142 -0.8319
vn -0.3510 -0.1098 0.9299
vn 0.2312 -0.5718 0.7872
vn 0.3977 -0.3700 0.8396
vn -0.1517 0.1279 0.9801
vn 0.6556 -0.7352 0.1724
vn 0.5885 -0.5718 -0.5716
vn 0.7779 -0.5941 0.2045
vn 0.1518 -0.1098 -0.9823
vn 0.3500 0.1279 -0.9280
vn 0.7592 -0.3700 -0.5354
vn -0.2930 0.9530 -0.0770
vn -0.3005 0.7431 0.5979
vn -0.1723 0.9840 -0.0453
vn 0.0324 0.7431 -0.6684
vn -0.0164 0.1984 0.9800
vn 0.4423 -0.3571 0.8227
vn 0.0510 0.1936 0.9798
vn -0.1902 0.7602 0.6212
vn 0.7643 -0.6127 0.2010
vn 0.7898 -0.3571 -0.4987
vn 0.7990 -0.3745 -0.4705
vn 0.7531 -0.6274 0.1980
vn 0.4642 -0.3745 0.8027
vn 0.4677 0.1984 -0.8613
vn 0.1399 0.7602 -0.6344
vn 0.5263 0.1936 -0.8280
vn 0.1593 0.7554 -0.6357
vn -0.1540 0.9872 -0.0405
vn -0.1740 0.7554 0.6318
vn -0.1674 0.7530 0.6364
vn -0.1426 0.9891 -0.0375
vn 0.1673 0.7530 -0.6364
vn 0.0616 0.1775 0.9822
vn 0.4603 -0.3890 0.7980
vn 0.4511 -0.3973 0.7992
vn 0.0597 0.1706 0.9835
vn 0.7438 -0.6392 0.1956
vn 0.7933 -0.3890 -0.4685
vn 0.7858 -0.3973 -0.4740
vn 0.7375 -0.6469 0.1939
vn 0.5368 0.1775 -0.8249
vn 0.5357 0.1706 -0.8270
vn -0.1352 0.9902 -0.0355
vn -0.1627 0.7540 0.6364
vn 0.0039 0.7808 0.6248
vn 0.3107 0.7808 -0.5421
vn 0.1713 0.7540 -0.6341
vn 0.0662 0.1746 0.9824
vn 0.4548 -0.3939 0.7987
vn 0.5711 -0.2736 0.7739
vn 0.7423 -0.6410 0.1952
vn 0.7889 -0.3939 -0.4717
vn 0.8779 -0.2737 -0.3930
vn 0.5409 0.1746 -0.8228
vn -0.9235 0.2970 -0.2428
vn -0.8608 0.1534 0.4853
vn -0.6652 0.5250 0.5310
vn -0.7193 0.6684 -0.1891
vn -0.3180 0.5250 -0.7895
vn -0.5107 0.1534 -0.8459
vn -0.3235 -0.1307 0.9371
vn 0.3487 -0.4574 0.8180
vn 0.4651 -0.2207 0.8573
vn -0.1832 0.1482 0.9718
vn 0.8031 -0.5572 0.2111
vn 0.7059 -0.4574 -0.5408
vn 0.8903 -0.3906 0.2341
vn 0.1792 -0.1307 -0.9751
vn 0.3185 0.1482 -0.9363
vn 0.8266 -0.2207 -0.5177
vn -0.4995 0.8563 -0.1313
vn -0.4641 0.6905 0.5549
vn -0.3890 0.9155 -0.1023
vn -0.1312 0.6905 -0.7114
vn -0.0673 0.2473 0.9666
vn 0.5058 -0.1990 0.8394
vn -0.0005 0.2577 0.9662
vn -0.3606 0.7333 0.5764
vn 0.8812 -0.4120 0.2317
vn 0.8532 -0.1990 -0.4821
vn 0.8659 -0.2122 -0.4529
vn 0.8736 -0.4290 0.2297
vn 0.5312 -0.2122 0.8203
vn 0.4168 0.2473 -0.8747
vn -0.0305 0.7333 -0.6792
vn 0.4748 0.2577 -0.8415
vn -0.0105 0.7329 -0.6803
vn -0.3720 0.9231 -0.0978
vn -0.3438 0.7329 0.5871
vn -0.3369 0.7323 0.5918
vn -0.3613 0.9276 -0.0950
vn -0.0022 0.7323 -0.6810
vn 0.0135 0.2446 0.9695
vn 0.5306 -0.2275 0.8165
vn 0.5235 -0.2376 0.8182
vn 0.0131 0.2376 0.9713
vn 0.8672 -0.4426 0.2280
vn 0.8636 -0.2275 -0.4500
vn 0.8583 -0.2376 -0.4549
vn 0.8629 -0.4517 0.2269
vn 0.4886 0.2446 -0.8375
vn 0.4891 0.2376 -0.8392
vn -0.3544 0.9305 -0.0932
vn -0.3326 0.7344 0.5917
vn -0.1762 0.7972 0.5775
vn 0.1306 0.7972 -0.5895
vn 0.0015 0.7344 -0.6787
vn 0.0186 0.2428 0.9699
vn 0.5264 -0.2334 0.8175
vn 0.6128 -0.0918 0.7849
vn 0.8662 -0.4448 0.2277
vn 0.8605 -0.2335 -0.4529
vn 0.9196 -0.0918 -0.3820
vn 0.4932 0.2428 -0.8353
vn -0.6398 0.5111 -0.5740
vn -0.9463 0.3142 0.0756
vn -0.7329 0.6289 0.2596
vn -0.4226 0.8232 -0.3792
vn 0.1789 0.6289 -0.7566
vn -0.0271 0.3142 -0.9490
vn -0.7369 -0.1098 0.6671
vn -0.1537 -0.5718 0.8059
vn -0.0295 -0.3700 0.9285
vn -0.5825 0.1279 0.8027
vn 0.5045 -0.7352 0.4527
vn 0.7846 -0.5718 -0.2399
vn 0.5987 -0.5941 0.5372
vn 0.5836 -0.1098 -0.8046
vn 0.7351 0.1279 -0.6658
vn 0.9199 -0.3700 -0.1296
vn -0.2255 0.9530 -0.2024
vn -0.5404 0.7431 0.3947
vn -0.1326 0.9840 -0.1190
vn 0.3340 0.7431 -0.5798
vn -0.4621 0.1984 0.8644
vn 0.0179 -0.3571 0.9339
vn -0.4020 0.1936 0.8949
vn -0.4528 0.7602 0.4658
vn 0.5882 -0.6127 0.5278
vn 0.9304 -0.3571 -0.0831
vn 0.9257 -0.3745 -0.0538
vn 0.5796 -0.6274 0.5200
vn 0.0465 -0.3745 0.9261
vn 0.8094 0.1984 -0.5527
vn 0.4142 0.7602 -0.5005
vn 0.8463 0.1936 -0.4964
vn 0.4320 0.7554 -0.4928
vn -0.1185 0.9872 -0.1064
vn -0.4432 0.7554 0.4827
vn -0.4395 0.7530 0.4897
vn -0.1097 0.9891 -0.0985
vn 0.4394 0.7530 -0.4898
vn -0.3936 0.1775 0.9020
vn 0.0451 -0.3890 0.9201
vn 0.0364 -0.3973 0.9170
vn -0.3960 0.1706 0.9023
vn 0.5724 -0.6392 0.5136
vn 0.9196 -0.3890 -0.0546
vn 0.9155 -0.3973 -0.0629
vn 0.5676 -0.6469 0.5092
vn 0.8542 0.1775 -0.4888
vn 0.8542 0.1706 -0.4911
vn -0.1040 0.9902 -0.0933
vn -0.4353 0.7540 0.4919
vn -0.2819 0.7808 0.5576
vn 0.5239 0.7808 -0.3404
vn 0.4420 0.7540 -0.4859
vn -0.3896 0.1746 0.9043
vn 0.0400 -0.3939 0.9183
vn 0.1547 -0.2737 0.9493
vn 0.5713 -0.6410 0.5126
vn 0.9172 -0.3939 -0.0595
vn 0.9605 -0.2737 0.0512
vn 0.8569 0.1746 -0.4851
vn -0.7107 0.2970 -0.6377
vn -0.9874 0.1534 0.0388
vn -0.8342 0.5250 0.1687
vn -0.5536 0.6684 -0.4967
vn 0.0776 0.5250 -0.8476
vn -0.0681 0.1534 -0.9858
vn -0.7157 -0.1307 0.6860
vn -0.0633 -0.4574 0.8870
vn 0.0224 -0.2207 0.9751
vn -0.6068 0.1482 0.7809
vn 0.6180 -0.5572 0.5545
vn 0.8750 -0.4574 -0.1588
vn 0.6852 -0.3906 0.6148
vn 0.6047 -0.1307 -0.7857
vn 0.7108 0.1482 -0.6876
vn 0.9718 -0.2207 -0.0831
vn -0.3844 0.8563 -0.3449
vn -0.6663 0.6905 0.2817
vn -0.2994 0.9155 -0.2686
vn 0.2081 0.6905 -0.6928
vn -0.5012 0.2473 0.8292
vn 0.0667 -0.1990 0.9777
vn -0.4417 0.2577 0.8594
vn -0.5840 0.7333 0.3481
vn 0.6782 -0.4120 0.6085
vn 0.9792 -0.1990 -0.0393
vn 0.9772 -0.2122 -0.0076
vn 0.6724 -0.4290 0.6033
vn 0.0980 -0.2122 0.9723
vn 0.7702 0.2473 -0.5879
vn 0.2830 0.7333 -0.6182
vn 0.8066 0.2577 -0.5319
vn 0.3012 0.7329 -0.6101
vn -0.2863 0.9231 -0.2569
vn -0.5739 0.7329 0.3654
vn -0.5699 0.7323 0.3727
vn -0.2781 0.9276 -0.2495
vn 0.3089 0.7323 -0.6068
vn -0.4307 0.2446 0.8687
vn 0.0992 -0.2275 0.9687
vn 0.0921 -0.2376 0.9670
vn -0.4318 0.2376 0.8701
vn 0.6674 -0.4426 0.5988
vn 0.9738 -0.2275 -0.0060
vn 0.9713 -0.2376 -0.0129
vn 0.6641 -0.4517 0.5958
vn 0.8171 0.2446 -0.5220
vn 0.8184 0.2376 -0.5233
vn -0.2727 0.9305 -0.2447
vn -0.5660 0.7344 0.3746
vn -0.4204 0.7972 0.4333
vn 0.3853 0.7972 -0.4648
vn 0.3112 0.7344 -0.6032
vn -0.4263 0.2428 0.8714
vn 0.0951 -0.2335 0.9677
vn 0.1868 -0.0918 0.9781
vn 0.6666 -0.4448 0.5981
vn 0.9723 -0.2334 -0.0100
vn 0.9926 -0.0918 0.0800
vn 0.8202 0.2428 -0.5179
vn -0.4719 0.5111 -0.7184
vn -0.9342 0.3142 -0.1687
vn -0.7749 0.6289 0.0637
vn -0.3117 0.8232 -0.4746
vn 0.3663 0.6289 -0.6858
vn 0.2163 0.3142 -0.9244
vn -0.8828 -0.1098 0.4567
vn -0.3545 -0.5718 0.7399
vn -0.2658 -0.3700 0.8902
vn -0.7683 0.1279 0.6272
vn 0.3721 -0.7352 0.5666
vn 0.8198 -0.5718 -0.0315
vn 0.4416 -0.5941 0.6723
vn 0.7698 -0.1098 -0.6288
vn 0.8808 0.1279 -0.4559
vn 0.9225 -0.3700 0.1097
vn -0.1663 0.9530 -0.2533
vn -0.6233 0.7431 0.2435
vn -0.0978 0.9840 -0.1489
vn 0.4711 0.7431 -0.4753
vn -0.6676 0.1984 0.7176
vn -0.2213 -0.3571 0.9075
vn -0.6173 0.1936 0.7625
vn -0.5568 0.7602 0.3347
vn 0.4339 -0.6127 0.6605
vn 0.9207 -0.3571 0.1574
vn 0.9087 -0.3745 0.1845
vn 0.4275 -0.6274 0.6508
vn -0.1916 -0.3745 0.9072
vn 0.9237 0.1984 -0.3276
vn 0.5283 0.7602 -0.3781
vn 0.9450 0.1936 -0.2637
vn 0.5435 0.7554 -0.3661
vn -0.0874 0.9872 -0.1331
vn -0.5518 0.7554 0.3534
vn -0.5500 0.7530 0.3612
vn -0.0809 0.9891 -0.1232
vn 0.5500 0.7530 -0.3613
vn -0.6110 0.1775 0.7715
vn -0.1915 -0.3890 0.9011
vn -0.1991 -0.3973 0.8958
vn -0.6134 0.1706 0.7712
vn 0.4222 -0.6392 0.6428
vn 0.9030 -0.3890 0.1822
vn 0.9012 -0.3973 0.1731
vn 0.4186 -0.6469 0.6374
vn 0.9507 0.1775 -0.2543
vn 0.9513 0.1706 -0.2566
vn -0.0767 0.9902 -0.1168
vn -0.5465 0.7540 0.3643
vn -0.4150 0.7808 0.4671
vn 0.5935 0.7808 -0.1953
vn 0.5514 0.7540 -0.3568
vn -0.6077 0.1746 0.7747
vn -0.1960 -0.3939 0.8980
vn -0.0930 -0.2737 0.9573
vn 0.4214 -0.6410 0.6415
vn 0.9020 -0.3939 0.1768
vn 0.9155 -0.2737 0.2949
vn 0.9524 0.1746 -0.2500
vn -0.5242 0.2970 -0.7981
vn -0.9645 0.1534 -0.2148
vn -0.8496 0.5250 -0.0501
vn -0.4083 0.6684 -0.6217
vn 0.2915 0.5250 -0.7996
vn 0.1860 0.1534 -0.9705
vn -0.8673 -0.1307 0.4804
vn -0.2878 -0.4574 0.8414
vn -0.2275 -0.2207 0.9484
vn -0.7861 0.1482 0.6000
vn 0.4559 -0.5572 0.6940
vn 0.8865 -0.4574 0.0700
vn 0.5054 -0.3906 0.7694
vn 0.7854 -0.1307 -0.6051
vn 0.8629 0.1482 -0.4831
vn 0.9608 -0.2207 0.1680
vn -0.2835 0.8563 -0.4317
vn -0.7161 0.6905 0.1021
vn -0.2208 0.9155 -0.3362
vn 0.3782 0.6905 -0.6166
vn -0.6965 0.2473 0.6737
vn -0.1853 -0.1990 0.9623
vn -0.6466 0.2577 0.7180
vn -0.6536 0.7333 0.1874
vn 0.5002 -0.4120 0.7616
vn 0.9567 -0.1990 0.2122
vn 0.9467 -0.2122 0.2423
vn 0.4959 -0.4290 0.7550
vn -0.1536 -0.2122 0.9651
vn 0.8949 0.2473 -0.3716
vn 0.4316 0.7333 -0.5254
vn 0.9158 0.2577 -0.3082
vn 0.4471 0.7329 -0.5128
vn -0.2112 0.9231 -0.3215
vn -0.6482 0.7329 0.2066
vn -0.6462 0.7323 0.2147
vn -0.2051 0.9276 -0.3123
vn 0.4537 0.7323 -0.5078
vn -0.6384 0.2446 0.7298
vn -0.1516 -0.2275 0.9619
vn -0.1580 -0.2376 0.9584
vn -0.6398 0.2376 0.7309
vn 0.4923 -0.4426 0.7495
vn 0.9430 -0.2275 0.2430
vn 0.9423 -0.2376 0.2357
vn 0.4898 -0.4517 0.7457
vn 0.9234 0.2446 -0.2959
vn 0.9249 0.2376 -0.2968
vn -0.2012 0.9305 -0.3063
vn -0.6429 0.7344 0.2175
vn -0.5172 0.7972 0.3115
vn 0.4913 0.7972 -0.3509
vn 0.4550 0.7344 -0.5036
vn -0.6348 0.2428 0.7335
vn -0.1553 -0.2334 0.9599
vn -0.0693 -0.0918 0.9934
vn 0.4917 -0.4448 0.7486
vn 0.9426 -0.2334 0.2387
vn 0.9392 -0.0918 0.3310
vn 0.9253 0.2428 -0.2912
vn 0.4221 0.9057 0.0403
vn 0.8712 0.4357 -0.2263
vn 0.5512 0.6458 -0.5284
vn 0.5404 0.5515 0.6355
vn 0.8406 0.4758 0.2587
vn -0.2354 0.9286 0.2870
vn 0.1209 0.7964 0.5926
vn 0.0954 0.8127 -0.5748
vn -0.1686 0.9663 -0.1945
vn -0.8968 -0.1728 -0.4073
vn 0.0800 -0.5365 -0.8401
vn -0.4148 -0.8902 -0.1884
vn -0.5800 -0.5365 0.6130
vn 0.3968 -0.9000 0.1802
vn 0.0647 0.9002 -0.4307
vn 0.8149 0.2089 -0.5406
vn 0.1413 0.3033 -0.9424
vn -0.6205 0.2090 -0.7559
vn 0.1301 -0.4829 -0.8660
vn -0.0000 -0.6780 0.7351
vn 0.5954 -0.0998 0.7972
vn -0.0000 -0.0556 0.9985
vn -0.5954 -0.0998 0.7972
vn -0.4553 0.4498 0.7684
vn 0.4553 0.4498 0.7684
vn -0.0000 0.5630 0.8265
vn -0.0000 0.9874 0.1582
vn 0.7556 0.5022 -0.4205
vn -0.0000 0.7663 -0.6425
vn -0.7556 0.5022 -0.4205
vn -0.0000 0.0164 -0.9999
vn -0.0000 -0.0202 0.9998
vn 0.5657 -0.6075 0.5577
vn 0.6890 -0.0441 0.7235
vn -0.5657 -0.6075 0.5577
vn -0.0000 -0.7093 0.7049
vn -0.5262 0.5822 0.6198
vn -0.6890 -0.0441 0.7235
vn 0.5262 0.5822 0.6198
vn -0.0000 0.7257 0.6880
vn -0.0000 0.9595 0.2818
vn 0.7717 0.5264 -0.3569
vn -0.0000 0.8277 -0.5612
vn -0.7717 0.5264 -0.3569
vn -0.0000 0.0934 -0.9956
vn 0.3335 0.7156 0.6138
vn 0.8193 -0.0372 0.5722
vn 0.8874 0.4178 0.1947
vn -0.2321 0.1088 0.9666
vn 0.3561 0.0396 0.9336
vn -0.4205 0.8915 0.1685
vn -0.4049 0.6041 0.6864
vn 0.6289 0.7441 -0.2256
vn 0.1179 0.9912 -0.0602
vn -0.6944 -0.1484 0.7041
vn -0.8558 -0.5164 0.0299
vn 0.6944 -0.1484 0.7041
vn -0.0000 -0.4670 0.8843
vn 0.6944 -0.2285 -0.6823
vn 0.8558 -0.5164 0.0299
vn -0.6944 -0.2285 -0.6823
vn -0.0000 -0.5658 -0.8245
vn 0.6937 -0.1252 -0.7093
vn 0.8551 -0.5159 -0.0505
vn -0.6937 -0.1252 -0.7093
vn -0.0000 -0.4327 -0.9016
vn -0.6937 -0.2603 0.6716
vn -0.8551 -0.5159 -0.0505
vn 0.6937 -0.2603 0.6716
vn -0.0000 -0.5992 0.8006
vn -0.8999 0.1903 -0.3924
vn -0.3820 0.0989 -0.9188
vn -0.3979 0.0373 -0.9167
vn -0.9414 0.0636 0.3314
vn -0.8840 0.2733 -0.3793
vn -0.9499 0.0294 0.3111
vn -0.8999 0.1661 -0.4032
vn -0.4966 -0.2216 0.8392
vn -0.9109 0.1808 0.3709
vn 0.1582 -0.5380 0.8280
vn -0.4474 -0.0933 0.8895
vn 0.1392 -0.5757 0.8057
vn -0.5136 -0.2599 0.8177
vn 0.7363 -0.5761 0.3549
vn 0.6686 -0.6709 0.3209
vn 0.7689 -0.5046 -0.3927
vn 0.6492 -0.6985 0.3012
vn 0.7108 -0.5722 -0.4090
vn 0.3110 -0.2136 -0.9261
vn 0.2792 -0.2612 -0.9240
vn -0.3994 0.0209 -0.9165
vn 0.6912 -0.5885 -0.4195
vn 0.2689 -0.2712 -0.9242
vn -0.3971 0.0271 -0.9174
vn -0.8974 0.1693 -0.4075
vn -0.9510 0.0298 0.3076
vn -0.9516 0.0292 0.3059
vn -0.3958 0.0293 -0.9179
vn -0.8972 0.1701 -0.4076
vn -0.5173 -0.2620 0.8147
vn 0.1384 -0.5808 0.8022
vn 0.1377 -0.5832 0.8006
vn -0.5183 -0.2648 0.8132
vn 0.6512 -0.6988 0.2960
vn 0.6932 -0.5844 -0.4218
vn 0.6935 -0.5831 -0.4231
vn 0.6504 -0.6998 0.2953
vn 0.2702 -0.2668 -0.9251
vn 0.2714 -0.2648 -0.9253
vn -0.3957 0.0296 -0.9179
vn -0.8973 0.1697 -0.4076
vn -0.9516 0.0296 0.3060
vn -0.9512 0.0325 0.3069
vn -0.3947 0.0325 -0.9182
vn -0.8970 0.1715 -0.4074
vn -0.5184 -0.2652 0.8130
vn 0.1379 -0.5829 0.8008
vn 0.1393 -0.5805 0.8022
vn -0.5179 -0.2637 0.8138
vn 0.6501 -0.7001 0.2953
vn 0.6938 -0.5829 -0.4231
vn 0.6958 -0.5805 -0.4229
vn 0.6513 -0.6988 0.2958
vn 0.2712 -0.2652 -0.9253
vn 0.2721 -0.2637 -0.9254
vn -0.8981 0.1644 -0.4079
vn -0.3962 0.0279 -0.9177
vn -0.9573 -0.1621 0.2394
vn -0.9518 0.0279 0.3054
vn -0.4496 -0.1621 -0.8784
vn -0.5198 -0.2698 0.8106
vn 0.0378 -0.7215 0.6914
vn 0.1370 -0.5842 0.8000
vn 0.6467 -0.7040 0.2937
vn 0.5455 -0.7215 -0.4264
vn 0.6926 -0.5842 -0.4232
vn 0.2684 -0.2698 -0.9248
vn -0.6809 0.6444 -0.3481
vn -0.1886 0.4732 -0.8606
vn -0.8312 0.4108 -0.3746
vn -0.6657 0.6403 0.3832
vn -0.3359 0.2034 -0.9197
vn -0.2222 0.3748 0.9001
vn -0.3532 0.1291 0.9266
vn 0.4537 0.0961 0.8860
vn -0.8385 0.3800 0.3906
vn 0.9192 -0.1333 0.3706
vn 0.8436 -0.3690 -0.3901
vn 0.9312 -0.0709 -0.3577
vn 0.8365 -0.3998 0.3749
vn 0.4602 0.1361 -0.8773
vn 0.3576 -0.1196 -0.9262
vn -0.3542 0.1689 -0.9198
vn -0.8518 0.3676 -0.3733
vn -0.8635 0.3177 0.3916
vn -0.3835 0.0595 0.9216
vn 0.3401 -0.1940 0.9201
vn 0.2260 -0.4146 0.8815
vn 0.3048 -0.2632 0.9153
vn 0.8070 -0.4569 0.3742
vn 0.8233 -0.4153 -0.3868
vn 0.3435 -0.1523 -0.9267
vn 0.0029 0.9792 -0.2031
vn 0.6343 0.6138 -0.4700
vn 0.6586 0.7244 -0.2037
vn -0.6854 0.7274 -0.0347
vn -0.0673 0.8909 -0.4492
vn 0.0517 0.9925 0.1104
vn -0.6081 0.7820 0.1369
vn -0.8620 0.2018 0.4649
vn -0.8226 0.2088 0.5288
vn -0.4962 -0.3478 0.7955
vn -0.8160 0.1465 0.5592
vn -0.4896 -0.3649 0.7919
vn -0.5616 0.7607 0.3256
vn 0.1523 -0.6331 0.7590
vn 0.7729 -0.4181 0.4773
vn 0.1726 -0.6293 0.7577
vn 0.7200 -0.4445 0.5329
vn 0.1016 -0.7020 0.7049
vn 0.9900 0.1320 0.0506
vn 0.7921 -0.4664 0.3938
vn 0.9905 0.0372 -0.1323
vn 0.6302 0.7611 0.1537
vn 0.9527 0.1601 0.2583
vn 0.0008 0.9783 0.2071
vn 0.6610 0.7101 0.2425
vn -0.7388 0.6637 -0.1168
vn -0.6786 0.6883 0.2564
vn -0.0301 0.9987 -0.0404
vn -0.9339 0.0150 0.3572
vn -0.5157 -0.4508 0.7286
vn -0.9891 -0.0522 -0.1377
vn -0.6228 -0.6377 0.4533
vn 0.0372 -0.8970 0.4404
vn 0.7005 -0.6248 0.3450
vn 0.0045 -0.9911 -0.1329
vn 0.9727 0.0608 0.2242
vn 0.9949 0.0057 -0.1008
vn 0.6899 -0.7105 -0.1386
vn -0.0071 0.9617 -0.2741
vn 0.6970 0.7162 -0.0348
vn 0.6502 0.7017 -0.2915
vn -0.6332 0.6515 -0.4179
vn -0.5679 0.6864 -0.4543
vn 0.6295 0.7144 -0.3055
vn 0.0222 0.9574 -0.2879
vn -0.8530 -0.0010 -0.5219
vn -0.5608 -0.5805 -0.5903
vn -0.5132 -0.4878 -0.7062
vn -0.7965 0.0755 -0.5999
vn 0.0241 -0.8172 -0.5759
vn 0.0618 -0.7265 -0.6844
vn 0.6374 -0.5703 -0.5182
vn 0.9265 0.0469 -0.3735
vn 0.9083 0.1079 -0.4040
vn 0.6527 -0.4745 -0.5906
vn 0.6331 0.7308 -0.2550
vn 0.0361 0.9691 -0.2442
vn -0.5430 0.7251 -0.4236
vn -0.5144 0.7242 -0.4592
vn 0.6261 0.7246 -0.2879
vn -0.7823 0.1382 -0.6074
vn -0.5012 -0.4377 -0.7465
vn -0.4613 -0.3729 -0.8050
vn 0.0972 -0.6851 -0.7220
vn 0.6770 -0.3736 -0.6341
vn 0.6869 -0.4237 -0.5905
vn 0.9160 0.1505 -0.3719
vn -0.0000 0.8447 0.5352
vn 0.6537 0.5523 0.5174
vn -0.0000 0.9264 0.3765
vn -0.6537 0.5523 0.5174
vn -0.9122 -0.1172 0.3926
vn -0.4997 -0.6040 0.6209
vn -0.9983 -0.0233 -0.0526
vn -0.6134 -0.7314 0.2979
vn -0.7367 0.6328 0.2383
vn -0.0000 -0.9710 0.2389
vn 0.4997 -0.6040 0.6209
vn 0.6775 -0.6592 -0.3263
vn 0.6134 -0.7314 0.2979
vn -0.6775 -0.6592 -0.3263
vn -0.0000 -0.9032 -0.4293
vn 0.9122 -0.1172 0.3926
vn 0.7367 0.6328 0.2383
vn 0.9983 -0.0233 -0.0526
vn 0.6823 0.7239 0.1017
vn -0.0000 0.9425 0.3343
vn -0.6823 0.7239 0.1017
vn -0.6310 0.7676 0.1126
vn 0.6310 0.7676 0.1126
vn -0.0000 0.9394 0.3427
vn -0.9257 0.1767 -0.3344
vn -0.6136 -0.3150 -0.7241
vn -0.5976 -0.1386 -0.7898
vn -0.8878 0.2938 -0.3543
vn -0.0000 -0.5143 -0.8576
vn -0.0000 -0.3309 -0.9437
vn 0.6136 -0.3150 -0.7241
vn 0.9257 0.1767 -0.3344
vn 0.8878 0.2938 -0.3543
vn 0.5976 -0.1386 -0.7898
vn 0.6188 0.7692 0.1598
vn -0.0000 0.9262 0.3770
vn -0.6188 0.7692 0.1598
vn -0.6001 0.7912 0.1179
vn 0.6001 0.7912 0.1179
vn -0.8888 0.3412 -0.3059
vn -0.6199 -0.0695 -0.7816
vn -0.5984 0.0219 -0.8009
vn -0.0000 -0.2597 -0.9657
vn 0.5984 0.0219 -0.8009
vn 0.6199 -0.0695 -0.7816
vn 0.8888 0.3412 -0.3059
vn -0.0000 0.9868 0.1619
vn 0.6966 0.6930 0.1859
vn -0.0000 0.9872 0.1594
vn -0.6966 0.6930 0.1859
vn -0.9899 -0.0429 0.1348
vn -0.9830 0.0152 -0.1830
vn -0.6749 -0.7308 0.1022
vn -0.7314 0.6808 0.0399
vn -0.0000 -0.9984 0.0561
vn 0.6615 -0.6197 -0.4224
vn 0.6749 -0.7308 0.1022
vn -0.6615 -0.6197 -0.4224
vn -0.0000 -0.8612 -0.5082
vn 0.9899 -0.0429 0.1348
vn 0.7314 0.6808 0.0399
vn 0.9830 0.0152 -0.1830
vn 0.6950 0.6941 0.1876
vn -0.0000 0.8962 0.4436
vn -0.6950 0.6941 0.1876
vn -0.6555 0.6928 0.3006
vn 0.6555 0.6928 0.3006
vn -0.0000 0.8345 0.5510
vn -0.9421 0.1678 -0.2902
vn -0.6254 -0.3197 -0.7119
vn -0.6353 -0.1420 -0.7591
vn -0.9313 0.2672 -0.2475
vn -0.0000 -0.5169 -0.8561
vn -0.0000 -0.3241 -0.9460
vn 0.6254 -0.3197 -0.7119
vn 0.9421 0.1678 -0.2902
vn 0.9313 0.2672 -0.2475
vn 0.6353 -0.1420 -0.7591
vn 0.6500 0.6862 0.3264
vn -0.0000 0.8252 0.5649
vn -0.6500 0.6862 0.3264
vn -0.6555 0.6763 0.3360
vn 0.6555 0.6763 0.3360
vn -0.0000 0.8190 0.5737
vn -0.9324 0.2936 -0.2110
vn -0.6533 -0.0842 -0.7524
vn -0.6577 -0.0598 -0.7509
vn -0.9339 0.2955 -0.2012
vn -0.0000 -0.2613 -0.9653
vn -0.0000 -0.2267 -0.9740
vn 0.6533 -0.0842 -0.7524
vn 0.9324 0.2936 -0.2110
vn 0.9339 0.2955 -0.2012
vn 0.6577 -0.0598 -0.7509
vn -0.0000 0.8235 0.5673
vn 0.6556 0.6780 0.3324
vn -0.6016 0.7725 0.2031
vn -0.6556 0.6780 0.3324
vn 0.6016 0.7725 0.2031
vn -0.9317 0.3007 -0.2038
vn -0.6016 0.0973 -0.7928
vn -0.6556 -0.0578 -0.7529
vn -0.0000 -0.2222 -0.9750
vn 0.6016 0.0973 -0.7928
vn 0.6556 -0.0578 -0.7529
vn 0.9317 0.3007 -0.2038
vn -0.0760 0.8585 -0.5071
vn 0.6181 0.5938 -0.5151
vn -0.6524 0.7565 -0.0450
vn -0.8191 0.2855 0.4976
vn -0.4330 -0.2124 0.8760
vn 0.2287 -0.5128 0.8275
vn 0.8249 -0.3713 0.4262
vn 0.9852 0.0535 -0.1631
vn -0.6420 0.4555 0.6167
vn -0.0000 0.4611 0.8874
vn 0.6420 0.4555 0.6167
vn 0.9125 0.4084 -0.0236
vn 0.6420 0.3814 -0.6651
vn -0.0000 0.3557 -0.9346
vn -0.6420 0.3814 -0.6651
vn -0.9125 0.4084 -0.0236
vn -0.0000 0.2332 0.9724
vn -0.6967 0.2110 0.6856
vn 0.6967 0.2110 0.6856
vn 0.9843 0.1764 -0.0102
vn 0.6967 0.1306 -0.7054
vn -0.0000 0.1196 -0.9928
vn -0.6967 0.1306 -0.7054
vn -0.9843 0.1764 -0.0102
vn 0.6395 0.4869 -0.5950
vn -0.0000 0.5029 -0.8643
vn -0.6395 0.4869 -0.5950
vn -0.9092 0.4144 0.0405
vn -0.6395 0.3623 0.6780
vn -0.0000 0.3258 0.9454
vn 0.6395 0.3623 0.6780
vn 0.9092 0.4144 0.0405
vn -0.0000 0.2758 -0.9612
vn 0.6962 0.2419 -0.6759
vn -0.6962 0.2419 -0.6759
vn -0.9835 0.1800 0.0176
vn -0.6962 0.1063 0.7099
vn -0.0000 0.0842 0.9964
vn 0.6962 0.1063 0.7099
vn 0.9835 0.1800 0.0176
vn 0.3299 -0.0310 0.9435
vn 0.7171 -0.3250 -0.6166
vn 0.3299 -0.0310 -0.9435
vn -0.7147 0.0669 0.6962
vn 0.7171 -0.3250 0.6166
vn -0.7147 0.0669 -0.6962
vn -0.4603 -0.6651 0.5880
vn -0.4603 -0.6652 -0.5880
vn -0.0434 0.7627 -0.6453
vn -0.5860 0.6058 0.5382
vn -0.0434 0.7627 0.6453
vn -0.5860 0.6058 -0.5382
vn 0.5002 0.6869 0.5273
vn 0.6410 -0.4676 -0.6087
vn 0.5002 0.6869 -0.5273
vn -0.8192 0.5698 -0.0649
vn -0.5465 0.2528 0.7984
vn -0.8519 0.1524 0.5011
vn -0.1761 0.7745 0.6076
vn 0.7888 -0.6119 0.0585
vn 0.5985 0.7847 -0.1612
vn -0.8493 -0.5173 -0.1048
vn 0.0005 -0.5838 0.8119
vn -0.8101 -0.1908 0.5543
vn -0.9206 0.3643 -0.1405
vn -0.4061 -0.2378 0.8823
vn 0.0271 -0.4997 -0.8658
vn 0.0048 0.3674 -0.9301
vn -0.1382 0.4636 0.8752
vn -0.6512 -0.7415 0.1613
vn -0.1096 -0.3340 0.9362
vn -0.5465 0.2528 -0.7984
vn -0.8192 0.5698 0.0649
vn -0.8519 0.1524 -0.5011
vn -0.1761 0.7745 -0.6076
vn 0.7888 -0.6119 -0.0585
vn 0.0005 -0.5838 -0.8119
vn -0.8493 -0.5173 0.1048
vn -0.8101 -0.1908 -0.5543
vn -0.9206 0.3643 0.1405
vn -0.4061 -0.2378 -0.8823
vn 0.0271 -0.4997 0.8658
vn 0.5985 0.7847 0.1612
vn 0.0048 0.3674 0.9301
vn -0.1382 0.4636 -0.8752
vn -0.6512 -0.7415 -0.1613
vn -0.1096 -0.3340 -0.9362
vn 0.9060 -0.1959 -0.3752
vn 0.3752 -0.1959 0.9060
vn 0.9230 0.0428 -0.3823
vn 0.9230 0.0428 0.3823
vn -0.3823 0.0428 0.9230
vn -0.9314 0.0427 0.3614
vn 0.9808 -0.0000 0.1951
vn -0.3753 0.9061 0.1951
vn -0.6935 -0.6935 0.1951
vn -0.0000 0.9943 -0.1062
vn -0.7031 -0.7031 -0.1062
vn 0.7031 0.7031 -0.1062
vn -0.7031 0.7031 -0.1062
vn 0.7031 -0.7031 -0.1062
vn 0.6901 0.7152 -0.1105
vn -0.6892 -0.7101 0.1443
vn -0.6901 0.7152 -0.1105
vn 0.6892 -0.7101 0.1443
vn 0.6901 0.7152 0.1105
vn -0.6892 -0.7101 -0.1443
vn -0.6901 0.7152 0.1105
vn 0.6892 -0.7101 -0.1443
vn 0.6729 0.7280 0.1314
vn 0.5913 -0.5947 0.5447
vn -0.7133 0.3244 0.6213
vn 0.0437 -0.7518 -0.6580
vn -0.0000 -0.9944 -0.1058
vn -0.7031 -0.7031 -0.1058
vn 0.9187 0.3805 -0.1058
vn 0.9187 -0.3805 -0.1058
vn -0.7031 0.7031 -0.1058
vn -0.9784 -0.0000 0.2068
vn 0.3744 -0.9039 0.2068
vn 0.6918 0.6918 0.2068
vn -0.6903 -0.7150 0.1107
vn 0.6903 -0.7150 0.1107
vn -0.6903 -0.7150 -0.1107
vn 0.6903 -0.7150 -0.1107
vn -0.6728 -0.7282 -0.1310
vn 0.6410 -0.4676 0.6086
vt 0.149288 0.012354
vt 0.139588 0.079027
vt 0.172532 0.074122
vt 0.011500 0.972000
vt 0.204283 0.066043
vt 0.234269 0.054938
vt 0.169938 0.007100
vt 0.007800 0.066043
vt 0.022641 -0.000123
vt -0.022186 0.054938
vt 0.062796 0.012354
vt 0.039551 0.074121
vt 0.084223 0.015545
vt 0.072495 0.079027
vt 0.106042 0.080672
vt 0.106042 0.016615
vt 0.177446 0.279158
vt 0.200420 0.334623
vt 0.177446 0.330053
vt 0.177446 0.233208
vt 0.232911 0.256183
vt 0.177446 0.245150
vt 0.177446 0.390089
vt 0.219897 0.287602
vt 0.219897 0.347637
vt 0.279933 0.287602
vt 0.255886 0.311648
vt 0.237481 0.245150
vt 0.232911 0.367114
vt 0.279933 0.347637
vt 0.288377 0.279158
vt 0.311352 0.334623
vt 0.288377 0.390089
vt 0.237481 0.390089
vt 0.334326 0.390089
vt 0.322385 0.390089
vt 0.279933 0.432540
vt 0.232911 0.413064
vt 0.311352 0.445555
vt 0.219897 0.432540
vt 0.279933 0.492576
vt 0.255886 0.468529
vt 0.288377 0.501020
vt 0.232911 0.523995
vt 0.219897 0.492576
vt 0.200420 0.445555
vt 0.177446 0.501020
vt 0.177446 0.450125
vt 0.237481 0.535028
vt 0.177446 0.535028
vt 0.177446 0.546970
vt 0.121980 0.523995
vt 0.154471 0.445555
vt 0.134994 0.492576
vt 0.134994 0.432540
vt 0.074958 0.492576
vt 0.099005 0.468529
vt 0.066514 0.501020
vt 0.121980 0.413064
vt 0.043539 0.445554
vt 0.074958 0.432540
vt 0.066514 0.390089
vt 0.117410 0.390089
vt 0.023476 0.390089
vt 0.032507 0.390089
vt 0.121980 0.367114
vt 0.043540 0.334623
vt 0.074958 0.347637
vt 0.134994 0.347637
vt 0.074958 0.287602
vt 0.099005 0.311648
vt 0.032507 0.330053
vt 0.154471 0.334623
vt 0.066514 0.279158
vt 0.121980 0.256183
vt 0.134994 0.287602
vt 0.117410 0.245150
vt 0.142194 0.093134
vt 0.106042 0.087790
vt 0.106042 0.094907
vt 0.071192 0.086081
vt 0.069889 0.093134
vt 0.034385 0.087848
vt 0.036968 0.080985
vt 0.000168 0.079142
vt -0.027167 0.061056
vt -0.032148 0.067174
vt 0.244231 0.067174
vt 0.208099 0.072593
vt 0.211915 0.079142
vt 0.175115 0.080985
vt 0.177698 0.087848
vt 0.140891 0.086081
vt 0.003984 0.072593
vt 0.239250 0.061056
vt 0.153922 0.156617
vt 0.200943 0.149615
vt 0.246259 0.138085
vt 0.289058 0.122235
vt -0.034176 0.138085
vt -0.076975 0.122235
vt 0.011141 0.149615
vt 0.058161 0.156617
vt 0.106042 0.158965
vt 0.006318 0.966696
vt 0.010450 0.993554
vt 0.030049 0.988849
vt 0.008500 0.969000
vt 0.009891 0.946012
vt 0.004000 0.994000
vt 0.022049 0.971652
vt 0.007143 0.922614
vt 0.007937 0.950394
vt 0.008731 0.928170
vt 0.050031 0.824754
vt 0.270916 0.648687
vt 0.050031 0.648687
vt 0.369964 0.841681
vt 0.685064 0.738940
vt 0.369964 0.738940
vt 0.027882 0.930351
vt 0.127861 0.015545
vt 0.189442 -0.000123
vt 0.042145 0.007100
vt 0.322385 0.330053
vt 0.322385 0.450125
vt 0.117410 0.535028
vt 0.032507 0.450125
vt 0.270916 0.824754
vt 0.685064 0.841681
s 1
usemtl Material.002
f 24/1/1 160/2/2 165/3/3
f 166/4/4 10/4/5 161/4/6
f 167/5/7 24/1/1 165/3/3
f 168/4/8 11/4/9 166/4/4
f 170/4/10 3/4/11 162/4/12
f 163/6/12 26/7/13 167/5/7
f 171/8/14 12/9/15 169/10/8
f 172/4/16 5/4/17 170/4/10
f 16/11/18 171/8/14 173/12/19
f 174/4/20 6/4/21 172/4/16
f 18/13/22 173/12/19 175/14/23
f 164/4/24 7/4/25 174/4/20
f 176/15/26 18/13/22 175/14/23
f 9/4/27 164/4/24 177/4/28
f 160/2/2 20/16/29 176/15/26
f 161/4/6 9/4/27 177/4/28
f 8/4/30 33/4/31 32/4/32
f 21/4/33 41/4/34 40/4/35
f 10/4/5 33/4/31 9/4/27
f 22/4/36 42/4/37 41/4/34
f 11/4/9 34/4/38 10/4/5
f 25/4/1 43/4/39 42/4/37
f 13/4/40 35/4/41 11/4/9
f 3/4/11 29/4/42 28/4/43
f 3/4/11 43/4/39 27/4/44
f 13/4/40 37/4/45 36/4/46
f 5/4/17 30/4/47 29/4/42
f 17/4/18 37/4/45 14/4/48
f 7/4/25 30/4/47 6/4/21
f 19/4/49 38/4/50 17/4/18
f 8/4/30 31/4/51 7/4/25
f 19/4/49 40/4/35 39/4/52
f 37/4/45 54/4/53 53/4/54
f 30/4/47 47/4/55 46/4/56
f 38/4/50 55/4/57 54/4/53
f 31/4/51 48/4/58 47/4/55
f 40/4/35 55/4/57 39/4/52
f 33/4/31 48/4/58 32/4/32
f 41/4/34 56/4/59 40/4/35
f 33/4/31 50/4/60 49/4/61
f 41/4/34 58/4/62 57/4/63
f 35/4/41 50/4/60 34/4/38
f 42/4/37 59/4/64 58/4/62
f 35/4/41 52/4/65 51/4/66
f 29/4/42 44/4/67 28/4/43
f 43/4/39 44/4/67 59/4/64
f 37/4/45 52/4/65 36/4/46
f 30/4/47 45/4/68 29/4/42
f 58/4/62 59/4/64 60/4/69
f 51/4/66 52/4/65 60/4/69
f 44/4/67 45/4/68 60/4/69
f 59/4/64 44/4/67 60/4/69
f 52/4/65 53/4/54 60/4/69
f 45/4/68 46/4/56 60/4/69
f 53/4/54 54/4/53 60/4/69
f 46/4/56 47/4/55 60/4/69
f 54/4/53 55/4/57 60/4/69
f 47/4/55 48/4/58 60/4/69
f 55/4/57 56/4/59 60/4/69
f 48/4/58 49/4/61 60/4/69
f 56/4/59 57/4/63 60/4/69
f 49/4/61 50/4/60 60/4/69
f 57/4/63 58/4/62 60/4/69
f 50/4/60 51/4/66 60/4/69
f 140/17/70 67/18/71 62/19/72
f 137/20/73 65/21/74 61/22/75
f 141/23/76 62/19/72 67/18/71
f 140/17/70 65/21/74 66/24/77
f 141/23/76 67/18/71 72/25/78
f 66/24/77 70/26/79 71/27/80
f 67/18/71 71/27/80 72/25/78
f 63/28/81 70/26/79 65/21/74
f 141/23/76 72/25/78 77/29/82
f 70/26/79 76/30/83 71/27/80
f 72/25/78 76/30/83 77/29/82
f 68/31/84 75/32/85 70/26/79
f 77/29/82 81/33/86 82/34/87
f 75/32/85 78/35/88 80/36/89
f 141/23/76 77/29/82 82/34/87
f 75/32/85 81/33/86 76/30/83
f 82/34/87 86/37/90 87/38/91
f 78/35/88 85/39/92 80/36/89
f 141/23/76 82/34/87 87/38/91
f 80/36/89 86/37/90 81/33/86
f 141/23/76 87/38/91 92/40/93
f 86/37/90 90/41/94 91/42/95
f 87/38/91 91/42/95 92/40/93
f 85/39/92 88/43/96 90/41/94
f 91/42/95 95/44/97 96/45/98
f 91/42/95 97/46/99 92/40/93
f 88/43/96 95/44/97 90/41/94
f 141/23/76 92/40/93 97/46/99
f 97/46/99 102/47/100 103/48/101
f 93/49/102 101/50/103 95/44/97
f 141/23/76 97/46/99 103/48/101
f 96/45/98 101/50/103 102/47/100
f 98/51/104 106/52/105 101/50/103
f 141/23/76 103/48/101 108/53/106
f 102/47/100 106/52/105 107/54/107
f 103/48/101 107/54/107 108/53/106
f 141/23/76 108/53/106 113/55/108
f 107/54/107 111/56/109 112/57/110
f 108/53/106 112/57/110 113/55/108
f 106/52/105 109/58/111 111/56/109
f 112/57/110 118/59/112 113/55/108
f 109/58/111 116/60/113 111/56/109
f 141/23/76 113/55/108 118/59/112
f 112/57/110 116/60/113 117/61/114
f 118/59/112 120/62/115 121/63/116
f 116/60/113 1/64/117 119/65/118
f 141/23/76 118/59/112 121/63/116
f 117/61/114 119/65/118 120/62/115
f 141/23/76 121/63/116 126/66/119
f 120/62/115 124/67/120 125/68/121
f 121/63/116 125/68/121 126/66/119
f 1/64/117 124/67/120 119/65/118
f 141/23/76 126/66/119 131/69/122
f 125/68/121 129/70/123 130/71/124
f 126/66/119 130/71/124 131/69/122
f 122/72/125 129/70/123 124/67/120
f 130/71/124 136/73/126 131/69/122
f 127/74/127 134/75/128 129/70/123
f 141/23/76 131/69/122 136/73/126
f 130/71/124 134/75/128 135/76/129
f 135/76/129 62/19/72 136/73/126
f 132/77/130 61/22/75 134/75/128
f 141/23/76 136/73/126 62/19/72
f 135/76/129 61/22/75 140/17/70
f 193/4/6 159/4/131 191/4/132
f 192/78/2 158/79/26 190/80/26
f 159/4/131 178/4/133 191/4/132
f 190/80/26 157/81/23 189/82/23
f 178/4/133 156/4/134 188/4/135
f 157/81/23 187/83/19 189/82/23
f 188/4/135 154/4/16 186/4/16
f 155/84/19 185/85/14 187/83/19
f 186/4/16 152/4/10 184/4/10
f 185/85/14 148/86/8 182/87/8
f 194/88/12 147/89/7 181/90/7
f 184/4/10 150/4/12 195/4/12
f 183/4/8 146/4/4 180/4/4
f 181/90/7 144/91/3 179/92/3
f 180/4/4 145/4/6 193/4/6
f 144/91/3 192/78/2 179/92/3
f 145/4/6 177/4/28 159/4/131
f 160/2/2 158/79/26 143/93/2
f 177/4/28 142/4/133 159/4/131
f 176/15/26 157/81/23 158/79/26
f 142/4/133 174/4/20 156/4/134
f 175/14/23 155/84/19 157/81/23
f 156/4/134 172/4/16 154/4/16
f 173/12/19 153/94/14 155/84/19
f 154/4/16 170/4/10 152/4/10
f 171/8/14 148/86/8 153/94/14
f 151/95/12 167/5/7 147/89/7
f 152/4/10 162/4/12 150/4/12
f 149/4/8 166/4/4 146/4/4
f 147/89/7 165/3/3 144/91/3
f 146/4/4 161/4/6 145/4/6
f 165/3/3 143/93/2 144/91/3
f 179/92/3 73/96/136 69/97/137
f 104/4/138 193/4/6 110/4/139
f 64/98/140 179/92/3 69/97/137
f 99/4/104 180/4/4 104/4/138
f 133/4/141 195/4/12 138/4/73
f 139/99/73 181/90/7 64/98/140
f 94/100/102 182/87/8 100/101/104
f 128/4/142 184/4/10 133/4/141
f 187/83/19 94/100/102 89/102/143
f 123/4/144 186/4/16 128/4/142
f 189/82/23 89/102/143 83/103/145
f 2/4/146 188/4/135 123/4/144
f 190/80/26 83/103/145 79/104/147
f 191/4/132 2/4/146 114/4/148
f 192/78/2 79/104/147 73/96/136
f 110/4/139 191/4/132 114/4/148
f 361/105/149 220/105/150 358/105/151
f 362/105/152 213/105/153 359/105/154
f 222/105/155 361/105/149 363/105/156
f 364/105/157 214/105/158 362/105/152
f 223/105/159 363/105/156 365/105/160
f 366/105/161 215/105/162 364/105/157
f 224/105/163 365/105/160 367/105/164
f 368/105/165 216/105/166 366/105/161
f 225/105/167 367/105/164 369/105/168
f 370/105/169 217/105/170 368/105/165
f 226/105/171 369/105/168 371/105/172
f 372/105/173 218/105/174 370/105/169
f 227/105/175 371/105/172 373/105/176
f 220/105/150 372/105/173 358/105/151
f 359/105/154 212/105/177 360/105/178
f 212/105/177 373/105/176 360/105/178
f 227/105/175 242/105/179 226/105/171
f 219/105/180 236/105/181 235/105/182
f 212/105/177 229/105/183 228/105/184
f 212/105/177 243/105/185 227/105/175
f 221/105/186 236/105/181 220/105/150
f 213/105/153 230/105/187 229/105/183
f 221/105/186 238/105/188 237/105/189
f 214/105/158 231/105/190 230/105/187
f 223/105/159 238/105/188 222/105/155
f 215/105/162 232/105/191 231/105/190
f 224/105/163 239/105/192 223/105/159
f 216/105/166 233/105/193 232/105/191
f 225/105/167 240/105/194 224/105/163
f 217/105/170 234/105/195 233/105/193
f 226/105/171 241/105/196 225/105/167
f 219/105/180 234/105/195 218/105/174
f 204/105/197 253/105/198 205/105/199
f 198/105/200 245/105/201 246/105/202
f 206/105/203 253/105/198 254/105/204
f 198/105/200 247/105/205 199/105/206
f 206/105/203 255/105/207 207/105/208
f 199/105/206 248/105/209 200/105/210
f 207/105/208 256/105/211 208/105/212
f 201/105/213 248/105/209 249/105/214
f 209/105/215 256/105/211 257/105/216
f 202/105/217 249/105/214 250/105/218
f 210/105/219 257/105/216 258/105/220
f 202/105/217 251/105/221 203/105/222
f 210/105/219 259/105/223 211/105/224
f 204/105/197 251/105/221 252/105/225
f 196/105/226 245/105/201 197/105/227
f 211/105/224 244/105/228 196/105/226
f 340/105/229 265/105/230 261/105/231
f 339/105/232 263/105/233 260/105/234
f 341/105/235 261/105/231 265/105/230
f 260/105/234 264/105/236 340/105/229
f 262/105/237 267/105/238 263/105/233
f 341/105/235 265/105/230 269/105/239
f 264/105/236 267/105/238 268/105/240
f 265/105/230 268/105/240 269/105/239
f 341/105/235 269/105/239 273/105/241
f 268/105/240 271/105/242 272/105/243
f 268/105/240 273/105/241 269/105/239
f 266/105/244 271/105/242 267/105/238
f 272/105/243 277/105/245 273/105/241
f 270/105/246 275/105/247 271/105/242
f 341/105/235 273/105/241 277/105/245
f 271/105/242 276/105/248 272/105/243
f 276/105/248 281/105/249 277/105/245
f 275/105/247 278/105/250 279/105/251
f 341/105/235 277/105/245 281/105/249
f 275/105/247 280/105/252 276/105/248
f 341/105/235 281/105/249 285/105/253
f 280/105/252 283/105/254 284/105/255
f 281/105/249 284/105/255 285/105/253
f 278/105/250 283/105/254 279/105/251
f 341/105/235 285/105/253 289/105/256
f 284/105/255 287/105/257 288/105/258
f 285/105/253 288/105/258 289/105/256
f 282/105/259 287/105/257 283/105/254
f 289/105/256 292/105/260 293/105/261
f 286/105/262 291/105/263 287/105/257
f 331/105/264 330/105/265 298/105/266
f 303/105/267 338/105/268 298/105/266
f 341/105/235 289/105/256 293/105/261
f 288/105/258 291/105/263 292/105/260
f 311/105/269 310/105/270 298/105/266
f 292/105/260 297/105/271 293/105/261
f 290/105/272 295/105/273 291/105/263
f 318/105/274 317/105/275 298/105/266
f 337/105/276 332/105/277 298/105/266
f 341/105/235 293/105/261 297/105/271
f 291/105/263 296/105/278 292/105/260
f 316/105/279 311/105/269 298/105/266
f 309/105/280 304/105/281 298/105/266
f 332/105/277 331/105/264 298/105/266
f 341/105/235 297/105/271 302/105/282
f 296/105/278 300/105/283 301/105/284
f 330/105/265 325/105/285 298/105/266
f 338/105/268 337/105/276 298/105/266
f 297/105/271 301/105/284 302/105/282
f 295/105/273 299/105/286 300/105/283
f 324/105/287 323/105/288 298/105/266
f 300/105/283 307/105/289 301/105/284
f 310/105/270 309/105/280 298/105/266
f 325/105/285 324/105/287 298/105/266
f 302/105/282 307/105/289 308/105/290
f 300/105/283 305/105/291 306/105/292
f 317/105/275 316/105/279 298/105/266
f 323/105/288 318/105/274 298/105/266
f 341/105/235 302/105/282 308/105/290
f 308/105/290 314/105/293 315/105/294
f 305/105/291 313/105/295 306/105/292
f 240/105/194 311/105/269 239/105/192
f 233/105/193 330/105/265 232/105/191
f 341/105/235 308/105/290 315/105/294
f 307/105/289 313/105/295 314/105/293
f 231/105/190 330/105/265 331/105/264
f 304/105/281 303/105/267 298/105/266
f 312/105/296 320/105/297 313/105/295
f 238/105/188 317/105/275 237/105/189
f 230/105/187 331/105/264 332/105/277
f 341/105/235 315/105/294 322/105/298
f 314/105/293 320/105/297 321/105/299
f 229/105/183 332/105/277 337/105/276
f 238/105/188 311/105/269 316/105/279
f 314/105/293 322/105/298 315/105/294
f 341/105/235 322/105/298 329/105/300
f 321/105/299 327/105/301 328/105/302
f 236/105/181 323/105/288 235/105/182
f 236/105/181 317/105/275 318/105/274
f 321/105/299 329/105/300 322/105/298
f 319/105/303 327/105/301 320/105/297
f 229/105/183 338/105/268 228/105/184
f 243/105/185 338/105/268 303/105/267
f 234/105/195 325/105/285 233/105/193
f 243/105/185 304/105/281 242/105/179
f 329/105/300 335/105/304 336/105/305
f 327/105/301 333/105/306 334/105/307
f 242/105/179 309/105/280 241/105/196
f 234/105/195 323/105/288 324/105/287
f 341/105/235 329/105/300 336/105/305
f 328/105/302 334/105/307 335/105/304
f 335/105/304 261/105/231 336/105/305
f 333/105/306 260/105/234 334/105/307
f 240/105/194 309/105/280 310/105/270
f 341/105/235 336/105/305 261/105/231
f 334/105/307 340/105/229 335/105/304
f 357/105/178 211/105/224 196/105/226
f 344/105/154 196/105/226 197/105/227
f 342/105/151 203/105/222 204/105/197
f 356/105/176 210/105/219 211/105/224
f 203/105/222 353/105/169 202/105/217
f 354/105/172 209/105/215 210/105/219
f 202/105/217 351/105/165 201/105/213
f 352/105/168 208/105/212 209/105/215
f 351/105/165 200/105/210 201/105/213
f 350/105/164 207/105/208 208/105/212
f 200/105/210 347/105/157 199/105/206
f 348/105/160 206/105/203 207/105/208
f 347/105/157 198/105/200 199/105/206
f 346/105/156 205/105/199 206/105/203
f 198/105/200 344/105/154 197/105/227
f 343/105/149 204/105/197 205/105/199
f 357/105/178 373/105/176 356/105/176
f 344/105/154 360/105/178 357/105/178
f 358/105/151 355/105/173 342/105/151
f 373/105/176 354/105/172 356/105/176
f 355/105/173 370/105/169 353/105/169
f 371/105/172 352/105/168 354/105/172
f 353/105/169 368/105/165 351/105/165
f 369/105/168 350/105/164 352/105/168
f 368/105/165 349/105/161 351/105/165
f 350/105/164 365/105/160 348/105/160
f 349/105/161 364/105/157 347/105/157
f 348/105/160 363/105/156 346/105/156
f 347/105/157 362/105/152 345/105/152
f 363/105/156 343/105/149 346/105/156
f 345/105/152 359/105/154 344/105/154
f 361/105/149 342/105/151 343/105/149
f 539/105/308 398/105/309 399/105/310
f 540/105/311 391/105/312 392/105/313
f 539/105/308 400/105/314 541/105/315
f 542/105/316 392/105/313 393/105/317
f 541/105/315 401/105/318 543/105/319
f 544/105/320 393/105/317 394/105/321
f 543/105/319 402/105/322 545/105/323
f 546/105/324 394/105/321 395/105/325
f 545/105/323 403/105/326 547/105/327
f 548/105/328 395/105/325 396/105/329
f 547/105/327 404/105/330 549/105/331
f 550/105/332 396/105/329 397/105/333
f 549/105/331 405/105/334 551/105/335
f 550/105/332 398/105/309 536/105/336
f 537/105/337 390/105/338 391/105/312
f 551/105/335 390/105/338 538/105/339
f 420/105/340 405/105/334 404/105/330
f 397/105/333 414/105/341 398/105/309
f 390/105/338 407/105/342 391/105/312
f 421/105/343 390/105/338 405/105/334
f 414/105/341 399/105/310 398/105/309
f 391/105/312 408/105/344 392/105/313
f 399/105/310 416/105/345 400/105/314
f 392/105/313 409/105/346 393/105/317
f 416/105/345 401/105/318 400/105/314
f 393/105/317 410/105/347 394/105/321
f 417/105/348 402/105/322 401/105/318
f 394/105/321 411/105/349 395/105/325
f 418/105/350 403/105/326 402/105/322
f 395/105/325 412/105/351 396/105/329
f 419/105/352 404/105/330 403/105/326
f 412/105/351 397/105/333 396/105/329
f 431/105/353 382/105/354 383/105/355
f 376/105/356 423/105/357 375/105/358
f 384/105/359 431/105/353 383/105/355
f 425/105/360 376/105/356 377/105/361
f 433/105/362 384/105/359 385/105/363
f 426/105/364 377/105/361 378/105/365
f 434/105/366 385/105/363 386/105/367
f 379/105/368 426/105/364 378/105/365
f 387/105/369 434/105/366 386/105/367
f 380/105/370 427/105/371 379/105/368
f 388/105/372 435/105/373 387/105/369
f 429/105/374 380/105/370 381/105/375
f 437/105/376 388/105/372 389/105/377
f 382/105/354 429/105/374 381/105/375
f 423/105/357 374/105/378 375/105/358
f 422/105/379 389/105/377 374/105/378
f 443/105/380 518/105/381 439/105/382
f 441/105/383 517/105/384 438/105/385
f 519/105/266 443/105/380 439/105/382
f 442/105/386 438/105/385 518/105/381
f 445/105/387 440/105/388 441/105/383
f 519/105/266 447/105/389 443/105/380
f 442/105/386 445/105/387 441/105/383
f 443/105/380 446/105/390 442/105/386
f 519/105/266 451/105/391 447/105/389
f 446/105/390 449/105/392 445/105/387
f 451/105/391 446/105/390 447/105/389
f 449/105/392 444/105/393 445/105/387
f 455/105/394 450/105/395 451/105/391
f 453/105/396 448/105/397 449/105/392
f 519/105/266 455/105/394 451/105/391
f 454/105/398 449/105/392 450/105/395
f 459/105/399 454/105/398 455/105/394
f 453/105/396 456/105/400 452/105/401
f 519/105/266 459/105/399 455/105/394
f 458/105/402 453/105/396 454/105/398
f 519/105/266 463/105/403 459/105/399
f 458/105/402 461/105/404 457/105/405
f 459/105/399 462/105/406 458/105/402
f 461/105/404 456/105/400 457/105/405
f 519/105/266 467/105/407 463/105/403
f 462/105/406 465/105/408 461/105/404
f 463/105/403 466/105/409 462/105/406
f 465/105/408 460/105/410 461/105/404
f 467/105/407 470/105/411 466/105/409
f 469/105/412 464/105/413 465/105/408
f 509/105/414 476/105/235 508/105/415
f 481/105/416 476/105/235 516/105/417
f 519/105/266 471/105/418 467/105/407
f 466/105/409 469/105/412 465/105/408
f 489/105/419 476/105/235 488/105/420
f 475/105/421 470/105/411 471/105/418
f 473/105/422 468/105/423 469/105/412
f 496/105/424 476/105/235 495/105/425
f 515/105/426 476/105/235 510/105/427
f 519/105/266 475/105/421 471/105/418
f 474/105/428 469/105/412 470/105/411
f 494/105/429 476/105/235 489/105/419
f 487/105/430 476/105/235 482/105/431
f 510/105/427 476/105/235 509/105/414
f 519/105/266 480/105/432 475/105/421
f 474/105/428 478/105/433 473/105/422
f 508/105/415 476/105/235 503/105/434
f 516/105/417 476/105/235 515/105/426
f 475/105/421 479/105/435 474/105/428
f 473/105/422 477/105/436 472/105/437
f 502/105/438 476/105/235 501/105/439
f 485/105/440 478/105/433 479/105/435
f 488/105/420 476/105/235 487/105/430
f 503/105/434 476/105/235 502/105/438
f 480/105/432 485/105/440 479/105/435
f 478/105/433 483/105/441 477/105/436
f 495/105/425 476/105/235 494/105/429
f 501/105/439 476/105/235 496/105/424
f 519/105/266 486/105/442 480/105/432
f 486/105/442 492/105/443 485/105/440
f 491/105/444 483/105/441 484/105/445
f 489/105/419 418/105/350 417/105/348
f 508/105/415 411/105/349 410/105/347
f 519/105/266 493/105/446 486/105/442
f 485/105/440 491/105/444 484/105/445
f 409/105/346 508/105/415 410/105/347
f 482/105/431 476/105/235 481/105/416
f 498/105/447 490/105/448 491/105/444
f 495/105/425 416/105/345 415/105/449
f 408/105/344 509/105/414 409/105/346
f 519/105/266 500/105/450 493/105/446
f 492/105/443 498/105/447 491/105/444
f 407/105/342 510/105/427 408/105/344
f 416/105/345 489/105/419 417/105/348
f 500/105/450 492/105/443 493/105/446
f 519/105/266 507/105/451 500/105/450
f 499/105/452 505/105/453 498/105/447
f 501/105/439 414/105/341 413/105/454
f 414/105/341 495/105/425 415/105/449
f 507/105/451 499/105/452 500/105/450
f 505/105/453 497/105/455 498/105/447
f 516/105/417 407/105/342 406/105/456
f 421/105/343 516/105/417 406/105/456
f 503/105/434 412/105/351 411/105/349
f 482/105/431 421/105/343 420/105/340
f 507/105/451 513/105/457 506/105/458
f 505/105/453 511/105/459 504/105/460
f 487/105/430 420/105/340 419/105/352
f 412/105/351 501/105/439 413/105/454
f 519/105/266 514/105/461 507/105/451
f 506/105/458 512/105/462 505/105/453
f 439/105/382 513/105/457 514/105/461
f 438/105/385 511/105/459 512/105/462
f 418/105/350 487/105/430 419/105/352
f 519/105/266 439/105/382 514/105/461
f 518/105/381 512/105/462 513/105/457
f 389/105/377 535/105/339 374/105/378
f 374/105/378 522/105/337 375/105/358
f 381/105/375 520/105/336 382/105/354
f 388/105/372 534/105/335 389/105/377
f 381/105/375 531/105/328 533/105/332
f 387/105/369 532/105/331 388/105/372
f 380/105/370 529/105/324 531/105/328
f 386/105/367 530/105/327 387/105/369
f 378/105/365 529/105/324 379/105/368
f 385/105/363 528/105/323 386/105/367
f 378/105/365 525/105/316 527/105/320
f 384/105/359 526/105/319 385/105/363
f 376/105/356 525/105/316 377/105/361
f 383/105/355 524/105/315 384/105/359
f 376/105/356 522/105/337 523/105/311
f 382/105/354 521/105/308 383/105/355
f 535/105/339 551/105/335 538/105/339
f 522/105/337 538/105/339 537/105/337
f 533/105/332 536/105/336 520/105/336
f 532/105/331 551/105/335 534/105/335
f 533/105/332 548/105/328 550/105/332
f 530/105/327 549/105/331 532/105/331
f 531/105/328 546/105/324 548/105/328
f 528/105/323 547/105/327 530/105/327
f 527/105/320 546/105/324 529/105/324
f 528/105/323 543/105/319 545/105/323
f 527/105/320 542/105/316 544/105/320
f 526/105/319 541/105/315 543/105/319
f 525/105/316 540/105/311 542/105/316
f 521/105/308 541/105/315 524/105/315
f 523/105/311 537/105/337 540/105/311
f 520/105/336 539/105/308 521/105/308
f 665/106/235 555/106/463 562/106/464
f 664/106/465 560/106/466 561/106/467
f 553/106/468 559/106/469 663/106/76
f 662/106/470 557/106/471 552/106/472
f 555/106/463 561/106/467 562/106/464
f 554/106/473 559/106/469 560/106/466
f 552/106/472 558/106/474 553/106/468
f 662/106/470 661/106/266 556/106/475
f 562/106/464 568/106/476 569/106/477
f 560/106/466 566/106/478 567/106/479
f 557/106/471 565/106/480 558/106/474
f 556/106/475 661/106/266 563/106/481
f 665/106/235 562/106/464 569/106/477
f 561/106/467 567/106/479 568/106/476
f 558/106/474 566/106/478 559/106/469
f 556/106/475 564/106/482 557/106/471
f 567/106/479 573/106/483 574/106/484
f 564/106/482 572/106/485 565/106/480
f 563/106/481 661/106/266 570/106/486
f 665/106/235 569/106/477 576/106/487
f 568/106/476 574/106/484 575/106/488
f 565/106/480 573/106/483 566/106/478
f 563/106/481 571/106/489 564/106/482
f 569/106/477 575/106/488 576/106/487
f 665/106/235 576/106/487 583/106/490
f 575/106/488 581/106/491 582/106/492
f 572/106/485 580/106/493 573/106/483
f 570/106/486 578/106/494 571/106/489
f 576/106/487 582/106/492 583/106/490
f 574/106/484 580/106/493 581/106/491
f 571/106/489 579/106/495 572/106/485
f 570/106/486 661/106/266 577/106/496
f 580/106/493 586/106/497 587/106/498
f 578/106/494 584/106/499 585/106/500
f 582/106/492 590/106/501 583/106/490
f 580/106/493 588/106/502 581/106/491
f 579/106/495 585/106/500 586/106/497
f 577/106/496 661/106/266 584/106/499
f 665/106/235 583/106/490 590/106/501
f 581/106/491 589/106/503 582/106/492
f 589/106/503 597/106/504 590/106/501
f 587/106/498 595/106/505 588/106/502
f 586/106/497 592/106/506 593/106/507
f 584/106/499 661/106/266 591/106/508
f 665/106/235 590/106/501 597/106/504
f 588/106/502 596/106/509 589/106/503
f 587/106/498 593/106/507 594/106/510
f 585/106/500 591/106/508 592/106/506
f 593/106/507 599/106/511 600/106/512
f 591/106/508 661/106/266 598/106/513
f 665/106/235 597/106/504 604/106/514
f 595/106/505 603/106/515 596/106/509
f 594/106/510 600/106/512 601/106/516
f 592/106/506 598/106/513 599/106/511
f 596/106/509 604/106/514 597/106/504
f 594/106/510 602/106/517 595/106/505
f 665/106/235 604/106/514 611/106/518
f 602/106/517 610/106/519 603/106/515
f 601/106/516 607/106/520 608/106/69
f 599/106/511 605/106/521 606/106/522
f 603/106/515 611/106/518 604/106/514
f 601/106/516 609/106/523 602/106/517
f 600/106/512 606/106/522 607/106/520
f 598/106/513 661/106/266 605/106/521
f 605/106/521 613/106/524 606/106/522
f 611/106/518 617/106/525 618/106/526
f 609/106/523 615/106/527 616/106/528
f 606/106/522 614/106/529 607/106/520
f 605/106/521 661/106/266 612/106/530
f 665/106/235 611/106/518 618/106/526
f 610/106/519 616/106/528 617/106/525
f 607/106/520 615/106/527 608/106/69
f 618/106/526 624/106/531 625/106/532
f 616/106/528 622/106/533 623/106/534
f 613/106/524 621/106/535 614/106/529
f 612/106/530 661/106/266 619/106/536
f 665/106/235 618/106/526 625/106/532
f 617/106/525 623/106/534 624/106/531
f 614/106/529 622/106/533 615/106/527
f 612/106/530 620/106/537 613/106/524
f 619/106/536 661/106/266 626/106/538
f 665/106/235 625/106/532 632/106/539
f 624/106/531 630/106/540 631/106/541
f 621/106/535 629/106/542 622/106/533
f 619/106/536 627/106/543 620/106/537
f 625/106/532 631/106/541 632/106/539
f 623/106/534 629/106/542 630/106/540
f 620/106/537 628/106/544 621/106/535
f 631/106/541 637/106/545 638/106/546
f 628/106/544 636/106/547 629/106/542
f 626/106/538 634/106/548 627/106/543
f 632/106/539 638/106/546 639/106/549
f 630/106/540 636/106/547 637/106/545
f 627/106/543 635/106/550 628/106/544
f 626/106/538 661/106/266 633/106/551
f 665/106/235 632/106/539 639/106/549
f 638/106/546 646/106/552 639/106/549
f 636/106/547 644/106/553 637/106/545
f 635/106/550 641/106/554 642/106/555
f 633/106/551 661/106/266 640/106/556
f 665/106/235 639/106/549 646/106/552
f 637/106/545 645/106/557 638/106/546
f 636/106/547 642/106/555 643/106/558
f 634/106/548 640/106/556 641/106/554
f 643/106/558 651/106/559 644/106/553
f 642/106/555 648/106/560 649/106/561
f 640/106/556 661/106/266 647/106/562
f 665/106/235 646/106/552 653/106/563
f 644/106/553 652/106/564 645/106/557
f 643/106/558 649/106/561 650/106/565
f 641/106/554 647/106/562 648/106/560
f 645/106/557 653/106/563 646/106/552
f 665/106/235 653/106/563 660/106/566
f 651/106/559 659/106/567 652/106/564
f 650/106/565 656/106/568 657/106/569
f 648/106/560 654/106/570 655/106/571
f 652/106/564 660/106/566 653/106/563
f 650/106/565 658/106/572 651/106/559
f 649/106/561 655/106/571 656/106/568
f 647/106/562 661/106/266 654/106/570
f 657/106/569 553/106/468 663/106/76
f 655/106/571 662/106/470 552/106/472
f 659/106/567 555/106/463 660/106/566
f 657/106/569 554/106/473 658/106/572
f 656/106/568 552/106/472 553/106/468
f 654/106/570 661/106/266 662/106/470
f 665/106/235 660/106/566 555/106/463
f 658/106/572 664/106/465 659/106/567
f 668/106/573 672/106/574 673/106/575
f 711/106/576 717/106/266 714/106/577
f 667/106/578 691/106/69 672/106/574
f 712/106/579 714/106/577 715/106/580
f 669/106/581 711/106/576 712/106/579
f 672/106/574 691/106/69 677/106/582
f 674/106/583 717/106/266 711/106/576
f 672/106/574 678/106/584 673/106/575
f 689/106/585 669/106/581 685/106/586
f 677/106/582 691/106/69 682/106/587
f 689/106/585 717/106/266 674/106/583
f 677/106/582 683/106/588 678/106/584
f 683/106/588 687/106/589 688/106/590
f 704/106/591 717/106/266 689/106/585
f 682/106/587 691/106/69 687/106/589
f 699/106/592 689/106/585 685/106/586
f 668/106/573 675/106/593 703/106/594
f 687/106/589 693/106/595 688/106/590
f 683/106/588 706/106/596 678/106/584
f 687/106/589 691/106/69 692/106/597
f 678/106/584 708/106/598 673/106/575
f 692/106/597 698/106/599 693/106/595
f 703/106/594 680/106/600 698/106/599
f 692/106/597 691/106/69 697/106/601
f 698/106/599 686/106/602 693/106/595
f 698/106/599 702/106/603 703/106/594
f 688/106/590 701/106/604 683/106/588
f 697/106/601 691/106/69 702/106/603
f 693/106/595 695/106/605 688/106/590
f 702/106/603 668/106/573 703/106/594
f 673/106/575 710/106/606 668/106/573
f 702/106/603 691/106/69 667/106/578
f 710/106/606 707/106/607 709/106/608
f 696/106/76 709/106/608 707/106/607
f 708/106/598 705/106/609 707/106/607
f 696/106/76 707/106/607 705/106/609
f 705/106/609 701/106/604 700/106/610
f 696/106/76 705/106/609 700/106/610
f 701/106/604 690/106/611 700/106/610
f 696/106/76 700/106/610 690/106/611
f 696/106/76 690/106/611 681/106/612
f 690/106/611 686/106/602 681/106/612
f 696/106/76 681/106/612 676/106/613
f 681/106/612 680/106/600 676/106/613
f 696/106/76 676/106/613 671/106/614
f 680/106/600 671/106/614 676/106/613
f 696/106/76 671/106/614 709/106/608
f 671/106/614 710/106/606 709/106/608
f 699/106/592 684/106/615 727/106/616
f 714/106/577 719/106/617 715/106/580
f 712/106/579 729/106/618 669/106/581
f 714/106/577 717/106/266 718/106/619
f 669/106/581 731/106/620 685/106/586
f 718/106/619 723/106/621 719/106/617
f 727/106/616 670/106/622 723/106/621
f 718/106/619 717/106/266 722/106/623
f 723/106/621 713/106/624 719/106/617
f 723/106/621 726/106/625 727/106/616
f 715/106/580 725/106/626 712/106/579
f 722/106/623 717/106/266 726/106/625
f 719/106/617 720/106/627 715/106/580
f 726/106/625 699/106/592 727/106/616
f 685/106/586 733/106/628 699/106/592
f 726/106/625 717/106/266 704/106/591
f 733/106/628 730/106/629 732/106/630
f 721/106/235 732/106/630 730/106/629
f 731/106/620 728/106/631 730/106/629
f 721/106/235 730/106/629 728/106/631
f 729/106/618 724/106/632 728/106/631
f 721/106/235 728/106/631 724/106/632
f 725/106/626 716/106/633 724/106/632
f 721/106/235 724/106/632 716/106/633
f 721/106/235 716/106/633 666/106/634
f 716/106/633 713/106/624 666/106/634
f 721/106/235 666/106/634 679/106/635
f 666/106/634 670/106/622 679/106/635
f 721/106/235 679/106/635 694/106/636
f 670/106/622 694/106/636 679/106/635
f 721/106/235 694/106/636 732/106/630
f 694/106/636 733/106/628 732/106/630
f 745/106/576 751/106/266 748/106/577
f 746/106/579 748/106/577 749/106/580
f 735/106/581 745/106/576 746/106/579
f 737/106/583 751/106/266 745/106/576
f 741/106/585 735/106/581 740/106/586
f 741/106/585 751/106/266 737/106/583
f 744/106/591 751/106/266 741/106/585
f 743/106/592 741/106/585 740/106/586
f 743/106/592 739/106/615 761/106/616
f 748/106/577 753/106/617 749/106/580
f 746/106/579 763/106/618 735/106/581
f 748/106/577 751/106/266 752/106/619
f 735/106/581 765/106/620 740/106/586
f 752/106/619 757/106/621 753/106/617
f 761/106/616 736/106/622 757/106/621
f 752/106/619 751/106/266 756/106/623
f 753/106/617 736/106/622 747/106/624
f 757/106/621 760/106/625 761/106/616
f 749/106/580 759/106/626 746/106/579
f 756/106/623 751/106/266 760/106/625
f 749/106/580 747/106/624 754/106/627
f 760/106/625 743/106/592 761/106/616
f 740/106/586 767/106/628 743/106/592
f 760/106/625 751/106/266 744/106/591
f 767/106/628 764/106/629 766/106/630
f 755/106/235 766/106/630 764/106/629
f 764/106/629 763/106/618 762/106/631
f 755/106/235 764/106/629 762/106/631
f 763/106/618 758/106/637 762/106/631
f 755/106/235 762/106/631 758/106/637
f 759/106/626 750/106/633 758/106/637
f 755/106/235 758/106/637 750/106/633
f 755/106/235 750/106/633 734/106/638
f 750/106/633 747/106/624 734/106/638
f 755/106/235 734/106/638 738/106/635
f 734/106/638 736/106/622 738/106/635
f 755/106/235 738/106/635 742/106/636
f 736/106/622 742/106/636 738/106/635
f 755/106/235 742/106/636 766/106/630
f 742/106/636 767/106/628 766/106/630
f 779/106/639 785/106/640 782/106/641
f 780/106/642 782/106/641 783/106/643
f 769/106/644 779/106/639 780/106/642
f 771/106/645 785/106/640 779/106/639
f 775/106/646 769/106/644 774/106/647
f 775/106/646 785/106/640 771/106/645
f 778/106/648 785/106/640 775/106/646
f 777/106/649 775/106/646 774/106/647
f 777/106/649 773/106/650 795/106/651
f 782/106/641 787/106/652 783/106/643
f 769/106/644 793/106/653 797/106/654
f 782/106/641 785/106/640 786/106/655
f 769/106/644 799/106/656 774/106/647
f 786/106/655 791/106/657 787/106/652
f 791/106/657 773/106/650 770/106/658
f 786/106/655 785/106/640 790/106/659
f 791/106/657 781/106/660 787/106/652
f 791/106/657 794/106/661 795/106/651
f 780/106/642 788/106/662 793/106/653
f 790/106/659 785/106/640 794/106/661
f 787/106/652 788/106/662 783/106/643
f 794/106/661 777/106/649 795/106/651
f 777/106/649 799/106/656 801/106/663
f 794/106/661 785/106/640 778/106/648
f 801/106/663 798/106/664 800/106/665
f 789/106/666 800/106/665 798/106/664
f 798/106/664 797/106/654 796/106/667
f 789/106/666 798/106/664 796/106/667
f 797/106/654 792/106/668 796/106/667
f 789/106/666 796/106/667 792/106/668
f 792/106/668 788/106/662 784/106/669
f 789/106/666 792/106/668 784/106/669
f 789/106/666 784/106/669 768/106/670
f 788/106/662 768/106/670 784/106/669
f 789/106/666 768/106/670 772/106/671
f 768/106/670 770/106/658 772/106/671
f 789/106/666 772/106/671 776/106/672
f 770/106/658 776/106/672 772/106/671
f 789/106/666 776/106/672 800/106/665
f 776/106/672 801/106/663 800/106/665
f 915/106/266 812/106/475 805/106/470
f 914/106/472 810/106/474 804/106/468
f 809/106/469 803/106/473 913/106/76
f 807/106/467 912/106/463 802/106/465
f 805/106/470 811/106/471 914/106/472
f 804/106/468 809/106/469 913/106/76
f 808/106/466 802/106/465 803/106/473
f 912/106/463 806/106/464 911/106/235
f 812/106/475 818/106/482 811/106/471
f 810/106/474 816/106/478 809/106/469
f 815/106/479 807/106/467 808/106/466
f 806/106/464 813/106/477 911/106/235
f 915/106/266 819/106/481 812/106/475
f 811/106/471 817/106/480 810/106/474
f 816/106/478 808/106/466 809/106/469
f 814/106/476 806/106/464 807/106/467
f 817/106/480 823/106/483 816/106/478
f 822/106/484 814/106/476 815/106/479
f 813/106/477 820/106/487 911/106/235
f 915/106/266 826/106/486 819/106/481
f 818/106/482 824/106/485 817/106/480
f 823/106/483 815/106/479 816/106/478
f 821/106/488 813/106/477 814/106/476
f 819/106/481 825/106/489 818/106/482
f 915/106/266 833/106/496 826/106/486
f 825/106/489 831/106/495 824/106/485
f 830/106/493 822/106/484 823/106/483
f 828/106/492 820/106/487 821/106/488
f 826/106/486 832/106/494 825/106/489
f 824/106/485 830/106/493 823/106/483
f 829/106/491 821/106/488 822/106/484
f 820/106/487 827/106/490 911/106/235
f 830/106/493 836/106/502 829/106/491
f 828/106/492 834/106/501 827/106/490
f 840/106/499 832/106/494 833/106/496
f 838/106/497 830/106/493 831/106/495
f 829/106/491 835/106/503 828/106/492
f 827/106/490 834/106/501 911/106/235
f 915/106/266 840/106/499 833/106/496
f 839/106/500 831/106/495 832/106/494
f 847/106/508 839/106/500 840/106/499
f 845/106/507 837/106/498 838/106/497
f 836/106/502 842/106/509 835/106/503
f 834/106/501 841/106/504 911/106/235
f 915/106/266 847/106/508 840/106/499
f 846/106/506 838/106/497 839/106/500
f 837/106/498 843/106/505 836/106/502
f 835/106/503 841/106/504 834/106/501
f 843/106/505 849/106/515 842/106/509
f 841/106/504 848/106/514 911/106/235
f 915/106/266 854/106/513 847/106/508
f 853/106/511 845/106/507 846/106/506
f 844/106/510 850/106/517 843/106/505
f 842/106/509 848/106/514 841/106/504
f 854/106/513 846/106/506 847/106/508
f 852/106/512 844/106/510 845/106/507
f 915/106/266 861/106/521 854/106/513
f 860/106/522 852/106/512 853/106/511
f 851/106/516 857/106/523 850/106/517
f 849/106/515 855/106/518 848/106/514
f 861/106/521 853/106/511 854/106/513
f 859/106/520 851/106/516 852/106/512
f 850/106/517 856/106/519 849/106/515
f 848/106/514 855/106/518 911/106/235
f 863/106/525 855/106/518 856/106/519
f 861/106/521 867/106/524 860/106/522
f 859/106/520 865/106/527 858/106/69
f 864/106/528 856/106/519 857/106/523
f 855/106/518 862/106/526 911/106/235
f 915/106/266 868/106/530 861/106/521
f 860/106/522 866/106/529 859/106/520
f 865/106/527 857/106/523 858/106/69
f 868/106/530 874/106/537 867/106/524
f 866/106/529 872/106/533 865/106/527
f 871/106/534 863/106/525 864/106/528
f 862/106/526 869/106/532 911/106/235
f 915/106/266 875/106/536 868/106/530
f 867/106/524 873/106/535 866/106/529
f 872/106/533 864/106/528 865/106/527
f 870/106/531 862/106/526 863/106/525
f 869/106/532 876/106/539 911/106/235
f 915/106/266 882/106/538 875/106/536
f 874/106/537 880/106/544 873/106/535
f 879/106/542 871/106/534 872/106/533
f 877/106/541 869/106/532 870/106/531
f 875/106/536 881/106/543 874/106/537
f 873/106/535 879/106/542 872/106/533
f 878/106/540 870/106/531 871/106/534
f 881/106/543 887/106/550 880/106/544
f 886/106/547 878/106/540 879/106/542
f 884/106/546 876/106/539 877/106/541
f 882/106/538 888/106/548 881/106/543
f 880/106/544 886/106/547 879/106/542
f 885/106/545 877/106/541 878/106/540
f 876/106/539 883/106/549 911/106/235
f 915/106/266 889/106/551 882/106/538
f 896/106/556 888/106/548 889/106/551
f 894/106/555 886/106/547 887/106/550
f 885/106/545 891/106/557 884/106/546
f 883/106/549 890/106/552 911/106/235
f 915/106/266 896/106/556 889/106/551
f 895/106/554 887/106/550 888/106/548
f 886/106/547 892/106/553 885/106/545
f 884/106/546 890/106/552 883/106/549
f 901/106/561 893/106/558 894/106/555
f 892/106/553 898/106/564 891/106/557
f 890/106/552 897/106/563 911/106/235
f 915/106/266 903/106/562 896/106/556
f 902/106/560 894/106/555 895/106/554
f 893/106/558 899/106/559 892/106/553
f 891/106/557 897/106/563 890/106/552
f 903/106/562 895/106/554 896/106/556
f 915/106/266 910/106/570 903/106/562
f 909/106/571 901/106/561 902/106/560
f 900/106/565 906/106/572 899/106/559
f 898/106/564 904/106/566 897/106/563
f 910/106/570 902/106/560 903/106/562
f 908/106/568 900/106/565 901/106/561
f 899/106/559 905/106/567 898/106/564
f 897/106/563 904/106/566 911/106/235
f 907/106/569 803/106/473 906/106/572
f 905/106/567 912/106/463 904/106/566
f 805/106/470 909/106/571 910/106/570
f 804/106/468 907/106/569 908/106/568
f 906/106/572 802/106/465 905/106/567
f 904/106/566 912/106/463 911/106/235
f 915/106/266 805/106/470 910/106/570
f 914/106/472 908/106/568 909/106/571
f 918/106/590 922/106/587 917/106/589
f 961/106/673 964/106/674 967/106/235
f 917/106/589 922/106/587 941/106/69
f 962/106/626 964/106/674 961/106/673
f 919/106/618 961/106/673 924/106/675
f 922/106/587 927/106/582 941/106/69
f 924/106/675 961/106/673 967/106/235
f 928/106/584 922/106/587 923/106/588
f 919/106/618 939/106/676 935/106/620
f 927/106/582 932/106/574 941/106/69
f 939/106/676 924/106/675 967/106/235
f 933/106/575 927/106/582 928/106/584
f 933/106/575 937/106/578 932/106/574
f 954/106/677 939/106/676 967/106/235
f 932/106/574 937/106/578 941/106/69
f 949/106/628 939/106/676 954/106/677
f 925/106/602 918/106/590 953/106/595
f 943/106/594 937/106/578 938/106/573
f 956/106/596 933/106/575 928/106/584
f 937/106/578 942/106/603 941/106/69
f 958/106/604 928/106/584 923/106/588
f 948/106/599 942/106/603 943/106/594
f 930/106/600 953/106/595 948/106/599
f 942/106/603 947/106/601 941/106/69
f 936/106/593 948/106/599 943/106/594
f 948/106/599 952/106/597 947/106/601
f 951/106/598 938/106/573 933/106/575
f 947/106/601 952/106/597 941/106/69
f 945/106/606 943/106/594 938/106/573
f 918/106/590 952/106/597 953/106/595
f 960/106/605 923/106/588 918/106/590
f 952/106/597 917/106/589 941/106/69
f 957/106/610 960/106/605 959/106/611
f 946/106/76 957/106/610 959/106/611
f 955/106/609 958/106/604 957/106/610
f 946/106/76 955/106/609 957/106/610
f 955/106/609 951/106/598 956/106/596
f 946/106/76 950/106/607 955/106/609
f 940/106/608 951/106/598 950/106/607
f 946/106/76 940/106/608 950/106/607
f 946/106/76 931/106/614 940/106/608
f 940/106/608 936/106/593 945/106/606
f 946/106/76 926/106/613 931/106/614
f 931/106/614 930/106/600 936/106/593
f 946/106/76 921/106/612 926/106/613
f 921/106/612 930/106/600 926/106/613
f 946/106/76 959/106/611 921/106/612
f 921/106/612 960/106/605 925/106/602
f 934/106/616 949/106/628 977/106/615
f 969/106/624 964/106/674 965/106/627
f 979/106/581 962/106/626 919/106/618
f 964/106/674 968/106/678 967/106/235
f 981/106/586 919/106/618 935/106/620
f 973/106/622 968/106/678 969/106/624
f 920/106/621 977/106/615 973/106/622
f 968/106/678 972/106/679 967/106/235
f 963/106/617 973/106/622 969/106/624
f 973/106/622 976/106/680 972/106/679
f 975/106/579 965/106/627 962/106/626
f 972/106/679 976/106/680 967/106/235
f 970/106/580 969/106/624 965/106/627
f 949/106/628 976/106/680 977/106/615
f 983/106/592 935/106/620 949/106/628
f 976/106/680 954/106/677 967/106/235
f 980/106/681 983/106/592 982/106/682
f 971/106/266 980/106/681 982/106/682
f 978/106/683 981/106/586 980/106/681
f 971/106/266 978/106/683 980/106/681
f 974/106/684 979/106/581 978/106/683
f 971/106/266 974/106/684 978/106/683
f 966/106/685 975/106/579 974/106/684
f 971/106/266 966/106/685 974/106/684
f 971/106/266 916/106/686 966/106/685
f 966/106/685 963/106/617 970/106/580
f 971/106/266 929/106/687 916/106/686
f 916/106/686 920/106/621 963/106/617
f 971/106/266 944/106/688 929/106/687
f 944/106/688 920/106/621 929/106/687
f 971/106/266 982/106/682 944/106/688
f 944/106/688 983/106/592 934/106/616
f 995/106/673 998/106/674 1001/106/235
f 996/106/626 998/106/674 995/106/673
f 985/106/618 995/106/673 987/106/675
f 987/106/675 995/106/673 1001/106/235
f 985/106/618 991/106/676 990/106/620
f 991/106/676 987/106/675 1001/106/235
f 994/106/677 991/106/676 1001/106/235
f 993/106/628 991/106/676 994/106/677
f 989/106/616 993/106/628 1011/106/615
f 1003/106/624 998/106/674 999/106/627
f 1013/106/581 996/106/626 985/106/618
f 998/106/674 1002/106/678 1001/106/235
f 1015/106/586 985/106/618 990/106/620
f 1007/106/622 1002/106/678 1003/106/624
f 986/106/621 1011/106/615 1007/106/622
f 1002/106/678 1006/106/679 1001/106/235
f 1003/106/624 986/106/621 1007/106/622
f 1007/106/622 1010/106/680 1006/106/679
f 1009/106/579 999/106/627 996/106/626
f 1006/106/679 1010/106/680 1001/106/235
f 999/106/627 997/106/617 1003/106/624
f 993/106/628 1010/106/680 1011/106/615
f 1017/106/592 990/106/620 993/106/628
f 1010/106/680 994/106/677 1001/106/235
f 1014/106/681 1017/106/592 1016/106/682
f 1005/106/266 1014/106/681 1016/106/682
f 1014/106/681 1013/106/581 1015/106/586
f 1005/106/266 1012/106/683 1014/106/681
f 1008/106/689 1013/106/581 1012/106/683
f 1005/106/266 1008/106/689 1012/106/683
f 1000/106/685 1009/106/579 1008/106/689
f 1005/106/266 1000/106/685 1008/106/689
f 1005/106/266 984/106/690 1000/106/685
f 1000/106/685 997/106/617 1004/106/580
f 1005/106/266 988/106/687 984/106/690
f 984/106/690 986/106/621 997/106/617
f 1005/106/266 992/106/688 988/106/687
f 992/106/688 986/106/621 988/106/687
f 1005/106/266 1016/106/682 992/106/688
f 992/106/688 1017/106/592 989/106/616
f 1029/106/691 1032/106/692 1035/106/693
f 1030/106/694 1032/106/692 1029/106/691
f 1019/106/695 1029/106/691 1021/106/696
f 1021/106/696 1029/106/691 1035/106/693
f 1019/106/695 1025/106/697 1024/106/698
f 1025/106/697 1021/106/696 1035/106/693
f 1028/106/699 1025/106/697 1035/106/693
f 1027/106/700 1025/106/697 1028/106/699
f 1023/106/701 1027/106/700 1045/106/702
f 1037/106/703 1032/106/692 1033/106/704
f 1019/106/695 1043/106/705 1030/106/694
f 1032/106/692 1036/106/706 1035/106/693
f 1049/106/707 1019/106/695 1024/106/698
f 1041/106/708 1036/106/706 1037/106/703
f 1041/106/708 1023/106/701 1045/106/702
f 1036/106/706 1040/106/709 1035/106/693
f 1031/106/710 1041/106/708 1037/106/703
f 1041/106/708 1044/106/711 1040/106/709
f 1030/106/694 1038/106/712 1033/106/704
f 1040/106/709 1044/106/711 1035/106/693
f 1038/106/712 1037/106/703 1033/106/704
f 1027/106/700 1044/106/711 1045/106/702
f 1027/106/700 1049/106/707 1024/106/698
f 1044/106/711 1028/106/699 1035/106/693
f 1048/106/713 1051/106/714 1050/106/715
f 1039/106/716 1048/106/713 1050/106/715
f 1048/106/713 1047/106/717 1049/106/707
f 1039/106/716 1046/106/718 1048/106/713
f 1042/106/719 1047/106/717 1046/106/718
f 1039/106/716 1042/106/719 1046/106/718
f 1042/106/719 1038/106/712 1043/106/705
f 1039/106/716 1034/106/720 1042/106/719
f 1039/106/716 1018/106/721 1034/106/720
f 1018/106/721 1038/106/712 1034/106/720
f 1039/106/716 1022/106/722 1018/106/721
f 1018/106/721 1020/106/723 1031/106/710
f 1039/106/716 1026/106/724 1022/106/722
f 1026/106/724 1020/106/723 1022/106/722
f 1039/106/716 1050/106/715 1026/106/724
f 1026/106/724 1051/106/714 1023/106/701
f 1288/107/235 1067/107/725 1068/107/726
f 1281/107/266 1061/107/727 1283/107/728
f 1282/107/729 1060/107/730 1281/107/266
f 1288/107/235 1134/107/731 1289/107/732
f 1290/107/733 1061/107/727 1062/107/734
f 1291/107/735 1134/107/731 1069/107/736
f 1292/107/737 1062/107/734 1063/107/738
f 1291/107/735 1070/107/739 1284/107/740
f 1285/107/547 1063/107/738 1064/107/741
f 1284/107/740 1071/107/742 1293/107/493
f 1294/107/743 1064/107/741 1065/107/744
f 1293/107/493 1072/107/745 1286/107/746
f 1295/107/747 1065/107/744 1066/107/748
f 1286/107/746 1073/107/749 1287/107/750
f 1280/107/751 1066/107/748 1067/107/725
f 1287/107/750 1074/107/752 1282/107/729
f 1183/107/753 1200/107/754 1199/107/755
f 1204/107/76 1082/107/756 1089/107/757
f 1202/107/758 1087/107/759 1088/107/760
f 1189/107/761 1053/107/762 1190/107/763
f 1169/107/764 1198/107/765 1176/107/766
f 1202/107/758 1089/107/757 1082/107/756
f 1080/107/767 1074/107/752 1087/107/759
f 1197/107/768 1169/107/764 1168/107/769
f 1189/107/761 1201/107/770 1200/107/754
f 1183/107/753 1176/107/766 1189/107/761
f 1089/107/757 1096/107/771 1097/107/772
f 1087/107/759 1073/107/749 1095/107/773
f 1155/107/69 1182/107/774 1196/107/775
f 1155/107/69 1168/107/769 1182/107/774
f 1204/107/76 1089/107/757 1097/107/772
f 1087/107/759 1096/107/771 1088/107/760
f 1097/107/772 1104/107/776 1105/107/777
f 1095/107/773 1072/107/745 1103/107/778
f 1155/107/69 1196/107/775 1203/107/779
f 1077/107/780 1200/107/754 1078/107/781
f 1204/107/76 1097/107/772 1105/107/777
f 1096/107/771 1103/107/778 1104/107/776
f 1078/107/781 1201/107/770 1054/107/782
f 1182/107/774 1199/107/755 1196/107/775
f 1085/107/783 1077/107/780 1086/107/784
f 1092/107/785 1054/107/782 1093/107/786
f 1204/107/76 1105/107/777 1113/107/787
f 1103/107/778 1112/107/788 1104/107/776
f 1086/107/784 1078/107/781 1092/107/785
f 1196/107/775 1077/107/780 1203/107/779
f 1105/107/777 1112/107/788 1113/107/787
f 1072/107/745 1111/107/789 1103/107/778
f 1204/107/76 1113/107/787 1120/107/790
f 1111/107/789 1119/107/791 1112/107/788
f 1155/107/69 1085/107/783 1094/107/792
f 1155/107/69 1203/107/779 1085/107/783
f 1113/107/787 1119/107/791 1120/107/790
f 1071/107/742 1118/107/793 1111/107/789
f 1100/107/794 1092/107/785 1101/107/795
f 1094/107/792 1086/107/784 1100/107/794
f 1092/107/785 1102/107/796 1101/107/795
f 1120/107/790 1127/107/797 1128/107/798
f 1070/107/739 1126/107/799 1118/107/793
f 1155/107/69 1094/107/792 1108/107/800
f 1109/107/801 1101/107/795 1110/107/802
f 1204/107/76 1120/107/790 1128/107/798
f 1119/107/791 1126/107/799 1127/107/797
f 1110/107/802 1102/107/796 1055/107/803
f 1128/107/798 1136/107/804 1137/107/805
f 1069/107/736 1135/107/806 1126/107/799
f 1123/107/807 1055/107/803 1124/107/808
f 1155/107/69 1108/107/800 1116/107/809
f 1204/107/76 1128/107/798 1137/107/805
f 1127/107/797 1135/107/806 1136/107/804
f 1108/107/800 1117/107/810 1116/107/809
f 1108/107/800 1100/107/794 1109/107/801
f 1132/107/811 1124/107/808 1133/107/812
f 1204/107/76 1137/107/805 1145/107/813
f 1136/107/804 1143/107/814 1144/107/815
f 1131/107/816 1123/107/807 1132/107/811
f 1117/107/810 1110/107/802 1123/107/807
f 1137/107/805 1144/107/815 1145/107/813
f 1135/107/806 1068/107/726 1143/107/814
f 1125/107/817 1117/107/810 1131/107/816
f 1144/107/815 1151/107/818 1152/107/819
f 1142/107/820 1133/107/812 1148/107/821
f 1155/107/69 1116/107/809 1125/107/817
f 1144/107/815 1153/107/822 1145/107/813
f 1143/107/814 1067/107/725 1151/107/818
f 1155/107/69 1125/107/817 1140/107/823
f 1141/107/824 1132/107/811 1142/107/820
f 1204/107/76 1145/107/813 1153/107/822
f 1153/107/822 1159/107/825 1160/107/826
f 1151/107/818 1066/107/748 1158/107/827
f 1155/107/69 1140/107/823 1149/107/828
f 1150/107/829 1142/107/820 1156/107/830
f 1204/107/76 1153/107/822 1160/107/826
f 1152/107/819 1158/107/827 1159/107/825
f 1142/107/820 1056/107/831 1156/107/830
f 1140/107/823 1131/107/816 1141/107/824
f 1158/107/827 1065/107/744 1165/107/832
f 1157/107/833 1150/107/829 1162/107/834
f 1156/107/830 1164/107/835 1163/107/836
f 1204/107/76 1160/107/826 1167/107/837
f 1159/107/825 1165/107/832 1166/107/838
f 1150/107/829 1163/107/836 1162/107/834
f 1149/107/828 1141/107/824 1150/107/829
f 1160/107/826 1166/107/838 1167/107/837
f 1204/107/76 1167/107/837 1175/107/839
f 1166/107/838 1173/107/840 1174/107/841
f 1162/107/834 1172/107/842 1171/107/843
f 1155/107/69 1149/107/828 1157/107/833
f 1167/107/837 1174/107/841 1175/107/839
f 1165/107/832 1064/107/741 1173/107/840
f 1170/107/844 1162/107/834 1171/107/843
f 1172/107/842 1164/107/835 1057/107/845
f 1184/107/846 1057/107/845 1058/107/847
f 1155/107/69 1157/107/833 1170/107/844
f 1174/107/841 1181/107/848 1175/107/839
f 1173/107/840 1063/107/738 1179/107/849
f 1155/107/69 1170/107/844 1177/107/850
f 1178/107/851 1172/107/842 1184/107/846
f 1204/107/76 1175/107/839 1181/107/848
f 1174/107/841 1179/107/849 1180/107/852
f 1180/107/852 1188/107/853 1181/107/848
f 1179/107/849 1062/107/734 1186/107/854
f 1155/107/69 1177/107/850 1185/107/855
f 1178/107/851 1192/107/856 1191/107/857
f 1204/107/76 1181/107/848 1188/107/853
f 1179/107/849 1187/107/858 1180/107/852
f 1192/107/856 1058/107/847 1059/107/859
f 1177/107/850 1171/107/843 1178/107/851
f 1185/107/855 1161/107/860 1197/107/768
f 1198/107/765 1059/107/859 1052/107/861
f 1204/107/76 1188/107/853 1195/107/862
f 1187/107/858 1193/107/863 1194/107/864
f 1161/107/860 1192/107/856 1198/107/765
f 1185/107/855 1178/107/851 1191/107/857
f 1187/107/858 1195/107/862 1188/107/853
f 1186/107/854 1061/107/727 1193/107/863
f 1204/107/76 1195/107/862 1082/107/756
f 1194/107/864 1080/107/767 1202/107/758
f 1168/107/769 1183/107/753 1182/107/774
f 1155/107/69 1197/107/768 1168/107/769
f 1194/107/864 1082/107/756 1195/107/862
f 1193/107/863 1060/107/730 1080/107/767
f 1176/107/766 1052/107/861 1053/107/762
f 1155/107/69 1185/107/855 1197/107/768
f 1231/107/865 1244/107/866 1243/107/867
f 1235/107/868 1226/107/869 1236/107/870
f 1221/107/871 1242/107/872 1225/107/873
f 1241/107/874 1221/107/871 1220/107/875
f 1235/107/868 1245/107/876 1244/107/866
f 1221/107/871 1235/107/868 1231/107/865
f 1211/107/877 1230/107/878 1240/107/879
f 1211/107/877 1220/107/875 1230/107/878
f 1211/107/877 1240/107/879 1246/107/880
f 1154/107/881 1244/107/866 1147/107/882
f 1244/107/866 1146/107/883 1147/107/882
f 1230/107/878 1243/107/867 1240/107/879
f 1139/107/884 1154/107/881 1138/107/885
f 1130/107/886 1146/107/883 1129/107/887
f 1154/107/881 1130/107/886 1138/107/885
f 1246/107/880 1243/107/867 1154/107/881
f 1211/107/877 1139/107/884 1122/107/888
f 1211/107/877 1246/107/880 1139/107/884
f 1121/107/889 1130/107/886 1115/107/890
f 1122/107/888 1138/107/885 1121/107/889
f 1115/107/890 1129/107/887 1114/107/891
f 1211/107/877 1122/107/888 1107/107/892
f 1106/107/893 1115/107/890 1099/107/894
f 1115/107/890 1098/107/895 1099/107/894
f 1084/107/896 1098/107/895 1083/107/897
f 1211/107/877 1107/107/892 1091/107/898
f 1107/107/892 1090/107/899 1091/107/898
f 1107/107/892 1121/107/889 1106/107/893
f 1084/107/896 1075/107/900 1076/107/901
f 1079/107/902 1084/107/896 1076/107/901
f 1106/107/893 1084/107/896 1090/107/899
f 1081/107/903 1090/107/899 1079/107/902
f 1076/107/901 1208/107/904 1207/107/905
f 1211/107/877 1091/107/898 1081/107/903
f 1211/107/877 1081/107/903 1205/107/906
f 1079/107/902 1207/107/905 1206/107/907
f 1211/107/877 1205/107/906 1209/107/908
f 1210/107/909 1207/107/905 1212/107/910
f 1207/107/905 1213/107/911 1212/107/910
f 1081/107/903 1206/107/907 1205/107/906
f 1214/107/912 1210/107/909 1217/107/913
f 1212/107/910 1219/107/914 1218/107/915
f 1217/107/913 1212/107/910 1218/107/915
f 1205/107/906 1210/107/909 1209/107/908
f 1217/107/913 1224/107/916 1223/107/917
f 1211/107/877 1209/107/908 1214/107/912
f 1222/107/918 1217/107/913 1223/107/917
f 1218/107/915 1227/107/919 1224/107/916
f 1232/107/920 1227/107/919 1233/107/921
f 1211/107/877 1214/107/912 1222/107/918
f 1211/107/877 1222/107/918 1228/107/922
f 1223/107/917 1232/107/920 1229/107/923
f 1211/107/877 1228/107/922 1234/107/924
f 1237/107/925 1232/107/920 1238/107/926
f 1232/107/920 1239/107/927 1238/107/926
f 1228/107/922 1223/107/917 1229/107/923
f 1234/107/924 1215/107/928 1241/107/874
f 1238/107/926 1216/107/929 1242/107/872
f 1215/107/928 1238/107/926 1242/107/872
f 1234/107/924 1229/107/923 1237/107/925
f 1220/107/875 1231/107/865 1230/107/878
f 1211/107/877 1241/107/874 1220/107/875
f 1242/107/872 1226/107/869 1225/107/873
f 1211/107/877 1234/107/924 1241/107/874
f 1236/107/870 1226/107/869 1247/107/930
f 1146/107/883 1245/107/876 1247/107/930
f 1114/107/891 1129/107/887 1247/107/930
f 1098/107/895 1114/107/891 1247/107/930
f 1239/107/927 1233/107/921 1247/107/930
f 1233/107/921 1227/107/919 1247/107/930
f 1245/107/876 1236/107/870 1247/107/930
f 1075/107/900 1083/107/897 1247/107/930
f 1227/107/919 1219/107/914 1247/107/930
f 1129/107/887 1146/107/883 1247/107/930
f 1208/107/904 1075/107/900 1247/107/930
f 1226/107/869 1216/107/929 1247/107/930
f 1213/107/911 1208/107/904 1247/107/930
f 1219/107/914 1213/107/911 1247/107/930
f 1216/107/929 1239/107/927 1247/107/930
f 1083/107/897 1098/107/895 1247/107/930
f 1268/107/750 1251/107/729 1279/107/729
f 1277/107/751 1263/107/747 1248/107/751
f 1267/107/746 1255/107/750 1268/107/750
f 1276/107/747 1262/107/743 1263/107/747
f 1274/107/493 1254/107/746 1267/107/746
f 1275/107/743 1253/107/547 1262/107/743
f 1265/107/740 1261/107/493 1274/107/493
f 1266/107/547 1260/107/737 1253/107/547
f 1272/107/735 1252/107/740 1265/107/740
f 1273/107/737 1258/107/733 1260/107/737
f 1272/107/735 1257/107/732 1259/107/735
f 1271/107/733 1250/107/728 1258/107/733
f 1269/107/235 1257/107/732 1270/107/732
f 1279/107/729 1249/107/266 1278/107/266
f 1278/107/266 1250/107/728 1264/107/728
f 1269/107/235 1248/107/751 1256/107/235
f 1124/107/808 1277/107/751 1269/107/235
f 1052/107/861 1264/107/728 1053/107/762
f 1059/107/859 1278/107/266 1052/107/861
f 1124/107/808 1270/107/732 1133/107/812
f 1190/107/763 1264/107/728 1271/107/733
f 1148/107/821 1270/107/732 1272/107/735
f 1201/107/770 1271/107/733 1273/107/737
f 1148/107/821 1265/107/740 1056/107/831
f 1054/107/782 1273/107/737 1266/107/547
f 1056/107/831 1274/107/493 1164/107/835
f 1093/107/786 1266/107/547 1275/107/743
f 1164/107/835 1267/107/746 1057/107/845
f 1102/107/796 1275/107/743 1276/107/747
f 1057/107/845 1268/107/750 1058/107/847
f 1055/107/803 1276/107/747 1277/107/751
f 1058/107/847 1279/107/729 1059/107/859
f 1255/107/750 1282/107/729 1251/107/729
f 1248/107/751 1295/107/747 1280/107/751
f 1254/107/746 1287/107/750 1255/107/750
f 1263/107/747 1294/107/743 1295/107/747
f 1261/107/493 1286/107/746 1254/107/746
f 1253/107/547 1294/107/743 1262/107/743
f 1252/107/740 1293/107/493 1261/107/493
f 1253/107/547 1292/107/737 1285/107/547
f 1259/107/735 1284/107/740 1252/107/740
f 1260/107/737 1290/107/733 1292/107/737
f 1259/107/735 1289/107/732 1291/107/735
f 1258/107/733 1283/107/728 1290/107/733
f 1256/107/235 1289/107/732 1257/107/732
f 1251/107/729 1281/107/266 1249/107/266
f 1249/107/266 1283/107/728 1250/107/728
f 1248/107/751 1288/107/235 1256/107/235
f 1532/107/266 1311/107/727 1524/107/728
f 1305/107/725 1525/107/235 1527/107/751
f 1304/107/726 1526/107/732 1525/107/235
f 1378/107/752 1532/107/266 1533/107/729
f 1534/107/747 1305/107/725 1527/107/751
f 1535/107/750 1378/107/752 1533/107/729
f 1536/107/743 1306/107/748 1534/107/747
f 1314/107/745 1535/107/750 1528/107/746
f 1529/107/547 1307/107/744 1536/107/743
f 1315/107/742 1528/107/746 1537/107/493
f 1538/107/737 1308/107/741 1529/107/547
f 1316/107/739 1537/107/493 1530/107/740
f 1539/107/733 1309/107/738 1538/107/737
f 1317/107/736 1530/107/740 1531/107/735
f 1524/107/728 1310/107/734 1539/107/733
f 1318/107/731 1531/107/735 1526/107/732
f 1444/107/785 1427/107/794 1443/107/784
f 1448/107/76 1333/107/805 1326/107/813
f 1446/107/815 1331/107/806 1324/107/814
f 1433/107/795 1297/107/803 1420/107/802
f 1413/107/801 1442/107/807 1405/107/810
f 1333/107/805 1446/107/815 1326/107/813
f 1324/107/814 1318/107/731 1304/107/726
f 1413/107/801 1441/107/809 1412/107/800
f 1445/107/786 1433/107/795 1444/107/785
f 1427/107/794 1420/107/802 1413/107/801
f 1333/107/805 1340/107/797 1332/107/804
f 1331/107/806 1317/107/736 1318/107/731
f 1399/107/69 1440/107/783 1426/107/792
f 1399/107/69 1426/107/792 1412/107/800
f 1448/107/76 1341/107/798 1333/107/805
f 1340/107/797 1331/107/806 1332/107/804
f 1341/107/798 1348/107/791 1340/107/797
f 1339/107/799 1316/107/739 1317/107/736
f 1399/107/69 1447/107/779 1440/107/783
f 1321/107/780 1444/107/785 1443/107/784
f 1448/107/76 1349/107/790 1341/107/798
f 1340/107/797 1347/107/793 1339/107/799
f 1322/107/781 1445/107/786 1444/107/785
f 1443/107/784 1426/107/792 1440/107/783
f 1329/107/775 1321/107/780 1447/107/779
f 1336/107/754 1298/107/782 1322/107/781
f 1448/107/76 1357/107/787 1349/107/790
f 1356/107/788 1347/107/793 1348/107/791
f 1330/107/755 1322/107/781 1321/107/780
f 1321/107/780 1440/107/783 1447/107/779
f 1349/107/790 1356/107/788 1348/107/791
f 1355/107/789 1316/107/739 1347/107/793
f 1448/107/76 1364/107/777 1357/107/787
f 1363/107/776 1355/107/789 1356/107/788
f 1399/107/69 1338/107/774 1329/107/775
f 1399/107/69 1329/107/775 1447/107/779
f 1357/107/787 1363/107/776 1356/107/788
f 1362/107/778 1315/107/742 1355/107/789
f 1345/107/761 1330/107/755 1344/107/753
f 1338/107/774 1330/107/755 1329/107/775
f 1346/107/763 1336/107/754 1345/107/761
f 1364/107/777 1371/107/771 1363/107/776
f 1370/107/773 1314/107/745 1362/107/778
f 1399/107/69 1352/107/769 1338/107/774
f 1353/107/764 1345/107/761 1344/107/753
f 1448/107/76 1372/107/772 1364/107/777
f 1363/107/776 1370/107/773 1362/107/778
f 1354/107/766 1346/107/763 1345/107/761
f 1381/107/757 1371/107/771 1372/107/772
f 1379/107/759 1313/107/749 1370/107/773
f 1367/107/765 1299/107/762 1354/107/766
f 1399/107/69 1360/107/768 1352/107/769
f 1448/107/76 1381/107/757 1372/107/772
f 1380/107/760 1370/107/773 1371/107/771
f 1360/107/768 1353/107/764 1352/107/769
f 1353/107/764 1338/107/774 1352/107/769
f 1376/107/856 1368/107/861 1367/107/765
f 1448/107/76 1389/107/756 1381/107/757
f 1380/107/760 1387/107/767 1379/107/759
f 1375/107/857 1367/107/765 1361/107/860
f 1361/107/860 1354/107/766 1353/107/764
f 1381/107/757 1388/107/758 1380/107/760
f 1379/107/759 1312/107/730 1378/107/752
f 1369/107/855 1361/107/860 1360/107/768
f 1388/107/758 1395/107/863 1387/107/767
f 1386/107/846 1377/107/859 1376/107/856
f 1399/107/69 1369/107/855 1360/107/768
f 1389/107/756 1396/107/864 1388/107/758
f 1387/107/767 1311/107/727 1312/107/730
f 1399/107/69 1384/107/850 1369/107/855
f 1386/107/846 1375/107/857 1385/107/851
f 1448/107/76 1397/107/862 1389/107/756
f 1404/107/853 1396/107/864 1397/107/862
f 1395/107/863 1310/107/734 1311/107/727
f 1399/107/69 1393/107/844 1384/107/850
f 1394/107/843 1386/107/846 1385/107/851
f 1448/107/76 1404/107/853 1397/107/862
f 1396/107/864 1402/107/854 1395/107/863
f 1300/107/845 1386/107/846 1400/107/842
f 1385/107/851 1369/107/855 1384/107/850
f 1402/107/854 1309/107/738 1310/107/734
f 1401/107/833 1394/107/843 1393/107/844
f 1408/107/835 1400/107/842 1407/107/836
f 1448/107/76 1411/107/848 1404/107/853
f 1410/107/852 1402/107/854 1403/107/858
f 1407/107/836 1394/107/843 1406/107/834
f 1393/107/844 1385/107/851 1384/107/850
f 1404/107/853 1410/107/852 1403/107/858
f 1448/107/76 1419/107/839 1411/107/848
f 1410/107/852 1417/107/840 1409/107/849
f 1416/107/830 1406/107/834 1415/107/829
f 1399/107/69 1401/107/833 1393/107/844
f 1411/107/848 1418/107/841 1410/107/852
f 1409/107/849 1308/107/741 1309/107/738
f 1414/107/828 1406/107/834 1401/107/833
f 1416/107/830 1408/107/835 1407/107/836
f 1428/107/820 1301/107/831 1416/107/830
f 1399/107/69 1414/107/828 1401/107/833
f 1425/107/837 1418/107/841 1419/107/839
f 1417/107/840 1307/107/744 1308/107/741
f 1399/107/69 1421/107/823 1414/107/828
f 1422/107/824 1416/107/830 1415/107/829
f 1448/107/76 1425/107/837 1419/107/839
f 1418/107/841 1423/107/832 1417/107/840
f 1432/107/826 1424/107/838 1425/107/837
f 1423/107/832 1306/107/748 1307/107/744
f 1399/107/69 1429/107/817 1421/107/823
f 1436/107/811 1422/107/824 1435/107/816
f 1448/107/76 1432/107/826 1425/107/837
f 1431/107/825 1423/107/832 1424/107/838
f 1436/107/811 1302/107/821 1428/107/820
f 1421/107/823 1415/107/829 1414/107/828
f 1405/107/810 1429/107/817 1441/107/809
f 1442/107/807 1303/107/812 1436/107/811
f 1448/107/76 1439/107/822 1432/107/826
f 1431/107/825 1437/107/818 1430/107/827
f 1405/107/810 1436/107/811 1435/107/816
f 1429/107/817 1422/107/824 1421/107/823
f 1439/107/822 1431/107/825 1432/107/826
f 1430/107/827 1305/107/725 1306/107/748
f 1448/107/76 1326/107/813 1439/107/822
f 1438/107/819 1324/107/814 1437/107/818
f 1427/107/794 1412/107/800 1426/107/792
f 1399/107/69 1412/107/800 1441/107/809
f 1326/107/813 1438/107/819 1439/107/822
f 1437/107/818 1304/107/726 1305/107/725
f 1420/107/802 1296/107/808 1442/107/807
f 1399/107/69 1441/107/809 1429/107/817
f 1488/107/931 1475/107/932 1487/107/933
f 1479/107/934 1470/107/935 1469/107/936
f 1465/107/937 1486/107/938 1459/107/939
f 1465/107/937 1485/107/940 1464/107/941
f 1489/107/942 1479/107/934 1488/107/931
f 1479/107/934 1465/107/937 1475/107/932
f 1455/107/943 1484/107/944 1474/107/945
f 1455/107/943 1474/107/945 1464/107/941
f 1455/107/943 1490/107/946 1484/107/944
f 1398/107/947 1488/107/931 1487/107/933
f 1390/107/948 1488/107/931 1391/107/949
f 1487/107/933 1474/107/945 1484/107/944
f 1383/107/950 1398/107/947 1490/107/946
f 1374/107/951 1390/107/948 1391/107/949
f 1374/107/951 1398/107/947 1382/107/952
f 1490/107/946 1487/107/933 1484/107/944
f 1455/107/943 1366/107/953 1383/107/950
f 1455/107/943 1383/107/950 1490/107/946
f 1365/107/954 1374/107/951 1382/107/952
f 1366/107/953 1382/107/952 1383/107/950
f 1359/107/955 1373/107/956 1374/107/951
f 1455/107/943 1351/107/957 1366/107/953
f 1350/107/958 1359/107/955 1365/107/954
f 1342/107/959 1359/107/955 1343/107/960
f 1328/107/961 1342/107/959 1343/107/960
f 1455/107/943 1335/107/962 1351/107/957
f 1334/107/963 1351/107/957 1335/107/962
f 1351/107/957 1365/107/954 1366/107/953
f 1319/107/964 1328/107/961 1320/107/965
f 1323/107/966 1328/107/961 1334/107/963
f 1328/107/961 1350/107/958 1334/107/963
f 1325/107/967 1334/107/963 1335/107/962
f 1452/107/968 1320/107/965 1451/107/969
f 1455/107/943 1325/107/967 1335/107/962
f 1455/107/943 1449/107/970 1325/107/967
f 1451/107/969 1323/107/966 1450/107/971
f 1455/107/943 1453/107/972 1449/107/970
f 1454/107/973 1451/107/969 1450/107/971
f 1457/107/974 1451/107/969 1456/107/975
f 1450/107/971 1325/107/967 1449/107/970
f 1458/107/976 1454/107/973 1453/107/972
f 1463/107/977 1456/107/975 1462/107/978
f 1461/107/979 1456/107/975 1454/107/973
f 1454/107/973 1449/107/970 1453/107/972
f 1468/107/980 1461/107/979 1467/107/981
f 1455/107/943 1458/107/976 1453/107/972
f 1466/107/982 1461/107/979 1458/107/976
f 1471/107/983 1462/107/978 1468/107/980
f 1476/107/984 1471/107/983 1468/107/980
f 1455/107/943 1466/107/982 1458/107/976
f 1455/107/943 1472/107/985 1466/107/982
f 1476/107/984 1467/107/981 1473/107/986
f 1455/107/943 1478/107/987 1472/107/985
f 1481/107/988 1476/107/984 1473/107/986
f 1483/107/989 1476/107/984 1482/107/990
f 1472/107/985 1467/107/981 1466/107/982
f 1459/107/939 1478/107/987 1485/107/940
f 1460/107/991 1482/107/990 1486/107/938
f 1459/107/939 1482/107/990 1481/107/988
f 1478/107/987 1473/107/986 1472/107/985
f 1475/107/932 1464/107/941 1474/107/945
f 1455/107/943 1464/107/941 1485/107/940
f 1470/107/935 1486/107/938 1469/107/936
f 1455/107/943 1485/107/940 1478/107/987
f 1480/107/992 1491/107/993 1470/107/935
f 1390/107/948 1491/107/993 1489/107/942
f 1358/107/994 1491/107/993 1373/107/956
f 1342/107/959 1491/107/993 1358/107/994
f 1483/107/989 1491/107/993 1477/107/995
f 1477/107/995 1491/107/993 1471/107/983
f 1489/107/942 1491/107/993 1480/107/992
f 1319/107/964 1491/107/993 1327/107/996
f 1471/107/983 1491/107/993 1463/107/977
f 1373/107/956 1491/107/993 1390/107/948
f 1452/107/968 1491/107/993 1319/107/964
f 1470/107/935 1491/107/993 1460/107/991
f 1457/107/974 1491/107/993 1452/107/968
f 1463/107/977 1491/107/993 1457/107/974
f 1460/107/991 1491/107/993 1483/107/989
f 1327/107/996 1491/107/993 1342/107/959
f 1495/107/732 1512/107/735 1523/107/732
f 1521/107/728 1507/107/733 1520/107/733
f 1499/107/735 1511/107/740 1512/107/735
f 1520/107/733 1506/107/737 1519/107/737
f 1498/107/740 1518/107/493 1511/107/740
f 1506/107/737 1510/107/547 1519/107/737
f 1505/107/493 1509/107/746 1518/107/493
f 1510/107/547 1504/107/743 1517/107/743
f 1496/107/746 1516/107/750 1509/107/746
f 1517/107/743 1502/107/747 1515/107/747
f 1516/107/750 1501/107/729 1514/107/729
f 1515/107/747 1494/107/751 1508/107/751
f 1501/107/729 1513/107/266 1514/107/729
f 1493/107/235 1523/107/732 1522/107/235
f 1494/107/751 1522/107/235 1508/107/751
f 1513/107/266 1492/107/728 1521/107/728
f 1368/107/861 1521/107/728 1299/107/762
f 1508/107/751 1296/107/808 1297/107/803
f 1522/107/235 1303/107/812 1296/107/808
f 1514/107/729 1368/107/861 1377/107/859
f 1434/107/796 1508/107/751 1297/107/803
f 1392/107/847 1514/107/729 1377/107/859
f 1445/107/786 1515/107/747 1434/107/796
f 1509/107/746 1392/107/847 1300/107/845
f 1298/107/782 1517/107/743 1445/107/786
f 1518/107/493 1300/107/845 1408/107/835
f 1337/107/770 1510/107/547 1298/107/782
f 1511/107/740 1408/107/835 1301/107/831
f 1346/107/763 1519/107/737 1337/107/770
f 1512/107/735 1301/107/831 1302/107/821
f 1299/107/762 1520/107/733 1346/107/763
f 1523/107/732 1302/107/821 1303/107/812
f 1526/107/732 1499/107/735 1495/107/732
f 1492/107/728 1539/107/733 1507/107/733
f 1531/107/735 1498/107/740 1499/107/735
f 1507/107/733 1538/107/737 1506/107/737
f 1530/107/740 1505/107/493 1498/107/740
f 1506/107/737 1529/107/547 1497/107/547
f 1537/107/493 1496/107/746 1505/107/493
f 1497/107/547 1536/107/743 1504/107/743
f 1528/107/746 1503/107/750 1496/107/746
f 1504/107/743 1534/107/747 1502/107/747
f 1503/107/750 1533/107/729 1501/107/729
f 1502/107/747 1527/107/751 1494/107/751
f 1533/107/729 1500/107/266 1501/107/729
f 1525/107/235 1495/107/732 1493/107/235
f 1527/107/751 1493/107/235 1494/107/751
f 1532/107/266 1492/107/728 1500/107/266
f 1540/108/997 1595/108/998 1545/108/999
f 1543/108/1000 1547/108/1001 1548/108/1002
f 1541/108/1003 1545/108/999 1546/108/1004
f 1542/108/1005 1546/108/1004 1547/108/1001
f 1548/108/1002 1552/108/1006 1553/108/1007
f 1546/108/1004 1550/108/1008 1551/108/1009
f 1547/108/1001 1551/108/1009 1552/108/1006
f 1545/108/999 1595/108/998 1550/108/1008
f 1552/108/1006 1556/108/1010 1557/108/1011
f 1550/108/1008 1595/108/998 1555/108/1012
f 1553/108/1007 1557/108/1011 1558/108/1013
f 1551/108/1009 1555/108/1012 1556/108/1010
f 1557/108/1011 1561/108/1014 1562/108/1015
f 1555/108/1012 1595/108/998 1560/108/1016
f 1594/109/1017 1593/109/1018 1575/109/76
f 1558/108/1013 1562/108/1015 1563/108/1019
f 1556/108/1010 1560/108/1016 1561/108/1014
f 1587/109/1020 1586/109/1021 1575/109/76
f 1589/109/1022 1588/109/1023 1575/109/76
f 1562/108/1015 1568/108/1024 1563/108/1019
f 1560/108/1016 1566/108/1025 1561/108/1014
f 1592/109/1026 1591/109/1027 1575/109/76
f 1593/109/1018 1592/109/1026 1575/109/76
f 1561/108/1014 1567/108/1028 1562/108/1015
f 1560/108/1016 1595/108/998 1565/108/1029
f 1567/108/1028 1573/108/1030 1568/108/1024
f 1565/108/1029 1571/108/1031 1566/108/1025
f 1590/109/1032 1589/109/1022 1575/109/76
f 1588/109/1023 1587/109/1020 1575/109/76
f 1566/108/1025 1572/108/1033 1567/108/1028
f 1565/108/1029 1595/108/998 1570/108/1034
f 1591/109/1027 1590/109/1032 1575/109/76
f 1571/108/1031 1578/108/1035 1572/108/1033
f 1570/108/1034 1595/108/998 1576/108/1036
f 1572/108/1033 1579/108/1037 1573/108/1030
f 1570/108/1034 1577/108/1038 1571/108/1031
f 1577/108/1038 1583/108/1039 1578/108/1035
f 1576/108/1036 1595/108/998 1581/108/1040
f 1549/109/1041 1594/109/1017 1544/109/1000
f 1578/108/1035 1584/108/1042 1579/108/1037
f 1576/108/1036 1582/108/1043 1577/108/1038
f 1569/109/1024 1590/109/1032 1564/109/1019
f 1574/109/1030 1589/109/1022 1569/109/1024
f 1554/109/1007 1593/109/1018 1549/109/1041
f 1585/109/1042 1587/109/1020 1580/109/1044
f 1584/108/1042 1623/108/1045 1624/108/1046
f 1580/109/1044 1588/109/1023 1574/109/1030
f 1575/109/76 1644/109/1047 1594/109/1017
f 1564/109/1019 1591/109/1027 1559/109/1048
f 1540/108/997 1646/108/1049 1595/108/998
f 1543/108/1000 1615/108/1050 1542/108/1005
f 1575/109/76 1628/109/1051 1618/109/76
f 1559/109/1048 1592/109/1026 1554/109/1007
f 1583/108/1039 1622/108/1052 1623/108/1045
f 1585/109/1042 1628/109/1051 1586/109/1021
f 1594/109/1017 1616/109/1053 1544/109/1000
f 1541/108/1003 1615/108/1050 1614/108/1054
f 1582/108/1043 1621/108/1055 1622/108/1052
f 1540/108/997 1614/108/1054 1613/108/1056
f 1581/108/1040 1646/108/1049 1621/108/1055
f 1596/108/1057 1600/108/1058 1597/108/1059
f 1647/108/1060 1646/108/1049 1598/108/1061
f 1597/108/1059 1601/108/1062 1648/108/1063
f 1647/108/1060 1599/108/1064 1596/108/1057
f 1600/108/1058 1606/108/1065 1601/108/1062
f 1598/108/1061 1604/108/1066 1599/108/1064
f 1599/108/1064 1605/108/1067 1600/108/1058
f 1598/108/1061 1646/108/1049 1603/108/1068
f 1603/108/1068 1609/108/1069 1604/108/1066
f 1604/108/1066 1610/108/1070 1605/108/1067
f 1603/108/1068 1646/108/1049 1608/108/1071
f 1605/108/1067 1611/108/1072 1606/108/1065
f 1609/108/1069 1615/108/1050 1610/108/1070
f 1608/108/1071 1646/108/1049 1613/108/1056
f 1610/108/1070 1617/108/1073 1611/108/1072
f 1608/108/1071 1614/108/1054 1609/108/1069
f 1650/109/1074 1645/109/1075 1618/109/76
f 1645/109/1075 1644/109/1047 1618/109/76
f 1651/109/1076 1650/109/1074 1618/109/76
f 1619/109/1077 1651/109/1076 1618/109/76
f 1628/109/1051 1627/109/1078 1618/109/76
f 1620/109/1079 1619/109/1077 1618/109/76
f 1626/109/1080 1620/109/1079 1618/109/76
f 1627/109/1078 1626/109/1080 1618/109/76
f 1607/109/1081 1651/109/1076 1602/109/1082
f 1632/109/1083 1628/109/1051 1625/109/1084
f 1642/109/1085 1626/109/1080 1637/109/1086
f 1602/109/1082 1619/109/1077 1649/109/1063
f 1624/108/1046 1631/108/1087 1633/108/1088
f 1622/108/1052 1629/108/1089 1630/108/1090
f 1623/108/1045 1630/108/1090 1631/108/1087
f 1621/108/1055 1646/108/1049 1629/108/1089
f 1630/108/1090 1634/108/1091 1635/108/1092
f 1637/109/1086 1627/109/1078 1632/109/1083
f 1631/108/1087 1635/108/1092 1636/108/1093
f 1629/108/1089 1646/108/1049 1634/108/1091
f 1616/109/1053 1645/109/1075 1612/109/1094
f 1633/108/1088 1636/108/1093 1638/108/1095
f 1612/109/1094 1650/109/1074 1607/109/1081
f 1636/108/1093 1640/108/1096 1641/108/1097
f 1634/108/1091 1646/108/1049 1639/108/1098
f 1649/109/1063 1620/109/1079 1642/109/1085
f 1638/108/1095 1641/108/1097 1643/108/1099
f 1635/108/1092 1639/108/1098 1640/108/1096
f 1639/108/1098 1646/108/1049 1647/108/1060
f 1643/108/1099 1597/108/1059 1648/108/1063
f 1640/108/1096 1647/108/1060 1596/108/1057
f 1641/108/1097 1596/108/1057 1597/108/1059
f 1686/109/1100 1687/109/1101 1652/109/1102
f 1687/109/1101 1688/109/1103 1652/109/1102
f 1688/109/1103 1689/109/1104 1652/109/1102
f 1689/109/1104 1686/109/1100 1652/109/1102
f 1690/109/1105 1691/109/1106 1653/109/1107
f 1691/109/1106 1692/109/1108 1653/109/1107
f 1692/109/1108 1693/109/1109 1653/109/1107
f 1693/109/1109 1690/109/1105 1653/109/1107
f 1694/109/1110 1695/109/1111 1775/109/1112
f 1694/109/1110 1776/109/1113 1695/109/1111
f 1694/109/1110 1696/109/1114 1776/109/1113
f 1694/109/1110 1777/109/1115 1696/109/1114
f 1694/109/1110 1697/109/1116 1777/109/1115
f 1694/109/1110 1778/109/1117 1697/109/1116
f 1694/109/1110 1698/109/1118 1778/109/1117
f 1694/109/1110 1775/109/1112 1698/109/1118
f 1699/109/1119 1695/109/1111 1654/109/1120
f 1654/109/1120 1776/109/1113 1700/109/1121
f 1700/109/1121 1701/109/1122 1654/109/1120
f 1654/109/1120 1759/109/1123 1699/109/1119
f 1700/109/1121 1696/109/1114 1655/109/1124
f 1655/109/1124 1777/109/1115 1702/109/1125
f 1702/109/1125 1703/109/1126 1655/109/1124
f 1655/109/1124 1760/109/1127 1700/109/1121
f 1656/109/1128 1777/109/1115 1697/109/1116
f 1697/109/1116 1704/109/1129 1656/109/1128
f 1656/109/1128 1762/109/1130 1705/109/1131
f 1705/109/1131 1702/109/1125 1656/109/1128
f 1657/109/1132 1778/109/1117 1698/109/1118
f 1698/109/1118 1699/109/1119 1657/109/1132
f 1657/109/1132 1759/109/1123 1706/109/1133
f 1706/109/1133 1704/109/1129 1657/109/1132
f 1658/109/1134 1759/109/1123 1701/109/1122
f 1701/109/1122 1708/109/1135 1658/109/1134
f 1658/109/1134 1780/109/1136 1709/109/1137
f 1709/109/1137 1707/109/1138 1658/109/1134
f 1659/109/1139 1760/109/1127 1703/109/1126
f 1703/109/1126 1710/109/1140 1659/109/1139
f 1659/109/1139 1781/109/1141 1711/109/1142
f 1711/109/1142 1708/109/1135 1659/109/1139
f 1710/109/1140 1705/109/1131 1660/109/1143
f 1660/109/1143 1762/109/1130 1712/109/1144
f 1712/109/1144 1713/109/1145 1660/109/1143
f 1660/109/1143 1781/109/1141 1710/109/1140
f 1712/109/1144 1706/109/1133 1661/109/1146
f 1706/109/1133 1707/109/1138 1661/109/1146
f 1707/109/1138 1714/109/1147 1661/109/1146
f 1661/109/1146 1782/109/1148 1712/109/1144
f 1715/109/1149 1709/109/1137 1662/109/1150
f 1709/109/1137 1716/109/1151 1662/109/1150
f 1662/109/1150 1784/109/1152 1717/109/1153
f 1662/109/1150 1783/109/1154 1715/109/1149
f 1663/109/1155 1780/109/1136 1711/109/1142
f 1711/109/1142 1718/109/1156 1663/109/1155
f 1663/109/1155 1785/109/1157 1719/109/1158
f 1663/109/1155 1784/109/1152 1716/109/1151
f 1718/109/1156 1713/109/1145 1664/109/1159
f 1664/109/1159 1782/109/1148 1720/109/1160
f 1664/109/1159 1786/109/1161 1721/109/1162
f 1664/109/1159 1785/109/1157 1718/109/1156
f 1720/109/1160 1714/109/1147 1665/109/1163
f 1714/109/1147 1715/109/1149 1665/109/1163
f 1665/109/1163 1783/109/1154 1722/109/1164
f 1665/109/1163 1786/109/1161 1720/109/1160
f 1723/109/1154 1717/109/1153 1666/109/1153
f 1717/109/1153 1724/109/1152 1666/109/1153
f 1666/109/1153 1764/109/1165 1687/109/1101
f 1666/109/1153 1763/109/1166 1723/109/1154
f 1724/109/1152 1719/109/1158 1667/109/1158
f 1719/109/1158 1725/109/1157 1667/109/1158
f 1667/109/1158 1765/109/1167 1688/109/1103
f 1667/109/1158 1764/109/1165 1724/109/1152
f 1725/109/1157 1721/109/1162 1668/109/1162
f 1721/109/1162 1726/109/1161 1668/109/1162
f 1668/109/1162 1766/109/1168 1689/109/1104
f 1668/109/1162 1765/109/1167 1725/109/1157
f 1726/109/1161 1722/109/1164 1669/109/1164
f 1722/109/1164 1723/109/1154 1669/109/1164
f 1669/109/1164 1763/109/1166 1686/109/1100
f 1669/109/1164 1766/109/1168 1726/109/1161
f 1787/109/1169 1727/109/1170 1788/109/1171
f 1787/109/1169 1789/109/1172 1727/109/1170
f 1787/109/1169 1728/109/1173 1789/109/1172
f 1787/109/1169 1790/109/1174 1728/109/1173
f 1787/109/1169 1729/109/1175 1790/109/1174
f 1787/109/1169 1791/109/1176 1729/109/1175
f 1787/109/1169 1730/109/1177 1791/109/1176
f 1787/109/1169 1788/109/1171 1730/109/1177
f 1670/109/1178 1788/109/1171 1727/109/1170
f 1727/109/1170 1732/109/1179 1670/109/1178
f 1670/109/1178 1768/109/1180 1733/109/1181
f 1733/109/1181 1731/109/1182 1670/109/1178
f 1732/109/1179 1728/109/1173 1671/109/1183
f 1671/109/1183 1790/109/1174 1734/109/1184
f 1734/109/1184 1735/109/1185 1671/109/1183
f 1671/109/1183 1768/109/1180 1732/109/1179
f 1734/109/1184 1729/109/1175 1672/109/1186
f 1672/109/1186 1791/109/1176 1736/109/1187
f 1736/109/1187 1737/109/1188 1672/109/1186
f 1672/109/1186 1769/109/1189 1734/109/1184
f 1673/109/1190 1791/109/1176 1730/109/1177
f 1730/109/1177 1731/109/1182 1673/109/1190
f 1673/109/1190 1767/109/1191 1738/109/1192
f 1738/109/1192 1736/109/1187 1673/109/1190
f 1739/109/1193 1733/109/1181 1674/109/1194
f 1674/109/1194 1768/109/1180 1740/109/1195
f 1740/109/1195 1741/109/1196 1674/109/1194
f 1674/109/1194 1792/109/1197 1739/109/1193
f 1740/109/1195 1735/109/1185 1675/109/1198
f 1735/109/1185 1742/109/1199 1675/109/1198
f 1675/109/1198 1794/109/1200 1743/109/1201
f 1743/109/1201 1740/109/1195 1675/109/1198
f 1676/109/1202 1769/109/1189 1737/109/1188
f 1737/109/1188 1744/109/1203 1676/109/1202
f 1676/109/1202 1795/109/1204 1745/109/1205
f 1745/109/1205 1742/109/1199 1676/109/1202
f 1744/109/1203 1738/109/1192 1677/109/1206
f 1677/109/1206 1767/109/1191 1739/109/1193
f 1739/109/1193 1746/109/1207 1677/109/1206
f 1677/109/1206 1795/109/1204 1744/109/1203
f 1747/109/1208 1741/109/1196 1678/109/1209
f 1741/109/1196 1748/109/1210 1678/109/1209
f 1678/109/1209 1797/109/1211 1749/109/1212
f 1678/109/1209 1796/109/1213 1747/109/1208
f 1748/109/1210 1743/109/1201 1679/109/1214
f 1743/109/1201 1750/109/1215 1679/109/1214
f 1679/109/1214 1798/109/1216 1751/109/1217
f 1679/109/1214 1797/109/1211 1748/109/1210
f 1680/109/1218 1794/109/1200 1745/109/1205
f 1745/109/1205 1752/109/1219 1680/109/1218
f 1680/109/1218 1799/109/1220 1753/109/1221
f 1680/109/1218 1798/109/1216 1750/109/1215
f 1752/109/1219 1746/109/1207 1681/109/1222
f 1681/109/1222 1792/109/1197 1747/109/1208
f 1681/109/1222 1796/109/1213 1754/109/1223
f 1681/109/1222 1799/109/1220 1752/109/1219
f 1755/109/1213 1749/109/1212 1682/109/1212
f 1749/109/1212 1756/109/1211 1682/109/1212
f 1682/109/1212 1772/109/1224 1691/109/1106
f 1682/109/1212 1771/109/1225 1755/109/1213
f 1756/109/1211 1751/109/1217 1683/109/1217
f 1751/109/1217 1757/109/1226 1683/109/1217
f 1683/109/1217 1773/109/1227 1692/109/1108
f 1683/109/1217 1772/109/1224 1756/109/1211
f 1757/109/1226 1753/109/1221 1684/109/1221
f 1753/109/1221 1758/109/1220 1684/109/1221
f 1684/109/1221 1774/109/1228 1693/109/1109
f 1684/109/1221 1773/109/1227 1757/109/1226
f 1758/109/1220 1754/109/1223 1685/109/1223
f 1754/109/1223 1755/109/1213 1685/109/1223
f 1685/109/1223 1771/109/1225 1690/109/1105
f 1685/109/1223 1774/109/1228 1758/109/1220
f 1800/108/1040 1805/108/1036 1855/108/998
f 1803/108/1042 1807/108/1035 1802/108/1039
f 1801/108/1043 1805/108/1036 1800/108/1040
f 1802/108/1039 1806/108/1038 1801/108/1043
f 1808/108/1037 1812/108/1033 1807/108/1035
f 1806/108/1038 1810/108/1034 1805/108/1036
f 1807/108/1035 1811/108/1031 1806/108/1038
f 1805/108/1036 1810/108/1034 1855/108/998
f 1812/108/1033 1816/108/1025 1811/108/1031
f 1810/108/1034 1815/108/1029 1855/108/998
f 1813/108/1030 1817/108/1028 1812/108/1033
f 1811/108/1031 1815/108/1029 1810/108/1034
f 1817/108/1028 1821/108/1014 1816/108/1025
f 1815/108/1029 1820/108/1016 1855/108/998
f 1854/109/1021 1835/109/76 1853/109/1020
f 1818/108/1024 1822/108/1015 1817/108/1028
f 1816/108/1025 1820/108/1016 1815/108/1029
f 1847/109/1018 1835/109/76 1846/109/1017
f 1849/109/1027 1835/109/76 1848/109/1026
f 1828/108/1013 1822/108/1015 1823/108/1019
f 1826/108/1010 1820/108/1016 1821/108/1014
f 1852/109/1023 1835/109/76 1851/109/1022
f 1853/109/1020 1835/109/76 1852/109/1023
f 1827/108/1011 1821/108/1014 1822/108/1015
f 1820/108/1016 1825/108/1012 1855/108/998
f 1833/108/1007 1827/108/1011 1828/108/1013
f 1831/108/1009 1825/108/1012 1826/108/1010
f 1850/109/1032 1835/109/76 1849/109/1027
f 1848/109/1026 1835/109/76 1847/109/1018
f 1832/108/1006 1826/108/1010 1827/108/1011
f 1825/108/1012 1830/108/1008 1855/108/998
f 1851/109/1022 1835/109/76 1850/109/1032
f 1838/108/1001 1831/108/1009 1832/108/1006
f 1830/108/1008 1836/108/999 1855/108/998
f 1839/108/1002 1832/108/1006 1833/108/1007
f 1837/108/1004 1830/108/1008 1831/108/1009
f 1843/108/1005 1837/108/1004 1838/108/1001
f 1836/108/999 1841/108/997 1855/108/998
f 1854/109/1021 1809/109/1229 1804/109/1042
f 1844/108/1000 1838/108/1001 1839/108/1002
f 1842/108/1003 1836/108/999 1837/108/1004
f 1850/109/1032 1829/109/1013 1824/109/1019
f 1849/109/1027 1834/109/1007 1829/109/1013
f 1853/109/1020 1814/109/1030 1809/109/1229
f 1847/109/1018 1845/109/1000 1840/109/1230
f 1844/108/1000 1883/108/1050 1843/108/1005
f 1848/109/1026 1840/109/1230 1834/109/1007
f 1904/109/1051 1835/109/76 1854/109/1021
f 1851/109/1022 1824/109/1019 1819/109/1231
f 1906/108/1049 1800/108/1040 1855/108/998
f 1875/108/1045 1803/108/1042 1802/108/1039
f 1835/109/76 1888/109/1047 1846/109/1017
f 1852/109/1023 1819/109/1231 1814/109/1030
f 1843/108/1005 1882/108/1054 1842/108/1003
f 1888/109/1047 1845/109/1000 1846/109/1017
f 1876/109/1084 1854/109/1021 1804/109/1042
f 1801/108/1043 1875/108/1045 1802/108/1039
f 1842/108/1003 1881/108/1056 1841/108/997
f 1800/108/1040 1874/108/1052 1801/108/1043
f 1841/108/997 1906/108/1049 1855/108/998
f 1860/108/1097 1856/108/1057 1857/108/1059
f 1907/108/1060 1858/108/1098 1906/108/1049
f 1861/108/1099 1857/108/1059 1908/108/1063
f 1859/108/1096 1907/108/1060 1856/108/1057
f 1866/108/1095 1860/108/1097 1861/108/1099
f 1864/108/1092 1858/108/1098 1859/108/1096
f 1865/108/1093 1859/108/1096 1860/108/1097
f 1858/108/1098 1863/108/1091 1906/108/1049
f 1869/108/1090 1863/108/1091 1864/108/1092
f 1870/108/1087 1864/108/1092 1865/108/1093
f 1863/108/1091 1868/108/1089 1906/108/1049
f 1871/108/1088 1865/108/1093 1866/108/1095
f 1875/108/1045 1869/108/1090 1870/108/1087
f 1868/108/1089 1873/108/1055 1906/108/1049
f 1877/108/1046 1870/108/1087 1871/108/1088
f 1874/108/1052 1868/108/1089 1869/108/1090
f 1910/109/1080 1878/109/76 1905/109/1078
f 1905/109/1078 1878/109/76 1904/109/1051
f 1911/109/1079 1878/109/76 1910/109/1080
f 1879/109/1077 1878/109/76 1911/109/1079
f 1888/109/1047 1878/109/76 1887/109/1075
f 1880/109/1076 1878/109/76 1879/109/1077
f 1886/109/1074 1878/109/76 1880/109/1076
f 1887/109/1075 1878/109/76 1886/109/1074
f 1911/109/1079 1867/109/1086 1862/109/1085
f 1888/109/1047 1892/109/1094 1884/109/1053
f 1886/109/1074 1902/109/1082 1897/109/1081
f 1879/109/1077 1862/109/1085 1909/109/1063
f 1885/108/1073 1891/108/1070 1883/108/1050
f 1882/108/1054 1889/108/1071 1881/108/1056
f 1883/108/1050 1890/108/1069 1882/108/1054
f 1881/108/1056 1889/108/1071 1906/108/1049
f 1890/108/1069 1894/108/1068 1889/108/1071
f 1887/109/1075 1897/109/1081 1892/109/1094
f 1891/108/1070 1895/108/1066 1890/108/1069
f 1889/108/1071 1894/108/1068 1906/108/1049
f 1905/109/1078 1876/109/1084 1872/109/1083
f 1893/108/1072 1896/108/1067 1891/108/1070
f 1910/109/1080 1872/109/1083 1867/109/1086
f 1896/108/1067 1900/108/1064 1895/108/1066
f 1894/108/1068 1899/108/1061 1906/108/1049
f 1880/109/1076 1909/109/1063 1902/109/1082
f 1898/108/1065 1901/108/1058 1896/108/1067
f 1895/108/1066 1899/108/1061 1894/108/1068
f 1899/108/1061 1907/108/1060 1906/108/1049
f 1903/108/1062 1857/108/1059 1901/108/1058
f 1900/108/1064 1907/108/1060 1899/108/1061
f 1901/108/1058 1856/108/1057 1900/108/1064
f 1947/109/1232 1946/109/1233 1912/109/1234
f 1948/109/1235 1947/109/1232 1912/109/1234
f 1949/109/1236 1948/109/1235 1912/109/1234
f 1946/109/1233 1949/109/1236 1912/109/1234
f 1951/109/1237 1950/109/1238 1913/109/1239
f 1952/109/1240 1951/109/1237 1913/109/1239
f 1953/109/1241 1952/109/1240 1913/109/1239
f 1950/109/1238 1953/109/1241 1913/109/1239
f 1954/109/1242 2035/109/1243 1955/109/1244
f 1954/109/1242 1955/109/1244 2036/109/1245
f 1954/109/1242 2036/109/1245 1956/109/1246
f 1954/109/1242 1956/109/1246 2037/109/1247
f 1954/109/1242 2037/109/1247 1957/109/1248
f 1954/109/1242 1957/109/1248 2038/109/1249
f 1954/109/1242 2038/109/1249 1958/109/1250
f 1954/109/1242 1958/109/1250 2035/109/1243
f 1955/109/1244 1959/109/1251 1914/109/1252
f 1914/109/1252 2036/109/1245 1955/109/1244
f 1961/109/1253 1960/109/1254 1914/109/1252
f 1914/109/1252 2019/109/1255 1961/109/1253
f 1956/109/1246 1960/109/1254 1915/109/1256
f 1915/109/1256 2037/109/1247 1956/109/1246
f 1963/109/1257 1962/109/1258 1915/109/1256
f 1915/109/1256 2020/109/1259 1963/109/1257
f 1916/109/1260 2037/109/1247 1962/109/1258
f 1964/109/1261 1957/109/1248 1916/109/1260
f 1916/109/1260 2022/109/1262 1964/109/1261
f 1962/109/1258 1965/109/1263 1916/109/1260
f 1917/109/1264 2038/109/1249 1964/109/1261
f 1959/109/1251 1958/109/1250 1917/109/1264
f 1917/109/1264 2019/109/1255 1959/109/1251
f 1964/109/1261 1966/109/1265 1917/109/1264
f 1918/109/1266 2019/109/1255 1967/109/1267
f 1968/109/1268 1961/109/1253 1918/109/1266
f 1918/109/1266 2040/109/1269 1968/109/1268
f 1967/109/1267 1969/109/1270 1918/109/1266
f 1919/109/1271 2020/109/1259 1968/109/1268
f 1970/109/1272 1963/109/1257 1919/109/1271
f 1919/109/1271 2041/109/1273 1970/109/1272
f 1968/109/1268 1971/109/1274 1919/109/1271
f 1965/109/1263 1970/109/1272 1920/109/1275
f 1920/109/1275 2022/109/1262 1965/109/1263
f 1973/109/1276 1972/109/1277 1920/109/1275
f 1920/109/1275 2041/109/1273 1973/109/1276
f 1966/109/1265 1972/109/1277 1921/109/1278
f 1967/109/1267 1966/109/1265 1921/109/1278
f 1974/109/1279 1967/109/1267 1921/109/1278
f 1921/109/1278 2042/109/1280 1974/109/1279
f 1969/109/1270 1975/109/1281 1922/109/1282
f 1976/109/1283 1969/109/1270 1922/109/1282
f 1922/109/1282 2044/109/1284 1976/109/1283
f 1922/109/1282 2043/109/1285 1977/109/1286
f 1923/109/1287 2040/109/1269 1976/109/1283
f 1978/109/1288 1971/109/1274 1923/109/1287
f 1923/109/1287 2045/109/1289 1978/109/1288
f 1923/109/1287 2044/109/1284 1979/109/1290
f 1973/109/1276 1978/109/1288 1924/109/1291
f 1924/109/1291 2042/109/1280 1973/109/1276
f 1924/109/1291 2046/109/1292 1980/109/1293
f 1924/109/1291 2045/109/1289 1981/109/1294
f 1974/109/1279 1980/109/1293 1925/109/1295
f 1975/109/1281 1974/109/1279 1925/109/1295
f 1925/109/1295 2043/109/1285 1975/109/1281
f 1925/109/1295 2046/109/1292 1982/109/1296
f 1977/109/1286 1983/109/1285 1926/109/1286
f 1984/109/1284 1977/109/1286 1926/109/1286
f 1926/109/1286 2024/109/1297 1984/109/1284
f 1926/109/1286 2023/109/1298 1947/109/1232
f 1979/109/1290 1984/109/1284 1927/109/1290
f 1985/109/1289 1979/109/1290 1927/109/1290
f 1927/109/1290 2025/109/1299 1985/109/1289
f 1927/109/1290 2024/109/1297 1948/109/1235
f 1981/109/1294 1985/109/1289 1928/109/1294
f 1986/109/1292 1981/109/1294 1928/109/1294
f 1928/109/1294 2026/109/1300 1986/109/1292
f 1928/109/1294 2025/109/1299 1949/109/1236
f 1982/109/1296 1986/109/1292 1929/109/1296
f 1983/109/1285 1982/109/1296 1929/109/1296
f 1929/109/1296 2023/109/1298 1983/109/1285
f 1929/109/1296 2026/109/1300 1946/109/1233
f 2047/109/1301 2048/109/1302 1987/109/1303
f 2047/109/1301 1987/109/1303 2049/109/1304
f 2047/109/1301 2049/109/1304 1988/109/1305
f 2047/109/1301 1988/109/1305 2050/109/1306
f 2047/109/1301 2050/109/1306 1989/109/1307
f 2047/109/1301 1989/109/1307 2051/109/1308
f 2047/109/1301 2051/109/1308 1990/109/1309
f 2047/109/1301 1990/109/1309 2048/109/1302
f 1930/109/1310 2048/109/1302 1991/109/1311
f 1992/109/1312 1987/109/1303 1930/109/1310
f 1930/109/1310 2028/109/1313 1992/109/1312
f 1991/109/1311 1993/109/1314 1930/109/1310
f 1988/109/1305 1992/109/1312 1931/109/1315
f 1931/109/1315 2050/109/1306 1988/109/1305
f 1995/109/1316 1994/109/1317 1931/109/1315
f 1931/109/1315 2028/109/1313 1995/109/1316
f 1989/109/1307 1994/109/1317 1932/109/1318
f 1932/109/1318 2051/109/1308 1989/109/1307
f 1997/109/1319 1996/109/1320 1932/109/1318
f 1932/109/1318 2029/109/1321 1997/109/1319
f 1933/109/1322 2051/109/1308 1996/109/1320
f 1991/109/1311 1990/109/1309 1933/109/1322
f 1933/109/1322 2027/109/1323 1991/109/1311
f 1996/109/1320 1998/109/1324 1933/109/1322
f 1993/109/1314 1999/109/1325 1934/109/1326
f 1934/109/1326 2028/109/1313 1993/109/1314
f 2001/109/1327 2000/109/1328 1934/109/1326
f 1934/109/1326 2052/109/1329 2001/109/1327
f 1995/109/1316 2000/109/1328 1935/109/1330
f 2002/109/1331 1995/109/1316 1935/109/1330
f 1935/109/1330 2054/109/1332 2002/109/1331
f 2000/109/1328 2003/109/1333 1935/109/1330
f 1936/109/1334 2029/109/1321 2002/109/1331
f 2004/109/1335 1997/109/1319 1936/109/1334
f 1936/109/1334 2055/109/1336 2004/109/1335
f 2002/109/1331 2005/109/1337 1936/109/1334
f 1998/109/1324 2004/109/1335 1937/109/1338
f 1937/109/1338 2027/109/1323 1998/109/1324
f 2006/109/1339 1999/109/1325 1937/109/1338
f 1937/109/1338 2055/109/1336 2006/109/1339
f 2001/109/1327 2007/109/1340 1938/109/1341
f 2008/109/1342 2001/109/1327 1938/109/1341
f 1938/109/1341 2057/109/1343 2008/109/1342
f 1938/109/1341 2056/109/1344 2009/109/1345
f 2003/109/1333 2008/109/1342 1939/109/1346
f 2010/109/1347 2003/109/1333 1939/109/1346
f 1939/109/1346 2058/109/1348 2010/109/1347
f 1939/109/1346 2057/109/1343 2011/109/1349
f 1940/109/1350 2054/109/1332 2010/109/1347
f 2012/109/1351 2005/109/1337 1940/109/1350
f 1940/109/1350 2059/109/1352 2012/109/1351
f 1940/109/1350 2058/109/1348 2013/109/1353
f 2006/109/1339 2012/109/1351 1941/109/1354
f 1941/109/1354 2052/109/1329 2006/109/1339
f 1941/109/1354 2056/109/1344 2007/109/1340
f 1941/109/1354 2059/109/1352 2014/109/1355
f 2009/109/1345 2015/109/1344 1942/109/1345
f 2016/109/1343 2009/109/1345 1942/109/1345
f 1942/109/1345 2032/109/1356 2016/109/1343
f 1942/109/1345 2031/109/1357 1951/109/1237
f 2011/109/1349 2016/109/1343 1943/109/1349
f 2017/109/1358 2011/109/1349 1943/109/1349
f 1943/109/1349 2033/109/1359 2017/109/1358
f 1943/109/1349 2032/109/1356 1952/109/1240
f 2013/109/1353 2017/109/1358 1944/109/1353
f 2018/109/1352 2013/109/1353 1944/109/1353
f 1944/109/1353 2034/109/1360 2018/109/1352
f 1944/109/1353 2033/109/1359 1953/109/1241
f 2014/109/1355 2018/109/1352 1945/109/1355
f 2015/109/1344 2014/109/1355 1945/109/1355
f 1945/109/1355 2031/109/1357 2015/109/1344
f 1945/109/1355 2034/109/1360 1950/109/1238
f 2062/110/1361 2079/110/1362 2063/110/1363
f 2070/110/1364 2087/110/1365 2071/110/1366
f 2063/110/1363 2080/110/1367 2064/110/1368
f 2072/110/1369 2087/110/1365 2088/110/1370
f 2064/110/1368 2081/110/1371 2065/110/1372
f 2072/110/1369 2089/110/1373 2073/110/1374
f 2066/110/1375 2081/110/1371 2082/110/1376
f 2074/110/1377 2089/110/1373 2090/110/1378
f 2066/110/1375 2083/110/1379 2067/110/1380
f 2074/110/1377 2091/110/1381 2075/110/1382
f 2067/110/1380 2084/110/1383 2068/110/1384
f 2061/110/1385 2076/110/1386 2077/110/1387
f 2060/110/1388 2091/110/1381 2076/110/1386
f 2068/110/1384 2085/110/1389 2069/110/1390
f 2062/110/1361 2077/110/1387 2078/110/1391
f 2069/110/1390 2086/110/1392 2070/110/1364
f 2084/110/1383 2101/110/1393 2085/110/1389
f 2078/110/1391 2093/110/1394 2094/110/1395
f 2085/110/1389 2102/110/1396 2086/110/1392
f 2079/110/1362 2094/110/1395 2095/110/1397
f 2087/110/1365 2102/110/1396 2103/110/1398
f 2079/110/1362 2096/110/1399 2080/110/1367
f 2088/110/1370 2103/110/1398 2104/110/1400
f 2080/110/1367 2097/110/1401 2081/110/1371
f 2088/110/1370 2105/110/1402 2089/110/1373
f 2081/110/1371 2098/110/1403 2082/110/1376
f 2089/110/1373 2106/110/1404 2090/110/1378
f 2082/110/1376 2099/110/1405 2083/110/1379
f 2091/110/1381 2106/110/1404 2107/110/1406
f 2083/110/1379 2100/110/1407 2084/110/1383
f 2077/110/1387 2092/110/1408 2093/110/1394
f 2076/110/1386 2107/110/1406 2092/110/1408
f 2106/110/1404 2105/110/1402 2117/110/76
f 2099/110/1405 2098/110/1403 2117/110/76
f 2107/110/1406 2106/110/1404 2117/110/76
f 2100/110/1407 2099/110/1405 2117/110/76
f 2093/110/1394 2092/110/1408 2117/110/76
f 2092/110/1408 2107/110/1406 2117/110/76
f 2101/110/1393 2100/110/1407 2117/110/76
f 2094/110/1395 2093/110/1394 2117/110/76
f 2102/110/1396 2101/110/1393 2117/110/76
f 2095/110/1397 2094/110/1395 2117/110/76
f 2103/110/1398 2102/110/1396 2117/110/76
f 2096/110/1399 2095/110/1397 2117/110/76
f 2104/110/1400 2103/110/1398 2117/110/76
f 2097/110/1401 2096/110/1399 2117/110/76
f 2105/110/1402 2104/110/1400 2117/110/76
f 2098/110/1403 2097/110/1401 2117/110/76
f 2063/110/1363 2121/110/1409 2062/110/1361
f 2070/110/1364 2111/110/1410 2112/110/1411
f 2064/110/1368 2120/110/1412 2063/110/1363
f 2071/110/1366 2110/110/1413 2111/110/1410
f 2064/110/1368 2118/110/1414 2119/110/547
f 2073/110/1374 2110/110/1413 2072/110/1369
f 2065/110/1372 2116/110/1415 2118/110/1414
f 2074/110/1377 2109/110/1416 2073/110/1374
f 2066/110/1375 2115/110/1417 2116/110/1415
f 2075/110/1382 2108/110/1418 2074/110/1377
f 2067/110/1380 2114/110/1419 2115/110/1417
f 2061/110/1385 2123/110/1420 2060/110/1388
f 2060/110/1388 2124/110/1421 2075/110/1382
f 2068/110/1384 2113/110/1422 2114/110/1419
f 2062/110/1361 2122/110/1423 2061/110/1385
f 2069/110/1390 2112/110/1411 2113/110/1422
f 2110/110/1413 2139/110/845 2125/110/835
f 2118/110/1414 2166/110/796 2170/110/786
f 2110/110/1413 2146/110/831 2111/110/1410
f 2119/110/547 2170/110/786 2174/110/782
f 2111/110/1410 2150/110/821 2112/110/1411
f 2120/110/1412 2174/110/782 2178/110/770
f 2112/110/1411 2154/110/812 2113/110/1422
f 2121/110/1409 2178/110/770 2182/110/763
f 2114/110/1419 2154/110/812 2158/110/808
f 2124/110/1421 2189/110/861 2131/110/859
f 2122/110/1423 2182/110/763 2186/110/762
f 2115/110/1417 2158/110/808 2162/110/803
f 2108/110/1418 2131/110/859 2135/110/847
f 2123/110/1420 2186/110/762 2189/110/861
f 2109/110/1416 2135/110/847 2139/110/845
f 2116/110/1415 2162/110/803 2166/110/796
f 2189/110/861 2130/110/856 2131/110/859
f 2126/110/860 2128/110/855 2129/110/857
f 2127/110/765 2129/110/857 2130/110/856
f 2188/110/768 2187/110/69 2128/110/855
f 2129/110/857 2134/110/846 2130/110/856
f 2128/110/855 2187/110/69 2132/110/850
f 2131/110/859 2134/110/846 2135/110/847
f 2128/110/855 2133/110/851 2129/110/857
f 2133/110/851 2138/110/842 2134/110/846
f 2132/110/850 2187/110/69 2136/110/844
f 2135/110/847 2138/110/842 2139/110/845
f 2132/110/850 2137/110/843 2133/110/851
f 2138/110/842 2125/110/835 2139/110/845
f 2137/110/843 2140/110/833 2141/110/834
f 2138/110/842 2141/110/834 2142/110/836
f 2136/110/844 2187/110/69 2140/110/833
f 2141/110/834 2143/110/828 2144/110/829
f 2141/110/834 2145/110/830 2142/110/836
f 2140/110/833 2187/110/69 2143/110/828
f 2125/110/835 2145/110/830 2146/110/831
f 2144/110/829 2149/110/820 2145/110/830
f 2143/110/828 2187/110/69 2147/110/823
f 2145/110/830 2150/110/821 2146/110/831
f 2144/110/829 2147/110/823 2148/110/824
f 2147/110/823 2187/110/69 2151/110/817
f 2149/110/820 2154/110/812 2150/110/821
f 2148/110/824 2151/110/817 2152/110/816
f 2148/110/824 2153/110/811 2149/110/820
f 2154/110/812 2157/110/807 2158/110/808
f 2152/110/816 2155/110/809 2156/110/810
f 2152/110/816 2157/110/807 2153/110/811
f 2151/110/817 2187/110/69 2155/110/809
f 2156/110/810 2161/110/802 2157/110/807
f 2155/110/809 2187/110/69 2159/110/800
f 2157/110/807 2162/110/803 2158/110/808
f 2156/110/810 2159/110/800 2160/110/801
f 2160/110/801 2165/110/795 2161/110/802
f 2159/110/800 2187/110/69 2163/110/792
f 2161/110/802 2166/110/796 2162/110/803
f 2160/110/801 2163/110/792 2164/110/794
f 2166/110/796 2169/110/785 2170/110/786
f 2164/110/794 2167/110/783 2168/110/784
f 2164/110/794 2169/110/785 2165/110/795
f 2163/110/792 2187/110/69 2167/110/783
f 2170/110/786 2173/110/781 2174/110/782
f 2168/110/784 2171/110/779 2172/110/780
f 2168/110/784 2173/110/781 2169/110/785
f 2167/110/783 2187/110/69 2171/110/779
f 2172/110/780 2177/110/754 2173/110/781
f 2171/110/779 2187/110/69 2175/110/775
f 2174/110/782 2177/110/754 2178/110/770
f 2172/110/780 2175/110/775 2176/110/755
f 2176/110/755 2181/110/761 2177/110/754
f 2175/110/775 2187/110/69 2179/110/774
f 2178/110/770 2181/110/761 2182/110/763
f 2176/110/755 2179/110/774 2180/110/753
f 2182/110/763 2185/110/766 2186/110/762
f 2180/110/753 2183/110/769 2184/110/764
f 2180/110/753 2185/110/766 2181/110/761
f 2179/110/774 2187/110/69 2183/110/769
f 2184/110/764 2188/110/768 2126/110/860
f 2185/110/766 2126/110/860 2127/110/765
f 2183/110/769 2187/110/69 2188/110/768
f 2186/110/762 2127/110/765 2189/110/861
f 2695/111/1424 3088/111/1425 2830/111/1426
f 2695/111/1424 2555/111/1427 2829/111/1428
f 2695/111/1424 2554/111/1429 2308/111/1430
f 2833/111/1431 2832/111/1432 2696/111/1433
f 2832/111/1432 2309/111/1434 2696/111/1433
f 2309/111/1434 2834/111/1435 2696/111/1433
f 2834/111/1435 2833/111/1431 2696/111/1433
f 2697/111/1436 2563/111/1437 2836/111/1438
f 2697/111/1436 2562/111/1439 2837/111/1440
f 2697/111/1436 3091/111/1441 2310/111/1442
f 2840/111/1443 2839/111/1444 2698/111/1445
f 2839/111/1444 2838/111/1446 2698/111/1445
f 2841/111/1447 2840/111/1443 2698/111/1445
f 2190/111/1448 2570/111/1449 2312/111/1450
f 2190/111/1448 2569/111/1451 2313/111/1452
f 2190/111/1448 2568/111/1453 2314/111/1454
f 2190/111/1448 2567/111/1455 2311/111/1456
f 2315/111/1457 2316/111/1458 2191/111/1459
f 2316/111/1458 2317/111/1460 2191/111/1459
f 2317/111/1460 2318/111/1461 2191/111/1459
f 2318/111/1461 2315/111/1457 2191/111/1459
f 2192/111/1462 2582/111/1463 2320/111/1464
f 2192/111/1462 2581/111/1465 2321/111/1466
f 2192/111/1462 2580/111/1467 2322/111/1468
f 2192/111/1462 2579/111/1469 2319/111/1470
f 2323/111/1471 2324/111/1472 2193/111/1473
f 2324/111/1472 2325/111/1474 2193/111/1473
f 2325/111/1474 2326/111/1475 2193/111/1473
f 2326/111/1475 2323/111/1471 2193/111/1473
f 2194/111/1476 2594/111/1477 2328/111/1478
f 2194/111/1476 2593/111/1479 2329/111/1480
f 2194/111/1476 2592/111/1481 2330/111/1482
f 2194/111/1476 2591/111/1483 2327/111/1484
f 2331/111/1485 2332/111/1486 2195/111/1487
f 2332/111/1486 2333/111/1488 2195/111/1487
f 2333/111/1488 2334/111/1489 2195/111/1487
f 2334/111/1489 2331/111/1485 2195/111/1487
f 2196/111/1490 2606/111/1491 2336/111/1492
f 2196/111/1490 2605/111/1493 2337/111/1494
f 2196/111/1490 2604/111/1495 2338/111/1496
f 2196/111/1490 2603/111/1497 2335/111/1498
f 2339/111/1499 2340/111/1500 2197/111/1501
f 2340/111/1500 2341/111/1502 2197/111/1501
f 2341/111/1502 2342/111/1503 2197/111/1501
f 2342/111/1503 2339/111/1499 2197/111/1501
f 2198/111/1504 2618/111/1505 2344/111/1506
f 2198/111/1504 2617/111/1507 2345/111/1508
f 2198/111/1504 2616/111/1509 2346/111/1510
f 2198/111/1504 2615/111/1511 2343/111/1512
f 2347/111/1513 2348/111/1514 2199/111/1515
f 2348/111/1514 2349/111/1516 2199/111/1515
f 2349/111/1516 2350/111/1517 2199/111/1515
f 2350/111/1517 2347/111/1513 2199/111/1515
f 2200/111/1518 2630/111/1519 2352/111/1520
f 2200/111/1518 2629/111/1521 2353/111/1522
f 2200/111/1518 2628/111/1523 2354/111/1524
f 2200/111/1518 2627/111/1525 2351/111/1526
f 2355/111/1527 2356/111/1528 2201/111/1529
f 2356/111/1528 2357/111/1530 2201/111/1529
f 2357/111/1530 2358/111/1531 2201/111/1529
f 2358/111/1531 2355/111/1527 2201/111/1529
f 2711/111/1532 2554/111/1429 2831/111/1533
f 2711/111/1532 3087/111/1534 2359/111/1535
f 2711/111/1532 2556/111/1536 2891/111/1537
f 2713/111/1538 3087/111/1534 2829/111/1428
f 2713/111/1538 2555/111/1427 2360/111/1539
f 2713/111/1538 3090/111/1540 2361/111/1541
f 2361/111/1541 2359/111/1535 2713/111/1538
f 2712/111/1542 2555/111/1427 2830/111/1426
f 2712/111/1542 3088/111/1425 2362/111/1543
f 2362/111/1543 2893/111/1544 2712/111/1542
f 2893/111/1544 2360/111/1539 2712/111/1542
f 2202/111/1545 3088/111/1425 2308/111/1430
f 2202/111/1545 2554/111/1429 2890/111/1546
f 2890/111/1546 2892/111/1547 2202/111/1545
f 2202/111/1545 2557/111/1548 2362/111/1543
f 2714/111/1549 3089/111/1550 2891/111/1537
f 2714/111/1549 2556/111/1536 2364/111/1551
f 2364/111/1551 2894/111/1552 2714/111/1549
f 2894/111/1552 2363/111/1553 2714/111/1549
f 2364/111/1551 2361/111/1541 2203/111/1554
f 2203/111/1554 3090/111/1540 2895/111/1555
f 2895/111/1555 2365/111/1556 2203/111/1554
f 2203/111/1554 2639/111/1557 2364/111/1551
f 2893/111/1544 2366/111/1558 2716/111/1559
f 2716/111/1559 2640/111/1560 2896/111/1561
f 2715/111/1562 2557/111/1548 2892/111/1547
f 2892/111/1547 2363/111/1553 2715/111/1562
f 2715/111/1562 3170/111/1563 2367/111/1564
f 2367/111/1564 2366/111/1558 2715/111/1562
f 2894/111/1552 2368/111/1565 2717/111/1566
f 2717/111/1566 2642/111/1567 2898/111/1568
f 2717/111/1566 2641/111/1569 2897/111/1570
f 2368/111/1565 2365/111/1556 2720/111/1571
f 2720/111/1571 3171/111/1572 2369/111/1573
f 2720/111/1571 2643/111/1574 2900/111/1575
f 2720/111/1571 2642/111/1567 2368/111/1565
f 2369/111/1573 2896/111/1561 2719/111/1576
f 2896/111/1561 2370/111/1577 2719/111/1576
f 2719/111/1576 3172/111/1578 2899/111/1579
f 2719/111/1576 2643/111/1574 2369/111/1573
f 2718/111/1580 2640/111/1560 2367/111/1564
f 2367/111/1564 2897/111/1570 2718/111/1580
f 2718/111/1580 2641/111/1569 2371/111/1581
f 2718/111/1580 3172/111/1578 2370/111/1577
f 2901/111/1582 2898/111/1568 2721/111/1568
f 2898/111/1568 2372/111/1583 2721/111/1568
f 2721/111/1568 2559/111/1584 2832/111/1432
f 2721/111/1568 2558/111/1585 2901/111/1582
f 2372/111/1583 2900/111/1575 2723/111/1575
f 2900/111/1575 2903/111/1574 2723/111/1575
f 2723/111/1575 2560/111/1586 2309/111/1434
f 2723/111/1575 2559/111/1584 2372/111/1583
f 2903/111/1574 2899/111/1579 2722/111/1579
f 2722/111/1579 2561/111/1587 2834/111/1435
f 2722/111/1579 2560/111/1586 2903/111/1574
f 2902/111/1578 2371/111/1581 2204/111/1581
f 2371/111/1581 2901/111/1582 2204/111/1581
f 2204/111/1581 2558/111/1585 2833/111/1431
f 2204/111/1581 2561/111/1587 2902/111/1578
f 2724/111/1588 2562/111/1439 2904/111/1589
f 2205/111/1590 2562/111/1439 2835/111/1591
f 2205/111/1590 3092/111/1592 2373/111/1593
f 2205/111/1590 3096/111/1594 2908/111/1595
f 2908/111/1595 2904/111/1589 2205/111/1590
f 2725/111/1596 3092/111/1592 2836/111/1438
f 2725/111/1596 2563/111/1437 2374/111/1597
f 2374/111/1597 2907/111/1598 2725/111/1596
f 2907/111/1598 2373/111/1593 2725/111/1596
f 2206/111/1599 2563/111/1437 2310/111/1442
f 2206/111/1599 3091/111/1441 2905/111/1600
f 2905/111/1600 2375/111/1601 2206/111/1599
f 2206/111/1599 3095/111/1602 2374/111/1597
f 2726/111/1603 3093/111/1604 2376/111/1605
f 2376/111/1605 2910/111/1606 2726/111/1603
f 2376/111/1605 2908/111/1595 2207/111/1607
f 2207/111/1607 3096/111/1594 2377/111/1608
f 2377/111/1608 2378/111/1609 2207/111/1607
f 2207/111/1607 2644/111/1610 2376/111/1605
f 2377/111/1608 2907/111/1598 2727/111/1611
f 2727/111/1611 2645/111/1612 2377/111/1608
f 2208/111/1613 3095/111/1602 2375/111/1601
f 2375/111/1601 2909/111/1614 2208/111/1613
f 2208/111/1613 3173/111/1615 2379/111/1616
f 2379/111/1616 2911/111/1617 2208/111/1613
f 2910/111/1606 2380/111/1618 2728/111/1619
f 2728/111/1619 3175/111/1620 2914/111/1621
f 2380/111/1618 2378/111/1609 2209/111/1622
f 2209/111/1622 2645/111/1612 2381/111/1623
f 2209/111/1622 3177/111/1624 2917/111/1625
f 2209/111/1622 3175/111/1620 2380/111/1618
f 2381/111/1623 2912/111/1626 2729/111/1627
f 2912/111/1626 2382/111/1628 2729/111/1627
f 2729/111/1627 2646/111/1629 2916/111/1630
f 2729/111/1627 3177/111/1624 2381/111/1623
f 2210/111/1631 3174/111/1632 2379/111/1616
f 2379/111/1616 2913/111/1633 2210/111/1631
f 2210/111/1631 3176/111/1634 2915/111/1635
f 2210/111/1631 2646/111/1629 2382/111/1628
f 2383/111/1634 2914/111/1621 2730/111/1621
f 2914/111/1621 2384/111/1620 2730/111/1621
f 2730/111/1621 2565/111/1636 2839/111/1444
f 2730/111/1621 2564/111/1637 2383/111/1634
f 2384/111/1620 2917/111/1625 2211/111/1625
f 2917/111/1625 2918/111/1624 2211/111/1625
f 2211/111/1625 3097/111/1638 2838/111/1446
f 2211/111/1625 2565/111/1636 2384/111/1620
f 2916/111/1630 2385/111/1629 2732/111/1630
f 2732/111/1630 2566/111/1639 2841/111/1447
f 2385/111/1629 2915/111/1635 2731/111/1635
f 2915/111/1635 2383/111/1634 2731/111/1635
f 2731/111/1635 2564/111/1637 2840/111/1443
f 2731/111/1635 2566/111/1639 2385/111/1629
f 2212/111/1640 2567/111/1455 2314/111/1454
f 2212/111/1640 2568/111/1453 2387/111/1641
f 2212/111/1640 2572/111/1642 2388/111/1643
f 2212/111/1640 2571/111/1644 2386/111/1645
f 2213/111/1646 2568/111/1453 2313/111/1452
f 2213/111/1646 2569/111/1451 2389/111/1647
f 2213/111/1646 2573/111/1648 2390/111/1649
f 2390/111/1649 2387/111/1641 2213/111/1646
f 2214/111/1650 2569/111/1451 2312/111/1450
f 2214/111/1650 2570/111/1449 2391/111/1651
f 2391/111/1651 2392/111/1652 2214/111/1650
f 2392/111/1652 2389/111/1647 2214/111/1650
f 2215/111/1653 2570/111/1449 2311/111/1456
f 2215/111/1653 2567/111/1455 2386/111/1645
f 2386/111/1645 2393/111/1654 2215/111/1653
f 2215/111/1653 2574/111/1655 2391/111/1651
f 2216/111/1656 2571/111/1644 2388/111/1643
f 2216/111/1656 2572/111/1642 2395/111/1657
f 2395/111/1657 2396/111/1658 2216/111/1656
f 2396/111/1658 2394/111/1659 2216/111/1656
f 2395/111/1657 2390/111/1649 2217/111/1660
f 2217/111/1660 2573/111/1648 2397/111/1661
f 2397/111/1661 2398/111/1662 2217/111/1660
f 2217/111/1660 2648/111/1663 2395/111/1657
f 2397/111/1661 2392/111/1652 2218/111/1664
f 2392/111/1652 2399/111/1665 2218/111/1664
f 2218/111/1664 2650/111/1666 2400/111/1667
f 2218/111/1664 2649/111/1668 2397/111/1661
f 2219/111/1669 2574/111/1655 2393/111/1654
f 2393/111/1654 2394/111/1659 2219/111/1669
f 2219/111/1669 2647/111/1670 2401/111/1671
f 2401/111/1671 2399/111/1665 2219/111/1669
f 2402/111/1672 2396/111/1658 2220/111/1673
f 2396/111/1658 2403/111/1674 2220/111/1673
f 2220/111/1673 2652/111/1675 2404/111/1676
f 2220/111/1673 2651/111/1677 2402/111/1672
f 2403/111/1674 2398/111/1662 2221/111/1678
f 2221/111/1678 2649/111/1668 2405/111/1679
f 2221/111/1678 2653/111/1680 2406/111/1681
f 2221/111/1678 2652/111/1675 2403/111/1674
f 2405/111/1679 2400/111/1667 2222/111/1682
f 2400/111/1667 2407/111/1683 2222/111/1682
f 2222/111/1682 2654/111/1684 2408/111/1685
f 2222/111/1682 2653/111/1680 2405/111/1679
f 2223/111/1686 2650/111/1666 2401/111/1671
f 2401/111/1671 2402/111/1672 2223/111/1686
f 2223/111/1686 2651/111/1677 2409/111/1687
f 2223/111/1686 2654/111/1684 2407/111/1683
f 2410/111/1688 2404/111/1676 2224/111/1676
f 2404/111/1676 2411/111/1689 2224/111/1676
f 2224/111/1676 2576/111/1690 2316/111/1458
f 2224/111/1676 2575/111/1691 2410/111/1688
f 2411/111/1689 2406/111/1681 2225/111/1692
f 2406/111/1681 2412/111/1680 2225/111/1692
f 2225/111/1692 2577/111/1693 2317/111/1460
f 2225/111/1692 2576/111/1690 2411/111/1689
f 2412/111/1680 2408/111/1685 2226/111/1685
f 2408/111/1685 2413/111/1684 2226/111/1685
f 2226/111/1685 2578/111/1694 2318/111/1461
f 2226/111/1685 2577/111/1693 2412/111/1680
f 2413/111/1684 2409/111/1687 2227/111/1687
f 2409/111/1687 2410/111/1688 2227/111/1687
f 2227/111/1687 2575/111/1691 2315/111/1457
f 2227/111/1687 2578/111/1694 2413/111/1684
f 2228/111/1695 2579/111/1469 2322/111/1468
f 2228/111/1695 2580/111/1467 2415/111/1696
f 2228/111/1695 2584/111/1697 2416/111/1698
f 2228/111/1695 2583/111/1699 2414/111/1700
f 2229/111/1701 2580/111/1467 2321/111/1466
f 2229/111/1701 2581/111/1465 2417/111/1702
f 2229/111/1701 2585/111/1703 2418/111/1704
f 2418/111/1704 2415/111/1696 2229/111/1701
f 2230/111/1705 2581/111/1465 2320/111/1464
f 2230/111/1705 2582/111/1463 2419/111/1706
f 2419/111/1706 2420/111/1707 2230/111/1705
f 2420/111/1707 2417/111/1702 2230/111/1705
f 2231/111/1708 2582/111/1463 2319/111/1470
f 2231/111/1708 2579/111/1469 2414/111/1700
f 2414/111/1700 2421/111/1709 2231/111/1708
f 2231/111/1708 2586/111/1710 2419/111/1706
f 2232/111/1711 2583/111/1699 2416/111/1698
f 2232/111/1711 2584/111/1697 2423/111/1712
f 2423/111/1712 2424/111/1713 2232/111/1711
f 2424/111/1713 2422/111/1714 2232/111/1711
f 2423/111/1712 2418/111/1704 2233/111/1715
f 2233/111/1715 2585/111/1703 2425/111/1716
f 2425/111/1716 2426/111/1717 2233/111/1715
f 2233/111/1715 2656/111/1718 2423/111/1712
f 2425/111/1716 2420/111/1707 2234/111/1719
f 2420/111/1707 2427/111/1720 2234/111/1719
f 2234/111/1719 2658/111/1721 2428/111/1722
f 2234/111/1719 2657/111/1723 2425/111/1716
f 2235/111/1724 2586/111/1710 2421/111/1709
f 2421/111/1709 2422/111/1714 2235/111/1724
f 2235/111/1724 2655/111/1725 2429/111/1726
f 2429/111/1726 2427/111/1720 2235/111/1724
f 2430/111/1727 2424/111/1713 2236/111/1728
f 2424/111/1713 2431/111/1729 2236/111/1728
f 2236/111/1728 2660/111/1730 2432/111/1731
f 2236/111/1728 2659/111/1732 2430/111/1727
f 2431/111/1729 2426/111/1717 2237/111/1733
f 2237/111/1733 2657/111/1723 2433/111/1734
f 2237/111/1733 2661/111/1735 2434/111/1736
f 2237/111/1733 2660/111/1730 2431/111/1729
f 2433/111/1734 2428/111/1722 2238/111/1737
f 2428/111/1722 2435/111/1738 2238/111/1737
f 2238/111/1737 2662/111/1739 2436/111/1740
f 2238/111/1737 2661/111/1735 2433/111/1734
f 2239/111/1741 2658/111/1721 2429/111/1726
f 2429/111/1726 2430/111/1727 2239/111/1741
f 2239/111/1741 2659/111/1732 2437/111/1742
f 2239/111/1741 2662/111/1739 2435/111/1738
f 2438/111/1732 2432/111/1731 2240/111/1731
f 2432/111/1731 2439/111/1730 2240/111/1731
f 2240/111/1731 2588/111/1743 2324/111/1472
f 2240/111/1731 2587/111/1744 2438/111/1732
f 2439/111/1730 2434/111/1736 2241/111/1736
f 2434/111/1736 2440/111/1735 2241/111/1736
f 2241/111/1736 2589/111/1745 2325/111/1474
f 2241/111/1736 2588/111/1743 2439/111/1730
f 2440/111/1735 2436/111/1740 2242/111/1740
f 2436/111/1740 2441/111/1739 2242/111/1740
f 2242/111/1740 2590/111/1746 2326/111/1475
f 2242/111/1740 2589/111/1745 2440/111/1735
f 2441/111/1739 2437/111/1742 2243/111/1742
f 2437/111/1742 2438/111/1732 2243/111/1742
f 2243/111/1742 2587/111/1744 2323/111/1471
f 2243/111/1742 2590/111/1746 2441/111/1739
f 2244/111/1747 2591/111/1483 2330/111/1482
f 2244/111/1747 2592/111/1481 2443/111/1748
f 2244/111/1747 2596/111/1749 2444/111/1750
f 2244/111/1747 2595/111/1751 2442/111/1752
f 2245/111/1753 2592/111/1481 2329/111/1480
f 2245/111/1753 2593/111/1479 2445/111/1754
f 2245/111/1753 2597/111/1755 2446/111/1756
f 2446/111/1756 2443/111/1748 2245/111/1753
f 2246/111/1757 2593/111/1479 2328/111/1478
f 2246/111/1757 2594/111/1477 2447/111/1758
f 2447/111/1758 2448/111/1759 2246/111/1757
f 2448/111/1759 2445/111/1754 2246/111/1757
f 2247/111/1760 2594/111/1477 2327/111/1484
f 2247/111/1760 2591/111/1483 2442/111/1752
f 2442/111/1752 2449/111/1761 2247/111/1760
f 2247/111/1760 2598/111/1762 2447/111/1758
f 2248/111/1763 2595/111/1751 2444/111/1750
f 2248/111/1763 2596/111/1749 2451/111/1764
f 2451/111/1764 2452/111/1765 2248/111/1763
f 2452/111/1765 2450/111/1766 2248/111/1763
f 2451/111/1764 2446/111/1756 2249/111/1767
f 2249/111/1767 2597/111/1755 2453/111/1768
f 2453/111/1768 2454/111/1769 2249/111/1767
f 2249/111/1767 2664/111/1770 2451/111/1764
f 2453/111/1768 2448/111/1759 2250/111/1771
f 2448/111/1759 2455/111/1772 2250/111/1771
f 2250/111/1771 2666/111/1773 2456/111/1774
f 2250/111/1771 2665/111/1775 2453/111/1768
f 2251/111/1776 2598/111/1762 2449/111/1761
f 2449/111/1761 2450/111/1766 2251/111/1776
f 2251/111/1776 2663/111/1777 2457/111/1778
f 2457/111/1778 2455/111/1772 2251/111/1776
f 2458/111/1779 2452/111/1765 2252/111/1780
f 2452/111/1765 2459/111/1781 2252/111/1780
f 2252/111/1780 2668/111/1782 2460/111/1783
f 2252/111/1780 2667/111/1784 2458/111/1779
f 2459/111/1781 2454/111/1769 2253/111/1785
f 2253/111/1785 2665/111/1775 2461/111/1786
f 2253/111/1785 2669/111/1787 2462/111/1788
f 2253/111/1785 2668/111/1782 2459/111/1781
f 2461/111/1786 2456/111/1774 2254/111/1789
f 2456/111/1774 2463/111/1790 2254/111/1789
f 2254/111/1789 2670/111/1791 2464/111/1792
f 2254/111/1789 2669/111/1787 2461/111/1786
f 2255/111/1793 2666/111/1773 2457/111/1778
f 2457/111/1778 2458/111/1779 2255/111/1793
f 2255/111/1793 2667/111/1784 2465/111/1794
f 2255/111/1793 2670/111/1791 2463/111/1790
f 2466/111/1795 2460/111/1783 2256/111/1796
f 2460/111/1783 2467/111/1797 2256/111/1796
f 2256/111/1796 2600/111/1798 2332/111/1486
f 2256/111/1796 2599/111/1799 2466/111/1795
f 2467/111/1797 2462/111/1788 2257/111/1788
f 2462/111/1788 2468/111/1787 2257/111/1788
f 2257/111/1788 2601/111/1800 2333/111/1488
f 2257/111/1788 2600/111/1798 2467/111/1797
f 2468/111/1787 2464/111/1792 2258/111/1801
f 2464/111/1792 2469/111/1791 2258/111/1801
f 2258/111/1801 2602/111/1802 2334/111/1489
f 2258/111/1801 2601/111/1800 2468/111/1787
f 2469/111/1791 2465/111/1794 2259/111/1794
f 2465/111/1794 2466/111/1795 2259/111/1794
f 2259/111/1794 2599/111/1799 2331/111/1485
f 2259/111/1794 2602/111/1802 2469/111/1791
f 2260/111/1803 2603/111/1497 2338/111/1496
f 2260/111/1803 2604/111/1495 2471/111/1804
f 2260/111/1803 2608/111/1805 2472/111/1806
f 2260/111/1803 2607/111/1807 2470/111/1808
f 2261/111/1809 2604/111/1495 2337/111/1494
f 2261/111/1809 2605/111/1493 2473/111/1810
f 2261/111/1809 2609/111/1811 2474/111/1812
f 2474/111/1812 2471/111/1804 2261/111/1809
f 2262/111/1813 2605/111/1493 2336/111/1492
f 2262/111/1813 2606/111/1491 2475/111/1814
f 2475/111/1814 2476/111/1815 2262/111/1813
f 2476/111/1815 2473/111/1810 2262/111/1813
f 2263/111/1816 2606/111/1491 2335/111/1498
f 2263/111/1816 2603/111/1497 2470/111/1808
f 2470/111/1808 2477/111/1817 2263/111/1816
f 2263/111/1816 2610/111/1818 2475/111/1814
f 2264/111/1819 2607/111/1807 2472/111/1806
f 2264/111/1819 2608/111/1805 2479/111/1820
f 2479/111/1820 2480/111/1821 2264/111/1819
f 2480/111/1821 2478/111/1822 2264/111/1819
f 2479/111/1820 2474/111/1812 2265/111/1823
f 2265/111/1823 2609/111/1811 2481/111/1824
f 2481/111/1824 2482/111/1825 2265/111/1823
f 2265/111/1823 2672/111/1826 2479/111/1820
f 2481/111/1824 2476/111/1815 2266/111/1827
f 2476/111/1815 2483/111/1828 2266/111/1827
f 2266/111/1827 2674/111/1829 2484/111/1830
f 2266/111/1827 2673/111/1831 2481/111/1824
f 2267/111/1832 2610/111/1818 2477/111/1817
f 2477/111/1817 2478/111/1822 2267/111/1832
f 2267/111/1832 2671/111/1833 2485/111/1834
f 2485/111/1834 2483/111/1828 2267/111/1832
f 2486/111/1835 2480/111/1821 2268/111/1836
f 2480/111/1821 2487/111/1837 2268/111/1836
f 2268/111/1836 2676/111/1838 2488/111/1839
f 2268/111/1836 2675/111/1840 2486/111/1835
f 2487/111/1837 2482/111/1825 2269/111/1841
f 2269/111/1841 2673/111/1831 2489/111/1842
f 2269/111/1841 2677/111/1843 2490/111/1844
f 2269/111/1841 2676/111/1838 2487/111/1837
f 2489/111/1842 2484/111/1830 2270/111/1845
f 2484/111/1830 2491/111/1846 2270/111/1845
f 2270/111/1845 2678/111/1847 2492/111/1848
f 2270/111/1845 2677/111/1843 2489/111/1842
f 2271/111/1849 2674/111/1829 2485/111/1834
f 2485/111/1834 2486/111/1835 2271/111/1849
f 2271/111/1849 2675/111/1840 2493/111/1850
f 2271/111/1849 2678/111/1847 2491/111/1846
f 2494/111/1840 2488/111/1839 2272/111/1839
f 2488/111/1839 2495/111/1838 2272/111/1839
f 2272/111/1839 2612/111/1851 2340/111/1500
f 2272/111/1839 2611/111/1852 2494/111/1840
f 2495/111/1838 2490/111/1844 2273/111/1844
f 2490/111/1844 2496/111/1843 2273/111/1844
f 2273/111/1844 2613/111/1853 2341/111/1502
f 2273/111/1844 2612/111/1851 2495/111/1838
f 2496/111/1843 2492/111/1848 2274/111/1848
f 2492/111/1848 2497/111/1847 2274/111/1848
f 2274/111/1848 2614/111/1854 2342/111/1503
f 2274/111/1848 2613/111/1853 2496/111/1843
f 2497/111/1847 2493/111/1850 2275/111/1850
f 2493/111/1850 2494/111/1840 2275/111/1850
f 2275/111/1850 2611/111/1852 2339/111/1499
f 2275/111/1850 2614/111/1854 2497/111/1847
f 2276/111/1855 2615/111/1511 2346/111/1510
f 2276/111/1855 2616/111/1509 2499/111/1856
f 2276/111/1855 2620/111/1857 2500/111/1858
f 2276/111/1855 2619/111/1859 2498/111/1860
f 2277/111/1861 2616/111/1509 2345/111/1508
f 2277/111/1861 2617/111/1507 2501/111/1862
f 2277/111/1861 2621/111/1863 2502/111/1864
f 2502/111/1864 2499/111/1856 2277/111/1861
f 2278/111/1865 2617/111/1507 2344/111/1506
f 2278/111/1865 2618/111/1505 2503/111/1866
f 2503/111/1866 2504/111/1867 2278/111/1865
f 2504/111/1867 2501/111/1862 2278/111/1865
f 2279/111/1868 2618/111/1505 2343/111/1512
f 2279/111/1868 2615/111/1511 2498/111/1860
f 2498/111/1860 2505/111/1869 2279/111/1868
f 2279/111/1868 2622/111/1870 2503/111/1866
f 2280/111/1871 2619/111/1859 2500/111/1858
f 2280/111/1871 2620/111/1857 2507/111/1872
f 2507/111/1872 2508/111/1873 2280/111/1871
f 2508/111/1873 2506/111/1874 2280/111/1871
f 2507/111/1872 2502/111/1864 2281/111/1875
f 2281/111/1875 2621/111/1863 2509/111/1876
f 2509/111/1876 2510/111/1877 2281/111/1875
f 2281/111/1875 2680/111/1878 2507/111/1872
f 2509/111/1876 2504/111/1867 2282/111/1879
f 2504/111/1867 2511/111/1880 2282/111/1879
f 2282/111/1879 2682/111/1881 2512/111/1882
f 2282/111/1879 2681/111/1883 2509/111/1876
f 2283/111/1884 2622/111/1870 2505/111/1869
f 2505/111/1869 2506/111/1874 2283/111/1884
f 2283/111/1884 2679/111/1885 2513/111/1886
f 2513/111/1886 2511/111/1880 2283/111/1884
f 2514/111/1887 2508/111/1873 2284/111/1888
f 2508/111/1873 2515/111/1889 2284/111/1888
f 2284/111/1888 2684/111/1890 2516/111/1891
f 2284/111/1888 2683/111/1892 2514/111/1887
f 2515/111/1889 2510/111/1877 2285/111/1893
f 2285/111/1893 2681/111/1883 2517/111/1894
f 2285/111/1893 2685/111/1895 2518/111/1896
f 2285/111/1893 2684/111/1890 2515/111/1889
f 2517/111/1894 2512/111/1882 2286/111/1897
f 2512/111/1882 2519/111/1898 2286/111/1897
f 2286/111/1897 2686/111/1899 2520/111/1900
f 2286/111/1897 2685/111/1895 2517/111/1894
f 2287/111/1901 2682/111/1881 2513/111/1886
f 2513/111/1886 2514/111/1887 2287/111/1901
f 2287/111/1901 2683/111/1892 2521/111/1902
f 2287/111/1901 2686/111/1899 2519/111/1898
f 2522/111/1892 2516/111/1891 2288/111/1891
f 2516/111/1891 2523/111/1890 2288/111/1891
f 2288/111/1891 2624/111/1903 2348/111/1514
f 2288/111/1891 2623/111/1904 2522/111/1892
f 2523/111/1890 2518/111/1896 2289/111/1896
f 2518/111/1896 2524/111/1895 2289/111/1896
f 2289/111/1896 2625/111/1905 2349/111/1516
f 2289/111/1896 2624/111/1903 2523/111/1890
f 2524/111/1895 2520/111/1900 2290/111/1900
f 2520/111/1900 2525/111/1899 2290/111/1900
f 2290/111/1900 2626/111/1906 2350/111/1517
f 2290/111/1900 2625/111/1905 2524/111/1895
f 2525/111/1899 2521/111/1902 2291/111/1902
f 2521/111/1902 2522/111/1892 2291/111/1902
f 2291/111/1902 2623/111/1904 2347/111/1513
f 2291/111/1902 2626/111/1906 2525/111/1899
f 2292/111/1907 2627/111/1525 2354/111/1524
f 2292/111/1907 2628/111/1523 2527/111/1908
f 2292/111/1907 2632/111/1909 2528/111/1910
f 2292/111/1907 2631/111/1911 2526/111/1912
f 2293/111/1913 2628/111/1523 2353/111/1522
f 2293/111/1913 2629/111/1521 2529/111/1914
f 2293/111/1913 2633/111/1915 2530/111/1916
f 2530/111/1916 2527/111/1908 2293/111/1913
f 2294/111/1917 2629/111/1521 2352/111/1520
f 2294/111/1917 2630/111/1519 2531/111/1918
f 2531/111/1918 2532/111/1919 2294/111/1917
f 2532/111/1919 2529/111/1914 2294/111/1917
f 2295/111/1920 2630/111/1519 2351/111/1526
f 2295/111/1920 2627/111/1525 2526/111/1912
f 2526/111/1912 2533/111/1921 2295/111/1920
f 2295/111/1920 2634/111/1922 2531/111/1918
f 2296/111/1923 2631/111/1911 2528/111/1910
f 2296/111/1923 2632/111/1909 2535/111/1924
f 2535/111/1924 2536/111/1925 2296/111/1923
f 2536/111/1925 2534/111/1926 2296/111/1923
f 2535/111/1924 2530/111/1916 2297/111/1927
f 2297/111/1927 2633/111/1915 2537/111/1928
f 2537/111/1928 2538/111/1929 2297/111/1927
f 2297/111/1927 2688/111/1930 2535/111/1924
f 2537/111/1928 2532/111/1919 2298/111/1931
f 2532/111/1919 2539/111/1932 2298/111/1931
f 2298/111/1931 2690/111/1933 2540/111/1934
f 2298/111/1931 2689/111/1935 2537/111/1928
f 2299/111/1936 2634/111/1922 2533/111/1921
f 2533/111/1921 2534/111/1926 2299/111/1936
f 2299/111/1936 2687/111/1937 2541/111/1938
f 2541/111/1938 2539/111/1932 2299/111/1936
f 2542/111/1939 2536/111/1925 2300/111/1940
f 2536/111/1925 2543/111/1941 2300/111/1940
f 2300/111/1940 2692/111/1942 2544/111/1943
f 2300/111/1940 2691/111/1944 2542/111/1939
f 2543/111/1941 2538/111/1929 2301/111/1945
f 2301/111/1945 2689/111/1935 2545/111/1946
f 2301/111/1945 2693/111/1947 2546/111/1948
f 2301/111/1945 2692/111/1942 2543/111/1941
f 2545/111/1946 2540/111/1934 2302/111/1949
f 2540/111/1934 2547/111/1950 2302/111/1949
f 2302/111/1949 2694/111/1951 2548/111/1952
f 2302/111/1949 2693/111/1947 2545/111/1946
f 2303/111/1953 2690/111/1933 2541/111/1938
f 2541/111/1938 2542/111/1939 2303/111/1953
f 2303/111/1953 2691/111/1944 2549/111/1954
f 2303/111/1953 2694/111/1951 2547/111/1950
f 2550/111/1944 2544/111/1943 2304/111/1955
f 2544/111/1943 2551/111/1942 2304/111/1955
f 2304/111/1955 2636/111/1956 2356/111/1528
f 2304/111/1955 2635/111/1957 2550/111/1944
f 2551/111/1942 2546/111/1948 2305/111/1948
f 2546/111/1948 2552/111/1958 2305/111/1948
f 2305/111/1948 2637/111/1959 2357/111/1530
f 2305/111/1948 2636/111/1956 2551/111/1942
f 2552/111/1958 2548/111/1952 2306/111/1952
f 2548/111/1952 2553/111/1960 2306/111/1952
f 2306/111/1952 2638/111/1961 2358/111/1531
f 2306/111/1952 2637/111/1959 2552/111/1958
f 2553/111/1960 2549/111/1954 2307/111/1954
f 2549/111/1954 2550/111/1944 2307/111/1954
f 2307/111/1954 2635/111/1957 2355/111/1527
f 2307/111/1954 2638/111/1961 2553/111/1960
f 2695/111/1424 3087/111/1534 2831/111/1533
f 2697/111/1436 3092/111/1592 2835/111/1591
f 2838/111/1446 2841/111/1447 2698/111/1445
f 2699/111/1962 3101/111/1963 2842/111/1964
f 2699/111/1962 3100/111/1965 2843/111/1966
f 2699/111/1962 3099/111/1967 2844/111/1968
f 2699/111/1962 3098/111/1969 2845/111/1970
f 2847/111/1971 2846/111/1972 2700/111/1973
f 2848/111/1974 2847/111/1971 2700/111/1973
f 2849/111/1975 2848/111/1974 2700/111/1973
f 2846/111/1972 2849/111/1975 2700/111/1973
f 2701/111/1976 3113/111/1977 2850/111/1978
f 2701/111/1976 3112/111/1979 2851/111/1980
f 2701/111/1976 3111/111/1981 2852/111/1982
f 2701/111/1976 3110/111/1983 2853/111/1984
f 2855/111/1985 2854/111/1986 2702/111/1987
f 2856/111/1988 2855/111/1985 2702/111/1987
f 2857/111/1989 2856/111/1988 2702/111/1987
f 2854/111/1986 2857/111/1989 2702/111/1987
f 2703/111/1990 3125/111/1991 2858/111/1992
f 2703/111/1990 3124/111/1993 2859/111/1994
f 2703/111/1990 3123/111/1995 2860/111/1996
f 2703/111/1990 3122/111/1997 2861/111/1998
f 2863/111/1999 2862/111/2000 2704/111/2001
f 2864/111/2002 2863/111/1999 2704/111/2001
f 2865/111/2003 2864/111/2002 2704/111/2001
f 2862/111/2000 2865/111/2003 2704/111/2001
f 2705/111/2004 3137/111/2005 2866/111/2006
f 2705/111/2004 3136/111/2007 2867/111/2008
f 2705/111/2004 3135/111/2009 2868/111/2010
f 2705/111/2004 3134/111/2011 2869/111/2012
f 2871/111/2013 2870/111/2014 2706/111/2015
f 2872/111/2016 2871/111/2013 2706/111/2015
f 2873/111/2017 2872/111/2016 2706/111/2015
f 2870/111/2014 2873/111/2017 2706/111/2015
f 2707/111/2018 3149/111/2019 2874/111/2020
f 2707/111/2018 3148/111/2021 2875/111/2022
f 2707/111/2018 3147/111/2023 2876/111/2024
f 2707/111/2018 3146/111/2025 2877/111/2026
f 2879/111/2027 2878/111/2028 2708/111/2029
f 2880/111/2030 2879/111/2027 2708/111/2029
f 2881/111/2031 2880/111/2030 2708/111/2029
f 2878/111/2028 2881/111/2031 2708/111/2029
f 2709/111/2032 3161/111/2033 2882/111/2034
f 2709/111/2032 3160/111/2035 2883/111/2036
f 2709/111/2032 3159/111/2037 2884/111/2038
f 2709/111/2032 3158/111/2039 2885/111/2040
f 2887/111/2041 2886/111/2042 2710/111/2043
f 2888/111/2044 2887/111/2041 2710/111/2043
f 2889/111/2045 2888/111/2044 2710/111/2043
f 2886/111/2042 2889/111/2045 2710/111/2043
f 2711/111/1532 3089/111/1550 2890/111/1546
f 2895/111/1555 2893/111/1544 2716/111/1559
f 2716/111/1559 3171/111/1572 2895/111/1555
f 2897/111/1570 2894/111/1552 2717/111/1566
f 2899/111/1579 2902/111/1578 2722/111/1579
f 2724/111/1588 3091/111/1441 2837/111/1440
f 2724/111/1588 3094/111/2046 2905/111/1600
f 2724/111/1588 3093/111/1604 2906/111/2047
f 2726/111/1603 3094/111/2046 2906/111/2047
f 2910/111/1606 2909/111/1614 2726/111/1603
f 2907/111/1598 2911/111/1617 2727/111/1611
f 2727/111/1611 3174/111/1632 2912/111/1626
f 2913/111/1633 2910/111/1606 2728/111/1619
f 2728/111/1619 3176/111/1634 2913/111/1633
f 2918/111/1624 2916/111/1630 2732/111/1630
f 2732/111/1630 3097/111/1638 2918/111/1624
f 2733/111/2048 3098/111/1969 2919/111/2049
f 2733/111/2048 3099/111/1967 2845/111/1970
f 2733/111/2048 3103/111/2050 2920/111/2051
f 2733/111/2048 3102/111/2052 2921/111/2053
f 2734/111/2054 3099/111/1967 2920/111/2051
f 2734/111/2054 3100/111/1965 2844/111/1968
f 2734/111/2054 3104/111/2055 2922/111/2056
f 2920/111/2051 2923/111/2057 2734/111/2054
f 2735/111/2058 3100/111/1965 2922/111/2056
f 2735/111/2058 3101/111/1963 2843/111/1966
f 2925/111/2059 2924/111/2060 2735/111/2058
f 2922/111/2056 2925/111/2059 2735/111/2058
f 2736/111/2061 3101/111/1963 2924/111/2060
f 2736/111/2061 3098/111/1969 2842/111/1964
f 2926/111/2062 2919/111/2049 2736/111/2061
f 2736/111/2061 3105/111/2063 2926/111/2062
f 2737/111/2064 3102/111/2052 2927/111/2065
f 2737/111/2064 3103/111/2050 2921/111/2053
f 2929/111/2066 2928/111/2067 2737/111/2064
f 2927/111/2065 2929/111/2066 2737/111/2064
f 2923/111/2057 2928/111/2067 2738/111/2068
f 2738/111/2068 3104/111/2055 2923/111/2057
f 2931/111/2069 2930/111/2070 2738/111/2068
f 2738/111/2068 3179/111/2071 2931/111/2069
f 2925/111/2059 2930/111/2070 2739/111/2072
f 2932/111/2073 2925/111/2059 2739/111/2072
f 2739/111/2072 3181/111/2074 2932/111/2073
f 2739/111/2072 3180/111/2075 2933/111/2076
f 2740/111/2077 3105/111/2063 2932/111/2073
f 2927/111/2065 2926/111/2062 2740/111/2077
f 2740/111/2077 3178/111/2078 2927/111/2065
f 2932/111/2073 2934/111/2079 2740/111/2077
f 2929/111/2066 2935/111/2080 2741/111/2081
f 2936/111/2082 2929/111/2066 2741/111/2081
f 2741/111/2081 3183/111/2083 2936/111/2082
f 2741/111/2081 3182/111/2084 2937/111/2085
f 2931/111/2069 2936/111/2082 2742/111/2086
f 2742/111/2086 3180/111/2075 2931/111/2069
f 2742/111/2086 3184/111/2087 2938/111/2088
f 2742/111/2086 3183/111/2083 2939/111/2089
f 2933/111/2076 2938/111/2088 2743/111/2090
f 2940/111/2091 2933/111/2076 2743/111/2090
f 2743/111/2090 3185/111/2092 2940/111/2091
f 2743/111/2090 3184/111/2087 2941/111/2093
f 2744/111/2094 3181/111/2074 2940/111/2091
f 2935/111/2080 2934/111/2079 2744/111/2094
f 2744/111/2094 3182/111/2084 2935/111/2080
f 2744/111/2094 3185/111/2092 2942/111/2095
f 2937/111/2085 2943/111/2084 2745/111/2085
f 2944/111/2096 2937/111/2085 2745/111/2085
f 2745/111/2085 3107/111/2097 2944/111/2096
f 2745/111/2085 3106/111/2098 2847/111/1971
f 2939/111/2089 2944/111/2096 2746/111/2099
f 2945/111/2087 2939/111/2089 2746/111/2099
f 2746/111/2099 3108/111/2100 2945/111/2087
f 2746/111/2099 3107/111/2097 2848/111/1974
f 2941/111/2093 2945/111/2087 2747/111/2093
f 2946/111/2092 2941/111/2093 2747/111/2093
f 2747/111/2093 3109/111/2101 2946/111/2092
f 2747/111/2093 3108/111/2100 2849/111/1975
f 2942/111/2095 2946/111/2092 2748/111/2095
f 2943/111/2084 2942/111/2095 2748/111/2095
f 2748/111/2095 3106/111/2098 2943/111/2084
f 2748/111/2095 3109/111/2101 2846/111/1972
f 2749/111/2102 3110/111/1983 2947/111/2103
f 2749/111/2102 3111/111/1981 2853/111/1984
f 2749/111/2102 3115/111/2104 2948/111/2105
f 2749/111/2102 3114/111/2106 2949/111/2107
f 2750/111/2108 3111/111/1981 2948/111/2105
f 2750/111/2108 3112/111/1979 2852/111/1982
f 2750/111/2108 3116/111/2109 2950/111/2110
f 2948/111/2105 2951/111/2111 2750/111/2108
f 2751/111/2112 3112/111/1979 2950/111/2110
f 2751/111/2112 3113/111/1977 2851/111/1980
f 2953/111/2113 2952/111/2114 2751/111/2112
f 2950/111/2110 2953/111/2113 2751/111/2112
f 2752/111/2115 3113/111/1977 2952/111/2114
f 2752/111/2115 3110/111/1983 2850/111/1978
f 2954/111/2116 2947/111/2103 2752/111/2115
f 2752/111/2115 3117/111/2117 2954/111/2116
f 2753/111/2118 3114/111/2106 2955/111/2119
f 2753/111/2118 3115/111/2104 2949/111/2107
f 2957/111/2120 2956/111/2121 2753/111/2118
f 2955/111/2119 2957/111/2120 2753/111/2118
f 2951/111/2111 2956/111/2121 2754/111/2122
f 2754/111/2122 3116/111/2109 2951/111/2111
f 2959/111/2123 2958/111/2124 2754/111/2122
f 2754/111/2122 3187/111/2125 2959/111/2123
f 2953/111/2113 2958/111/2124 2755/111/2126
f 2960/111/2127 2953/111/2113 2755/111/2126
f 2755/111/2126 3189/111/2128 2960/111/2127
f 2755/111/2126 3188/111/2129 2961/111/2130
f 2756/111/2131 3117/111/2117 2960/111/2127
f 2955/111/2119 2954/111/2116 2756/111/2131
f 2756/111/2131 3186/111/2132 2955/111/2119
f 2960/111/2127 2962/111/2133 2756/111/2131
f 2957/111/2120 2963/111/2134 2757/111/2135
f 2964/111/2136 2957/111/2120 2757/111/2135
f 2757/111/2135 3191/111/2137 2964/111/2136
f 2757/111/2135 3190/111/2138 2965/111/2139
f 2959/111/2123 2964/111/2136 2758/111/2140
f 2758/111/2140 3188/111/2129 2959/111/2123
f 2758/111/2140 3192/111/2141 2966/111/2142
f 2758/111/2140 3191/111/2137 2967/111/2143
f 2961/111/2130 2966/111/2142 2759/111/2144
f 2968/111/2145 2961/111/2130 2759/111/2144
f 2759/111/2144 3193/111/2146 2968/111/2145
f 2759/111/2144 3192/111/2141 2969/111/2147
f 2760/111/2148 3189/111/2128 2968/111/2145
f 2963/111/2134 2962/111/2133 2760/111/2148
f 2760/111/2148 3190/111/2138 2963/111/2134
f 2760/111/2148 3193/111/2146 2970/111/2149
f 2965/111/2139 2971/111/2138 2761/111/2139
f 2972/111/2137 2965/111/2139 2761/111/2139
f 2761/111/2139 3119/111/2150 2972/111/2137
f 2761/111/2139 3118/111/2151 2855/111/1985
f 2967/111/2143 2972/111/2137 2762/111/2143
f 2973/111/2141 2967/111/2143 2762/111/2143
f 2762/111/2143 3120/111/2152 2973/111/2141
f 2762/111/2143 3119/111/2150 2856/111/1988
f 2969/111/2147 2973/111/2141 2763/111/2147
f 2974/111/2146 2969/111/2147 2763/111/2147
f 2763/111/2147 3121/111/2153 2974/111/2146
f 2763/111/2147 3120/111/2152 2857/111/1989
f 2970/111/2149 2974/111/2146 2764/111/2149
f 2971/111/2138 2970/111/2149 2764/111/2149
f 2764/111/2149 3118/111/2151 2971/111/2138
f 2764/111/2149 3121/111/2153 2854/111/1986
f 2765/111/2154 3122/111/1997 2975/111/2155
f 2765/111/2154 3123/111/1995 2861/111/1998
f 2765/111/2154 3127/111/2156 2976/111/2157
f 2765/111/2154 3126/111/2158 2977/111/2159
f 2766/111/2160 3123/111/1995 2976/111/2157
f 2766/111/2160 3124/111/1993 2860/111/1996
f 2766/111/2160 3128/111/2161 2978/111/2162
f 2976/111/2157 2979/111/2163 2766/111/2160
f 2767/111/2164 3124/111/1993 2978/111/2162
f 2767/111/2164 3125/111/1991 2859/111/1994
f 2981/111/2165 2980/111/2166 2767/111/2164
f 2978/111/2162 2981/111/2165 2767/111/2164
f 2768/111/2167 3125/111/1991 2980/111/2166
f 2768/111/2167 3122/111/1997 2858/111/1992
f 2982/111/2168 2975/111/2155 2768/111/2167
f 2768/111/2167 3129/111/2169 2982/111/2168
f 2769/111/2170 3126/111/2158 2983/111/2171
f 2769/111/2170 3127/111/2156 2977/111/2159
f 2985/111/2172 2984/111/2173 2769/111/2170
f 2983/111/2171 2985/111/2172 2769/111/2170
f 2979/111/2163 2984/111/2173 2770/111/2174
f 2770/111/2174 3128/111/2161 2979/111/2163
f 2987/111/2175 2986/111/2176 2770/111/2174
f 2770/111/2174 3195/111/2177 2987/111/2175
f 2981/111/2165 2986/111/2176 2771/111/2178
f 2988/111/2179 2981/111/2165 2771/111/2178
f 2771/111/2178 3197/111/2180 2988/111/2179
f 2771/111/2178 3196/111/2181 2989/111/2182
f 2772/111/2183 3129/111/2169 2988/111/2179
f 2983/111/2171 2982/111/2168 2772/111/2183
f 2772/111/2183 3194/111/2184 2983/111/2171
f 2988/111/2179 2990/111/2185 2772/111/2183
f 2985/111/2172 2991/111/2186 2773/111/2187
f 2992/111/2188 2985/111/2172 2773/111/2187
f 2773/111/2187 3199/111/2189 2992/111/2188
f 2773/111/2187 3198/111/2190 2993/111/2191
f 2987/111/2175 2992/111/2188 2774/111/2192
f 2774/111/2192 3196/111/2181 2987/111/2175
f 2774/111/2192 3200/111/2193 2994/111/2194
f 2774/111/2192 3199/111/2189 2995/111/2195
f 2989/111/2182 2994/111/2194 2775/111/2196
f 2996/111/2197 2989/111/2182 2775/111/2196
f 2775/111/2196 3201/111/2198 2996/111/2197
f 2775/111/2196 3200/111/2193 2997/111/2199
f 2776/111/2200 3197/111/2180 2996/111/2197
f 2991/111/2186 2990/111/2185 2776/111/2200
f 2776/111/2200 3198/111/2190 2991/111/2186
f 2776/111/2200 3201/111/2198 2998/111/2201
f 2993/111/2191 2999/111/2202 2777/111/2203
f 3000/111/2189 2993/111/2191 2777/111/2203
f 2777/111/2203 3131/111/2204 3000/111/2189
f 2777/111/2203 3130/111/2205 2863/111/1999
f 2995/111/2195 3000/111/2189 2778/111/2195
f 3001/111/2193 2995/111/2195 2778/111/2195
f 2778/111/2195 3132/111/2206 3001/111/2193
f 2778/111/2195 3131/111/2204 2864/111/2002
f 2997/111/2199 3001/111/2193 2779/111/2207
f 3002/111/2198 2997/111/2199 2779/111/2207
f 2779/111/2207 3133/111/2208 3002/111/2198
f 2779/111/2207 3132/111/2206 2865/111/2003
f 2998/111/2201 3002/111/2198 2780/111/2201
f 2999/111/2202 2998/111/2201 2780/111/2201
f 2780/111/2201 3130/111/2205 2999/111/2202
f 2780/111/2201 3133/111/2208 2862/111/2000
f 2781/111/2209 3134/111/2011 3003/111/2210
f 2781/111/2209 3135/111/2009 2869/111/2012
f 2781/111/2209 3139/111/2211 3004/111/2212
f 2781/111/2209 3138/111/2213 3005/111/2214
f 2782/111/2215 3135/111/2009 3004/111/2212
f 2782/111/2215 3136/111/2007 2868/111/2010
f 2782/111/2215 3140/111/2216 3006/111/2217
f 3004/111/2212 3007/111/2218 2782/111/2215
f 2783/111/2219 3136/111/2007 3006/111/2217
f 2783/111/2219 3137/111/2005 2867/111/2008
f 3009/111/2220 3008/111/2221 2783/111/2219
f 3006/111/2217 3009/111/2220 2783/111/2219
f 2784/111/2222 3137/111/2005 3008/111/2221
f 2784/111/2222 3134/111/2011 2866/111/2006
f 3010/111/2223 3003/111/2210 2784/111/2222
f 2784/111/2222 3141/111/2224 3010/111/2223
f 2785/111/2225 3138/111/2213 3011/111/2226
f 2785/111/2225 3139/111/2211 3005/111/2214
f 3013/111/2227 3012/111/2228 2785/111/2225
f 3011/111/2226 3013/111/2227 2785/111/2225
f 3007/111/2218 3012/111/2228 2786/111/2229
f 2786/111/2229 3140/111/2216 3007/111/2218
f 3015/111/2230 3014/111/2231 2786/111/2229
f 2786/111/2229 3203/111/2232 3015/111/2230
f 3009/111/2220 3014/111/2231 2787/111/2233
f 3016/111/2234 3009/111/2220 2787/111/2233
f 2787/111/2233 3205/111/2235 3016/111/2234
f 2787/111/2233 3204/111/2236 3017/111/2237
f 2788/111/2238 3141/111/2224 3016/111/2234
f 3011/111/2226 3010/111/2223 2788/111/2238
f 2788/111/2238 3202/111/2239 3011/111/2226
f 3016/111/2234 3018/111/2240 2788/111/2238
f 3013/111/2227 3019/111/2241 2789/111/2242
f 3020/111/2243 3013/111/2227 2789/111/2242
f 2789/111/2242 3207/111/2244 3020/111/2243
f 2789/111/2242 3206/111/2245 3021/111/2246
f 3015/111/2230 3020/111/2243 2790/111/2247
f 2790/111/2247 3204/111/2236 3015/111/2230
f 2790/111/2247 3208/111/2248 3022/111/2249
f 2790/111/2247 3207/111/2244 3023/111/2250
f 3017/111/2237 3022/111/2249 2791/111/2251
f 3024/111/2252 3017/111/2237 2791/111/2251
f 2791/111/2251 3209/111/2253 3024/111/2252
f 2791/111/2251 3208/111/2248 3025/111/2254
f 2792/111/2255 3205/111/2235 3024/111/2252
f 3019/111/2241 3018/111/2240 2792/111/2255
f 2792/111/2255 3206/111/2245 3019/111/2241
f 2792/111/2255 3209/111/2253 3026/111/2256
f 3021/111/2246 3027/111/2245 2793/111/2246
f 3028/111/2244 3021/111/2246 2793/111/2246
f 2793/111/2246 3143/111/2257 3028/111/2244
f 2793/111/2246 3142/111/2258 2871/111/2013
f 3023/111/2250 3028/111/2244 2794/111/2250
f 3029/111/2248 3023/111/2250 2794/111/2250
f 2794/111/2250 3144/111/2259 3029/111/2248
f 2794/111/2250 3143/111/2257 2872/111/2016
f 3025/111/2254 3029/111/2248 2795/111/2254
f 3030/111/2253 3025/111/2254 2795/111/2254
f 2795/111/2254 3145/111/2260 3030/111/2253
f 2795/111/2254 3144/111/2259 2873/111/2017
f 3026/111/2256 3030/111/2253 2796/111/2256
f 3027/111/2245 3026/111/2256 2796/111/2256
f 2796/111/2256 3142/111/2258 3027/111/2245
f 2796/111/2256 3145/111/2260 2870/111/2014
f 2797/111/2261 3146/111/2025 3031/111/2262
f 2797/111/2261 3147/111/2023 2877/111/2026
f 2797/111/2261 3151/111/2263 3032/111/2264
f 2797/111/2261 3150/111/2265 3033/111/2266
f 2798/111/2267 3147/111/2023 3032/111/2264
f 2798/111/2267 3148/111/2021 2876/111/2024
f 2798/111/2267 3152/111/2268 3034/111/2269
f 3032/111/2264 3035/111/2270 2798/111/2267
f 2799/111/2271 3148/111/2021 3034/111/2269
f 2799/111/2271 3149/111/2019 2875/111/2022
f 3037/111/2272 3036/111/2273 2799/111/2271
f 3034/111/2269 3037/111/2272 2799/111/2271
f 2800/111/2274 3149/111/2019 3036/111/2273
f 2800/111/2274 3146/111/2025 2874/111/2020
f 3038/111/2275 3031/111/2262 2800/111/2274
f 2800/111/2274 3153/111/2276 3038/111/2275
f 2801/111/2277 3150/111/2265 3039/111/2278
f 2801/111/2277 3151/111/2263 3033/111/2266
f 3041/111/2279 3040/111/2280 2801/111/2277
f 3039/111/2278 3041/111/2279 2801/111/2277
f 3035/111/2270 3040/111/2280 2802/111/2281
f 2802/111/2281 3152/111/2268 3035/111/2270
f 3043/111/2282 3042/111/2283 2802/111/2281
f 2802/111/2281 3211/111/2284 3043/111/2282
f 3037/111/2272 3042/111/2283 2803/111/2285
f 3044/111/2286 3037/111/2272 2803/111/2285
f 2803/111/2285 3213/111/2287 3044/111/2286
f 2803/111/2285 3212/111/2288 3045/111/2289
f 2804/111/2290 3153/111/2276 3044/111/2286
f 3039/111/2278 3038/111/2275 2804/111/2290
f 2804/111/2290 3210/111/2291 3039/111/2278
f 3044/111/2286 3046/111/2292 2804/111/2290
f 3041/111/2279 3047/111/2293 2805/111/2294
f 3048/111/2295 3041/111/2279 2805/111/2294
f 2805/111/2294 3215/111/2296 3048/111/2295
f 2805/111/2294 3214/111/2297 3049/111/2298
f 3043/111/2282 3048/111/2295 2806/111/2299
f 2806/111/2299 3212/111/2288 3043/111/2282
f 2806/111/2299 3216/111/2300 3050/111/2301
f 2806/111/2299 3215/111/2296 3051/111/2302
f 3045/111/2289 3050/111/2301 2807/111/2303
f 3052/111/2304 3045/111/2289 2807/111/2303
f 2807/111/2303 3217/111/2305 3052/111/2304
f 2807/111/2303 3216/111/2300 3053/111/2306
f 2808/111/2307 3213/111/2287 3052/111/2304
f 3047/111/2293 3046/111/2292 2808/111/2307
f 2808/111/2307 3214/111/2297 3047/111/2293
f 2808/111/2307 3217/111/2305 3054/111/2308
f 3049/111/2298 3055/111/2309 2809/111/2298
f 3056/111/2296 3049/111/2298 2809/111/2298
f 2809/111/2298 3155/111/2310 3056/111/2296
f 2809/111/2298 3154/111/2311 2879/111/2027
f 3051/111/2302 3056/111/2296 2810/111/2302
f 3057/111/2300 3051/111/2302 2810/111/2302
f 2810/111/2302 3156/111/2312 3057/111/2300
f 2810/111/2302 3155/111/2310 2880/111/2030
f 3053/111/2306 3057/111/2300 2811/111/2306
f 3058/111/2305 3053/111/2306 2811/111/2306
f 2811/111/2306 3157/111/2313 3058/111/2305
f 2811/111/2306 3156/111/2312 2881/111/2031
f 3054/111/2308 3058/111/2305 2812/111/2308
f 3055/111/2309 3054/111/2308 2812/111/2308
f 2812/111/2308 3154/111/2311 3055/111/2309
f 2812/111/2308 3157/111/2313 2878/111/2028
f 2813/111/2314 3158/111/2039 3059/111/2315
f 2813/111/2314 3159/111/2037 2885/111/2040
f 2813/111/2314 3163/111/2316 3060/111/2317
f 2813/111/2314 3162/111/2318 3061/111/2319
f 2814/111/2320 3159/111/2037 3060/111/2317
f 2814/111/2320 3160/111/2035 2884/111/2038
f 2814/111/2320 3164/111/2321 3062/111/2322
f 3060/111/2317 3063/111/2323 2814/111/2320
f 2815/111/2324 3160/111/2035 3062/111/2322
f 2815/111/2324 3161/111/2033 2883/111/2036
f 3065/111/2325 3064/111/2326 2815/111/2324
f 3062/111/2322 3065/111/2325 2815/111/2324
f 2816/111/2327 3161/111/2033 3064/111/2326
f 2816/111/2327 3158/111/2039 2882/111/2034
f 3066/111/2328 3059/111/2315 2816/111/2327
f 2816/111/2327 3165/111/2329 3066/111/2328
f 2817/111/2330 3162/111/2318 3067/111/2331
f 2817/111/2330 3163/111/2316 3061/111/2319
f 3069/111/2332 3068/111/2333 2817/111/2330
f 3067/111/2331 3069/111/2332 2817/111/2330
f 3063/111/2323 3068/111/2333 2818/111/2334
f 2818/111/2334 3164/111/2321 3063/111/2323
f 3071/111/2335 3070/111/2336 2818/111/2334
f 2818/111/2334 3219/111/2337 3071/111/2335
f 3065/111/2325 3070/111/2336 2819/111/2338
f 3072/111/2339 3065/111/2325 2819/111/2338
f 2819/111/2338 3221/111/2340 3072/111/2339
f 2819/111/2338 3220/111/2341 3073/111/2342
f 2820/111/2343 3165/111/2329 3072/111/2339
f 3067/111/2331 3066/111/2328 2820/111/2343
f 2820/111/2343 3218/111/2344 3067/111/2331
f 3072/111/2339 3074/111/2345 2820/111/2343
f 3069/111/2332 3075/111/2346 2821/111/2347
f 3076/111/2348 3069/111/2332 2821/111/2347
f 2821/111/2347 3223/111/2349 3076/111/2348
f 2821/111/2347 3222/111/2350 3077/111/2351
f 3071/111/2335 3076/111/2348 2822/111/2352
f 2822/111/2352 3220/111/2341 3071/111/2335
f 2822/111/2352 3224/111/2353 3078/111/2354
f 2822/111/2352 3223/111/2349 3079/111/2355
f 3073/111/2342 3078/111/2354 2823/111/2356
f 3080/111/2357 3073/111/2342 2823/111/2356
f 2823/111/2356 3225/111/2358 3080/111/2357
f 2823/111/2356 3224/111/2353 3081/111/2359
f 2824/111/2360 3221/111/2340 3080/111/2357
f 3075/111/2346 3074/111/2345 2824/111/2360
f 2824/111/2360 3222/111/2350 3075/111/2346
f 2824/111/2360 3225/111/2358 3082/111/2361
f 3077/111/2351 3083/111/2350 2825/111/2351
f 3084/111/2349 3077/111/2351 2825/111/2351
f 2825/111/2351 3167/111/2362 3084/111/2349
f 2825/111/2351 3166/111/2363 2887/111/2041
f 3079/111/2355 3084/111/2349 2826/111/2355
f 3085/111/2364 3079/111/2355 2826/111/2355
f 2826/111/2355 3168/111/2365 3085/111/2364
f 2826/111/2355 3167/111/2362 2888/111/2044
f 3081/111/2359 3085/111/2364 2827/111/2359
f 3086/111/2366 3081/111/2359 2827/111/2359
f 2827/111/2359 3169/111/2367 3086/111/2366
f 2827/111/2359 3168/111/2365 2889/111/2045
f 3082/111/2361 3086/111/2366 2828/111/2361
f 3083/111/2350 3082/111/2361 2828/111/2361
f 2828/111/2361 3166/111/2363 3083/111/2350
f 2828/111/2361 3169/111/2367 2886/111/2042
f 3226/111/2368 3504/111/2369 3317/111/2370
f 3226/111/2368 3503/111/2371 3318/111/2372
f 3226/111/2368 3502/111/2373 3319/111/2374
f 3226/111/2368 3501/111/2375 3316/111/2376
f 3320/111/2377 3321/111/2378 3227/111/2379
f 3321/111/2378 3322/111/2380 3227/111/2379
f 3322/111/2380 3323/111/2381 3227/111/2379
f 3323/111/2381 3320/111/2377 3227/111/2379
f 3324/111/2382 3325/111/2383 3228/111/2384
f 3325/111/2383 3326/111/2385 3228/111/2384
f 3326/111/2385 3327/111/2386 3228/111/2384
f 3327/111/2386 3324/111/2382 3228/111/2384
f 3328/111/2387 3329/111/2388 3229/111/2389
f 3329/111/2388 3330/111/2390 3229/111/2389
f 3229/111/2389 3530/111/2391 3331/111/2392
f 3229/111/2389 3529/111/2393 3328/111/2387
f 3332/111/2394 3333/111/2395 3230/111/2396
f 3333/111/2395 3334/111/2397 3230/111/2396
f 3334/111/2397 3335/111/2398 3230/111/2396
f 3335/111/2398 3332/111/2394 3230/111/2396
f 3231/111/2399 3544/111/2400 3337/111/2401
f 3231/111/2399 3543/111/2402 3338/111/2403
f 3231/111/2399 3542/111/2404 3339/111/2405
f 3231/111/2399 3541/111/2406 3336/111/2407
f 3340/111/2408 3341/111/2409 3232/111/2410
f 3341/111/2409 3342/111/2411 3232/111/2410
f 3342/111/2411 3343/111/2412 3232/111/2410
f 3343/111/2412 3340/111/2408 3232/111/2410
f 3233/111/2413 3556/111/2414 3345/111/2415
f 3233/111/2413 3555/111/2416 3346/111/2417
f 3233/111/2413 3554/111/2418 3347/111/2419
f 3233/111/2413 3553/111/2420 3344/111/2421
f 3234/111/2422 3557/111/2423 3349/111/2424
f 3234/111/2422 3558/111/2425 3350/111/2426
f 3234/111/2422 3559/111/2427 3351/111/2428
f 3234/111/2422 3560/111/2429 3348/111/2430
f 3235/111/2431 3561/111/2432 3353/111/2433
f 3235/111/2431 3562/111/2434 3354/111/2435
f 3235/111/2431 3563/111/2436 3355/111/2437
f 3235/111/2431 3564/111/2438 3352/111/2439
f 3236/111/2440 3509/111/2441 3357/111/2442
f 3357/111/2442 3358/111/2443 3236/111/2440
f 3236/111/2440 3566/111/2444 3359/111/2445
f 3359/111/2445 3356/111/2446 3236/111/2440
f 3237/111/2447 3510/111/2448 3360/111/2449
f 3360/111/2449 3361/111/2450 3237/111/2447
f 3237/111/2447 3567/111/2451 3362/111/2452
f 3237/111/2447 3566/111/2444 3358/111/2443
f 3361/111/2450 3363/111/2453 3238/111/2454
f 3238/111/2454 3512/111/2455 3364/111/2456
f 3364/111/2456 3365/111/2457 3238/111/2454
f 3238/111/2454 3567/111/2451 3361/111/2450
f 3364/111/2456 3366/111/2458 3239/111/2459
f 3366/111/2458 3356/111/2446 3239/111/2459
f 3239/111/2459 3565/111/2460 3367/111/2461
f 3239/111/2459 3568/111/2462 3364/111/2456
f 3368/111/2463 3359/111/2445 3240/111/2464
f 3359/111/2445 3369/111/2465 3240/111/2464
f 3240/111/2464 3570/111/2466 3370/111/2467
f 3240/111/2464 3569/111/2468 3368/111/2463
f 3369/111/2465 3362/111/2452 3241/111/2469
f 3362/111/2452 3371/111/2470 3241/111/2469
f 3241/111/2469 3571/111/2471 3372/111/2472
f 3241/111/2469 3570/111/2466 3369/111/2465
f 3371/111/2470 3365/111/2457 3242/111/2473
f 3365/111/2457 3373/111/2474 3242/111/2473
f 3242/111/2473 3572/111/2475 3374/111/2476
f 3242/111/2473 3571/111/2471 3371/111/2470
f 3373/111/2474 3367/111/2461 3243/111/2477
f 3367/111/2461 3368/111/2463 3243/111/2477
f 3243/111/2477 3569/111/2468 3375/111/2478
f 3243/111/2477 3572/111/2475 3373/111/2474
f 3376/111/2468 3370/111/2467 3244/111/2467
f 3370/111/2467 3377/111/2466 3244/111/2467
f 3244/111/2467 3574/111/2466 3378/111/2467
f 3244/111/2467 3573/111/2468 3376/111/2468
f 3377/111/2466 3372/111/2472 3245/111/2472
f 3372/111/2472 3379/111/2471 3245/111/2472
f 3245/111/2472 3575/111/2471 3380/111/2479
f 3245/111/2472 3574/111/2466 3377/111/2466
f 3379/111/2471 3374/111/2476 3246/111/2476
f 3374/111/2476 3381/111/2475 3246/111/2476
f 3246/111/2476 3576/111/2475 3382/111/2476
f 3246/111/2476 3575/111/2471 3379/111/2471
f 3381/111/2475 3375/111/2478 3247/111/2478
f 3375/111/2478 3376/111/2468 3247/111/2478
f 3247/111/2478 3573/111/2468 3383/111/2478
f 3247/111/2478 3576/111/2475 3381/111/2475
f 3384/111/2468 3378/111/2467 3248/111/2467
f 3378/111/2467 3385/111/2466 3248/111/2467
f 3248/111/2467 3506/111/2480 3321/111/2378
f 3248/111/2467 3505/111/2481 3384/111/2468
f 3385/111/2466 3380/111/2479 3249/111/2472
f 3380/111/2479 3386/111/2471 3249/111/2472
f 3249/111/2472 3507/111/2482 3322/111/2380
f 3249/111/2472 3506/111/2480 3385/111/2466
f 3386/111/2471 3382/111/2476 3250/111/2476
f 3382/111/2476 3387/111/2475 3250/111/2476
f 3250/111/2476 3508/111/2483 3323/111/2381
f 3250/111/2476 3507/111/2482 3386/111/2471
f 3387/111/2475 3383/111/2478 3251/111/2478
f 3383/111/2478 3384/111/2468 3251/111/2478
f 3251/111/2478 3505/111/2481 3320/111/2377
f 3251/111/2478 3508/111/2483 3387/111/2475
f 3252/111/2484 3501/111/2375 3319/111/2374
f 3252/111/2484 3502/111/2373 3389/111/2485
f 3389/111/2485 3390/111/2486 3252/111/2484
f 3252/111/2484 3577/111/2487 3388/111/2488
f 3253/111/2489 3502/111/2373 3318/111/2372
f 3253/111/2489 3503/111/2371 3391/111/2490
f 3391/111/2490 3392/111/2491 3253/111/2489
f 3253/111/2489 3578/111/2492 3389/111/2485
f 3254/111/2493 3503/111/2371 3317/111/2370
f 3254/111/2493 3504/111/2369 3393/111/2494
f 3254/111/2493 3580/111/2495 3394/111/2496
f 3394/111/2496 3391/111/2490 3254/111/2493
f 3255/111/2497 3504/111/2369 3316/111/2376
f 3255/111/2497 3501/111/2375 3388/111/2488
f 3255/111/2497 3577/111/2487 3395/111/2498
f 3395/111/2498 3393/111/2494 3255/111/2497
f 3396/111/2499 3390/111/2486 3256/111/2500
f 3256/111/2500 3578/111/2492 3397/111/2501
f 3256/111/2500 3510/111/2448 3357/111/2442
f 3256/111/2500 3509/111/2441 3396/111/2499
f 3397/111/2501 3392/111/2491 3257/111/2502
f 3257/111/2502 3579/111/2503 3398/111/2504
f 3257/111/2502 3511/111/2505 3360/111/2449
f 3257/111/2502 3510/111/2448 3397/111/2501
f 3258/111/2506 3579/111/2503 3394/111/2496
f 3394/111/2496 3399/111/2507 3258/111/2506
f 3258/111/2506 3512/111/2455 3363/111/2453
f 3258/111/2506 3511/111/2505 3398/111/2504
f 3259/111/2508 3580/111/2495 3395/111/2498
f 3395/111/2498 3396/111/2499 3259/111/2508
f 3259/111/2508 3509/111/2441 3366/111/2458
f 3259/111/2508 3512/111/2455 3399/111/2507
f 3260/111/2509 3513/111/2510 3401/111/2511
f 3260/111/2509 3514/111/2512 3402/111/2513
f 3402/111/2513 3403/111/2514 3260/111/2509
f 3403/111/2514 3400/111/2515 3260/111/2509
f 3402/111/2513 3404/111/2516 3261/111/2517
f 3261/111/2517 3515/111/2518 3405/111/2519
f 3405/111/2519 3406/111/2520 3261/111/2517
f 3261/111/2517 3518/111/2521 3402/111/2513
f 3262/111/2522 3515/111/2518 3407/111/2523
f 3407/111/2523 3408/111/2524 3262/111/2522
f 3262/111/2522 3520/111/2525 3409/111/2526
f 3409/111/2526 3405/111/2519 3262/111/2522
f 3263/111/2527 3516/111/2528 3410/111/2529
f 3410/111/2529 3400/111/2515 3263/111/2527
f 3263/111/2527 3517/111/2530 3411/111/2531
f 3411/111/2531 3408/111/2524 3263/111/2527
f 3264/111/2532 3517/111/2530 3403/111/2514
f 3264/111/2532 3518/111/2521 3413/111/2533
f 3264/111/2532 3522/111/2534 3414/111/2535
f 3414/111/2535 3412/111/2536 3264/111/2532
f 3413/111/2533 3406/111/2520 3265/111/2537
f 3265/111/2537 3519/111/2538 3415/111/2539
f 3415/111/2539 3416/111/2540 3265/111/2537
f 3416/111/2540 3413/111/2533 3265/111/2537
f 3266/111/2541 3519/111/2538 3409/111/2526
f 3409/111/2526 3417/111/2542 3266/111/2541
f 3417/111/2542 3418/111/2543 3266/111/2541
f 3418/111/2543 3415/111/2539 3266/111/2541
f 3267/111/2544 3520/111/2525 3411/111/2531
f 3411/111/2531 3412/111/2536 3267/111/2544
f 3412/111/2536 3419/111/2545 3267/111/2544
f 3267/111/2544 3524/111/2546 3417/111/2542
f 3268/111/2547 3521/111/2548 3414/111/2535
f 3414/111/2535 3421/111/2549 3268/111/2547
f 3268/111/2547 3582/111/2550 3422/111/2551
f 3268/111/2547 3581/111/2552 3420/111/2553
f 3269/111/2554 3522/111/2534 3416/111/2540
f 3416/111/2540 3423/111/2555 3269/111/2554
f 3269/111/2554 3583/111/2556 3424/111/2557
f 3424/111/2557 3421/111/2549 3269/111/2554
f 3423/111/2555 3418/111/2543 3270/111/2558
f 3270/111/2558 3524/111/2546 3425/111/2559
f 3425/111/2559 3426/111/2560 3270/111/2558
f 3270/111/2558 3583/111/2556 3423/111/2555
f 3425/111/2559 3419/111/2545 3271/111/2561
f 3271/111/2561 3521/111/2548 3420/111/2553
f 3420/111/2553 3427/111/2562 3271/111/2561
f 3271/111/2561 3584/111/2563 3425/111/2559
f 3428/111/2564 3422/111/2551 3272/111/2565
f 3422/111/2551 3429/111/2566 3272/111/2565
f 3272/111/2565 3526/111/2567 3325/111/2383
f 3272/111/2565 3525/111/2568 3428/111/2564
f 3273/111/2569 3582/111/2550 3424/111/2557
f 3424/111/2557 3430/111/2570 3273/111/2569
f 3273/111/2569 3527/111/2571 3326/111/2385
f 3273/111/2569 3526/111/2567 3429/111/2566
f 3430/111/2570 3426/111/2560 3274/111/2572
f 3274/111/2572 3584/111/2563 3431/111/2573
f 3274/111/2572 3528/111/2574 3327/111/2386
f 3274/111/2572 3527/111/2571 3430/111/2570
f 3431/111/2573 3427/111/2562 3275/111/2575
f 3275/111/2575 3581/111/2552 3428/111/2564
f 3275/111/2575 3525/111/2568 3324/111/2382
f 3275/111/2575 3528/111/2574 3431/111/2573
f 3276/111/2576 3529/111/2393 3331/111/2392
f 3276/111/2576 3530/111/2391 3433/111/2577
f 3433/111/2577 3434/111/2578 3276/111/2576
f 3434/111/2578 3432/111/2579 3276/111/2576
f 3433/111/2577 3330/111/2390 3277/111/2580
f 3277/111/2580 3531/111/2581 3435/111/2582
f 3435/111/2582 3436/111/2583 3277/111/2580
f 3277/111/2580 3534/111/2584 3433/111/2577
f 3278/111/2585 3531/111/2581 3329/111/2388
f 3278/111/2585 3532/111/2586 3437/111/2587
f 3278/111/2585 3536/111/2588 3438/111/2589
f 3278/111/2585 3535/111/2590 3435/111/2582
f 3279/111/2591 3532/111/2586 3328/111/2387
f 3328/111/2387 3432/111/2579 3279/111/2591
f 3279/111/2591 3533/111/2592 3439/111/2593
f 3439/111/2593 3437/111/2587 3279/111/2591
f 3440/111/2594 3434/111/2578 3280/111/2595
f 3434/111/2578 3441/111/2596 3280/111/2595
f 3280/111/2595 3586/111/2597 3442/111/2598
f 3280/111/2595 3585/111/2599 3440/111/2594
f 3281/111/2600 3534/111/2584 3436/111/2583
f 3436/111/2583 3443/111/2601 3281/111/2600
f 3281/111/2600 3587/111/2602 3444/111/2603
f 3444/111/2603 3441/111/2596 3281/111/2600
f 3282/111/2604 3535/111/2590 3438/111/2589
f 3282/111/2604 3536/111/2588 3445/111/2605
f 3445/111/2605 3446/111/2606 3282/111/2604
f 3446/111/2606 3443/111/2601 3282/111/2604
f 3445/111/2605 3439/111/2593 3283/111/2607
f 3283/111/2607 3533/111/2592 3440/111/2594
f 3440/111/2594 3447/111/2608 3283/111/2607
f 3283/111/2607 3588/111/2609 3445/111/2605
f 3448/111/2610 3442/111/2598 3284/111/2611
f 3442/111/2598 3449/111/2612 3284/111/2611
f 3284/111/2611 3538/111/2613 3333/111/2395
f 3284/111/2611 3537/111/2614 3448/111/2610
f 3285/111/2615 3586/111/2597 3444/111/2603
f 3444/111/2603 3450/111/2616 3285/111/2615
f 3285/111/2615 3539/111/2617 3334/111/2397
f 3285/111/2615 3538/111/2613 3449/111/2612
f 3450/111/2616 3446/111/2606 3286/111/2618
f 3446/111/2606 3451/111/2619 3286/111/2618
f 3286/111/2618 3540/111/2620 3335/111/2398
f 3286/111/2618 3539/111/2617 3450/111/2616
f 3451/111/2619 3447/111/2608 3287/111/2621
f 3287/111/2621 3585/111/2599 3448/111/2610
f 3287/111/2621 3537/111/2614 3332/111/2394
f 3287/111/2621 3540/111/2620 3451/111/2619
f 3288/111/2622 3541/111/2406 3339/111/2405
f 3288/111/2622 3542/111/2404 3453/111/2623
f 3453/111/2623 3454/111/2624 3288/111/2622
f 3454/111/2624 3452/111/2625 3288/111/2622
f 3453/111/2623 3338/111/2403 3289/111/2626
f 3289/111/2626 3543/111/2402 3455/111/2627
f 3455/111/2627 3456/111/2628 3289/111/2626
f 3289/111/2626 3546/111/2629 3453/111/2623
f 3290/111/2630 3543/111/2402 3337/111/2401
f 3290/111/2630 3544/111/2400 3457/111/2631
f 3290/111/2630 3548/111/2632 3458/111/2633
f 3290/111/2630 3547/111/2634 3455/111/2627
f 3291/111/2635 3544/111/2400 3336/111/2407
f 3336/111/2407 3452/111/2625 3291/111/2635
f 3291/111/2635 3545/111/2636 3459/111/2637
f 3459/111/2637 3457/111/2631 3291/111/2635
f 3460/111/2638 3454/111/2624 3292/111/2639
f 3454/111/2624 3461/111/2640 3292/111/2639
f 3292/111/2639 3590/111/2641 3462/111/2642
f 3292/111/2639 3589/111/2643 3460/111/2638
f 3293/111/2644 3546/111/2629 3456/111/2628
f 3456/111/2628 3463/111/2645 3293/111/2644
f 3293/111/2644 3591/111/2646 3464/111/2647
f 3464/111/2647 3461/111/2640 3293/111/2644
f 3294/111/2648 3547/111/2634 3458/111/2633
f 3294/111/2648 3548/111/2632 3465/111/2649
f 3465/111/2649 3466/111/2650 3294/111/2648
f 3466/111/2650 3463/111/2645 3294/111/2648
f 3465/111/2649 3459/111/2637 3295/111/2651
f 3295/111/2651 3545/111/2636 3460/111/2638
f 3460/111/2638 3467/111/2652 3295/111/2651
f 3295/111/2651 3592/111/2653 3465/111/2649
f 3468/111/2654 3462/111/2642 3296/111/2655
f 3462/111/2642 3469/111/2656 3296/111/2655
f 3296/111/2655 3594/111/2657 3470/111/2658
f 3296/111/2655 3593/111/2659 3468/111/2654
f 3297/111/2660 3590/111/2641 3464/111/2647
f 3464/111/2647 3471/111/2661 3297/111/2660
f 3297/111/2660 3595/111/2662 3472/111/2663
f 3297/111/2660 3594/111/2657 3469/111/2656
f 3471/111/2661 3466/111/2650 3298/111/2664
f 3466/111/2650 3473/111/2665 3298/111/2664
f 3298/111/2664 3596/111/2666 3474/111/2667
f 3298/111/2664 3595/111/2662 3471/111/2661
f 3473/111/2665 3467/111/2652 3299/111/2668
f 3299/111/2668 3589/111/2643 3468/111/2654
f 3299/111/2668 3593/111/2659 3475/111/2669
f 3299/111/2668 3596/111/2666 3473/111/2665
f 3476/111/2659 3470/111/2658 3300/111/2658
f 3470/111/2658 3477/111/2657 3300/111/2658
f 3300/111/2658 3550/111/2670 3341/111/2409
f 3300/111/2658 3549/111/2671 3476/111/2659
f 3477/111/2657 3472/111/2663 3301/111/2663
f 3472/111/2663 3478/111/2662 3301/111/2663
f 3301/111/2663 3551/111/2672 3342/111/2411
f 3301/111/2663 3550/111/2670 3477/111/2657
f 3478/111/2662 3474/111/2667 3302/111/2667
f 3474/111/2667 3479/111/2666 3302/111/2667
f 3302/111/2667 3552/111/2673 3343/111/2412
f 3302/111/2667 3551/111/2672 3478/111/2662
f 3479/111/2666 3475/111/2669 3303/111/2669
f 3475/111/2669 3476/111/2659 3303/111/2669
f 3303/111/2669 3549/111/2671 3340/111/2408
f 3303/111/2669 3552/111/2673 3479/111/2666
f 3304/111/2674 3553/111/2420 3347/111/2419
f 3304/111/2674 3554/111/2418 3481/111/2675
f 3481/111/2675 3401/111/2511 3304/111/2674
f 3401/111/2511 3480/111/2676 3304/111/2674
f 3305/111/2677 3554/111/2418 3346/111/2417
f 3305/111/2677 3555/111/2416 3482/111/2678
f 3482/111/2678 3404/111/2516 3305/111/2677
f 3305/111/2677 3514/111/2512 3481/111/2675
f 3306/111/2679 3555/111/2416 3345/111/2415
f 3306/111/2679 3556/111/2414 3483/111/2680
f 3306/111/2679 3516/111/2528 3407/111/2523
f 3407/111/2523 3482/111/2678 3306/111/2679
f 3307/111/2681 3556/111/2414 3344/111/2421
f 3307/111/2681 3553/111/2420 3480/111/2676
f 3307/111/2681 3513/111/2510 3410/111/2529
f 3410/111/2529 3483/111/2680 3307/111/2681
f 3484/111/2682 3485/111/2683 3597/111/2684
f 3484/111/2682 3598/111/2685 3485/111/2683
f 3484/111/2682 3486/111/2686 3598/111/2685
f 3484/111/2682 3599/111/2687 3486/111/2686
f 3484/111/2682 3487/111/2688 3599/111/2687
f 3484/111/2682 3600/111/2689 3487/111/2688
f 3484/111/2682 3488/111/2690 3600/111/2689
f 3484/111/2682 3597/111/2684 3488/111/2690
f 3308/111/2691 3597/111/2684 3485/111/2683
f 3308/111/2691 3598/111/2685 3490/111/2692
f 3308/111/2691 3558/111/2425 3349/111/2424
f 3308/111/2691 3557/111/2423 3489/111/2693
f 3309/111/2694 3598/111/2685 3486/111/2686
f 3309/111/2694 3599/111/2687 3491/111/2695
f 3309/111/2694 3559/111/2427 3350/111/2426
f 3309/111/2694 3558/111/2425 3490/111/2692
f 3310/111/2696 3599/111/2687 3487/111/2688
f 3310/111/2696 3600/111/2689 3492/111/2697
f 3310/111/2696 3560/111/2429 3351/111/2428
f 3310/111/2696 3559/111/2427 3491/111/2695
f 3311/111/2698 3600/111/2689 3488/111/2690
f 3311/111/2698 3597/111/2684 3489/111/2693
f 3311/111/2698 3557/111/2423 3348/111/2430
f 3311/111/2698 3560/111/2429 3492/111/2697
f 3601/111/2699 3493/111/2700 3602/111/2701
f 3601/111/2699 3603/111/2702 3493/111/2700
f 3601/111/2699 3494/111/2703 3603/111/2702
f 3601/111/2699 3604/111/2704 3494/111/2703
f 3601/111/2699 3495/111/2705 3604/111/2704
f 3601/111/2699 3605/111/2706 3495/111/2705
f 3601/111/2699 3496/111/2707 3605/111/2706
f 3601/111/2699 3602/111/2701 3496/111/2707
f 3312/111/2708 3602/111/2701 3493/111/2700
f 3312/111/2708 3603/111/2702 3498/111/2709
f 3312/111/2708 3562/111/2434 3353/111/2433
f 3312/111/2708 3561/111/2432 3497/111/2710
f 3313/111/2711 3603/111/2702 3494/111/2703
f 3313/111/2711 3604/111/2704 3499/111/2712
f 3313/111/2711 3563/111/2436 3354/111/2435
f 3313/111/2711 3562/111/2434 3498/111/2709
f 3314/111/2713 3604/111/2704 3495/111/2705
f 3314/111/2713 3605/111/2706 3500/111/2714
f 3314/111/2713 3564/111/2438 3355/111/2437
f 3314/111/2713 3563/111/2436 3499/111/2712
f 3315/111/2715 3605/111/2706 3496/111/2707
f 3315/111/2715 3602/111/2701 3497/111/2710
f 3315/111/2715 3561/111/2432 3352/111/2439
f 3315/111/2715 3564/111/2438 3500/111/2714
f 3608/112/2716 3626/112/2717 3624/112/2718
f 3613/112/2719 3628/112/2720 3626/112/2717
f 3622/113/2721 3630/113/2722 3629/113/2723
f 3631/112/2722 3608/112/2716 3624/112/2718
f 3619/114/2724 3606/114/2725 3610/114/2726
f 3614/113/2727 3617/113/2728 3622/113/2721
f 3630/113/2722 3607/113/2729 3615/113/2730
f 3629/113/2723 3615/113/2730 3620/113/2731
f 3611/112/2732 3628/112/2720 3621/112/2724
f 3606/114/2725 3632/114/2733 3610/114/2726
f 3637/113/2734 3633/113/2735 3634/113/2736
f 3627/113/2737 3633/113/2735 3636/113/2738
f 3625/113/2718 3634/113/2736 3607/113/2729
f 3627/113/2737 3637/113/2734 3625/113/2718
f 3638/110/2739 3650/110/2740 3640/110/2741
f 3645/110/2742 3648/110/2743 3644/110/2744
f 3640/110/2741 3642/110/2745 3638/110/2739
f 3645/110/2742 3640/110/2741 3641/110/2746
f 3638/110/2739 3643/110/2747 3639/110/2748
f 3643/110/2747 3641/110/2746 3639/110/2748
f 3646/110/2749 3649/110/2750 3647/110/2751
f 3646/110/2749 3643/110/2747 3642/110/2745
f 3643/110/2747 3649/110/2750 3645/110/2742
f 3648/110/2743 3642/110/2745 3644/110/2744
f 3651/110/2752 3653/110/2753 3650/110/2740
f 3641/110/2746 3650/110/2740 3653/110/2753
f 3639/110/2748 3651/110/2752 3638/110/2739
f 3639/110/2748 3653/110/2753 3652/110/2754
f 3666/110/2755 3654/110/2756 3656/110/2757
f 3661/110/2758 3664/110/2759 3665/110/2760
f 3656/110/2757 3658/110/2761 3660/110/2762
f 3656/110/2757 3661/110/2758 3657/110/2763
f 3654/110/2756 3659/110/2764 3658/110/2761
f 3657/110/2763 3659/110/2764 3655/110/2765
f 3662/110/2766 3665/110/2760 3664/110/2759
f 3659/110/2764 3662/110/2766 3658/110/2761
f 3659/110/2764 3665/110/2760 3663/110/2767
f 3658/110/2761 3664/110/2759 3660/110/2762
f 3667/110/2768 3669/110/2769 3668/110/2770
f 3657/110/2763 3666/110/2755 3656/110/2757
f 3667/110/2768 3655/110/2765 3654/110/2756
f 3655/110/2765 3669/110/2769 3657/110/2763
s 0
f 3671/115/493 3672/116/493 3670/117/493
f 3675/118/493 3676/119/493 3674/120/493
s 1
f 3808/121/2771 3693/121/2772 3812/121/2773
f 3813/121/2774 3685/121/2775 3686/121/2776
f 3814/121/2777 3693/121/2772 3694/121/2778
f 3815/121/2779 3686/121/2776 3687/121/2780
f 3816/121/2781 3679/121/2782 3680/121/2783
f 3810/121/2784 3694/121/2778 3679/121/2782
f 3817/121/2785 3687/121/2780 3688/121/2786
f 3818/121/2787 3680/121/2783 3681/121/2788
f 3817/121/2785 3689/121/2789 3819/121/2790
f 3818/121/2787 3682/121/2791 3820/121/2792
f 3819/121/2790 3690/121/2793 3821/121/2794
f 3811/121/2795 3682/121/2791 3683/121/2796
f 3822/121/2797 3690/121/2793 3691/121/2798
f 3811/121/2795 3684/121/2799 3823/121/2800
f 3822/121/2797 3692/121/2801 3808/121/2771
f 3809/121/2802 3684/121/2799 3685/121/2775
f 3699/121/2803 3684/121/2799 3683/121/2796
f 3691/121/2798 3708/121/2804 3692/121/2801
f 3700/121/2805 3685/121/2775 3684/121/2799
f 3692/121/2801 3709/121/2806 3693/121/2772
f 3701/121/2807 3686/121/2776 3685/121/2775
f 3709/121/2806 3694/121/2778 3693/121/2772
f 3702/121/2808 3687/121/2780 3686/121/2776
f 3679/121/2782 3696/121/2809 3680/121/2783
f 3710/121/2810 3679/121/2782 3694/121/2778
f 3687/121/2780 3704/121/2811 3688/121/2786
f 3696/121/2809 3681/121/2788 3680/121/2783
f 3704/121/2811 3689/121/2789 3688/121/2786
f 3681/121/2788 3698/121/2812 3682/121/2791
f 3705/121/2813 3690/121/2793 3689/121/2789
f 3682/121/2791 3699/121/2803 3683/121/2796
f 3690/121/2793 3707/121/2814 3691/121/2798
f 3704/121/2811 3721/121/2815 3705/121/2813
f 3713/121/2816 3698/121/2812 3697/121/2817
f 3721/121/2815 3706/121/2818 3705/121/2813
f 3698/121/2812 3715/121/2819 3699/121/2803
f 3722/121/2820 3707/121/2814 3706/121/2818
f 3715/121/2819 3700/121/2805 3699/121/2803
f 3723/121/2821 3708/121/2804 3707/121/2814
f 3700/121/2805 3717/121/2822 3701/121/2807
f 3708/121/2804 3725/121/2823 3709/121/2806
f 3717/121/2822 3702/121/2808 3701/121/2807
f 3725/121/2823 3710/121/2810 3709/121/2806
f 3702/121/2808 3719/121/2824 3703/121/2825
f 3711/121/2826 3696/121/2809 3695/121/2827
f 3710/121/2810 3711/121/2826 3695/121/2827
f 3719/121/2824 3704/121/2811 3703/121/2825
f 3712/121/2828 3697/121/2817 3696/121/2809
f 3725/121/2823 3727/121/76 3726/121/2829
f 3718/121/2830 3727/121/76 3719/121/2824
f 3711/121/2826 3727/121/76 3712/121/2828
f 3726/121/2829 3727/121/76 3711/121/2826
f 3719/121/2824 3727/121/76 3720/121/2831
f 3712/121/2828 3727/121/76 3713/121/2816
f 3720/121/2831 3727/121/76 3721/121/2815
f 3713/121/2816 3727/121/76 3714/121/2832
f 3721/121/2815 3727/121/76 3722/121/2820
f 3714/121/2832 3727/121/76 3715/121/2819
f 3722/121/2820 3727/121/76 3723/121/2821
f 3715/121/2819 3727/121/76 3716/121/2833
f 3723/121/2821 3727/121/76 3724/121/2834
f 3716/121/2833 3727/121/76 3717/121/2822
f 3724/121/2834 3727/121/76 3725/121/2823
f 3717/121/2822 3727/121/76 3718/121/2830
f 3733/121/2835 3790/121/2836 3729/121/2837
f 3731/121/2838 3789/121/2839 3728/121/2840
f 3791/121/69 3733/121/2835 3729/121/2837
f 3790/121/2836 3731/121/2838 3728/121/2840
f 3791/121/69 3737/121/2841 3733/121/2835
f 3732/121/2842 3735/121/2843 3731/121/2838
f 3733/121/2835 3736/121/2844 3732/121/2842
f 3735/121/2843 3730/121/2845 3731/121/2838
f 3791/121/69 3741/121/2846 3737/121/2841
f 3740/121/2847 3735/121/2843 3736/121/2844
f 3737/121/2841 3740/121/2847 3736/121/2844
f 3739/121/2848 3734/121/2849 3735/121/2843
f 3741/121/2846 3744/121/2850 3740/121/2847
f 3739/121/2848 3742/121/2851 3738/121/2852
f 3791/121/69 3745/121/2853 3741/121/2846
f 3744/121/2850 3739/121/2848 3740/121/2847
f 3745/121/2853 3748/121/2854 3744/121/2850
f 3747/121/2855 3742/121/2851 3743/121/2856
f 3791/121/69 3749/121/2857 3745/121/2853
f 3748/121/2854 3743/121/2856 3744/121/2850
f 3791/121/69 3753/121/2858 3749/121/2857
f 3748/121/2854 3751/121/2859 3747/121/2855
f 3749/121/2857 3752/121/2860 3748/121/2854
f 3751/121/2859 3746/121/2861 3747/121/2855
f 3756/121/2862 3751/121/2859 3752/121/2860
f 3757/121/2863 3752/121/2860 3753/121/2858
f 3751/121/2859 3754/121/2864 3750/121/2865
f 3791/121/69 3757/121/2863 3753/121/2858
f 3757/121/2863 3760/121/2866 3756/121/2862
f 3759/121/2867 3754/121/2864 3755/121/2868
f 3791/121/69 3761/121/2869 3757/121/2863
f 3760/121/2866 3755/121/2868 3756/121/2862
f 3763/121/2870 3758/121/2871 3759/121/2867
f 3791/121/69 3765/121/2872 3761/121/2869
f 3760/121/2866 3763/121/2870 3759/121/2867
f 3761/121/2869 3764/121/2873 3760/121/2866
f 3791/121/69 3769/121/2874 3765/121/2872
f 3764/121/2873 3767/121/2875 3763/121/2870
f 3765/121/2872 3768/121/2876 3764/121/2873
f 3763/121/2870 3766/121/2877 3762/121/2878
f 3773/121/2879 3768/121/2876 3769/121/2874
f 3771/121/2880 3766/121/2877 3767/121/2875
f 3791/121/69 3773/121/2879 3769/121/2874
f 3772/121/2881 3767/121/2875 3768/121/2876
f 3773/121/2879 3775/121/2882 3772/121/2881
f 3771/121/2880 3678/121/2883 3770/121/2884
f 3791/121/69 3776/121/2885 3773/121/2879
f 3775/121/2882 3771/121/2880 3772/121/2881
f 3791/121/69 3780/121/2886 3776/121/2885
f 3775/121/2882 3778/121/2887 3774/121/2888
f 3776/121/2885 3779/121/2889 3775/121/2882
f 3778/121/2887 3678/121/2883 3774/121/2888
f 3791/121/69 3784/121/2890 3780/121/2886
f 3779/121/2889 3782/121/2891 3778/121/2887
f 3780/121/2886 3783/121/2892 3779/121/2889
f 3778/121/2887 3781/121/2893 3777/121/2894
f 3788/121/2895 3783/121/2892 3784/121/2890
f 3786/121/2896 3781/121/2893 3782/121/2891
f 3791/121/69 3788/121/2895 3784/121/2890
f 3783/121/2892 3786/121/2896 3782/121/2891
f 3729/121/2837 3787/121/2897 3788/121/2895
f 3728/121/2840 3785/121/2898 3786/121/2896
f 3791/121/69 3729/121/2837 3788/121/2895
f 3787/121/2897 3728/121/2840 3786/121/2896
f 3838/121/2899 3807/121/2900 3795/121/2901
f 3837/121/2902 3806/121/2903 3793/121/2904
f 3824/121/2905 3807/121/2900 3836/121/2906
f 3835/121/2907 3805/121/2908 3806/121/2903
f 3824/121/2905 3804/121/2909 3792/121/2910
f 3834/121/2911 3803/121/2912 3805/121/2908
f 3831/121/2913 3804/121/2909 3833/121/2914
f 3830/121/2915 3803/121/2912 3832/121/2916
f 3831/121/2913 3800/121/2917 3802/121/2918
f 3828/121/2919 3801/121/2920 3830/121/2915
f 3839/121/2921 3797/121/2922 3799/121/2923
f 3829/121/2924 3799/121/2923 3800/121/2917
f 3828/121/2919 3796/121/2925 3798/121/2926
f 3827/121/2927 3794/121/2928 3797/121/2922
f 3826/121/2929 3795/121/2901 3796/121/2925
f 3837/121/2902 3794/121/2928 3825/121/2930
f 3795/121/2901 3823/121/2800 3809/121/2802
f 3793/121/2904 3822/121/2797 3808/121/2771
f 3792/121/2910 3823/121/2800 3807/121/2900
f 3806/121/2903 3821/121/2794 3822/121/2797
f 3792/121/2910 3820/121/2792 3811/121/2795
f 3803/121/2912 3821/121/2794 3805/121/2908
f 3802/121/2918 3820/121/2792 3804/121/2909
f 3801/121/2920 3819/121/2790 3803/121/2912
f 3802/121/2918 3816/121/2781 3818/121/2787
f 3801/121/2920 3815/121/2779 3817/121/2785
f 3799/121/2923 3814/121/2777 3810/121/2784
f 3800/121/2917 3810/121/2784 3816/121/2781
f 3798/121/2926 3813/121/2774 3815/121/2779
f 3797/121/2922 3812/121/2773 3814/121/2777
f 3796/121/2925 3809/121/2802 3813/121/2774
f 3793/121/2904 3812/121/2773 3794/121/2928
f 3738/121/2852 3825/121/2930 3734/121/2849
f 3762/121/2878 3838/121/2899 3826/121/2929
f 3730/121/2845 3825/121/2930 3827/121/2927
f 3758/121/2871 3826/121/2929 3828/121/2919
f 3785/121/2898 3839/121/2921 3829/121/2924
f 3789/121/2839 3827/121/2927 3839/121/2921
f 3754/121/2864 3828/121/2919 3830/121/2915
f 3781/121/2893 3829/121/2924 3831/121/2913
f 3754/121/2864 3832/121/2916 3750/121/2865
f 3777/121/2894 3831/121/2913 3833/121/2914
f 3750/121/2865 3834/121/2911 3746/121/2861
f 3678/121/2883 3833/121/2914 3824/121/2905
f 3742/121/2851 3834/121/2911 3835/121/2907
f 3678/121/2883 3836/121/2906 3770/121/2884
f 3742/121/2851 3837/121/2902 3738/121/2852
f 3770/121/2884 3838/121/2899 3766/121/2877
f 4002/121/2931 3865/121/2932 4005/121/2933
f 4006/121/2934 3857/121/2935 3858/121/2936
f 4005/121/2933 3866/121/2937 4007/121/2938
f 4008/121/2939 3858/121/2936 3859/121/2940
f 4007/121/2938 3867/121/2941 4009/121/2942
f 4010/121/2943 3859/121/2940 3860/121/2944
f 4009/121/2942 3868/121/2945 4011/121/2946
f 4012/121/2947 3860/121/2944 3861/121/2948
f 4011/121/2946 3869/121/2949 4013/121/2950
f 4014/121/2951 3861/121/2948 3862/121/2952
f 4013/121/2950 3870/121/2953 4015/121/2954
f 4016/121/2955 3862/121/2952 3863/121/2956
f 4015/121/2954 3871/121/2957 4017/121/2958
f 4002/121/2931 3863/121/2956 3864/121/2959
f 4003/121/2960 3856/121/2961 3857/121/2935
f 4004/121/2962 3871/121/2957 3856/121/2961
f 3886/121/2963 3871/121/2957 3870/121/2953
f 3863/121/2956 3880/121/2964 3864/121/2959
f 3872/121/2965 3857/121/2935 3856/121/2961
f 3887/121/2966 3856/121/2961 3871/121/2957
f 3880/121/2964 3865/121/2932 3864/121/2959
f 3857/121/2935 3874/121/2967 3858/121/2936
f 3865/121/2932 3882/121/2968 3866/121/2937
f 3858/121/2936 3875/121/2969 3859/121/2940
f 3882/121/2968 3867/121/2941 3866/121/2937
f 3859/121/2940 3876/121/2970 3860/121/2944
f 3883/121/2971 3868/121/2945 3867/121/2941
f 3860/121/2944 3877/121/2972 3861/121/2948
f 3884/121/2973 3869/121/2949 3868/121/2945
f 3861/121/2948 3878/121/2974 3862/121/2952
f 3869/121/2949 3886/121/2963 3870/121/2953
f 3878/121/2974 3863/121/2956 3862/121/2952
f 3897/121/2975 3848/121/2976 3849/121/2977
f 3842/121/2978 3889/121/2979 3841/121/2980
f 3850/121/2981 3897/121/2975 3849/121/2977
f 3843/121/2982 3890/121/2983 3842/121/2978
f 3899/121/2984 3850/121/2981 3851/121/2985
f 3892/121/2986 3843/121/2982 3844/121/2987
f 3900/121/2988 3851/121/2985 3852/121/2989
f 3845/121/2990 3892/121/2986 3844/121/2987
f 3901/121/2991 3852/121/2989 3853/121/2992
f 3894/121/2993 3845/121/2990 3846/121/2994
f 3854/121/2995 3901/121/2991 3853/121/2992
f 3895/121/2996 3846/121/2994 3847/121/2997
f 3903/121/2998 3854/121/2995 3855/121/2999
f 3848/121/2976 3895/121/2996 3847/121/2997
f 3841/121/2980 3888/121/3000 3840/121/3001
f 3888/121/3000 3855/121/2999 3840/121/3001
f 3909/121/3002 3984/121/3003 3905/121/3004
f 3907/121/3005 3983/121/3006 3904/121/3007
f 3985/121/266 3909/121/3002 3905/121/3004
f 3908/121/3008 3904/121/3007 3984/121/3003
f 3911/121/3009 3906/121/3010 3907/121/3005
f 3985/121/266 3913/121/3011 3909/121/3002
f 3908/121/3008 3911/121/3009 3907/121/3005
f 3909/121/3002 3912/121/3012 3908/121/3008
f 3985/121/266 3917/121/3013 3913/121/3011
f 3912/121/3012 3915/121/3014 3911/121/3009
f 3917/121/3013 3912/121/3012 3913/121/3011
f 3911/121/3009 3914/121/3015 3910/121/3016
f 3921/121/3017 3916/121/3018 3917/121/3013
f 3919/121/3019 3914/121/3015 3915/121/3014
f 3985/121/266 3921/121/3017 3917/121/3013
f 3916/121/3018 3919/121/3019 3915/121/3014
f 3925/121/3020 3920/121/3021 3921/121/3017
f 3919/121/3019 3922/121/3022 3918/121/3023
f 3985/121/266 3925/121/3020 3921/121/3017
f 3924/121/3024 3919/121/3019 3920/121/3021
f 3985/121/266 3929/121/3025 3925/121/3020
f 3928/121/3026 3923/121/3027 3924/121/3024
f 3929/121/3025 3924/121/3024 3925/121/3020
f 3927/121/3028 3922/121/3022 3923/121/3027
f 3985/121/266 3933/121/3029 3929/121/3025
f 3928/121/3026 3931/121/3030 3927/121/3028
f 3929/121/3025 3932/121/3031 3928/121/3026
f 3931/121/3030 3926/121/3032 3927/121/3028
f 3933/121/3029 3936/121/3033 3932/121/3031
f 3935/121/3034 3930/121/3035 3931/121/3030
f 3975/121/3036 3942/121/235 3974/121/3037
f 3947/121/3038 3942/121/235 3982/121/3039
f 3985/121/266 3937/121/3040 3933/121/3029
f 3932/121/3031 3935/121/3034 3931/121/3030
f 3955/121/3041 3942/121/235 3954/121/3042
f 3941/121/3043 3936/121/3033 3937/121/3040
f 3939/121/3044 3934/121/3045 3935/121/3034
f 3962/121/3046 3942/121/235 3961/121/3047
f 3981/121/3048 3942/121/235 3976/121/3049
f 3985/121/266 3941/121/3043 3937/121/3040
f 3940/121/3050 3935/121/3034 3936/121/3033
f 3960/121/3051 3942/121/235 3955/121/3041
f 3953/121/3052 3942/121/235 3948/121/3053
f 3976/121/3049 3942/121/235 3975/121/3036
f 3985/121/266 3946/121/3054 3941/121/3043
f 3940/121/3050 3944/121/3055 3939/121/3044
f 3974/121/3037 3942/121/235 3969/121/3056
f 3982/121/3039 3942/121/235 3981/121/3048
f 3941/121/3043 3945/121/3057 3940/121/3050
f 3939/121/3044 3943/121/3058 3938/121/3059
f 3968/121/3060 3942/121/235 3967/121/3061
f 3945/121/3057 3950/121/3062 3944/121/3055
f 3954/121/3042 3942/121/235 3953/121/3052
f 3969/121/3056 3942/121/235 3968/121/3060
f 3946/121/3054 3951/121/3063 3945/121/3057
f 3950/121/3062 3943/121/3058 3944/121/3055
f 3961/121/3047 3942/121/235 3960/121/3051
f 3967/121/3061 3942/121/235 3962/121/3046
f 3985/121/266 3952/121/3064 3946/121/3054
f 3952/121/3064 3958/121/3065 3951/121/3063
f 3957/121/3066 3949/121/3067 3950/121/3062
f 3955/121/3041 3884/121/2973 3883/121/2971
f 3974/121/3037 3877/121/2972 3876/121/2970
f 3985/121/266 3959/121/3068 3952/121/3064
f 3951/121/3063 3957/121/3066 3950/121/3062
f 3875/121/2969 3974/121/3037 3876/121/2970
f 3948/121/3053 3942/121/235 3947/121/3038
f 3964/121/3069 3956/121/3070 3957/121/3066
f 3961/121/3047 3882/121/2968 3881/121/3071
f 3976/121/3049 3875/121/2969 3874/121/2967
f 3985/121/266 3966/121/3072 3959/121/3068
f 3958/121/3065 3964/121/3069 3957/121/3066
f 3873/121/3073 3976/121/3049 3874/121/2967
f 3882/121/2968 3955/121/3041 3883/121/2971
f 3966/121/3072 3958/121/3065 3959/121/3068
f 3985/121/266 3973/121/3074 3966/121/3072
f 3965/121/3075 3971/121/3076 3964/121/3069
f 3967/121/3061 3880/121/2964 3879/121/3077
f 3880/121/2964 3961/121/3047 3881/121/3071
f 3973/121/3074 3965/121/3075 3966/121/3072
f 3971/121/3076 3963/121/3078 3964/121/3069
f 3982/121/3039 3873/121/3073 3872/121/2965
f 3887/121/2966 3982/121/3039 3872/121/2965
f 3969/121/3056 3878/121/2974 3877/121/2972
f 3886/121/2963 3947/121/3038 3887/121/2966
f 3973/121/3074 3979/121/3079 3972/121/3080
f 3971/121/3076 3977/121/3081 3970/121/3082
f 3953/121/3052 3886/121/2963 3885/121/3083
f 3878/121/2974 3967/121/3061 3879/121/3077
f 3985/121/266 3980/121/3084 3973/121/3074
f 3972/121/3080 3978/121/3085 3971/121/3076
f 3980/121/3084 3984/121/3003 3979/121/3079
f 3904/121/3007 3977/121/3081 3978/121/3085
f 3884/121/2973 3953/121/3052 3885/121/3083
f 3985/121/266 3905/121/3004 3980/121/3084
f 3979/121/3079 3904/121/3007 3978/121/3085
f 3855/121/2999 4001/121/3086 3840/121/3001
f 3840/121/3001 3988/121/3087 3841/121/2980
f 3847/121/2997 3986/121/3088 3848/121/2976
f 3854/121/2995 4000/121/3089 3855/121/2999
f 3846/121/2994 3999/121/3090 3847/121/2997
f 3853/121/2992 3998/121/3091 3854/121/2995
f 3846/121/2994 3995/121/3092 3997/121/3093
f 3852/121/2989 3996/121/3094 3853/121/2992
f 3845/121/2990 3993/121/3095 3995/121/3092
f 3851/121/2985 3994/121/3096 3852/121/2989
f 3844/121/2987 3991/121/3097 3993/121/3095
f 3850/121/2981 3992/121/3098 3851/121/2985
f 3842/121/2978 3991/121/3097 3843/121/2982
f 3849/121/2977 3990/121/3099 3850/121/2981
f 3842/121/2978 3988/121/3087 3989/121/3100
f 3848/121/2976 3987/121/3101 3849/121/2977
f 4000/121/3089 4004/121/2962 4001/121/3086
f 4001/121/3086 4003/121/2960 3988/121/3087
f 3986/121/3088 4016/121/2955 4002/121/2931
f 3998/121/3091 4017/121/2958 4000/121/3089
f 3997/121/3093 4016/121/2955 3999/121/3090
f 3996/121/3094 4015/121/2954 3998/121/3091
f 3997/121/3093 4012/121/2947 4014/121/2951
f 3994/121/3096 4013/121/2950 3996/121/3094
f 3993/121/3095 4012/121/2947 3995/121/3092
f 3994/121/3096 4009/121/2942 4011/121/2946
f 3993/121/3095 4008/121/2939 4010/121/2943
f 3992/121/3098 4007/121/2938 4009/121/2942
f 3991/121/3097 4006/121/2934 4008/121/2939
f 3987/121/3101 4007/121/2938 3990/121/3099
f 3989/121/3100 4003/121/2960 4006/121/2934
f 3987/121/3101 4002/121/2931 4005/121/2933
f 4043/121/3102 4180/121/3103 4183/121/3104
f 4184/121/3105 4035/121/3106 4181/121/3107
f 4044/121/3108 4183/121/3104 4185/121/3109
f 4186/121/3110 4036/121/3111 4184/121/3105
f 4045/121/3112 4185/121/3109 4187/121/3113
f 4188/121/3114 4037/121/3115 4186/121/3110
f 4046/121/3116 4187/121/3113 4189/121/3117
f 4190/121/3118 4038/121/3119 4188/121/3114
f 4047/121/3120 4189/121/3117 4191/121/3121
f 4192/121/3122 4039/121/3123 4190/121/3118
f 4048/121/3124 4191/121/3121 4193/121/3125
f 4194/121/3126 4040/121/3127 4192/121/3122
f 4049/121/3128 4193/121/3125 4195/121/3129
f 4180/121/3103 4041/121/3130 4194/121/3126
f 4181/121/3107 4034/121/3131 4182/121/3132
f 4182/121/3132 4049/121/3128 4195/121/3129
f 4049/121/3128 4064/121/3133 4048/121/3124
f 4041/121/3130 4058/121/3134 4057/121/3135
f 4035/121/3106 4050/121/3136 4034/121/3131
f 4034/121/3131 4065/121/3137 4049/121/3128
f 4043/121/3102 4058/121/3134 4042/121/3138
f 4035/121/3106 4052/121/3139 4051/121/3140
f 4043/121/3102 4060/121/3141 4059/121/3142
f 4036/121/3111 4053/121/3143 4052/121/3139
f 4045/121/3112 4060/121/3141 4044/121/3108
f 4037/121/3115 4054/121/3144 4053/121/3143
f 4046/121/3116 4061/121/3145 4045/121/3112
f 4038/121/3119 4055/121/3146 4054/121/3144
f 4047/121/3120 4062/121/3147 4046/121/3116
f 4039/121/3123 4056/121/3148 4055/121/3146
f 4047/121/3120 4064/121/3133 4063/121/3149
f 4041/121/3130 4056/121/3148 4040/121/3127
f 4026/121/3150 4075/121/3151 4027/121/3152
f 4020/121/3153 4067/121/3154 4068/121/3155
f 4028/121/3156 4075/121/3151 4076/121/3157
f 4021/121/3158 4068/121/3155 4069/121/3159
f 4028/121/3156 4077/121/3160 4029/121/3161
f 4021/121/3158 4070/121/3162 4022/121/3163
f 4029/121/3161 4078/121/3164 4030/121/3165
f 4023/121/3166 4070/121/3162 4071/121/3167
f 4030/121/3165 4079/121/3168 4031/121/3169
f 4023/121/3166 4072/121/3170 4024/121/3171
f 4032/121/3172 4079/121/3168 4080/121/3173
f 4024/121/3171 4073/121/3174 4025/121/3175
f 4032/121/3172 4081/121/3176 4033/121/3177
f 4026/121/3150 4073/121/3174 4074/121/3178
f 4019/121/3179 4066/121/3180 4067/121/3154
f 4033/121/3177 4066/121/3180 4018/121/3181
f 4162/121/3182 4087/121/3183 4083/121/3184
f 4161/121/3185 4085/121/3186 4082/121/3187
f 4163/121/235 4083/121/3184 4087/121/3183
f 4082/121/3187 4086/121/3188 4162/121/3182
f 4084/121/3189 4089/121/3190 4085/121/3186
f 4163/121/235 4087/121/3183 4091/121/3191
f 4086/121/3188 4089/121/3190 4090/121/3192
f 4087/121/3183 4090/121/3192 4091/121/3191
f 4163/121/235 4091/121/3191 4095/121/3193
f 4090/121/3192 4093/121/3194 4094/121/3195
f 4090/121/3192 4095/121/3193 4091/121/3191
f 4088/121/3196 4093/121/3194 4089/121/3190
f 4094/121/3195 4099/121/3197 4095/121/3193
f 4092/121/3198 4097/121/3199 4093/121/3194
f 4163/121/235 4095/121/3193 4099/121/3197
f 4094/121/3195 4097/121/3199 4098/121/3200
f 4098/121/3200 4103/121/3201 4099/121/3197
f 4097/121/3199 4100/121/3202 4101/121/3203
f 4163/121/235 4099/121/3197 4103/121/3201
f 4097/121/3199 4102/121/3204 4098/121/3200
f 4163/121/235 4103/121/3201 4107/121/3205
f 4101/121/3203 4106/121/3206 4102/121/3204
f 4102/121/3204 4107/121/3205 4103/121/3201
f 4100/121/3202 4105/121/3207 4101/121/3203
f 4163/121/235 4107/121/3205 4111/121/3208
f 4106/121/3206 4109/121/3209 4110/121/3210
f 4107/121/3205 4110/121/3210 4111/121/3208
f 4104/121/3211 4109/121/3209 4105/121/3207
f 4111/121/3208 4114/121/3212 4115/121/3213
f 4108/121/3214 4113/121/3215 4109/121/3209
f 4153/121/3216 4152/121/3217 4120/121/266
f 4125/121/3218 4160/121/3219 4120/121/266
f 4163/121/235 4111/121/3208 4115/121/3213
f 4110/121/3210 4113/121/3215 4114/121/3212
f 4133/121/3220 4132/121/3221 4120/121/266
f 4114/121/3212 4119/121/3222 4115/121/3213
f 4112/121/3223 4117/121/3224 4113/121/3215
f 4140/121/3225 4139/121/3226 4120/121/266
f 4159/121/3227 4154/121/3228 4120/121/266
f 4163/121/235 4115/121/3213 4119/121/3222
f 4113/121/3215 4118/121/3229 4114/121/3212
f 4138/121/3230 4133/121/3220 4120/121/266
f 4131/121/3231 4126/121/3232 4120/121/266
f 4154/121/3228 4153/121/3216 4120/121/266
f 4163/121/235 4119/121/3222 4124/121/3233
f 4118/121/3229 4122/121/3234 4123/121/3235
f 4152/121/3217 4147/121/3236 4120/121/266
f 4160/121/3219 4159/121/3227 4120/121/266
f 4119/121/3222 4123/121/3235 4124/121/3233
f 4117/121/3224 4121/121/3237 4122/121/3234
f 4146/121/3238 4145/121/3239 4120/121/266
f 4123/121/3235 4128/121/3240 4129/121/3241
f 4132/121/3221 4131/121/3231 4120/121/266
f 4147/121/3236 4146/121/3238 4120/121/266
f 4124/121/3233 4129/121/3241 4130/121/3242
f 4121/121/3237 4128/121/3240 4122/121/3234
f 4139/121/3226 4138/121/3230 4120/121/266
f 4145/121/3239 4140/121/3225 4120/121/266
f 4163/121/235 4124/121/3233 4130/121/3242
f 4130/121/3242 4136/121/3243 4137/121/3244
f 4127/121/3245 4135/121/3246 4128/121/3240
f 4062/121/3147 4133/121/3220 4061/121/3145
f 4055/121/3146 4152/121/3217 4054/121/3144
f 4163/121/235 4130/121/3242 4137/121/3244
f 4129/121/3241 4135/121/3246 4136/121/3243
f 4053/121/3143 4152/121/3217 4153/121/3216
f 4126/121/3232 4125/121/3218 4120/121/266
f 4134/121/3247 4142/121/3248 4135/121/3246
f 4060/121/3141 4139/121/3226 4059/121/3142
f 4053/121/3143 4154/121/3228 4052/121/3139
f 4163/121/235 4137/121/3244 4144/121/3249
f 4136/121/3243 4142/121/3248 4143/121/3250
f 4051/121/3140 4154/121/3228 4159/121/3227
f 4060/121/3141 4133/121/3220 4138/121/3230
f 4136/121/3243 4144/121/3249 4137/121/3244
f 4163/121/235 4144/121/3249 4151/121/3251
f 4143/121/3250 4149/121/3252 4150/121/3253
f 4058/121/3134 4145/121/3239 4057/121/3135
f 4058/121/3134 4139/121/3226 4140/121/3225
f 4143/121/3250 4151/121/3251 4144/121/3249
f 4141/121/3254 4149/121/3252 4142/121/3248
f 4051/121/3140 4160/121/3219 4050/121/3136
f 4065/121/3137 4160/121/3219 4125/121/3218
f 4056/121/3148 4147/121/3236 4055/121/3146
f 4064/121/3133 4125/121/3218 4126/121/3232
f 4151/121/3251 4157/121/3255 4158/121/3256
f 4149/121/3252 4155/121/3257 4156/121/3258
f 4064/121/3133 4131/121/3231 4063/121/3149
f 4056/121/3148 4145/121/3239 4146/121/3238
f 4163/121/235 4151/121/3251 4158/121/3256
f 4150/121/3253 4156/121/3258 4157/121/3255
f 4158/121/3256 4162/121/3182 4083/121/3184
f 4155/121/3257 4082/121/3187 4156/121/3258
f 4062/121/3147 4131/121/3231 4132/121/3221
f 4163/121/235 4158/121/3256 4083/121/3184
f 4157/121/3255 4082/121/3187 4162/121/3182
f 4179/121/3259 4033/121/3177 4018/121/3181
f 4166/121/3260 4018/121/3181 4019/121/3179
f 4164/121/3261 4025/121/3175 4026/121/3150
f 4178/121/3262 4032/121/3172 4033/121/3177
f 4177/121/3263 4024/121/3171 4025/121/3175
f 4176/121/3264 4031/121/3169 4032/121/3172
f 4024/121/3171 4173/121/3265 4023/121/3166
f 4174/121/3266 4030/121/3165 4031/121/3169
f 4023/121/3166 4171/121/3267 4022/121/3163
f 4172/121/3268 4029/121/3161 4030/121/3165
f 4022/121/3163 4169/121/3269 4021/121/3158
f 4170/121/3270 4028/121/3156 4029/121/3161
f 4169/121/3269 4020/121/3153 4021/121/3158
f 4168/121/3271 4027/121/3152 4028/121/3156
f 4020/121/3153 4166/121/3260 4019/121/3179
f 4165/121/3272 4026/121/3150 4027/121/3152
f 4182/121/3132 4178/121/3262 4179/121/3259
f 4181/121/3107 4179/121/3259 4166/121/3260
f 4164/121/3261 4194/121/3126 4177/121/3263
f 4195/121/3129 4176/121/3264 4178/121/3262
f 4194/121/3126 4175/121/3273 4177/121/3263
f 4193/121/3125 4174/121/3266 4176/121/3264
f 4175/121/3273 4190/121/3118 4173/121/3265
f 4191/121/3121 4172/121/3268 4174/121/3266
f 4190/121/3118 4171/121/3267 4173/121/3265
f 4172/121/3268 4187/121/3113 4170/121/3270
f 4171/121/3267 4186/121/3110 4169/121/3269
f 4170/121/3270 4185/121/3109 4168/121/3271
f 4169/121/3269 4184/121/3105 4167/121/3274
f 4185/121/3109 4165/121/3272 4168/121/3271
f 4167/121/3274 4181/121/3107 4166/121/3260
f 4165/121/3272 4180/121/3103 4164/121/3261
f 4309/121/266 4206/121/3275 4199/121/3276
f 4308/121/3277 4204/121/3278 4198/121/3279
f 4203/121/3280 4197/121/3281 4307/121/69
f 4201/121/3282 4306/121/3283 4196/121/3284
f 4199/121/3276 4205/121/3285 4308/121/3277
f 4198/121/3279 4203/121/3280 4307/121/69
f 4202/121/3286 4196/121/3284 4197/121/3281
f 4306/121/3283 4200/121/3287 4305/121/235
f 4206/121/3275 4212/121/3288 4205/121/3285
f 4204/121/3278 4210/121/3289 4203/121/3280
f 4209/121/3290 4201/121/3282 4202/121/3286
f 4200/121/3287 4207/121/3291 4305/121/235
f 4309/121/266 4213/121/3292 4206/121/3275
f 4205/121/3285 4211/121/3293 4204/121/3278
f 4210/121/3289 4202/121/3286 4203/121/3280
f 4208/121/3294 4200/121/3287 4201/121/3282
f 4211/121/3293 4217/121/3295 4210/121/3289
f 4216/121/3296 4208/121/3294 4209/121/3290
f 4207/121/3291 4214/121/3297 4305/121/235
f 4309/121/266 4220/121/3298 4213/121/3292
f 4212/121/3288 4218/121/3299 4211/121/3293
f 4217/121/3295 4209/121/3290 4210/121/3289
f 4215/121/3300 4207/121/3291 4208/121/3294
f 4213/121/3292 4219/121/3301 4212/121/3288
f 4309/121/266 4227/121/3302 4220/121/3298
f 4219/121/3301 4225/121/3303 4218/121/3299
f 4224/121/547 4216/121/3296 4217/121/3295
f 4222/121/3304 4214/121/3297 4215/121/3300
f 4220/121/3298 4226/121/3305 4219/121/3301
f 4218/121/3299 4224/121/547 4217/121/3295
f 4223/121/3306 4215/121/3300 4216/121/3296
f 4214/121/3297 4221/121/3307 4305/121/235
f 4224/121/547 4230/121/3308 4223/121/3306
f 4222/121/3304 4228/121/3309 4221/121/3307
f 4234/121/3310 4226/121/3305 4227/121/3302
f 4232/121/3311 4224/121/547 4225/121/3303
f 4223/121/3306 4229/121/3312 4222/121/3304
f 4221/121/3307 4228/121/3309 4305/121/235
f 4309/121/266 4234/121/3310 4227/121/3302
f 4233/121/3313 4225/121/3303 4226/121/3305
f 4241/121/3314 4233/121/3313 4234/121/3310
f 4239/121/3315 4231/121/3316 4232/121/3311
f 4230/121/3308 4236/121/3317 4229/121/3312
f 4228/121/3309 4235/121/3318 4305/121/235
f 4309/121/266 4241/121/3314 4234/121/3310
f 4240/121/3319 4232/121/3311 4233/121/3313
f 4231/121/3316 4237/121/3320 4230/121/3308
f 4229/121/3312 4235/121/3318 4228/121/3309
f 4237/121/3320 4243/121/3321 4236/121/3317
f 4235/121/3318 4242/121/3322 4305/121/235
f 4309/121/266 4248/121/3323 4241/121/3314
f 4247/121/3324 4239/121/3315 4240/121/3319
f 4238/121/3325 4244/121/3326 4237/121/3320
f 4236/121/3317 4242/121/3322 4235/121/3318
f 4248/121/3323 4240/121/3319 4241/121/3314
f 4246/121/3327 4238/121/3325 4239/121/3315
f 4309/121/266 4255/121/3328 4248/121/3323
f 4254/121/3329 4246/121/3327 4247/121/3324
f 4245/121/3330 4251/121/3331 4244/121/3326
f 4243/121/3321 4249/121/3332 4242/121/3322
f 4255/121/3328 4247/121/3324 4248/121/3323
f 4253/121/3333 4245/121/3330 4246/121/3327
f 4244/121/3326 4250/121/3334 4243/121/3321
f 4242/121/3322 4249/121/3332 4305/121/235
f 4257/121/3335 4249/121/3332 4250/121/3334
f 4255/121/3328 4261/121/3336 4254/121/3329
f 4253/121/3333 4259/121/3337 4252/121/76
f 4258/121/3338 4250/121/3334 4251/121/3331
f 4249/121/3332 4256/121/3339 4305/121/235
f 4309/121/266 4262/121/3340 4255/121/3328
f 4254/121/3329 4260/121/3341 4253/121/3333
f 4259/121/3337 4251/121/3331 4252/121/76
f 4262/121/3340 4268/121/3342 4261/121/3336
f 4260/121/3341 4266/121/3343 4259/121/3337
f 4265/121/3344 4257/121/3335 4258/121/3338
f 4256/121/3339 4263/121/3345 4305/121/235
f 4309/121/266 4269/121/3346 4262/121/3340
f 4261/121/3336 4267/121/3347 4260/121/3341
f 4266/121/3343 4258/121/3338 4259/121/3337
f 4264/121/3348 4256/121/3339 4257/121/3335
f 4263/121/3345 4270/121/3349 4305/121/235
f 4309/121/266 4276/121/3350 4269/121/3346
f 4268/121/3342 4274/121/3351 4267/121/3347
f 4273/121/3352 4265/121/3344 4266/121/3343
f 4271/121/3353 4263/121/3345 4264/121/3348
f 4269/121/3346 4275/121/3354 4268/121/3342
f 4267/121/3347 4273/121/3352 4266/121/3343
f 4272/121/3355 4264/121/3348 4265/121/3344
f 4275/121/3354 4281/121/3356 4274/121/3351
f 4280/121/493 4272/121/3355 4273/121/3352
f 4278/121/3357 4270/121/3349 4271/121/3353
f 4276/121/3350 4282/121/3358 4275/121/3354
f 4274/121/3351 4280/121/493 4273/121/3352
f 4279/121/3359 4271/121/3353 4272/121/3355
f 4270/121/3349 4277/121/3360 4305/121/235
f 4309/121/266 4283/121/3361 4276/121/3350
f 4290/121/3362 4282/121/3358 4283/121/3361
f 4288/121/3363 4280/121/493 4281/121/3356
f 4279/121/3359 4285/121/3364 4278/121/3357
f 4277/121/3360 4284/121/3365 4305/121/235
f 4309/121/266 4290/121/3362 4283/121/3361
f 4289/121/3366 4281/121/3356 4282/121/3358
f 4280/121/493 4286/121/3367 4279/121/3359
f 4278/121/3357 4284/121/3365 4277/121/3360
f 4295/121/3368 4287/121/3369 4288/121/3363
f 4286/121/3367 4292/121/3370 4285/121/3364
f 4284/121/3365 4291/121/3371 4305/121/235
f 4309/121/266 4297/121/3372 4290/121/3362
f 4296/121/3373 4288/121/3363 4289/121/3366
f 4287/121/3369 4293/121/3374 4286/121/3367
f 4285/121/3364 4291/121/3371 4284/121/3365
f 4297/121/3372 4289/121/3366 4290/121/3362
f 4309/121/266 4304/121/3375 4297/121/3372
f 4303/121/3376 4295/121/3368 4296/121/3373
f 4294/121/3377 4300/121/3378 4293/121/3374
f 4292/121/3370 4298/121/3379 4291/121/3371
f 4304/121/3375 4296/121/3373 4297/121/3372
f 4302/121/3380 4294/121/3377 4295/121/3368
f 4293/121/3374 4299/121/3381 4292/121/3370
f 4291/121/3371 4298/121/3379 4305/121/235
f 4301/121/3382 4197/121/3281 4300/121/3378
f 4299/121/3381 4306/121/3283 4298/121/3379
f 4199/121/3276 4303/121/3376 4304/121/3375
f 4198/121/3279 4301/121/3382 4302/121/3380
f 4300/121/3378 4196/121/3284 4299/121/3381
f 4298/121/3379 4306/121/3283 4305/121/235
f 4309/121/266 4199/121/3276 4304/121/3375
f 4308/121/3277 4302/121/3380 4303/121/3376
f 4312/121/3383 4316/121/3384 4311/121/3385
f 4355/121/3386 4358/121/3387 4361/121/235
f 4311/121/3385 4316/121/3384 4335/121/76
f 4356/121/3388 4358/121/3387 4355/121/3386
f 4313/121/3389 4355/121/3386 4318/121/3390
f 4316/121/3384 4321/121/3391 4335/121/76
f 4318/121/3390 4355/121/3386 4361/121/235
f 4322/121/3392 4316/121/3384 4317/121/3393
f 4313/121/3389 4333/121/3394 4329/121/3395
f 4321/121/3391 4326/121/3396 4335/121/76
f 4333/121/3394 4318/121/3390 4361/121/235
f 4327/121/3397 4321/121/3391 4322/121/3392
f 4332/121/3398 4326/121/3396 4327/121/3397
f 4348/121/3399 4333/121/3394 4361/121/235
f 4326/121/3396 4331/121/3400 4335/121/76
f 4343/121/3401 4333/121/3394 4348/121/3399
f 4319/121/3402 4312/121/3383 4347/121/3403
f 4337/121/3404 4331/121/3400 4332/121/3398
f 4350/121/3405 4327/121/3397 4322/121/3392
f 4331/121/3400 4336/121/3406 4335/121/76
f 4352/121/3407 4322/121/3392 4317/121/3393
f 4337/121/3404 4341/121/3408 4336/121/3406
f 4324/121/3409 4347/121/3403 4342/121/3410
f 4336/121/3406 4341/121/3408 4335/121/76
f 4330/121/3411 4342/121/3410 4337/121/3404
f 4342/121/3410 4346/121/3412 4341/121/3408
f 4345/121/3413 4332/121/3398 4327/121/3397
f 4341/121/3408 4346/121/3412 4335/121/76
f 4339/121/3414 4337/121/3404 4332/121/3398
f 4312/121/3383 4346/121/3412 4347/121/3403
f 4354/121/3415 4317/121/3393 4312/121/3383
f 4346/121/3412 4311/121/3385 4335/121/76
f 4351/121/3416 4354/121/3415 4353/121/3417
f 4340/121/69 4351/121/3416 4353/121/3417
f 4351/121/3416 4350/121/3405 4352/121/3407
f 4340/121/69 4349/121/3418 4351/121/3416
f 4349/121/3418 4345/121/3413 4350/121/3405
f 4340/121/69 4344/121/3419 4349/121/3418
f 4334/121/3420 4345/121/3413 4344/121/3419
f 4340/121/69 4334/121/3420 4344/121/3419
f 4340/121/69 4325/121/3421 4334/121/3420
f 4334/121/3420 4330/121/3411 4339/121/3414
f 4340/121/69 4320/121/3422 4325/121/3421
f 4320/121/3422 4330/121/3411 4325/121/3421
f 4340/121/69 4315/121/3423 4320/121/3422
f 4315/121/3423 4324/121/3409 4320/121/3422
f 4340/121/69 4353/121/3417 4315/121/3423
f 4315/121/3423 4354/121/3415 4319/121/3402
f 4328/121/3424 4343/121/3401 4371/121/3425
f 4363/121/3426 4358/121/3387 4359/121/3427
f 4373/121/3428 4356/121/3388 4313/121/3389
f 4358/121/3387 4362/121/3429 4361/121/235
f 4375/121/3430 4313/121/3389 4329/121/3395
f 4367/121/3431 4362/121/3429 4363/121/3426
f 4314/121/3432 4371/121/3425 4367/121/3431
f 4362/121/3429 4366/121/3433 4361/121/235
f 4357/121/3434 4367/121/3431 4363/121/3426
f 4367/121/3431 4370/121/3435 4366/121/3433
f 4369/121/3436 4359/121/3427 4356/121/3388
f 4366/121/3433 4370/121/3435 4361/121/235
f 4364/121/3437 4363/121/3426 4359/121/3427
f 4343/121/3401 4370/121/3435 4371/121/3425
f 4377/121/3438 4329/121/3395 4343/121/3401
f 4370/121/3435 4348/121/3399 4361/121/235
f 4374/121/3439 4377/121/3438 4376/121/3440
f 4365/121/266 4374/121/3439 4376/121/3440
f 4372/121/3441 4375/121/3430 4374/121/3439
f 4365/121/266 4372/121/3441 4374/121/3439
f 4368/121/3442 4373/121/3428 4372/121/3441
f 4365/121/266 4368/121/3442 4372/121/3441
f 4368/121/3442 4364/121/3437 4369/121/3436
f 4365/121/266 4360/121/3443 4368/121/3442
f 4365/121/266 4310/121/3444 4360/121/3443
f 4360/121/3443 4357/121/3434 4364/121/3437
f 4365/121/266 4323/121/3445 4310/121/3444
f 4310/121/3444 4314/121/3432 4357/121/3434
f 4365/121/266 4338/121/3446 4323/121/3445
f 4338/121/3446 4314/121/3432 4323/121/3445
f 4365/121/266 4376/121/3440 4338/121/3446
f 4338/121/3446 4377/121/3438 4328/121/3424
f 4389/121/3386 4392/121/3387 4395/121/235
f 4390/121/3388 4392/121/3387 4389/121/3386
f 4379/121/3389 4389/121/3386 4381/121/3390
f 4381/121/3390 4389/121/3386 4395/121/235
f 4379/121/3389 4385/121/3394 4384/121/3395
f 4385/121/3394 4381/121/3390 4395/121/235
f 4388/121/3399 4385/121/3394 4395/121/235
f 4387/121/3401 4385/121/3394 4388/121/3399
f 4383/121/3424 4387/121/3401 4405/121/3425
f 4397/121/3426 4392/121/3387 4393/121/3427
f 4407/121/3447 4390/121/3388 4379/121/3389
f 4392/121/3387 4396/121/3429 4395/121/235
f 4409/121/3430 4379/121/3389 4384/121/3395
f 4401/121/3431 4396/121/3429 4397/121/3426
f 4380/121/3432 4405/121/3425 4401/121/3431
f 4396/121/3429 4400/121/3433 4395/121/235
f 4391/121/3448 4401/121/3431 4397/121/3426
f 4401/121/3431 4404/121/3435 4400/121/3433
f 4403/121/3436 4393/121/3427 4390/121/3388
f 4400/121/3433 4404/121/3435 4395/121/235
f 4393/121/3427 4391/121/3448 4397/121/3426
f 4387/121/3401 4404/121/3435 4405/121/3425
f 4411/121/3449 4384/121/3395 4387/121/3401
f 4404/121/3435 4388/121/3399 4395/121/235
f 4408/121/3439 4411/121/3449 4410/121/3440
f 4399/121/266 4408/121/3439 4410/121/3440
f 4408/121/3439 4407/121/3447 4409/121/3430
f 4399/121/266 4406/121/3441 4408/121/3439
f 4402/121/3442 4407/121/3447 4406/121/3441
f 4399/121/266 4402/121/3442 4406/121/3441
f 4394/121/3443 4403/121/3436 4402/121/3442
f 4399/121/266 4394/121/3443 4402/121/3442
f 4399/121/266 4378/121/3444 4394/121/3443
f 4394/121/3443 4391/121/3448 4398/121/3437
f 4399/121/266 4382/121/3445 4378/121/3444
f 4378/121/3444 4380/121/3432 4391/121/3448
f 4399/121/266 4386/121/3446 4382/121/3445
f 4386/121/3446 4380/121/3432 4382/121/3445
f 4399/121/266 4410/121/3440 4386/121/3446
f 4386/121/3446 4411/121/3449 4383/121/3424
f 4423/121/3450 4426/121/3451 4429/121/666
f 4424/121/3452 4426/121/3451 4423/121/3450
f 4413/121/3453 4423/121/3450 4415/121/3454
f 4415/121/3454 4423/121/3450 4429/121/666
f 4413/121/3453 4419/121/3455 4418/121/3456
f 4419/121/3455 4415/121/3454 4429/121/666
f 4422/121/3457 4419/121/3455 4429/121/666
f 4421/121/3458 4419/121/3455 4422/121/3457
f 4417/121/3459 4421/121/3458 4439/121/3460
f 4431/121/3461 4426/121/3451 4427/121/3462
f 4441/121/3463 4424/121/3452 4413/121/3453
f 4426/121/3451 4430/121/3464 4429/121/666
f 4418/121/3456 4441/121/3463 4413/121/3453
f 4435/121/3465 4430/121/3464 4431/121/3461
f 4435/121/3465 4417/121/3459 4439/121/3460
f 4430/121/3464 4434/121/3466 4429/121/666
f 4431/121/3461 4414/121/3467 4435/121/3465
f 4435/121/3465 4438/121/3468 4434/121/3466
f 4424/121/3452 4432/121/3469 4427/121/3462
f 4434/121/3466 4438/121/3468 4429/121/666
f 4432/121/3469 4431/121/3461 4427/121/3462
f 4421/121/3458 4438/121/3468 4439/121/3460
f 4421/121/3458 4443/121/3470 4418/121/3456
f 4438/121/3468 4422/121/3457 4429/121/666
f 4442/121/3471 4445/121/3472 4444/121/3473
f 4433/121/640 4442/121/3471 4444/121/3473
f 4442/121/3471 4441/121/3463 4443/121/3470
f 4433/121/640 4440/121/3474 4442/121/3471
f 4436/121/3475 4441/121/3463 4440/121/3474
f 4433/121/640 4436/121/3475 4440/121/3474
f 4436/121/3475 4432/121/3469 4437/121/3476
f 4433/121/640 4428/121/3477 4436/121/3475
f 4433/121/640 4412/121/3478 4428/121/3477
f 4412/121/3478 4432/121/3469 4428/121/3477
f 4433/121/640 4416/121/3479 4412/121/3478
f 4412/121/3478 4414/121/3467 4425/121/3480
f 4433/121/640 4420/121/3481 4416/121/3479
f 4420/121/3481 4414/121/3467 4416/121/3479
f 4433/121/640 4444/121/3473 4420/121/3481
f 4420/121/3481 4445/121/3472 4417/121/3459
f 4559/121/235 4449/121/3283 4456/121/3287
f 4558/121/3284 4454/121/3286 4455/121/3282
f 4447/121/3279 4453/121/3280 4557/121/69
f 4556/121/3276 4451/121/3285 4446/121/3277
f 4449/121/3283 4455/121/3282 4456/121/3287
f 4448/121/3281 4453/121/3280 4454/121/3286
f 4446/121/3277 4452/121/3278 4447/121/3279
f 4556/121/3276 4555/121/266 4450/121/3275
f 4456/121/3287 4462/121/3294 4463/121/3291
f 4454/121/3286 4460/121/3289 4461/121/3290
f 4451/121/3285 4459/121/3293 4452/121/3278
f 4450/121/3275 4555/121/266 4457/121/3292
f 4559/121/235 4456/121/3287 4463/121/3291
f 4455/121/3282 4461/121/3290 4462/121/3294
f 4452/121/3278 4460/121/3289 4453/121/3280
f 4450/121/3275 4458/121/3288 4451/121/3285
f 4461/121/3290 4467/121/3295 4468/121/3296
f 4458/121/3288 4466/121/3299 4459/121/3293
f 4457/121/3292 4555/121/266 4464/121/3298
f 4559/121/235 4463/121/3291 4470/121/3297
f 4462/121/3294 4468/121/3296 4469/121/3300
f 4459/121/3293 4467/121/3295 4460/121/3289
f 4457/121/3292 4465/121/3301 4458/121/3288
f 4463/121/3291 4469/121/3300 4470/121/3297
f 4559/121/235 4470/121/3297 4477/121/3307
f 4469/121/3300 4475/121/3306 4476/121/3304
f 4466/121/3299 4474/121/547 4467/121/3295
f 4464/121/3298 4472/121/3305 4465/121/3301
f 4470/121/3297 4476/121/3304 4477/121/3307
f 4468/121/3296 4474/121/547 4475/121/3306
f 4465/121/3301 4473/121/3303 4466/121/3299
f 4464/121/3298 4555/121/266 4471/121/3302
f 4474/121/547 4480/121/3311 4481/121/3316
f 4472/121/3305 4478/121/3310 4479/121/3313
f 4476/121/3304 4484/121/3309 4477/121/3307
f 4474/121/547 4482/121/3308 4475/121/3306
f 4473/121/3303 4479/121/3313 4480/121/3311
f 4471/121/3302 4555/121/266 4478/121/3310
f 4559/121/235 4477/121/3307 4484/121/3309
f 4475/121/3306 4483/121/3312 4476/121/3304
f 4483/121/3312 4491/121/3318 4484/121/3309
f 4481/121/3316 4489/121/3320 4482/121/3308
f 4480/121/3311 4486/121/3319 4487/121/3315
f 4478/121/3310 4555/121/266 4485/121/3314
f 4559/121/235 4484/121/3309 4491/121/3318
f 4482/121/3308 4490/121/3317 4483/121/3312
f 4481/121/3316 4487/121/3315 4488/121/3325
f 4479/121/3313 4485/121/3314 4486/121/3319
f 4487/121/3315 4493/121/3324 4494/121/3327
f 4485/121/3314 4555/121/266 4492/121/3323
f 4559/121/235 4491/121/3318 4498/121/3322
f 4489/121/3320 4497/121/3321 4490/121/3317
f 4488/121/3325 4494/121/3327 4495/121/3330
f 4486/121/3319 4492/121/3323 4493/121/3324
f 4490/121/3317 4498/121/3322 4491/121/3318
f 4488/121/3325 4496/121/3326 4489/121/3320
f 4559/121/235 4498/121/3322 4505/121/3332
f 4496/121/3326 4504/121/3334 4497/121/3321
f 4495/121/3330 4501/121/3333 4502/121/76
f 4493/121/3324 4499/121/3328 4500/121/3329
f 4497/121/3321 4505/121/3332 4498/121/3322
f 4495/121/3330 4503/121/3331 4496/121/3326
f 4494/121/3327 4500/121/3329 4501/121/3333
f 4492/121/3323 4555/121/266 4499/121/3328
f 4499/121/3328 4507/121/3336 4500/121/3329
f 4505/121/3332 4511/121/3335 4512/121/3339
f 4503/121/3331 4509/121/3337 4510/121/3338
f 4500/121/3329 4508/121/3341 4501/121/3333
f 4499/121/3328 4555/121/266 4506/121/3340
f 4559/121/235 4505/121/3332 4512/121/3339
f 4504/121/3334 4510/121/3338 4511/121/3335
f 4501/121/3333 4509/121/3337 4502/121/76
f 4512/121/3339 4518/121/3348 4519/121/3345
f 4510/121/3338 4516/121/3343 4517/121/3344
f 4507/121/3336 4515/121/3347 4508/121/3341
f 4506/121/3340 4555/121/266 4513/121/3346
f 4559/121/235 4512/121/3339 4519/121/3345
f 4511/121/3335 4517/121/3344 4518/121/3348
f 4508/121/3341 4516/121/3343 4509/121/3337
f 4506/121/3340 4514/121/3342 4507/121/3336
f 4513/121/3346 4555/121/266 4520/121/3350
f 4559/121/235 4519/121/3345 4526/121/3349
f 4518/121/3348 4524/121/3355 4525/121/3353
f 4515/121/3347 4523/121/3352 4516/121/3343
f 4513/121/3346 4521/121/3354 4514/121/3342
f 4519/121/3345 4525/121/3353 4526/121/3349
f 4517/121/3344 4523/121/3352 4524/121/3355
f 4514/121/3342 4522/121/3351 4515/121/3347
f 4525/121/3353 4531/121/3359 4532/121/3357
f 4522/121/3351 4530/121/493 4523/121/3352
f 4520/121/3350 4528/121/3358 4521/121/3354
f 4526/121/3349 4532/121/3357 4533/121/3360
f 4524/121/3355 4530/121/493 4531/121/3359
f 4521/121/3354 4529/121/3356 4522/121/3351
f 4520/121/3350 4555/121/266 4527/121/3361
f 4559/121/235 4526/121/3349 4533/121/3360
f 4532/121/3357 4540/121/3365 4533/121/3360
f 4530/121/493 4538/121/3367 4531/121/3359
f 4529/121/3356 4535/121/3366 4536/121/3363
f 4527/121/3361 4555/121/266 4534/121/3362
f 4559/121/235 4533/121/3360 4540/121/3365
f 4531/121/3359 4539/121/3364 4532/121/3357
f 4530/121/493 4536/121/3363 4537/121/3369
f 4528/121/3358 4534/121/3362 4535/121/3366
f 4537/121/3369 4545/121/3374 4538/121/3367
f 4536/121/3363 4542/121/3373 4543/121/3368
f 4534/121/3362 4555/121/266 4541/121/3372
f 4559/121/235 4540/121/3365 4547/121/3371
f 4538/121/3367 4546/121/3370 4539/121/3364
f 4537/121/3369 4543/121/3368 4544/121/3377
f 4535/121/3366 4541/121/3372 4542/121/3373
f 4539/121/3364 4547/121/3371 4540/121/3365
f 4559/121/235 4547/121/3371 4554/121/3379
f 4545/121/3374 4553/121/3381 4546/121/3370
f 4544/121/3377 4550/121/3380 4551/121/3382
f 4542/121/3373 4548/121/3375 4549/121/3376
f 4546/121/3370 4554/121/3379 4547/121/3371
f 4544/121/3377 4552/121/3378 4545/121/3374
f 4543/121/3368 4549/121/3376 4550/121/3380
f 4541/121/3372 4555/121/266 4548/121/3375
f 4551/121/3382 4447/121/3279 4557/121/69
f 4549/121/3376 4556/121/3276 4446/121/3277
f 4553/121/3381 4449/121/3283 4554/121/3379
f 4551/121/3382 4448/121/3281 4552/121/3378
f 4550/121/3380 4446/121/3277 4447/121/3279
f 4548/121/3375 4555/121/266 4556/121/3276
f 4559/121/235 4554/121/3379 4449/121/3283
f 4552/121/3378 4558/121/3284 4553/121/3381
f 4562/121/3398 4566/121/3396 4567/121/3397
f 4605/121/3482 4611/121/266 4608/121/3483
f 4561/121/3484 4585/121/76 4566/121/3396
f 4606/121/3485 4608/121/3483 4609/121/3486
f 4563/121/3487 4605/121/3482 4606/121/3485
f 4566/121/3396 4585/121/76 4571/121/3391
f 4568/121/3488 4611/121/266 4605/121/3482
f 4566/121/3396 4572/121/3392 4567/121/3397
f 4583/121/3489 4563/121/3487 4579/121/3490
f 4571/121/3391 4585/121/76 4576/121/3384
f 4583/121/3489 4611/121/266 4568/121/3488
f 4571/121/3391 4577/121/3393 4572/121/3392
f 4576/121/3384 4582/121/3383 4577/121/3393
f 4598/121/3491 4611/121/266 4583/121/3489
f 4576/121/3384 4585/121/76 4581/121/3492
f 4593/121/3493 4583/121/3489 4579/121/3490
f 4562/121/3398 4569/121/3494 4597/121/3404
f 4581/121/3492 4587/121/3403 4582/121/3383
f 4577/121/3393 4600/121/3405 4572/121/3392
f 4581/121/3492 4585/121/76 4586/121/3412
f 4572/121/3392 4602/121/3495 4567/121/3397
f 4587/121/3403 4591/121/3408 4592/121/3410
f 4597/121/3404 4574/121/3409 4592/121/3410
f 4586/121/3412 4585/121/76 4591/121/3408
f 4592/121/3410 4580/121/3496 4587/121/3403
f 4592/121/3410 4596/121/3406 4597/121/3404
f 4582/121/3383 4595/121/3497 4577/121/3393
f 4591/121/3408 4585/121/76 4596/121/3406
f 4587/121/3403 4589/121/3498 4582/121/3383
f 4596/121/3406 4562/121/3398 4597/121/3404
f 4567/121/3397 4604/121/3499 4562/121/3398
f 4596/121/3406 4585/121/76 4561/121/3484
f 4604/121/3499 4601/121/3419 4603/121/3420
f 4590/121/69 4603/121/3420 4601/121/3419
f 4601/121/3419 4600/121/3405 4599/121/3418
f 4590/121/69 4601/121/3419 4599/121/3418
f 4599/121/3418 4595/121/3497 4594/121/3416
f 4590/121/69 4599/121/3418 4594/121/3416
f 4595/121/3497 4584/121/3417 4594/121/3416
f 4590/121/69 4594/121/3416 4584/121/3417
f 4590/121/69 4584/121/3417 4575/121/3423
f 4584/121/3417 4580/121/3496 4575/121/3423
f 4590/121/69 4575/121/3423 4570/121/3422
f 4580/121/3496 4570/121/3422 4575/121/3423
f 4590/121/69 4570/121/3422 4565/121/3421
f 4574/121/3409 4565/121/3421 4570/121/3422
f 4590/121/69 4565/121/3421 4603/121/3420
f 4565/121/3421 4604/121/3499 4603/121/3420
f 4593/121/3493 4578/121/3500 4621/121/3501
f 4608/121/3483 4613/121/3502 4609/121/3486
f 4606/121/3485 4623/121/3503 4563/121/3487
f 4608/121/3483 4611/121/266 4612/121/3504
f 4563/121/3487 4625/121/3505 4579/121/3490
f 4612/121/3504 4617/121/3506 4613/121/3502
f 4621/121/3501 4564/121/3507 4617/121/3506
f 4612/121/3504 4611/121/266 4616/121/3508
f 4617/121/3506 4607/121/3509 4613/121/3502
f 4617/121/3506 4620/121/3510 4621/121/3501
f 4609/121/3486 4619/121/3511 4606/121/3485
f 4616/121/3508 4611/121/266 4620/121/3510
f 4613/121/3502 4614/121/3512 4609/121/3486
f 4620/121/3510 4593/121/3493 4621/121/3501
f 4579/121/3490 4627/121/3513 4593/121/3493
f 4620/121/3510 4611/121/266 4598/121/3491
f 4627/121/3513 4624/121/3514 4626/121/3515
f 4615/121/235 4626/121/3515 4624/121/3514
f 4625/121/3505 4622/121/3516 4624/121/3514
f 4615/121/235 4624/121/3514 4622/121/3516
f 4623/121/3503 4618/121/3517 4622/121/3516
f 4615/121/235 4622/121/3516 4618/121/3517
f 4618/121/3517 4614/121/3512 4610/121/3518
f 4615/121/235 4618/121/3517 4610/121/3518
f 4615/121/235 4610/121/3518 4560/121/3519
f 4610/121/3518 4607/121/3509 4560/121/3519
f 4615/121/235 4560/121/3519 4573/121/3520
f 4560/121/3519 4564/121/3507 4573/121/3520
f 4615/121/235 4573/121/3520 4588/121/3521
f 4564/121/3507 4588/121/3521 4573/121/3520
f 4615/121/235 4588/121/3521 4626/121/3515
f 4588/121/3521 4627/121/3513 4626/121/3515
f 4639/121/3482 4645/121/266 4642/121/3483
f 4640/121/3485 4642/121/3483 4643/121/3486
f 4629/121/3487 4639/121/3482 4640/121/3485
f 4631/121/3488 4645/121/266 4639/121/3482
f 4635/121/3489 4629/121/3487 4634/121/3490
f 4635/121/3489 4645/121/266 4631/121/3488
f 4638/121/3522 4645/121/266 4635/121/3489
f 4637/121/3493 4635/121/3489 4634/121/3490
f 4637/121/3493 4633/121/3500 4655/121/3501
f 4642/121/3483 4647/121/3502 4643/121/3486
f 4640/121/3485 4657/121/3503 4629/121/3487
f 4642/121/3483 4645/121/266 4646/121/3504
f 4629/121/3487 4659/121/3505 4634/121/3490
f 4646/121/3504 4651/121/3506 4647/121/3502
f 4655/121/3501 4630/121/3523 4651/121/3506
f 4646/121/3504 4645/121/266 4650/121/3508
f 4651/121/3506 4641/121/3524 4647/121/3502
f 4651/121/3506 4654/121/3510 4655/121/3501
f 4643/121/3486 4653/121/3511 4640/121/3485
f 4650/121/3508 4645/121/266 4654/121/3510
f 4643/121/3486 4641/121/3524 4648/121/3512
f 4654/121/3510 4637/121/3493 4655/121/3501
f 4634/121/3490 4661/121/3513 4637/121/3493
f 4654/121/3510 4645/121/266 4638/121/3522
f 4661/121/3513 4658/121/3514 4660/121/3515
f 4649/121/235 4660/121/3515 4658/121/3514
f 4658/121/3514 4657/121/3503 4656/121/3516
f 4649/121/235 4658/121/3514 4656/121/3516
f 4657/121/3503 4652/121/3517 4656/121/3516
f 4649/121/235 4656/121/3516 4652/121/3517
f 4653/121/3511 4644/121/3518 4652/121/3517
f 4649/121/235 4652/121/3517 4644/121/3518
f 4649/121/235 4644/121/3518 4628/121/3519
f 4644/121/3518 4641/121/3524 4628/121/3519
f 4649/121/235 4628/121/3519 4632/121/3520
f 4628/121/3519 4630/121/3523 4632/121/3520
f 4649/121/235 4632/121/3520 4636/121/3521
f 4630/121/3523 4636/121/3521 4632/121/3520
f 4649/121/235 4636/121/3521 4660/121/3515
f 4636/121/3521 4661/121/3513 4660/121/3515
f 4673/121/3525 4679/121/716 4676/121/3526
f 4674/121/3527 4676/121/3526 4677/121/3528
f 4663/121/3529 4673/121/3525 4674/121/3527
f 4665/121/3530 4679/121/716 4673/121/3525
f 4669/121/3531 4663/121/3529 4668/121/3532
f 4669/121/3531 4679/121/716 4665/121/3530
f 4672/121/3533 4679/121/716 4669/121/3531
f 4671/121/3534 4669/121/3531 4668/121/3532
f 4671/121/3534 4667/121/3535 4689/121/3536
f 4676/121/3526 4681/121/3537 4677/121/3528
f 4674/121/3527 4691/121/3538 4663/121/3529
f 4676/121/3526 4679/121/716 4680/121/3539
f 4668/121/3532 4691/121/3538 4693/121/3540
f 4680/121/3539 4685/121/3541 4681/121/3537
f 4685/121/3541 4667/121/3535 4664/121/3542
f 4680/121/3539 4679/121/716 4684/121/3543
f 4681/121/3537 4664/121/3542 4675/121/3544
f 4685/121/3541 4688/121/3545 4689/121/3536
f 4674/121/3527 4682/121/3546 4687/121/3547
f 4684/121/3543 4679/121/716 4688/121/3545
f 4681/121/3537 4682/121/3546 4677/121/3528
f 4688/121/3545 4671/121/3534 4689/121/3536
f 4671/121/3534 4693/121/3540 4695/121/3548
f 4688/121/3545 4679/121/716 4672/121/3533
f 4695/121/3548 4692/121/3549 4694/121/3550
f 4683/121/693 4694/121/3550 4692/121/3549
f 4692/121/3549 4691/121/3538 4690/121/3551
f 4683/121/693 4692/121/3549 4690/121/3551
f 4691/121/3538 4686/121/3552 4690/121/3551
f 4683/121/693 4690/121/3551 4686/121/3552
f 4686/121/3552 4682/121/3546 4678/121/3553
f 4683/121/693 4686/121/3552 4678/121/3553
f 4683/121/693 4678/121/3553 4662/121/3554
f 4682/121/3546 4662/121/3554 4678/121/3553
f 4683/121/693 4662/121/3554 4666/121/3555
f 4662/121/3554 4664/121/3542 4666/121/3555
f 4683/121/693 4666/121/3555 4670/121/3556
f 4664/121/3542 4670/121/3556 4666/121/3555
f 4683/121/693 4670/121/3556 4694/121/3550
f 4670/121/3556 4695/121/3548 4694/121/3550
f 4932/121/3557 4711/121/3558 4924/121/3559
f 4705/121/3560 4925/121/3561 4927/121/3562
f 4704/121/3563 4926/121/3564 4925/121/3561
f 4778/121/3565 4932/121/3557 4933/121/3566
f 4934/121/3567 4705/121/3560 4927/121/3562
f 4935/121/3568 4778/121/3565 4933/121/3566
f 4936/121/3569 4706/121/3570 4934/121/3567
f 4714/121/3571 4935/121/3568 4928/121/3572
f 4929/121/3573 4707/121/3574 4936/121/3569
f 4715/121/3575 4928/121/3572 4937/121/3576
f 4938/121/3577 4708/121/3578 4929/121/3573
f 4716/121/3579 4937/121/3576 4930/121/3580
f 4939/121/3581 4709/121/3582 4938/121/3577
f 4717/121/3583 4930/121/3580 4931/121/3584
f 4924/121/3559 4710/121/3585 4939/121/3581
f 4926/121/3564 4717/121/3583 4931/121/3584
f 4843/121/3586 4833/121/3587 4827/121/3588
f 4848/121/69 4733/121/3589 4726/121/3590
f 4846/121/3591 4731/121/3592 4724/121/3593
f 4833/121/3587 4697/121/3594 4820/121/3595
f 4813/121/3596 4842/121/3597 4805/121/3598
f 4733/121/3589 4846/121/3591 4726/121/3590
f 4724/121/3593 4718/121/3599 4704/121/3563
f 4813/121/3596 4841/121/3600 4812/121/3601
f 4845/121/3602 4833/121/3587 4844/121/3603
f 4827/121/3588 4820/121/3595 4813/121/3596
f 4733/121/3589 4740/121/3604 4732/121/3605
f 4731/121/3592 4717/121/3583 4718/121/3599
f 4799/121/76 4840/121/3606 4826/121/3607
f 4799/121/76 4826/121/3607 4812/121/3601
f 4848/121/69 4741/121/3608 4733/121/3589
f 4740/121/3604 4731/121/3592 4732/121/3605
f 4741/121/3608 4748/121/3609 4740/121/3604
f 4739/121/3610 4716/121/3579 4717/121/3583
f 4799/121/76 4847/121/3611 4840/121/3606
f 4721/121/3612 4844/121/3603 4843/121/3586
f 4848/121/69 4749/121/3613 4741/121/3608
f 4740/121/3604 4747/121/3614 4739/121/3610
f 4722/121/3615 4845/121/3602 4844/121/3603
f 4843/121/3586 4826/121/3607 4840/121/3606
f 4729/121/3616 4721/121/3612 4847/121/3611
f 4736/121/3617 4698/121/3618 4722/121/3615
f 4848/121/69 4757/121/3619 4749/121/3613
f 4748/121/3609 4755/121/3620 4747/121/3614
f 4730/121/3621 4722/121/3615 4721/121/3612
f 4721/121/3612 4840/121/3606 4847/121/3611
f 4757/121/3619 4748/121/3609 4749/121/3613
f 4747/121/3614 4715/121/3575 4716/121/3579
f 4848/121/69 4764/121/3622 4757/121/3619
f 4763/121/3623 4755/121/3620 4756/121/3624
f 4799/121/76 4738/121/3625 4729/121/3616
f 4799/121/76 4729/121/3616 4847/121/3611
f 4757/121/3619 4763/121/3623 4756/121/3624
f 4762/121/3626 4715/121/3575 4755/121/3620
f 4744/121/3627 4736/121/3617 4730/121/3621
f 4738/121/3625 4730/121/3621 4729/121/3616
f 4746/121/3628 4736/121/3617 4745/121/3629
f 4764/121/3622 4771/121/3630 4763/121/3623
f 4770/121/3631 4714/121/3571 4762/121/3626
f 4799/121/76 4752/121/3632 4738/121/3625
f 4753/121/3633 4745/121/3629 4744/121/3627
f 4848/121/69 4772/121/3634 4764/121/3622
f 4763/121/3623 4770/121/3631 4762/121/3626
f 4754/121/3635 4746/121/3628 4745/121/3629
f 4772/121/3634 4780/121/3636 4771/121/3630
f 4779/121/3637 4713/121/3638 4770/121/3631
f 4767/121/3639 4699/121/3640 4754/121/3635
f 4799/121/76 4760/121/3641 4752/121/3632
f 4848/121/69 4781/121/3642 4772/121/3634
f 4771/121/3630 4779/121/3637 4770/121/3631
f 4761/121/3643 4752/121/3632 4760/121/3641
f 4752/121/3632 4744/121/3627 4738/121/3625
f 4776/121/3644 4768/121/3645 4767/121/3639
f 4848/121/69 4789/121/3646 4781/121/3642
f 4780/121/3636 4787/121/3647 4779/121/3637
f 4775/121/3648 4767/121/3639 4761/121/3643
f 4761/121/3643 4754/121/3635 4753/121/3633
f 4789/121/3646 4780/121/3636 4781/121/3642
f 4779/121/3637 4712/121/3649 4778/121/3565
f 4775/121/3648 4760/121/3641 4769/121/3650
f 4788/121/3651 4795/121/3652 4787/121/3647
f 4786/121/3653 4777/121/3654 4776/121/3644
f 4799/121/76 4769/121/3650 4760/121/3641
f 4797/121/3655 4788/121/3651 4789/121/3646
f 4787/121/3647 4711/121/3558 4712/121/3649
f 4799/121/76 4784/121/3656 4769/121/3650
f 4785/121/3657 4776/121/3644 4775/121/3648
f 4848/121/69 4797/121/3655 4789/121/3646
f 4797/121/3655 4803/121/3658 4796/121/3659
f 4795/121/3652 4710/121/3585 4711/121/3558
f 4799/121/76 4793/121/3660 4784/121/3656
f 4794/121/3661 4786/121/3653 4785/121/3657
f 4848/121/69 4804/121/3662 4797/121/3655
f 4796/121/3659 4802/121/3663 4795/121/3652
f 4700/121/3664 4786/121/3653 4800/121/3665
f 4784/121/3656 4775/121/3648 4769/121/3650
f 4802/121/3663 4709/121/3582 4710/121/3585
f 4801/121/3666 4794/121/3661 4793/121/3660
f 4808/121/3667 4800/121/3665 4807/121/3668
f 4848/121/69 4811/121/3669 4804/121/3662
f 4803/121/3658 4809/121/3670 4802/121/3663
f 4807/121/3668 4794/121/3661 4806/121/3671
f 4793/121/3660 4785/121/3657 4784/121/3656
f 4804/121/3662 4810/121/3672 4803/121/3658
f 4848/121/69 4819/121/3673 4811/121/3669
f 4810/121/3672 4817/121/3674 4809/121/3670
f 4816/121/3675 4806/121/3671 4815/121/3676
f 4799/121/76 4801/121/3666 4793/121/3660
f 4811/121/3669 4818/121/3677 4810/121/3672
f 4809/121/3670 4708/121/3578 4709/121/3582
f 4815/121/3676 4801/121/3666 4814/121/3678
f 4816/121/3675 4808/121/3667 4807/121/3668
f 4828/121/3679 4701/121/3680 4816/121/3675
f 4799/121/76 4814/121/3678 4801/121/3666
f 4825/121/3681 4818/121/3677 4819/121/3673
f 4817/121/3674 4707/121/3574 4708/121/3578
f 4799/121/76 4821/121/3682 4814/121/3678
f 4822/121/3683 4816/121/3675 4815/121/3676
f 4848/121/69 4825/121/3681 4819/121/3673
f 4824/121/3684 4817/121/3674 4818/121/3677
f 4832/121/3685 4824/121/3684 4825/121/3681
f 4823/121/3686 4706/121/3570 4707/121/3574
f 4799/121/76 4829/121/3687 4821/121/3682
f 4836/121/3688 4822/121/3683 4835/121/3689
f 4848/121/69 4832/121/3685 4825/121/3681
f 4824/121/3684 4830/121/3690 4823/121/3686
f 4836/121/3688 4702/121/3691 4828/121/3679
f 4821/121/3682 4815/121/3676 4814/121/3678
f 4805/121/3598 4829/121/3687 4841/121/3600
f 4842/121/3597 4703/121/3692 4836/121/3688
f 4848/121/69 4839/121/3693 4832/121/3685
f 4831/121/3694 4837/121/3695 4830/121/3690
f 4805/121/3598 4836/121/3688 4835/121/3689
f 4829/121/3687 4822/121/3683 4821/121/3682
f 4839/121/3693 4831/121/3694 4832/121/3685
f 4830/121/3690 4705/121/3560 4706/121/3570
f 4848/121/69 4726/121/3590 4839/121/3693
f 4838/121/3696 4724/121/3593 4837/121/3695
f 4827/121/3588 4812/121/3601 4826/121/3607
f 4799/121/76 4812/121/3601 4841/121/3600
f 4726/121/3590 4838/121/3696 4839/121/3693
f 4837/121/3695 4704/121/3563 4705/121/3560
f 4820/121/3595 4696/121/3697 4842/121/3597
f 4799/121/76 4841/121/3600 4829/121/3687
f 4888/121/3698 4875/121/3699 4887/121/3700
f 4879/121/3701 4870/121/3702 4869/121/3703
f 4865/121/3704 4886/121/3705 4859/121/3706
f 4865/121/3704 4885/121/3707 4864/121/3708
f 4889/121/3709 4879/121/3701 4888/121/3698
f 4879/121/3701 4865/121/3704 4875/121/3699
f 4855/121/930 4884/121/3710 4874/121/3711
f 4855/121/930 4874/121/3711 4864/121/3708
f 4855/121/930 4890/121/3712 4884/121/3710
f 4791/121/3713 4887/121/3700 4798/121/3714
f 4790/121/3715 4888/121/3698 4791/121/3713
f 4887/121/3700 4874/121/3711 4884/121/3710
f 4783/121/3716 4798/121/3714 4890/121/3712
f 4774/121/3717 4790/121/3715 4791/121/3713
f 4782/121/3718 4791/121/3713 4798/121/3714
f 4890/121/3712 4887/121/3700 4884/121/3710
f 4855/121/930 4766/121/3719 4783/121/3716
f 4855/121/930 4783/121/3716 4890/121/3712
f 4765/121/3720 4774/121/3717 4782/121/3718
f 4766/121/3719 4782/121/3718 4783/121/3716
f 4759/121/3721 4773/121/3722 4774/121/3717
f 4855/121/930 4751/121/3723 4766/121/3719
f 4750/121/3724 4759/121/3721 4765/121/3720
f 4742/121/3725 4759/121/3721 4743/121/3726
f 4727/121/3727 4743/121/3726 4728/121/3728
f 4855/121/930 4735/121/3729 4751/121/3723
f 4734/121/3730 4751/121/3723 4735/121/3729
f 4751/121/3723 4765/121/3720 4766/121/3719
f 4720/121/3731 4727/121/3727 4728/121/3728
f 4723/121/3732 4728/121/3728 4734/121/3730
f 4728/121/3728 4750/121/3724 4734/121/3730
f 4725/121/3733 4734/121/3730 4735/121/3729
f 4852/121/3734 4720/121/3731 4851/121/3735
f 4855/121/930 4725/121/3733 4735/121/3729
f 4855/121/930 4849/121/3736 4725/121/3733
f 4851/121/3735 4723/121/3732 4850/121/3737
f 4855/121/930 4853/121/3738 4849/121/3736
f 4854/121/3739 4851/121/3735 4850/121/3737
f 4857/121/3740 4851/121/3735 4856/121/3741
f 4850/121/3737 4725/121/3733 4849/121/3736
f 4858/121/3742 4854/121/3739 4853/121/3738
f 4863/121/3743 4856/121/3741 4862/121/3744
f 4862/121/3744 4854/121/3739 4861/121/3745
f 4854/121/3739 4849/121/3736 4853/121/3738
f 4868/121/3746 4861/121/3745 4867/121/3747
f 4855/121/930 4858/121/3742 4853/121/3738
f 4866/121/3748 4861/121/3745 4858/121/3742
f 4871/121/3749 4862/121/3744 4868/121/3746
f 4876/121/3750 4871/121/3749 4868/121/3746
f 4855/121/930 4866/121/3748 4858/121/3742
f 4855/121/930 4872/121/3751 4866/121/3748
f 4876/121/3750 4867/121/3747 4873/121/3752
f 4855/121/930 4878/121/3753 4872/121/3751
f 4881/121/3754 4876/121/3750 4873/121/3752
f 4882/121/3755 4877/121/3756 4876/121/3750
f 4872/121/3751 4867/121/3747 4866/121/3748
f 4859/121/3706 4878/121/3753 4885/121/3707
f 4860/121/3757 4882/121/3755 4886/121/3705
f 4859/121/3706 4882/121/3755 4881/121/3754
f 4878/121/3753 4873/121/3752 4872/121/3751
f 4875/121/3699 4864/121/3708 4874/121/3711
f 4855/121/930 4864/121/3708 4885/121/3707
f 4870/121/3702 4886/121/3705 4869/121/3703
f 4855/121/930 4885/121/3707 4878/121/3753
f 4880/121/3758 4891/121/877 4870/121/3702
f 4790/121/3715 4891/121/877 4889/121/3709
f 4758/121/3759 4891/121/877 4773/121/3722
f 4742/121/3725 4891/121/877 4758/121/3759
f 4883/121/3760 4891/121/877 4877/121/3756
f 4877/121/3756 4891/121/877 4871/121/3749
f 4889/121/3709 4891/121/877 4880/121/3758
f 4719/121/3761 4891/121/877 4727/121/3727
f 4871/121/3749 4891/121/877 4863/121/3743
f 4773/121/3722 4891/121/877 4790/121/3715
f 4852/121/3734 4891/121/877 4719/121/3761
f 4870/121/3702 4891/121/877 4860/121/3757
f 4857/121/3740 4891/121/877 4852/121/3734
f 4863/121/3743 4891/121/877 4857/121/3740
f 4860/121/3757 4891/121/877 4883/121/3760
f 4727/121/3727 4891/121/877 4742/121/3725
f 4923/121/3762 4899/121/747 4912/121/3763
f 4921/121/3764 4907/121/750 4920/121/3765
f 4899/121/747 4911/121/3766 4912/121/3763
f 4920/121/3765 4906/121/746 4919/121/3767
f 4898/121/743 4918/121/3768 4911/121/3766
f 4919/121/3767 4897/121/493 4910/121/3769
f 4905/121/547 4909/121/3770 4918/121/3768
f 4910/121/3769 4904/121/740 4917/121/3771
f 4896/121/737 4916/121/3772 4909/121/3770
f 4917/121/3771 4902/121/735 4915/121/3773
f 4916/121/3772 4901/121/728 4914/121/3774
f 4915/121/3773 4894/121/732 4908/121/3775
f 4901/121/728 4913/121/3776 4914/121/3774
f 4922/121/3777 4895/121/751 4923/121/3762
f 4894/121/732 4922/121/3777 4908/121/3775
f 4913/121/3776 4892/121/729 4921/121/3764
f 4768/121/3645 4921/121/3764 4699/121/3640
f 4697/121/3594 4922/121/3777 4696/121/3697
f 4922/121/3777 4703/121/3692 4696/121/3697
f 4914/121/3774 4768/121/3645 4777/121/3654
f 4834/121/3778 4908/121/3775 4697/121/3594
f 4792/121/3779 4914/121/3774 4777/121/3654
f 4845/121/3602 4915/121/3773 4834/121/3778
f 4909/121/3770 4792/121/3779 4700/121/3664
f 4698/121/3618 4917/121/3771 4845/121/3602
f 4808/121/3667 4909/121/3770 4700/121/3664
f 4737/121/3780 4910/121/3769 4698/121/3618
f 4911/121/3766 4808/121/3667 4701/121/3680
f 4746/121/3628 4919/121/3767 4737/121/3780
f 4912/121/3763 4701/121/3680 4702/121/3691
f 4699/121/3640 4920/121/3765 4746/121/3628
f 4923/121/3762 4702/121/3691 4703/121/3692
f 4926/121/3564 4899/121/747 4895/121/751
f 4892/121/729 4939/121/3581 4907/121/750
f 4931/121/3584 4898/121/743 4899/121/747
f 4907/121/750 4938/121/3577 4906/121/746
f 4930/121/3580 4905/121/547 4898/121/743
f 4938/121/3577 4897/121/493 4906/121/746
f 4937/121/3576 4896/121/737 4905/121/547
f 4897/121/493 4936/121/3569 4904/121/740
f 4928/121/3572 4903/121/733 4896/121/737
f 4904/121/740 4934/121/3567 4902/121/735
f 4903/121/733 4933/121/3566 4901/121/728
f 4902/121/735 4927/121/3562 4894/121/732
f 4933/121/3566 4900/121/266 4901/121/728
f 4925/121/3561 4895/121/751 4893/121/235
f 4927/121/3562 4893/121/235 4894/121/732
f 4932/121/3557 4892/121/729 4900/121/266
f 5176/121/3561 4955/121/3560 4956/121/3563
f 5169/121/3557 4949/121/3558 5171/121/3559
f 5170/121/3566 4948/121/3649 5169/121/3557
f 5176/121/3561 5022/121/3599 5177/121/3564
f 5178/121/3581 4949/121/3558 4950/121/3585
f 5179/121/3584 5022/121/3599 4957/121/3583
f 5180/121/3577 4950/121/3585 4951/121/3582
f 5179/121/3584 4958/121/3579 5172/121/3580
f 5173/121/3573 4951/121/3582 4952/121/3578
f 5172/121/3580 4959/121/3575 5181/121/3576
f 5182/121/3569 4952/121/3578 4953/121/3574
f 5181/121/3576 4960/121/3571 5174/121/3572
f 5183/121/3567 4953/121/3574 4954/121/3570
f 5174/121/3572 4961/121/3638 5175/121/3568
f 5168/121/3562 4954/121/3570 4955/121/3560
f 5170/121/3566 4961/121/3638 4962/121/3565
f 5087/121/3621 5077/121/3629 5088/121/3617
f 5092/121/69 4970/121/3646 4977/121/3642
f 5090/121/3651 4975/121/3637 4976/121/3781
f 5077/121/3629 4941/121/3640 5078/121/3628
f 5057/121/3782 5086/121/3639 5064/121/3635
f 5090/121/3651 4977/121/3642 4970/121/3646
f 4968/121/3647 4962/121/3565 4975/121/3637
f 5085/121/3641 5057/121/3782 5056/121/3632
f 5077/121/3629 5089/121/3780 5088/121/3617
f 5071/121/3627 5064/121/3635 5077/121/3629
f 4977/121/3642 4984/121/3630 4985/121/3634
f 4975/121/3637 4961/121/3638 4983/121/3631
f 5043/121/76 5070/121/3625 5084/121/3616
f 5043/121/76 5056/121/3632 5070/121/3625
f 5092/121/69 4977/121/3642 4985/121/3634
f 4975/121/3637 4984/121/3630 4976/121/3781
f 4985/121/3634 4992/121/3623 4993/121/3622
f 4983/121/3631 4960/121/3571 4991/121/3626
f 5043/121/76 5084/121/3616 5091/121/3611
f 4965/121/3612 5088/121/3617 4966/121/3615
f 5092/121/69 4985/121/3634 4993/121/3622
f 4984/121/3630 4991/121/3626 4992/121/3623
f 4966/121/3615 5089/121/3780 4942/121/3618
f 5070/121/3625 5087/121/3621 5084/121/3616
f 4973/121/3606 4965/121/3612 4974/121/3586
f 4980/121/3603 4942/121/3618 4981/121/3602
f 5092/121/69 4993/121/3622 5001/121/3619
f 4992/121/3623 4999/121/3620 5000/121/3624
f 4974/121/3586 4966/121/3615 4980/121/3603
f 5084/121/3616 4965/121/3612 5091/121/3611
f 4992/121/3623 5001/121/3619 4993/121/3622
f 4991/121/3626 4959/121/3575 4999/121/3620
f 5092/121/69 5001/121/3619 5008/121/3613
f 4999/121/3620 5007/121/3609 5000/121/3624
f 5043/121/76 4973/121/3606 4982/121/3607
f 5043/121/76 5091/121/3611 4973/121/3606
f 5001/121/3619 5007/121/3609 5008/121/3613
f 4959/121/3575 5006/121/3614 4999/121/3620
f 4988/121/3588 4980/121/3603 4989/121/3587
f 4982/121/3607 4974/121/3586 4988/121/3588
f 4980/121/3603 4990/121/3778 4989/121/3587
f 5008/121/3613 5015/121/3604 5016/121/3608
f 4958/121/3579 5014/121/3610 5006/121/3614
f 5043/121/76 4982/121/3607 4996/121/3601
f 4997/121/3596 4989/121/3587 4998/121/3595
f 5092/121/69 5008/121/3613 5016/121/3608
f 5007/121/3609 5014/121/3610 5015/121/3604
f 4998/121/3595 4990/121/3778 4943/121/3594
f 5016/121/3608 5024/121/3783 5025/121/3589
f 4957/121/3583 5023/121/3592 5014/121/3610
f 5011/121/3597 4943/121/3594 5012/121/3697
f 5043/121/76 4996/121/3601 5004/121/3600
f 5092/121/69 5016/121/3608 5025/121/3589
f 5015/121/3604 5023/121/3592 5024/121/3783
f 5004/121/3600 4997/121/3596 5005/121/3598
f 4996/121/3601 4988/121/3588 4997/121/3596
f 5020/121/3688 5012/121/3697 5021/121/3692
f 5092/121/69 5025/121/3589 5033/121/3590
f 5024/121/3783 5031/121/3593 5032/121/3591
f 5019/121/3784 5011/121/3597 5020/121/3688
f 5005/121/3598 4998/121/3595 5011/121/3597
f 5025/121/3589 5032/121/3591 5033/121/3590
f 5023/121/3592 4956/121/3563 5031/121/3593
f 5013/121/3687 5005/121/3598 5019/121/3784
f 5032/121/3591 5039/121/3695 5040/121/3696
f 5020/121/3688 5036/121/3691 5030/121/3679
f 5043/121/76 5004/121/3600 5013/121/3687
f 5033/121/3590 5040/121/3696 5041/121/3693
f 5031/121/3593 4955/121/3560 5039/121/3695
f 5043/121/76 5013/121/3687 5028/121/3682
f 5029/121/3683 5020/121/3688 5030/121/3679
f 5092/121/69 5033/121/3590 5041/121/3693
f 5041/121/3693 5047/121/3694 5048/121/3685
f 5039/121/3695 4954/121/3570 5046/121/3690
f 5043/121/76 5028/121/3682 5037/121/3678
f 5038/121/3676 5030/121/3679 5044/121/3675
f 5092/121/69 5041/121/3693 5048/121/3685
f 5040/121/3696 5046/121/3690 5047/121/3694
f 5030/121/3679 4944/121/3680 5044/121/3675
f 5028/121/3682 5019/121/3784 5029/121/3683
f 5046/121/3690 4953/121/3574 5053/121/3686
f 5045/121/3666 5038/121/3676 5050/121/3671
f 5044/121/3675 5052/121/3667 5051/121/3668
f 5092/121/69 5048/121/3685 5055/121/3681
f 5047/121/3694 5053/121/3686 5054/121/3684
f 5038/121/3676 5051/121/3668 5050/121/3671
f 5037/121/3678 5029/121/3683 5038/121/3676
f 5048/121/3685 5054/121/3684 5055/121/3681
f 5092/121/69 5055/121/3681 5063/121/3673
f 5054/121/3684 5061/121/3674 5062/121/3677
f 5050/121/3671 5060/121/3665 5059/121/3661
f 5043/121/76 5037/121/3678 5045/121/3666
f 5055/121/3681 5062/121/3677 5063/121/3673
f 5053/121/3686 4952/121/3578 5061/121/3674
f 5045/121/3666 5059/121/3661 5058/121/3660
f 5060/121/3665 5052/121/3667 4945/121/3664
f 5072/121/3653 4945/121/3664 4946/121/3779
f 5043/121/76 5045/121/3666 5058/121/3660
f 5062/121/3677 5069/121/3669 5063/121/3673
f 5061/121/3674 4951/121/3582 5067/121/3670
f 5043/121/76 5058/121/3660 5065/121/3656
f 5066/121/3657 5060/121/3665 5072/121/3653
f 5092/121/69 5063/121/3673 5069/121/3669
f 5061/121/3674 5068/121/3672 5062/121/3677
f 5068/121/3672 5076/121/3662 5069/121/3669
f 5067/121/3670 4950/121/3585 5074/121/3663
f 5043/121/76 5065/121/3656 5073/121/3650
f 5066/121/3657 5080/121/3644 5079/121/3785
f 5092/121/69 5069/121/3669 5076/121/3662
f 5068/121/3672 5074/121/3663 5075/121/3658
f 5080/121/3644 4946/121/3779 4947/121/3654
f 5065/121/3656 5059/121/3661 5066/121/3657
f 5073/121/3650 5049/121/3643 5085/121/3641
f 5086/121/3639 4947/121/3654 4940/121/3645
f 5092/121/69 5076/121/3662 5083/121/3655
f 5075/121/3658 5081/121/3652 5082/121/3786
f 5049/121/3643 5080/121/3644 5086/121/3639
f 5073/121/3650 5066/121/3657 5079/121/3785
f 5075/121/3658 5083/121/3655 5076/121/3662
f 5074/121/3663 4949/121/3558 5081/121/3652
f 5092/121/69 5083/121/3655 4970/121/3646
f 5082/121/3786 4968/121/3647 5090/121/3651
f 5056/121/3632 5071/121/3627 5070/121/3625
f 5043/121/76 5085/121/3641 5056/121/3632
f 5082/121/3786 4970/121/3646 5083/121/3655
f 5081/121/3652 4948/121/3649 4968/121/3647
f 5064/121/3635 4940/121/3645 4941/121/3640
f 5043/121/76 5073/121/3650 5085/121/3641
f 5119/121/3787 5132/121/3788 5131/121/3789
f 5123/121/3790 5114/121/3791 5124/121/3792
f 5109/121/3793 5130/121/3794 5113/121/3795
f 5129/121/3796 5109/121/3793 5108/121/3797
f 5123/121/3790 5133/121/3798 5132/121/3788
f 5109/121/3793 5123/121/3790 5119/121/3787
f 5099/121/993 5118/121/3799 5128/121/3800
f 5099/121/993 5108/121/3797 5118/121/3799
f 5099/121/993 5128/121/3800 5134/121/3801
f 5131/121/3789 5035/121/3802 5042/121/3803
f 5132/121/3788 5034/121/3804 5035/121/3802
f 5118/121/3799 5131/121/3789 5128/121/3800
f 5027/121/3805 5042/121/3803 5026/121/3806
f 5018/121/3807 5034/121/3804 5017/121/3808
f 5026/121/3806 5035/121/3802 5018/121/3807
f 5134/121/3801 5131/121/3789 5042/121/3803
f 5099/121/993 5027/121/3805 5010/121/3809
f 5099/121/993 5134/121/3801 5027/121/3805
f 5009/121/3810 5018/121/3807 5003/121/3811
f 5010/121/3809 5026/121/3806 5009/121/3810
f 5003/121/3811 5017/121/3808 5002/121/3812
f 5099/121/993 5010/121/3809 4995/121/3813
f 4994/121/3814 5003/121/3811 4987/121/3815
f 5003/121/3811 4986/121/3816 4987/121/3815
f 4972/121/3817 4986/121/3816 4971/121/3818
f 5099/121/993 4995/121/3813 4979/121/3819
f 4995/121/3813 4978/121/3820 4979/121/3819
f 4995/121/3813 5009/121/3810 4994/121/3814
f 4972/121/3817 4963/121/3821 4964/121/3822
f 4967/121/3823 4972/121/3817 4964/121/3822
f 4994/121/3814 4972/121/3817 4978/121/3820
f 4969/121/3824 4978/121/3820 4967/121/3823
f 4964/121/3822 5096/121/3825 5095/121/3826
f 5099/121/993 4979/121/3819 4969/121/3824
f 5099/121/993 4969/121/3824 5093/121/3827
f 4967/121/3823 5095/121/3826 5094/121/3828
f 5099/121/993 5093/121/3827 5097/121/3829
f 5098/121/3830 5095/121/3826 5100/121/3831
f 5095/121/3826 5101/121/3832 5100/121/3831
f 4969/121/3824 5094/121/3828 5093/121/3827
f 5102/121/3833 5098/121/3830 5105/121/3834
f 5100/121/3831 5107/121/3835 5106/121/3836
f 5098/121/3830 5106/121/3836 5105/121/3834
f 5093/121/3827 5098/121/3830 5097/121/3829
f 5105/121/3834 5112/121/3837 5111/121/3838
f 5099/121/993 5097/121/3829 5102/121/3833
f 5110/121/3839 5105/121/3834 5111/121/3838
f 5106/121/3836 5115/121/3840 5112/121/3837
f 5120/121/3841 5115/121/3840 5121/121/3842
f 5099/121/993 5102/121/3833 5110/121/3839
f 5099/121/993 5110/121/3839 5116/121/3843
f 5111/121/3838 5120/121/3841 5117/121/3844
f 5099/121/993 5116/121/3843 5122/121/3845
f 5125/121/3846 5120/121/3841 5126/121/3847
f 5126/121/3847 5121/121/3842 5127/121/3848
f 5116/121/3843 5111/121/3838 5117/121/3844
f 5122/121/3845 5103/121/3849 5129/121/3796
f 5126/121/3847 5104/121/3850 5130/121/3794
f 5103/121/3849 5126/121/3847 5130/121/3794
f 5122/121/3845 5117/121/3844 5125/121/3846
f 5108/121/3797 5119/121/3787 5118/121/3799
f 5099/121/993 5129/121/3796 5108/121/3797
f 5130/121/3794 5114/121/3791 5113/121/3795
f 5099/121/993 5122/121/3845 5129/121/3796
f 5124/121/3792 5114/121/3791 5135/121/943
f 5034/121/3804 5133/121/3798 5135/121/943
f 5002/121/3812 5017/121/3808 5135/121/943
f 4986/121/3816 5002/121/3812 5135/121/943
f 5127/121/3848 5121/121/3842 5135/121/943
f 5121/121/3842 5115/121/3840 5135/121/943
f 5133/121/3798 5124/121/3792 5135/121/943
f 4963/121/3821 4971/121/3818 5135/121/943
f 5115/121/3840 5107/121/3835 5135/121/943
f 5017/121/3808 5034/121/3804 5135/121/943
f 5096/121/3825 4963/121/3821 5135/121/943
f 5114/121/3791 5104/121/3850 5135/121/943
f 5101/121/3832 5096/121/3825 5135/121/943
f 5107/121/3835 5101/121/3832 5135/121/943
f 5104/121/3850 5127/121/3848 5135/121/943
f 4971/121/3818 4986/121/3816 5135/121/943
f 5156/121/3772 5139/121/728 5167/121/3774
f 5165/121/3775 5151/121/735 5136/121/732
f 5155/121/3770 5143/121/733 5156/121/3772
f 5164/121/3773 5150/121/740 5151/121/735
f 5162/121/3768 5142/121/737 5155/121/3770
f 5154/121/3769 5150/121/740 5163/121/3771
f 5153/121/3766 5149/121/547 5162/121/3768
f 5154/121/3769 5148/121/746 5141/121/493
f 5160/121/3763 5140/121/743 5153/121/3766
f 5161/121/3767 5146/121/750 5148/121/746
f 5160/121/3763 5145/121/751 5147/121/747
f 5159/121/3765 5138/121/729 5146/121/750
f 5157/121/3777 5145/121/751 5158/121/3762
f 5167/121/3774 5137/121/266 5166/121/3776
f 5166/121/3776 5138/121/729 5152/121/3764
f 5157/121/3777 5136/121/732 5144/121/235
f 5012/121/3697 5165/121/3775 5157/121/3777
f 4941/121/3640 5166/121/3776 5152/121/3764
f 4947/121/3654 5166/121/3776 4940/121/3645
f 5012/121/3697 5158/121/3762 5021/121/3692
f 5078/121/3628 5152/121/3764 5159/121/3765
f 5036/121/3691 5158/121/3762 5160/121/3763
f 5089/121/3780 5159/121/3765 5161/121/3767
f 5036/121/3691 5153/121/3766 4944/121/3680
f 4942/121/3618 5161/121/3767 5154/121/3769
f 4944/121/3680 5162/121/3768 5052/121/3667
f 4981/121/3602 5154/121/3769 5163/121/3771
f 5052/121/3667 5155/121/3770 4945/121/3664
f 4990/121/3778 5163/121/3771 5164/121/3773
f 4945/121/3664 5156/121/3772 4946/121/3779
f 4943/121/3594 5164/121/3773 5165/121/3775
f 4946/121/3779 5167/121/3774 4947/121/3654
f 5143/121/733 5170/121/3566 5139/121/728
f 5136/121/732 5183/121/3567 5168/121/3562
f 5142/121/737 5175/121/3568 5143/121/733
f 5151/121/735 5182/121/3569 5183/121/3567
f 5149/121/547 5174/121/3572 5142/121/737
f 5150/121/740 5173/121/3573 5182/121/3569
f 5140/121/743 5181/121/3576 5149/121/547
f 5141/121/493 5180/121/3577 5173/121/3573
f 5147/121/747 5172/121/3580 5140/121/743
f 5148/121/746 5178/121/3581 5180/121/3577
f 5147/121/747 5177/121/3564 5179/121/3584
f 5146/121/750 5171/121/3559 5178/121/3581
f 5144/121/235 5177/121/3564 5145/121/751
f 5139/121/728 5169/121/3557 5137/121/266
f 5137/121/266 5171/121/3559 5138/121/729
f 5136/121/732 5176/121/3561 5144/121/235
f 5184/121/3851 5188/121/3852 5230/121/3853
f 5187/121/3854 5190/121/3855 5186/121/3856
f 5185/121/3857 5188/121/3852 5184/121/3851
f 5186/121/3856 5189/121/3858 5185/121/3857
f 5191/121/3859 5194/121/3860 5190/121/3855
f 5189/121/3858 5192/121/3861 5188/121/3852
f 5190/121/3855 5193/121/3862 5189/121/3858
f 5188/121/3852 5192/121/3861 5230/121/3853
f 5194/121/3860 5197/121/3863 5193/121/3862
f 5192/121/3861 5196/121/3864 5230/121/3853
f 5195/121/3865 5198/121/3866 5194/121/3860
f 5193/121/3862 5196/121/3864 5192/121/3861
f 5198/121/3866 5201/121/3867 5197/121/3863
f 5196/121/3864 5200/121/3868 5230/121/3853
f 5229/121/3869 5212/121/3870 5228/121/3871
f 5199/121/3872 5202/121/3873 5198/121/3866
f 5197/121/3863 5200/121/3868 5196/121/3864
f 5222/121/3874 5212/121/3870 5221/121/3875
f 5224/121/3876 5212/121/3870 5223/121/3877
f 5207/121/3878 5202/121/3873 5203/121/3879
f 5205/121/3880 5200/121/3868 5201/121/3867
f 5227/121/3881 5212/121/3870 5226/121/3882
f 5228/121/3871 5212/121/3870 5227/121/3881
f 5206/121/3883 5201/121/3867 5202/121/3873
f 5200/121/3868 5204/121/3884 5230/121/3853
f 5211/121/3885 5206/121/3883 5207/121/3878
f 5209/121/3886 5204/121/3884 5205/121/3880
f 5225/121/3887 5212/121/3870 5224/121/3876
f 5223/121/3877 5212/121/3870 5222/121/3874
f 5210/121/3888 5205/121/3880 5206/121/3883
f 5204/121/3884 5208/121/3889 5230/121/3853
f 5226/121/3882 5212/121/3870 5225/121/3887
f 5215/121/3890 5209/121/3886 5210/121/3888
f 5208/121/3889 5213/121/3891 5230/121/3853
f 5216/121/3892 5210/121/3888 5211/121/3885
f 5214/121/3893 5208/121/3889 5209/121/3886
f 5219/121/3894 5214/121/3893 5215/121/3890
f 5213/121/3891 5217/121/3895 5230/121/3853
f 5187/121/3854 5228/121/3871 5191/121/3859
f 5220/121/3896 5215/121/3890 5216/121/3892
f 5218/121/3897 5213/121/3891 5214/121/3893
f 5225/121/3887 5207/121/3878 5203/121/3879
f 5224/121/3876 5211/121/3885 5207/121/3878
f 5191/121/3859 5227/121/3881 5195/121/3865
f 5222/121/3874 5220/121/3896 5216/121/3892
f 5255/121/3898 5219/121/3894 5220/121/3896
f 5223/121/3877 5216/121/3892 5211/121/3885
f 5271/121/3899 5212/121/3870 5229/121/3869
f 5199/121/3872 5225/121/3887 5203/121/3879
f 5273/121/3900 5184/121/3851 5230/121/3853
f 5186/121/3856 5248/121/3901 5187/121/3854
f 5212/121/3870 5258/121/3902 5221/121/3875
f 5195/121/3865 5226/121/3882 5199/121/3872
f 5254/121/3903 5218/121/3897 5219/121/3894
f 5221/121/3875 5255/121/3898 5220/121/3896
f 5248/121/3901 5229/121/3869 5187/121/3854
f 5185/121/3857 5247/121/3904 5186/121/3856
f 5253/121/3905 5217/121/3895 5218/121/3897
f 5184/121/3851 5246/121/3906 5185/121/3857
f 5217/121/3895 5273/121/3900 5230/121/3853
f 5235/121/3907 5231/121/3908 5232/121/3909
f 5274/121/3910 5233/121/3911 5273/121/3900
f 5236/121/3912 5232/121/3909 5275/121/3913
f 5234/121/3914 5274/121/3910 5231/121/3908
f 5240/121/3915 5235/121/3907 5236/121/3912
f 5238/121/3916 5233/121/3911 5234/121/3914
f 5239/121/3917 5234/121/3914 5235/121/3907
f 5233/121/3911 5237/121/3918 5273/121/3900
f 5242/121/3919 5237/121/3918 5238/121/3916
f 5243/121/3920 5238/121/3916 5239/121/3917
f 5237/121/3918 5241/121/3921 5273/121/3900
f 5244/121/3922 5239/121/3917 5240/121/3915
f 5247/121/3904 5242/121/3919 5243/121/3920
f 5241/121/3921 5245/121/3923 5273/121/3900
f 5248/121/3901 5243/121/3920 5244/121/3922
f 5246/121/3906 5241/121/3921 5242/121/3919
f 5276/121/3924 5249/121/3925 5272/121/3926
f 5272/121/3926 5249/121/3925 5271/121/3899
f 5277/121/3927 5249/121/3925 5276/121/3924
f 5250/121/3928 5249/121/3925 5277/121/3927
f 5258/121/3902 5249/121/3925 5257/121/3929
f 5251/121/3930 5249/121/3925 5250/121/3928
f 5256/121/3931 5249/121/3925 5251/121/3930
f 5257/121/3929 5249/121/3925 5256/121/3931
f 5277/121/3927 5240/121/3915 5236/121/3912
f 5255/121/3898 5257/121/3929 5262/121/3932
f 5266/121/3933 5251/121/3930 5270/121/3934
f 5250/121/3928 5236/121/3912 5275/121/3913
f 5255/121/3898 5261/121/3935 5254/121/3903
f 5253/121/3905 5259/121/3936 5252/121/3937
f 5254/121/3903 5260/121/3938 5253/121/3905
f 5252/121/3937 5259/121/3936 5273/121/3900
f 5260/121/3938 5263/121/3939 5259/121/3936
f 5262/121/3932 5256/121/3931 5266/121/3933
f 5261/121/3935 5264/121/3940 5260/121/3938
f 5259/121/3936 5263/121/3939 5273/121/3900
f 5272/121/3926 5248/121/3901 5244/121/3922
f 5262/121/3932 5265/121/3941 5261/121/3935
f 5276/121/3924 5244/121/3922 5240/121/3915
f 5265/121/3941 5268/121/3942 5264/121/3940
f 5263/121/3939 5267/121/3943 5273/121/3900
f 5270/121/3934 5250/121/3928 5275/121/3913
f 5266/121/3933 5269/121/3944 5265/121/3941
f 5264/121/3940 5267/121/3943 5263/121/3939
f 5267/121/3943 5274/121/3910 5273/121/3900
f 5270/121/3934 5232/121/3909 5269/121/3944
f 5268/121/3942 5274/121/3910 5267/121/3943
f 5269/121/3944 5231/121/3908 5268/121/3942
f 5313/121/3945 5312/121/3946 5278/121/3947
f 5314/121/3948 5313/121/3945 5278/121/3947
f 5315/121/3949 5314/121/3948 5278/121/3947
f 5312/121/3946 5315/121/3949 5278/121/3947
f 5317/121/3950 5316/121/3951 5279/121/3952
f 5318/121/3953 5317/121/3950 5279/121/3952
f 5319/121/3954 5318/121/3953 5279/121/3952
f 5316/121/3951 5319/121/3954 5279/121/3952
f 5320/121/3955 5401/121/3956 5321/121/3957
f 5320/121/3955 5321/121/3957 5402/121/3958
f 5320/121/3955 5402/121/3958 5322/121/3959
f 5320/121/3955 5322/121/3959 5403/121/3960
f 5320/121/3955 5403/121/3960 5323/121/3961
f 5320/121/3955 5323/121/3961 5404/121/3962
f 5320/121/3955 5404/121/3962 5324/121/3963
f 5320/121/3955 5324/121/3963 5401/121/3956
f 5321/121/3957 5325/121/3964 5280/121/3965
f 5280/121/3965 5402/121/3958 5321/121/3957
f 5327/121/3966 5326/121/3967 5280/121/3965
f 5280/121/3965 5385/121/3968 5327/121/3966
f 5322/121/3959 5326/121/3967 5281/121/3969
f 5281/121/3969 5403/121/3960 5322/121/3959
f 5329/121/3970 5328/121/3971 5281/121/3969
f 5281/121/3969 5386/121/3972 5329/121/3970
f 5282/121/3973 5403/121/3960 5328/121/3971
f 5330/121/3974 5323/121/3961 5282/121/3973
f 5282/121/3973 5388/121/3975 5330/121/3974
f 5328/121/3971 5331/121/3976 5282/121/3973
f 5283/121/3977 5404/121/3962 5330/121/3974
f 5325/121/3964 5324/121/3963 5283/121/3977
f 5283/121/3977 5385/121/3968 5325/121/3964
f 5330/121/3974 5332/121/3978 5283/121/3977
f 5284/121/3979 5385/121/3968 5333/121/3980
f 5334/121/3981 5327/121/3966 5284/121/3979
f 5284/121/3979 5406/121/3982 5334/121/3981
f 5333/121/3980 5335/121/3983 5284/121/3979
f 5285/121/3984 5386/121/3972 5334/121/3981
f 5336/121/3985 5329/121/3970 5285/121/3984
f 5285/121/3984 5407/121/3986 5336/121/3985
f 5334/121/3981 5337/121/3987 5285/121/3984
f 5331/121/3976 5336/121/3985 5286/121/3988
f 5286/121/3988 5388/121/3975 5331/121/3976
f 5339/121/3989 5338/121/3990 5286/121/3988
f 5286/121/3988 5407/121/3986 5339/121/3989
f 5332/121/3978 5338/121/3990 5287/121/3991
f 5287/121/3991 5385/121/3968 5332/121/3978
f 5340/121/3992 5333/121/3980 5287/121/3991
f 5287/121/3991 5408/121/3993 5340/121/3992
f 5288/121/3994 5405/121/3995 5341/121/3996
f 5342/121/3997 5335/121/3983 5288/121/3994
f 5288/121/3994 5410/121/3998 5342/121/3997
f 5288/121/3994 5409/121/3999 5343/121/4000
f 5289/121/4001 5406/121/3982 5342/121/3997
f 5344/121/4002 5337/121/3987 5289/121/4001
f 5289/121/4001 5411/121/4003 5344/121/4002
f 5342/121/3997 5345/121/4004 5289/121/4001
f 5339/121/3989 5344/121/4002 5290/121/4005
f 5290/121/4005 5408/121/3993 5339/121/3989
f 5347/121/4006 5346/121/4007 5290/121/4005
f 5290/121/4005 5411/121/4003 5347/121/4006
f 5340/121/3992 5346/121/4007 5291/121/4008
f 5291/121/4008 5405/121/3995 5340/121/3992
f 5291/121/4008 5409/121/3999 5341/121/3996
f 5291/121/4008 5412/121/4009 5348/121/4010
f 5292/121/4011 5409/121/3999 5349/121/4012
f 5292/121/4011 5410/121/3998 5343/121/4000
f 5292/121/4011 5390/121/4013 5350/121/4014
f 5292/121/4011 5389/121/4015 5313/121/3945
f 5293/121/4016 5410/121/3998 5350/121/4014
f 5293/121/4016 5411/121/4003 5345/121/4004
f 5293/121/4016 5391/121/4017 5351/121/4018
f 5293/121/4016 5390/121/4013 5314/121/3948
f 5294/121/4019 5411/121/4003 5351/121/4018
f 5294/121/4019 5412/121/4009 5347/121/4006
f 5294/121/4019 5392/121/4020 5352/121/4021
f 5294/121/4019 5391/121/4017 5315/121/3949
f 5295/121/4022 5412/121/4009 5352/121/4021
f 5295/121/4022 5409/121/3999 5348/121/4010
f 5295/121/4022 5389/121/4015 5349/121/4012
f 5295/121/4022 5392/121/4020 5312/121/3946
f 5413/121/4023 5414/121/4024 5353/121/4025
f 5413/121/4023 5353/121/4025 5415/121/4026
f 5413/121/4023 5415/121/4026 5354/121/4027
f 5413/121/4023 5354/121/4027 5416/121/4028
f 5413/121/4023 5416/121/4028 5355/121/4029
f 5413/121/4023 5355/121/4029 5417/121/4030
f 5413/121/4023 5417/121/4030 5356/121/4031
f 5413/121/4023 5356/121/4031 5414/121/4024
f 5296/121/4032 5414/121/4024 5357/121/4033
f 5358/121/4034 5353/121/4025 5296/121/4032
f 5296/121/4032 5394/121/4035 5358/121/4034
f 5357/121/4033 5359/121/4036 5296/121/4032
f 5354/121/4027 5358/121/4034 5297/121/4037
f 5297/121/4037 5416/121/4028 5354/121/4027
f 5361/121/4038 5360/121/4039 5297/121/4037
f 5297/121/4037 5394/121/4035 5361/121/4038
f 5355/121/4029 5360/121/4039 5298/121/4040
f 5298/121/4040 5417/121/4030 5355/121/4029
f 5363/121/4041 5362/121/4042 5298/121/4040
f 5298/121/4040 5395/121/4043 5363/121/4041
f 5299/121/4044 5417/121/4030 5362/121/4042
f 5357/121/4033 5356/121/4031 5299/121/4044
f 5299/121/4044 5393/121/4045 5357/121/4033
f 5362/121/4042 5364/121/4046 5299/121/4044
f 5359/121/4036 5365/121/4047 5300/121/4048
f 5300/121/4048 5394/121/4035 5359/121/4036
f 5367/121/4049 5366/121/4050 5300/121/4048
f 5300/121/4048 5418/121/4051 5367/121/4049
f 5301/121/4052 5394/121/4035 5366/121/4050
f 5368/121/4053 5361/121/4038 5301/121/4052
f 5301/121/4052 5420/121/4054 5368/121/4053
f 5366/121/4050 5369/121/4055 5301/121/4052
f 5302/121/4056 5395/121/4043 5368/121/4053
f 5370/121/4057 5363/121/4041 5302/121/4056
f 5302/121/4056 5421/121/4058 5370/121/4057
f 5368/121/4053 5371/121/4059 5302/121/4056
f 5364/121/4046 5370/121/4057 5303/121/4060
f 5303/121/4060 5393/121/4045 5364/121/4046
f 5372/121/4061 5365/121/4047 5303/121/4060
f 5303/121/4060 5421/121/4058 5372/121/4061
f 5367/121/4049 5373/121/4062 5304/121/4063
f 5304/121/4063 5419/121/4064 5367/121/4049
f 5304/121/4063 5423/121/4065 5374/121/4066
f 5304/121/4063 5422/121/4067 5375/121/4068
f 5305/121/4069 5419/121/4064 5374/121/4066
f 5376/121/4070 5369/121/4055 5305/121/4069
f 5305/121/4069 5424/121/4071 5376/121/4070
f 5305/121/4069 5423/121/4065 5377/121/4072
f 5306/121/4073 5420/121/4054 5376/121/4070
f 5378/121/4074 5371/121/4059 5306/121/4073
f 5306/121/4073 5425/121/4075 5378/121/4074
f 5376/121/4070 5379/121/4076 5306/121/4073
f 5372/121/4061 5378/121/4074 5307/121/4077
f 5307/121/4077 5418/121/4051 5372/121/4061
f 5380/121/4078 5373/121/4062 5307/121/4077
f 5307/121/4077 5425/121/4075 5380/121/4078
f 5308/121/4079 5422/121/4067 5381/121/4080
f 5308/121/4079 5423/121/4065 5375/121/4068
f 5308/121/4079 5398/121/4081 5382/121/4082
f 5308/121/4079 5397/121/4083 5317/121/3950
f 5309/121/4084 5423/121/4065 5382/121/4082
f 5309/121/4084 5424/121/4071 5377/121/4072
f 5309/121/4084 5399/121/4085 5383/121/4086
f 5309/121/4084 5398/121/4081 5318/121/3953
f 5310/121/4087 5424/121/4071 5383/121/4086
f 5310/121/4087 5425/121/4075 5379/121/4076
f 5310/121/4087 5400/121/4088 5384/121/4089
f 5310/121/4087 5399/121/4085 5319/121/3954
f 5311/121/4090 5425/121/4075 5384/121/4089
f 5311/121/4090 5422/121/4067 5380/121/4078
f 5311/121/4090 5397/121/4083 5381/121/4080
f 5311/121/4090 5400/121/4088 5316/121/3951
f 5426/121/3895 5472/121/3853 5430/121/3891
f 5429/121/3896 5432/121/3890 5433/121/3892
f 5427/121/3897 5430/121/3891 5431/121/3893
f 5428/121/3894 5431/121/3893 5432/121/3890
f 5433/121/3892 5436/121/3888 5437/121/3885
f 5431/121/3893 5434/121/3889 5435/121/3886
f 5432/121/3890 5435/121/3886 5436/121/3888
f 5430/121/3891 5472/121/3853 5434/121/3889
f 5436/121/3888 5439/121/3880 5440/121/3883
f 5434/121/3889 5472/121/3853 5438/121/3884
f 5437/121/3885 5440/121/3883 5441/121/3878
f 5435/121/3886 5438/121/3884 5439/121/3880
f 5440/121/3883 5443/121/3867 5444/121/3873
f 5438/121/3884 5472/121/3853 5442/121/3868
f 5471/121/3875 5470/121/3874 5454/121/3870
f 5441/121/3878 5444/121/3873 5445/121/3879
f 5439/121/3880 5442/121/3868 5443/121/3867
f 5464/121/3871 5463/121/3869 5454/121/3870
f 5466/121/3882 5465/121/3881 5454/121/3870
f 5444/121/3873 5449/121/3872 5445/121/3879
f 5442/121/3868 5447/121/3863 5443/121/3867
f 5469/121/3877 5468/121/3876 5454/121/3870
f 5470/121/3874 5469/121/3877 5454/121/3870
f 5443/121/3867 5448/121/3866 5444/121/3873
f 5442/121/3868 5472/121/3853 5446/121/3864
f 5448/121/3866 5453/121/3865 5449/121/3872
f 5446/121/3864 5451/121/3862 5447/121/3863
f 5467/121/3887 5466/121/3882 5454/121/3870
f 5465/121/3881 5464/121/3871 5454/121/3870
f 5447/121/3863 5452/121/3860 5448/121/3866
f 5446/121/3864 5472/121/3853 5450/121/3861
f 5468/121/3876 5467/121/3887 5454/121/3870
f 5451/121/3862 5457/121/3855 5452/121/3860
f 5450/121/3861 5472/121/3853 5455/121/3852
f 5452/121/3860 5458/121/3859 5453/121/3865
f 5450/121/3861 5456/121/3858 5451/121/3862
f 5456/121/3858 5461/121/3856 5457/121/3855
f 5455/121/3852 5472/121/3853 5459/121/3851
f 5429/121/3896 5470/121/3874 5471/121/3875
f 5457/121/3855 5462/121/3854 5458/121/3859
f 5455/121/3852 5460/121/3857 5456/121/3858
f 5449/121/3872 5467/121/3887 5445/121/3879
f 5453/121/3865 5466/121/3882 5449/121/3872
f 5433/121/3892 5469/121/3877 5470/121/3874
f 5462/121/3854 5464/121/3871 5458/121/3859
f 5461/121/3856 5497/121/3901 5462/121/3854
f 5458/121/3859 5465/121/3881 5453/121/3865
f 5454/121/3870 5513/121/3902 5471/121/3875
f 5441/121/3878 5467/121/3887 5468/121/3876
f 5426/121/3895 5515/121/3900 5472/121/3853
f 5428/121/3894 5490/121/3898 5489/121/3903
f 5454/121/3870 5500/121/3899 5491/121/3925
f 5437/121/3885 5468/121/3876 5469/121/3877
f 5460/121/3857 5496/121/3904 5461/121/3856
f 5463/121/3869 5497/121/3901 5500/121/3899
f 5471/121/3875 5490/121/3898 5429/121/3896
f 5427/121/3897 5489/121/3903 5488/121/3905
f 5459/121/3851 5495/121/3906 5460/121/3857
f 5426/121/3895 5488/121/3905 5487/121/3937
f 5459/121/3851 5515/121/3900 5494/121/4091
f 5473/121/3908 5477/121/3944 5474/121/3909
f 5516/121/3910 5515/121/3900 5475/121/3943
f 5474/121/3909 5478/121/3934 5517/121/3913
f 5516/121/3910 5476/121/3942 5473/121/3908
f 5477/121/3944 5482/121/3933 5478/121/3934
f 5475/121/3943 5480/121/3940 5476/121/3942
f 5476/121/3942 5481/121/3941 5477/121/3944
f 5475/121/3943 5515/121/3900 5479/121/3939
f 5479/121/3939 5484/121/3938 5480/121/3940
f 5480/121/3940 5485/121/3935 5481/121/3941
f 5479/121/3939 5515/121/3900 5483/121/3936
f 5481/121/3941 5486/121/3932 5482/121/3933
f 5484/121/3938 5489/121/3903 5485/121/3935
f 5483/121/3936 5515/121/3900 5487/121/3937
f 5485/121/3935 5490/121/3898 5486/121/3932
f 5483/121/3936 5488/121/3905 5484/121/3938
f 5518/121/3931 5514/121/3929 5491/121/3925
f 5514/121/3929 5513/121/3902 5491/121/3925
f 5519/121/3930 5518/121/3931 5491/121/3925
f 5492/121/3928 5519/121/3930 5491/121/3925
f 5500/121/3899 5499/121/3926 5491/121/3925
f 5493/121/3927 5492/121/3928 5491/121/3925
f 5498/121/3924 5493/121/3927 5491/121/3925
f 5499/121/3926 5498/121/3924 5491/121/3925
f 5482/121/3933 5519/121/3930 5478/121/3934
f 5497/121/3901 5499/121/3926 5500/121/3899
f 5508/121/3915 5493/121/3927 5498/121/3924
f 5478/121/3934 5492/121/3928 5517/121/3913
f 5497/121/3901 5503/121/3920 5504/121/3922
f 5495/121/3906 5501/121/3921 5502/121/3919
f 5496/121/3904 5502/121/3919 5503/121/3920
f 5494/121/4091 5515/121/3900 5501/121/3921
f 5502/121/3919 5505/121/3918 5506/121/3916
f 5504/121/3922 5498/121/3924 5499/121/3926
f 5503/121/3920 5506/121/3916 5507/121/3917
f 5501/121/3921 5515/121/3900 5505/121/3918
f 5490/121/3898 5514/121/3929 5486/121/3932
f 5504/121/3922 5507/121/3917 5508/121/3915
f 5486/121/3932 5518/121/3931 5482/121/3933
f 5507/121/3917 5510/121/3914 5511/121/3907
f 5505/121/3918 5515/121/3900 5509/121/3911
f 5512/121/3912 5492/121/3928 5493/121/3927
f 5508/121/3915 5511/121/3907 5512/121/3912
f 5506/121/3916 5509/121/3911 5510/121/3914
f 5509/121/3911 5515/121/3900 5516/121/3910
f 5512/121/3912 5474/121/3909 5517/121/3913
f 5510/121/3914 5516/121/3910 5473/121/3908
f 5511/121/3907 5473/121/3908 5474/121/3909
f 5554/121/4092 5555/121/4093 5520/121/4094
f 5555/121/4093 5556/121/4095 5520/121/4094
f 5556/121/4095 5557/121/4096 5520/121/4094
f 5557/121/4096 5554/121/4092 5520/121/4094
f 5558/121/4097 5559/121/4098 5521/121/4099
f 5559/121/4098 5560/121/4100 5521/121/4099
f 5560/121/4100 5561/121/4101 5521/121/4099
f 5561/121/4101 5558/121/4097 5521/121/4099
f 5562/121/4102 5563/121/4103 5643/121/4104
f 5562/121/4102 5644/121/4105 5563/121/4103
f 5562/121/4102 5564/121/4106 5644/121/4105
f 5562/121/4102 5645/121/4107 5564/121/4106
f 5562/121/4102 5565/121/4108 5645/121/4107
f 5562/121/4102 5646/121/4109 5565/121/4108
f 5562/121/4102 5566/121/4110 5646/121/4109
f 5562/121/4102 5643/121/4104 5566/121/4110
f 5567/121/4111 5563/121/4103 5522/121/4112
f 5522/121/4112 5644/121/4105 5568/121/4113
f 5568/121/4113 5569/121/4114 5522/121/4112
f 5522/121/4112 5627/121/4115 5567/121/4111
f 5568/121/4113 5564/121/4106 5523/121/4116
f 5523/121/4116 5645/121/4107 5570/121/4117
f 5570/121/4117 5571/121/4118 5523/121/4116
f 5523/121/4116 5628/121/4119 5568/121/4113
f 5524/121/4120 5645/121/4107 5565/121/4108
f 5565/121/4108 5572/121/4121 5524/121/4120
f 5524/121/4120 5630/121/4122 5573/121/4123
f 5573/121/4123 5570/121/4117 5524/121/4120
f 5525/121/4124 5646/121/4109 5566/121/4110
f 5566/121/4110 5567/121/4111 5525/121/4124
f 5525/121/4124 5627/121/4115 5574/121/4125
f 5574/121/4125 5572/121/4121 5525/121/4124
f 5526/121/4126 5627/121/4115 5569/121/4114
f 5569/121/4114 5576/121/4127 5526/121/4126
f 5526/121/4126 5648/121/4128 5577/121/4129
f 5577/121/4129 5575/121/4130 5526/121/4126
f 5527/121/4131 5628/121/4119 5571/121/4118
f 5571/121/4118 5578/121/4132 5527/121/4131
f 5527/121/4131 5649/121/4133 5579/121/4134
f 5579/121/4134 5576/121/4127 5527/121/4131
f 5578/121/4132 5573/121/4123 5528/121/4135
f 5528/121/4135 5630/121/4122 5580/121/4136
f 5580/121/4136 5581/121/4137 5528/121/4135
f 5528/121/4135 5649/121/4133 5578/121/4132
f 5580/121/4136 5574/121/4125 5529/121/4138
f 5529/121/4138 5627/121/4115 5575/121/4130
f 5575/121/4130 5582/121/4139 5529/121/4138
f 5529/121/4138 5650/121/4140 5580/121/4136
f 5530/121/4141 5647/121/4142 5577/121/4129
f 5577/121/4129 5584/121/4143 5530/121/4141
f 5530/121/4141 5652/121/4144 5585/121/4145
f 5530/121/4141 5651/121/4146 5583/121/4147
f 5531/121/4148 5648/121/4128 5579/121/4134
f 5579/121/4134 5586/121/4149 5531/121/4148
f 5531/121/4148 5653/121/4150 5587/121/4151
f 5587/121/4151 5584/121/4143 5531/121/4148
f 5586/121/4149 5581/121/4137 5532/121/4152
f 5532/121/4152 5650/121/4140 5588/121/4153
f 5588/121/4153 5589/121/4154 5532/121/4152
f 5532/121/4152 5653/121/4150 5586/121/4149
f 5588/121/4153 5582/121/4139 5533/121/4155
f 5533/121/4155 5647/121/4142 5583/121/4147
f 5533/121/4155 5651/121/4146 5590/121/4156
f 5533/121/4155 5654/121/4157 5588/121/4153
f 5534/121/4158 5651/121/4146 5585/121/4145
f 5534/121/4158 5652/121/4144 5592/121/4159
f 5534/121/4158 5632/121/4160 5555/121/4093
f 5534/121/4158 5631/121/4161 5591/121/4162
f 5535/121/4163 5652/121/4144 5587/121/4151
f 5535/121/4163 5653/121/4150 5593/121/4164
f 5535/121/4163 5633/121/4165 5556/121/4095
f 5535/121/4163 5632/121/4160 5592/121/4159
f 5536/121/4166 5653/121/4150 5589/121/4154
f 5536/121/4166 5654/121/4157 5594/121/4167
f 5536/121/4166 5634/121/4168 5557/121/4096
f 5536/121/4166 5633/121/4165 5593/121/4164
f 5537/121/4169 5654/121/4157 5590/121/4156
f 5537/121/4169 5651/121/4146 5591/121/4162
f 5537/121/4169 5631/121/4161 5554/121/4092
f 5537/121/4169 5634/121/4168 5594/121/4167
f 5655/121/4170 5595/121/4171 5656/121/4172
f 5655/121/4170 5657/121/4173 5595/121/4171
f 5655/121/4170 5596/121/4174 5657/121/4173
f 5655/121/4170 5658/121/4175 5596/121/4174
f 5655/121/4170 5597/121/4176 5658/121/4175
f 5655/121/4170 5659/121/4177 5597/121/4176
f 5655/121/4170 5598/121/4178 5659/121/4177
f 5655/121/4170 5656/121/4172 5598/121/4178
f 5538/121/4179 5656/121/4172 5595/121/4171
f 5595/121/4171 5600/121/4180 5538/121/4179
f 5538/121/4179 5636/121/4181 5601/121/4182
f 5601/121/4182 5599/121/4183 5538/121/4179
f 5600/121/4180 5596/121/4174 5539/121/4184
f 5539/121/4184 5658/121/4175 5602/121/4185
f 5602/121/4185 5603/121/4186 5539/121/4184
f 5539/121/4184 5636/121/4181 5600/121/4180
f 5602/121/4185 5597/121/4176 5540/121/4187
f 5540/121/4187 5659/121/4177 5604/121/4188
f 5604/121/4188 5605/121/4189 5540/121/4187
f 5540/121/4187 5637/121/4190 5602/121/4185
f 5541/121/4191 5659/121/4177 5598/121/4178
f 5598/121/4178 5599/121/4183 5541/121/4191
f 5541/121/4191 5635/121/4192 5606/121/4193
f 5606/121/4193 5604/121/4188 5541/121/4191
f 5607/121/4194 5601/121/4182 5542/121/4195
f 5542/121/4195 5636/121/4181 5608/121/4196
f 5608/121/4196 5609/121/4197 5542/121/4195
f 5542/121/4195 5660/121/4198 5607/121/4194
f 5543/121/4199 5636/121/4181 5603/121/4186
f 5603/121/4186 5610/121/4200 5543/121/4199
f 5543/121/4199 5662/121/4201 5611/121/4202
f 5611/121/4202 5608/121/4196 5543/121/4199
f 5544/121/4203 5637/121/4190 5605/121/4189
f 5605/121/4189 5612/121/4204 5544/121/4203
f 5544/121/4203 5663/121/4205 5613/121/4206
f 5613/121/4206 5610/121/4200 5544/121/4203
f 5612/121/4204 5606/121/4193 5545/121/4207
f 5545/121/4207 5635/121/4192 5607/121/4194
f 5607/121/4194 5614/121/4208 5545/121/4207
f 5545/121/4207 5663/121/4205 5612/121/4204
f 5615/121/4209 5609/121/4197 5546/121/4210
f 5546/121/4210 5661/121/4211 5616/121/4212
f 5546/121/4210 5665/121/4213 5617/121/4214
f 5546/121/4210 5664/121/4215 5615/121/4209
f 5547/121/4216 5661/121/4211 5611/121/4202
f 5611/121/4202 5618/121/4217 5547/121/4216
f 5547/121/4216 5666/121/4218 5619/121/4219
f 5547/121/4216 5665/121/4213 5616/121/4212
f 5548/121/4220 5662/121/4201 5613/121/4206
f 5613/121/4206 5620/121/4221 5548/121/4220
f 5548/121/4220 5667/121/4222 5621/121/4223
f 5621/121/4223 5618/121/4217 5548/121/4220
f 5620/121/4221 5614/121/4208 5549/121/4224
f 5549/121/4224 5660/121/4198 5615/121/4209
f 5615/121/4209 5622/121/4225 5549/121/4224
f 5549/121/4224 5667/121/4222 5620/121/4221
f 5550/121/4226 5664/121/4215 5617/121/4214
f 5550/121/4226 5665/121/4213 5624/121/4227
f 5550/121/4226 5640/121/4228 5559/121/4098
f 5550/121/4226 5639/121/4229 5623/121/4230
f 5551/121/4231 5665/121/4213 5619/121/4219
f 5551/121/4231 5666/121/4218 5625/121/4232
f 5551/121/4231 5641/121/4233 5560/121/4100
f 5551/121/4231 5640/121/4228 5624/121/4227
f 5552/121/4234 5666/121/4218 5621/121/4223
f 5552/121/4234 5667/121/4222 5626/121/4235
f 5552/121/4234 5642/121/4236 5561/121/4101
f 5552/121/4234 5641/121/4233 5625/121/4232
f 5553/121/4237 5667/121/4222 5622/121/4225
f 5553/121/4237 5664/121/4215 5623/121/4230
f 5553/121/4237 5639/121/4229 5558/121/4097
f 5553/121/4237 5642/121/4236 5626/121/4235
f 5671/121/4238 5686/121/4239 5670/121/4240
f 5695/121/4241 5678/121/4242 5679/121/4243
f 5672/121/4244 5687/121/4245 5671/121/4238
f 5696/121/4246 5679/121/4243 5680/121/4247
f 5689/121/4248 5672/121/4244 5673/121/4249
f 5681/121/4250 5696/121/4246 5680/121/4247
f 5690/121/4251 5673/121/4249 5674/121/4252
f 5682/121/4253 5697/121/4254 5681/121/4250
f 5691/121/4255 5674/121/4252 5675/121/4256
f 5683/121/4257 5698/121/4258 5682/121/4253
f 5692/121/4259 5675/121/4256 5676/121/4260
f 5669/121/4261 5684/121/4262 5668/121/4263
f 5668/121/4263 5699/121/4264 5683/121/4257
f 5693/121/4265 5676/121/4260 5677/121/4266
f 5670/121/4240 5685/121/4267 5669/121/4261
f 5694/121/4268 5677/121/4266 5678/121/4242
f 5693/121/4265 5708/121/4269 5692/121/4259
f 5702/121/4270 5685/121/4267 5686/121/4239
f 5710/121/4271 5693/121/4265 5694/121/4268
f 5687/121/4245 5702/121/4270 5686/121/4239
f 5695/121/4241 5710/121/4271 5694/121/4268
f 5704/121/4272 5687/121/4245 5688/121/4273
f 5696/121/4246 5711/121/4274 5695/121/4241
f 5705/121/4275 5688/121/4273 5689/121/4248
f 5697/121/4254 5712/121/4276 5696/121/4246
f 5706/121/4277 5689/121/4248 5690/121/4251
f 5714/121/4278 5697/121/4254 5698/121/4258
f 5707/121/4279 5690/121/4251 5691/121/4255
f 5699/121/4264 5714/121/4278 5698/121/4258
f 5708/121/4269 5691/121/4255 5692/121/4259
f 5685/121/4267 5700/121/4280 5684/121/4262
f 5684/121/4262 5715/121/4281 5699/121/4264
f 5714/121/4278 5725/121/69 5713/121/4282
f 5707/121/4279 5725/121/69 5706/121/4277
f 5715/121/4281 5725/121/69 5714/121/4278
f 5708/121/4269 5725/121/69 5707/121/4279
f 5701/121/4283 5725/121/69 5700/121/4280
f 5700/121/4280 5725/121/69 5715/121/4281
f 5709/121/4284 5725/121/69 5708/121/4269
f 5702/121/4270 5725/121/69 5701/121/4283
f 5710/121/4271 5725/121/69 5709/121/4284
f 5703/121/4285 5725/121/69 5702/121/4270
f 5711/121/4274 5725/121/69 5710/121/4271
f 5704/121/4272 5725/121/69 5703/121/4285
f 5712/121/4276 5725/121/69 5711/121/4274
f 5705/121/4275 5725/121/69 5704/121/4272
f 5713/121/4282 5725/121/69 5712/121/4276
f 5706/121/4277 5725/121/69 5705/121/4275
f 5729/121/4286 5671/121/4238 5670/121/4240
f 5678/121/4242 5719/121/4287 5679/121/4243
f 5728/121/4288 5672/121/4244 5671/121/4238
f 5679/121/4243 5718/121/4289 5680/121/4247
f 5672/121/4244 5726/121/4290 5673/121/4249
f 5718/121/4289 5681/121/4250 5680/121/4247
f 5673/121/4249 5724/121/4291 5674/121/4252
f 5717/121/4292 5682/121/4253 5681/121/4250
f 5674/121/4252 5723/121/4293 5675/121/4256
f 5716/121/4294 5683/121/4257 5682/121/4253
f 5675/121/4256 5722/121/4295 5676/121/4260
f 5731/121/4296 5669/121/4261 5668/121/4263
f 5732/121/4297 5668/121/4263 5683/121/4257
f 5676/121/4260 5721/121/4298 5677/121/4266
f 5730/121/4299 5670/121/4240 5669/121/4261
f 5677/121/4266 5720/121/4300 5678/121/4242
f 5718/121/4289 5747/121/4301 5717/121/4292
f 5778/121/4302 5724/121/4291 5726/121/4290
f 5754/121/4303 5718/121/4289 5719/121/4287
f 5782/121/4304 5726/121/4290 5727/121/4305
f 5758/121/4306 5719/121/4287 5720/121/4300
f 5728/121/4288 5782/121/4304 5727/121/4305
f 5762/121/4307 5720/121/4300 5721/121/4298
f 5729/121/4286 5786/121/4308 5728/121/4288
f 5766/121/4309 5721/121/4298 5722/121/4295
f 5732/121/4297 5797/121/4310 5731/121/4296
f 5730/121/4299 5790/121/4311 5729/121/4286
f 5770/121/4312 5722/121/4295 5723/121/4293
f 5716/121/4294 5739/121/4313 5732/121/4297
f 5731/121/4296 5794/121/4314 5730/121/4299
f 5717/121/4292 5743/121/4315 5716/121/4294
f 5774/121/4316 5723/121/4293 5724/121/4291
f 5797/121/4310 5738/121/4317 5735/121/4318
f 5734/121/4319 5736/121/4320 5796/121/4321
f 5735/121/4318 5737/121/4322 5734/121/4319
f 5796/121/4321 5736/121/4320 5795/121/76
f 5738/121/4317 5741/121/4323 5737/121/4322
f 5736/121/4320 5740/121/4324 5795/121/76
f 5739/121/4313 5742/121/4325 5738/121/4317
f 5741/121/4323 5736/121/4320 5737/121/4322
f 5746/121/4326 5741/121/4323 5742/121/4325
f 5740/121/4324 5744/121/4327 5795/121/76
f 5747/121/4301 5742/121/4325 5743/121/4315
f 5745/121/4328 5740/121/4324 5741/121/4323
f 5733/121/4329 5746/121/4326 5747/121/4301
f 5745/121/4328 5748/121/4330 5744/121/4327
f 5746/121/4326 5749/121/4331 5745/121/4328
f 5744/121/4327 5748/121/4330 5795/121/76
f 5749/121/4331 5751/121/4332 5748/121/4330
f 5750/121/4333 5752/121/4334 5749/121/4331
f 5748/121/4330 5751/121/4332 5795/121/76
f 5733/121/4329 5753/121/4335 5750/121/4333
f 5757/121/4336 5752/121/4334 5753/121/4335
f 5751/121/4332 5755/121/4337 5795/121/76
f 5758/121/4306 5753/121/4335 5754/121/4303
f 5752/121/4334 5755/121/4337 5751/121/4332
f 5755/121/4337 5759/121/4338 5795/121/76
f 5762/121/4307 5757/121/4336 5758/121/4306
f 5756/121/4339 5759/121/4338 5755/121/4337
f 5761/121/4340 5756/121/4339 5757/121/4336
f 5766/121/4309 5761/121/4340 5762/121/4307
f 5760/121/4341 5763/121/4342 5759/121/4338
f 5765/121/4343 5760/121/4341 5761/121/4340
f 5759/121/4338 5763/121/4342 5795/121/76
f 5769/121/4344 5764/121/4345 5765/121/4343
f 5763/121/4342 5767/121/4346 5795/121/76
f 5766/121/4309 5769/121/4344 5765/121/4343
f 5764/121/4345 5767/121/4346 5763/121/4342
f 5773/121/4347 5768/121/4348 5769/121/4344
f 5767/121/4346 5771/121/4349 5795/121/76
f 5774/121/4316 5769/121/4344 5770/121/4312
f 5768/121/4348 5771/121/4349 5767/121/4346
f 5778/121/4302 5773/121/4347 5774/121/4316
f 5772/121/4350 5775/121/4351 5771/121/4349
f 5777/121/4352 5772/121/4350 5773/121/4347
f 5771/121/4349 5775/121/4351 5795/121/76
f 5778/121/4302 5781/121/4353 5777/121/4352
f 5776/121/4354 5779/121/4355 5775/121/4351
f 5781/121/4353 5776/121/4354 5777/121/4352
f 5775/121/4351 5779/121/4355 5795/121/76
f 5785/121/4356 5780/121/4357 5781/121/4353
f 5779/121/4355 5783/121/4358 5795/121/76
f 5782/121/4304 5785/121/4356 5781/121/4353
f 5780/121/4357 5783/121/4358 5779/121/4355
f 5789/121/4359 5784/121/4360 5785/121/4356
f 5783/121/4358 5787/121/4361 5795/121/76
f 5786/121/4308 5789/121/4359 5785/121/4356
f 5784/121/4360 5787/121/4361 5783/121/4358
f 5790/121/4311 5793/121/4362 5789/121/4359
f 5788/121/4363 5791/121/4364 5787/121/4361
f 5793/121/4362 5788/121/4363 5789/121/4359
f 5787/121/4361 5791/121/4364 5795/121/76
f 5792/121/4365 5796/121/4321 5791/121/4364
f 5793/121/4362 5734/121/4319 5792/121/4365
f 5791/121/4364 5796/121/4321 5795/121/76
f 5794/121/4314 5735/121/4318 5793/121/4362
f 6303/121/4366 6696/121/4367 5916/121/4368
f 6303/121/4366 6163/121/4369 6438/121/4370
f 6303/121/4366 6162/121/4371 6439/121/4372
f 6440/121/4373 6441/121/4374 6304/121/4375
f 5917/121/4376 6440/121/4373 6304/121/4375
f 6442/121/4377 5917/121/4376 6304/121/4375
f 6441/121/4374 6442/121/4377 6304/121/4375
f 6305/121/4378 6171/121/4379 5918/121/4380
f 6305/121/4378 6170/121/4381 6443/121/4382
f 6305/121/4378 6699/121/4383 6445/121/4384
f 6447/121/4385 6448/121/4386 6306/121/4387
f 6446/121/4388 6447/121/4385 6306/121/4387
f 6448/121/4386 6449/121/4389 6306/121/4387
f 5798/121/4390 6178/121/4391 5919/121/4392
f 5798/121/4390 6177/121/4393 5920/121/4394
f 5798/121/4390 6176/121/4395 5921/121/4396
f 5798/121/4390 6175/121/4397 5922/121/4398
f 5924/121/4399 5923/121/4400 5799/121/4401
f 5925/121/4402 5924/121/4399 5799/121/4401
f 5926/121/4403 5925/121/4402 5799/121/4401
f 5923/121/4400 5926/121/4403 5799/121/4401
f 5800/121/4404 6190/121/4405 5927/121/4406
f 5800/121/4404 6189/121/4407 5928/121/4408
f 5800/121/4404 6188/121/4409 5929/121/4410
f 5800/121/4404 6187/121/4411 5930/121/4412
f 5932/121/4413 5931/121/4414 5801/121/4415
f 5933/121/4416 5932/121/4413 5801/121/4415
f 5934/121/4417 5933/121/4416 5801/121/4415
f 5931/121/4414 5934/121/4417 5801/121/4415
f 5802/121/4418 6202/121/4419 5935/121/4420
f 5802/121/4418 6201/121/4421 5936/121/4422
f 5802/121/4418 6200/121/4423 5937/121/4424
f 5802/121/4418 6199/121/4425 5938/121/4426
f 5940/121/4427 5939/121/4428 5803/121/4429
f 5941/121/4430 5940/121/4427 5803/121/4429
f 5942/121/4431 5941/121/4430 5803/121/4429
f 5939/121/4428 5942/121/4431 5803/121/4429
f 5804/121/4432 6214/121/4433 5943/121/4434
f 5804/121/4432 6213/121/4435 5944/121/4436
f 5804/121/4432 6212/121/4437 5945/121/4438
f 5804/121/4432 6211/121/4439 5946/121/4440
f 5948/121/4441 5947/121/4442 5805/121/4443
f 5949/121/4444 5948/121/4441 5805/121/4443
f 5950/121/4445 5949/121/4444 5805/121/4443
f 5947/121/4442 5950/121/4445 5805/121/4443
f 5806/121/4446 6226/121/4447 5951/121/4448
f 5806/121/4446 6225/121/4449 5952/121/4450
f 5806/121/4446 6224/121/4451 5953/121/4452
f 5806/121/4446 6223/121/4453 5954/121/4454
f 5956/121/4455 5955/121/4456 5807/121/4457
f 5957/121/4458 5956/121/4455 5807/121/4457
f 5958/121/4459 5957/121/4458 5807/121/4457
f 5955/121/4456 5958/121/4459 5807/121/4457
f 5808/121/4460 6238/121/4461 5959/121/4462
f 5808/121/4460 6237/121/4463 5960/121/4464
f 5808/121/4460 6236/121/4465 5961/121/4466
f 5808/121/4460 6235/121/4467 5962/121/4468
f 5964/121/4469 5963/121/4470 5809/121/4471
f 5965/121/4472 5964/121/4469 5809/121/4471
f 5966/121/4473 5965/121/4472 5809/121/4471
f 5963/121/4470 5966/121/4473 5809/121/4471
f 6319/121/4474 6162/121/4371 6498/121/4475
f 6319/121/4474 6695/121/4476 6439/121/4372
f 6319/121/4474 6164/121/4477 5967/121/4478
f 6321/121/4479 6695/121/4476 5967/121/4478
f 6321/121/4479 6163/121/4369 6437/121/4480
f 6321/121/4479 6698/121/4481 5968/121/4482
f 5967/121/4478 5969/121/4483 6321/121/4479
f 6320/121/4484 6163/121/4369 5968/121/4482
f 6320/121/4484 6696/121/4367 6438/121/4370
f 6501/121/4485 5970/121/4486 6320/121/4484
f 5968/121/4482 6501/121/4485 6320/121/4484
f 5810/121/4487 6696/121/4367 5970/121/4486
f 5810/121/4487 6162/121/4371 5916/121/4368
f 6500/121/4488 6498/121/4475 5810/121/4487
f 5810/121/4487 6165/121/4489 6500/121/4488
f 6322/121/4490 6697/121/4491 5971/121/4492
f 6322/121/4490 6164/121/4477 6499/121/4493
f 6502/121/4494 5972/121/4495 6322/121/4490
f 5971/121/4492 6502/121/4494 6322/121/4490
f 5969/121/4483 5972/121/4495 5811/121/4496
f 5811/121/4496 6698/121/4481 5969/121/4483
f 5973/121/4497 6503/121/4498 5811/121/4496
f 5811/121/4496 6247/121/4499 5973/121/4497
f 5974/121/4500 6501/121/4485 6324/121/4501
f 6324/121/4501 6248/121/4502 5974/121/4500
f 6323/121/4503 6165/121/4489 5974/121/4500
f 5971/121/4492 6500/121/4488 6323/121/4503
f 6323/121/4503 6778/121/4504 5971/121/4492
f 5974/121/4500 5975/121/4505 6323/121/4503
f 5976/121/4506 6502/121/4494 6325/121/4507
f 6325/121/4507 6250/121/4508 5976/121/4506
f 6325/121/4507 6249/121/4509 6506/121/4510
f 5973/121/4497 5976/121/4506 6328/121/4511
f 6328/121/4511 6779/121/4512 5973/121/4497
f 6328/121/4511 6251/121/4513 5977/121/4514
f 6328/121/4511 6250/121/4508 6508/121/4515
f 6504/121/4516 5977/121/4514 6327/121/4517
f 5978/121/4518 6504/121/4516 6327/121/4517
f 6327/121/4517 6780/121/4519 5978/121/4518
f 6327/121/4517 6251/121/4513 6507/121/4520
f 6326/121/4521 6248/121/4502 5978/121/4518
f 6505/121/4522 5975/121/4505 6326/121/4521
f 6326/121/4521 6249/121/4509 6505/121/4522
f 6326/121/4521 6780/121/4519 5979/121/4523
f 6329/121/4524 6249/121/4509 6509/121/4525
f 6329/121/4524 6250/121/4508 6506/121/4510
f 6329/121/4524 6167/121/4526 5980/121/4527
f 6329/121/4524 6166/121/4528 6440/121/4373
f 6331/121/4529 6250/121/4508 5980/121/4527
f 6331/121/4529 6251/121/4513 6508/121/4515
f 6331/121/4529 6168/121/4530 6511/121/4531
f 6331/121/4529 6167/121/4526 5917/121/4376
f 6330/121/4532 6251/121/4513 6511/121/4531
f 6330/121/4532 6169/121/4533 6510/121/4534
f 6330/121/4532 6168/121/4530 6442/121/4377
f 5812/121/4535 6780/121/4519 6510/121/4534
f 5812/121/4535 6249/121/4509 5979/121/4523
f 5812/121/4535 6166/121/4528 6509/121/4525
f 5812/121/4535 6169/121/4533 6441/121/4374
f 6332/121/4536 6170/121/4381 6445/121/4384
f 5813/121/4537 6170/121/4381 6512/121/4538
f 5813/121/4537 6700/121/4539 6443/121/4382
f 5813/121/4537 6704/121/4540 5981/121/4541
f 6512/121/4538 6516/121/4542 5813/121/4537
f 6333/121/4543 6700/121/4539 5981/121/4541
f 6333/121/4543 6171/121/4379 6444/121/4544
f 6515/121/4545 5982/121/4546 6333/121/4543
f 5981/121/4541 6515/121/4545 6333/121/4543
f 5814/121/4547 6171/121/4379 5982/121/4546
f 5814/121/4547 6699/121/4383 5918/121/4380
f 5983/121/4548 6513/121/4549 5814/121/4547
f 5814/121/4547 6703/121/4550 5983/121/4548
f 6334/121/4551 6701/121/4552 6514/121/4553
f 6518/121/4554 5984/121/4555 6334/121/4551
f 6516/121/4542 5984/121/4555 5815/121/4556
f 5815/121/4556 6704/121/4540 6516/121/4542
f 5986/121/4557 5985/121/4558 5815/121/4556
f 5815/121/4556 6252/121/4559 5986/121/4557
f 6515/121/4545 5985/121/4558 6335/121/4560
f 6335/121/4560 6253/121/4561 6520/121/4562
f 5816/121/4563 6703/121/4550 6519/121/4564
f 6517/121/4565 5983/121/4548 5816/121/4563
f 5816/121/4563 6781/121/4566 6517/121/4565
f 6519/121/4564 5987/121/4567 5816/121/4563
f 5988/121/4568 6518/121/4554 6336/121/4569
f 6336/121/4569 6783/121/4570 5988/121/4568
f 5986/121/4557 5988/121/4568 5817/121/4571
f 5817/121/4571 6253/121/4561 5986/121/4557
f 5817/121/4571 6785/121/4572 5989/121/4573
f 5817/121/4571 6783/121/4570 6525/121/4574
f 6520/121/4562 5989/121/4573 6337/121/4575
f 5990/121/4576 6520/121/4562 6337/121/4575
f 6337/121/4575 6254/121/4577 5990/121/4576
f 6337/121/4575 6785/121/4572 6524/121/4578
f 5818/121/4579 6782/121/4580 5990/121/4576
f 6521/121/4581 5987/121/4567 5818/121/4579
f 5818/121/4579 6784/121/4582 6521/121/4581
f 5818/121/4579 6254/121/4577 6523/121/4583
f 6338/121/4584 6784/121/4582 5991/121/4585
f 6338/121/4584 6783/121/4570 6522/121/4586
f 6338/121/4584 6173/121/4587 5992/121/4588
f 6338/121/4584 6172/121/4589 6447/121/4385
f 5819/121/4590 6783/121/4570 5992/121/4588
f 5819/121/4590 6785/121/4572 6525/121/4574
f 5819/121/4590 6705/121/4591 6526/121/4592
f 5819/121/4590 6173/121/4587 6446/121/4388
f 6340/121/4593 6254/121/4577 6524/121/4578
f 6340/121/4593 6174/121/4594 5993/121/4595
f 6339/121/4596 6254/121/4577 5993/121/4595
f 6339/121/4596 6784/121/4582 6523/121/4583
f 6339/121/4596 6172/121/4589 5991/121/4585
f 6339/121/4596 6174/121/4594 6448/121/4386
f 5820/121/4597 6175/121/4397 5994/121/4598
f 5820/121/4597 6176/121/4395 5922/121/4398
f 5820/121/4597 6180/121/4599 5995/121/4600
f 5820/121/4597 6179/121/4601 5996/121/4602
f 5821/121/4603 6176/121/4395 5995/121/4600
f 5821/121/4603 6177/121/4393 5921/121/4396
f 5821/121/4603 6181/121/4604 5997/121/4605
f 5995/121/4600 5998/121/4606 5821/121/4603
f 5822/121/4607 6177/121/4393 5997/121/4605
f 5822/121/4607 6178/121/4391 5920/121/4394
f 6000/121/4608 5999/121/4609 5822/121/4607
f 5997/121/4605 6000/121/4608 5822/121/4607
f 5823/121/4610 6178/121/4391 5999/121/4609
f 5823/121/4610 6175/121/4397 5919/121/4392
f 6001/121/4611 5994/121/4598 5823/121/4610
f 5823/121/4610 6182/121/4612 6001/121/4611
f 5824/121/4613 6179/121/4601 6002/121/4614
f 5824/121/4613 6180/121/4599 5996/121/4602
f 6004/121/4615 6003/121/4616 5824/121/4613
f 6002/121/4614 6004/121/4615 5824/121/4613
f 5998/121/4606 6003/121/4616 5825/121/4617
f 5825/121/4617 6181/121/4604 5998/121/4606
f 6006/121/4618 6005/121/4619 5825/121/4617
f 5825/121/4617 6256/121/4620 6006/121/4618
f 6000/121/4608 6005/121/4619 5826/121/4621
f 6007/121/4622 6000/121/4608 5826/121/4621
f 5826/121/4621 6258/121/4623 6007/121/4622
f 5826/121/4621 6257/121/4624 6008/121/4625
f 5827/121/4626 6182/121/4612 6007/121/4622
f 6002/121/4614 6001/121/4611 5827/121/4626
f 5827/121/4626 6255/121/4627 6002/121/4614
f 6007/121/4622 6009/121/4628 5827/121/4626
f 6004/121/4615 6010/121/4629 5828/121/4630
f 6011/121/4631 6004/121/4615 5828/121/4630
f 5828/121/4630 6260/121/4632 6011/121/4631
f 5828/121/4630 6259/121/4633 6012/121/4634
f 6006/121/4618 6011/121/4631 5829/121/4635
f 5829/121/4635 6257/121/4624 6006/121/4618
f 5829/121/4635 6261/121/4636 6013/121/4637
f 5829/121/4635 6260/121/4632 6014/121/4638
f 6008/121/4625 6013/121/4637 5830/121/4639
f 6015/121/4640 6008/121/4625 5830/121/4639
f 5830/121/4639 6262/121/4641 6015/121/4640
f 5830/121/4639 6261/121/4636 6016/121/4642
f 5831/121/4643 6258/121/4623 6015/121/4640
f 6010/121/4629 6009/121/4628 5831/121/4643
f 5831/121/4643 6259/121/4633 6010/121/4629
f 5831/121/4643 6262/121/4641 6017/121/4644
f 5832/121/4645 6259/121/4633 6018/121/4646
f 5832/121/4645 6260/121/4632 6012/121/4634
f 5832/121/4645 6184/121/4647 6019/121/4648
f 5832/121/4645 6183/121/4649 5924/121/4399
f 5833/121/4650 6260/121/4632 6019/121/4648
f 5833/121/4650 6261/121/4636 6014/121/4638
f 5833/121/4650 6185/121/4651 6020/121/4652
f 5833/121/4650 6184/121/4647 5925/121/4402
f 5834/121/4653 6261/121/4636 6020/121/4652
f 5834/121/4653 6262/121/4641 6016/121/4642
f 5834/121/4653 6186/121/4654 6021/121/4655
f 5834/121/4653 6185/121/4651 5926/121/4403
f 5835/121/4656 6262/121/4641 6021/121/4655
f 5835/121/4656 6259/121/4633 6017/121/4644
f 5835/121/4656 6183/121/4649 6018/121/4646
f 5835/121/4656 6186/121/4654 5923/121/4400
f 5836/121/4657 6187/121/4411 6022/121/4658
f 5836/121/4657 6188/121/4409 5930/121/4412
f 5836/121/4657 6192/121/4659 6023/121/4660
f 5836/121/4657 6191/121/4661 6024/121/4662
f 5837/121/4663 6188/121/4409 6023/121/4660
f 5837/121/4663 6189/121/4407 5929/121/4410
f 5837/121/4663 6193/121/4664 6025/121/4665
f 6023/121/4660 6026/121/4666 5837/121/4663
f 5838/121/4667 6189/121/4407 6025/121/4665
f 5838/121/4667 6190/121/4405 5928/121/4408
f 6028/121/4668 6027/121/4669 5838/121/4667
f 6025/121/4665 6028/121/4668 5838/121/4667
f 5839/121/4670 6190/121/4405 6027/121/4669
f 5839/121/4670 6187/121/4411 5927/121/4406
f 6029/121/4671 6022/121/4658 5839/121/4670
f 5839/121/4670 6194/121/4672 6029/121/4671
f 5840/121/4673 6191/121/4661 6030/121/4674
f 5840/121/4673 6192/121/4659 6024/121/4662
f 6032/121/4675 6031/121/4676 5840/121/4673
f 6030/121/4674 6032/121/4675 5840/121/4673
f 6026/121/4666 6031/121/4676 5841/121/4677
f 5841/121/4677 6193/121/4664 6026/121/4666
f 6034/121/4678 6033/121/4679 5841/121/4677
f 5841/121/4677 6264/121/4680 6034/121/4678
f 6028/121/4668 6033/121/4679 5842/121/4681
f 6035/121/4682 6028/121/4668 5842/121/4681
f 5842/121/4681 6266/121/4683 6035/121/4682
f 5842/121/4681 6265/121/4684 6036/121/4685
f 5843/121/4686 6194/121/4672 6035/121/4682
f 6030/121/4674 6029/121/4671 5843/121/4686
f 5843/121/4686 6263/121/4687 6030/121/4674
f 6035/121/4682 6037/121/4688 5843/121/4686
f 6032/121/4675 6038/121/4689 5844/121/4690
f 6039/121/4691 6032/121/4675 5844/121/4690
f 5844/121/4690 6268/121/4692 6039/121/4691
f 5844/121/4690 6267/121/4693 6040/121/4694
f 6034/121/4678 6039/121/4691 5845/121/4695
f 5845/121/4695 6265/121/4684 6034/121/4678
f 5845/121/4695 6269/121/4696 6041/121/4697
f 5845/121/4695 6268/121/4692 6042/121/4698
f 6036/121/4685 6041/121/4697 5846/121/4699
f 6043/121/4700 6036/121/4685 5846/121/4699
f 5846/121/4699 6270/121/4701 6043/121/4700
f 5846/121/4699 6269/121/4696 6044/121/4702
f 5847/121/4703 6266/121/4683 6043/121/4700
f 6038/121/4689 6037/121/4688 5847/121/4703
f 5847/121/4703 6267/121/4693 6038/121/4689
f 5847/121/4703 6270/121/4701 6045/121/4704
f 5848/121/4705 6267/121/4693 6046/121/4706
f 5848/121/4705 6268/121/4692 6040/121/4694
f 5848/121/4705 6196/121/4707 6047/121/4708
f 5848/121/4705 6195/121/4709 5932/121/4413
f 5849/121/4710 6268/121/4692 6047/121/4708
f 5849/121/4710 6269/121/4696 6042/121/4698
f 5849/121/4710 6197/121/4711 6048/121/4712
f 5849/121/4710 6196/121/4707 5933/121/4416
f 5850/121/4713 6269/121/4696 6048/121/4712
f 5850/121/4713 6270/121/4701 6044/121/4702
f 5850/121/4713 6198/121/4714 6049/121/4715
f 5850/121/4713 6197/121/4711 5934/121/4417
f 5851/121/4716 6270/121/4701 6049/121/4715
f 5851/121/4716 6267/121/4693 6045/121/4704
f 5851/121/4716 6195/121/4709 6046/121/4706
f 5851/121/4716 6198/121/4714 5931/121/4414
f 5852/121/4717 6199/121/4425 6050/121/4718
f 5852/121/4717 6200/121/4423 5938/121/4426
f 5852/121/4717 6204/121/4719 6051/121/4720
f 5852/121/4717 6203/121/4721 6052/121/4722
f 5853/121/4723 6200/121/4423 6051/121/4720
f 5853/121/4723 6201/121/4421 5937/121/4424
f 5853/121/4723 6205/121/4724 6053/121/4725
f 6051/121/4720 6054/121/4726 5853/121/4723
f 5854/121/4727 6201/121/4421 6053/121/4725
f 5854/121/4727 6202/121/4419 5936/121/4422
f 6056/121/4728 6055/121/4729 5854/121/4727
f 6053/121/4725 6056/121/4728 5854/121/4727
f 5855/121/4730 6202/121/4419 6055/121/4729
f 5855/121/4730 6199/121/4425 5935/121/4420
f 6057/121/4731 6050/121/4718 5855/121/4730
f 5855/121/4730 6206/121/4732 6057/121/4731
f 5856/121/4733 6203/121/4721 6058/121/4734
f 5856/121/4733 6204/121/4719 6052/121/4722
f 6060/121/4735 6059/121/4736 5856/121/4733
f 6058/121/4734 6060/121/4735 5856/121/4733
f 6054/121/4726 6059/121/4736 5857/121/4737
f 5857/121/4737 6205/121/4724 6054/121/4726
f 6062/121/4738 6061/121/4739 5857/121/4737
f 5857/121/4737 6272/121/4740 6062/121/4738
f 6056/121/4728 6061/121/4739 5858/121/4741
f 6063/121/4742 6056/121/4728 5858/121/4741
f 5858/121/4741 6274/121/4743 6063/121/4742
f 5858/121/4741 6273/121/4744 6064/121/4745
f 5859/121/4746 6206/121/4732 6063/121/4742
f 6058/121/4734 6057/121/4731 5859/121/4746
f 5859/121/4746 6271/121/4747 6058/121/4734
f 6063/121/4742 6065/121/4748 5859/121/4746
f 6060/121/4735 6066/121/4749 5860/121/4750
f 6067/121/4751 6060/121/4735 5860/121/4750
f 5860/121/4750 6276/121/4752 6067/121/4751
f 5860/121/4750 6275/121/4753 6068/121/4754
f 6062/121/4738 6067/121/4751 5861/121/4755
f 5861/121/4755 6273/121/4744 6062/121/4738
f 5861/121/4755 6277/121/4756 6069/121/4757
f 5861/121/4755 6276/121/4752 6070/121/4758
f 6064/121/4745 6069/121/4757 5862/121/4759
f 6071/121/4760 6064/121/4745 5862/121/4759
f 5862/121/4759 6278/121/4761 6071/121/4760
f 5862/121/4759 6277/121/4756 6072/121/4762
f 5863/121/4763 6274/121/4743 6071/121/4760
f 6066/121/4749 6065/121/4748 5863/121/4763
f 5863/121/4763 6275/121/4753 6066/121/4749
f 5863/121/4763 6278/121/4761 6073/121/4764
f 5864/121/4765 6275/121/4753 6074/121/4766
f 5864/121/4765 6276/121/4752 6068/121/4754
f 5864/121/4765 6208/121/4767 6075/121/4768
f 5864/121/4765 6207/121/4769 5940/121/4427
f 5865/121/4770 6276/121/4752 6075/121/4768
f 5865/121/4770 6277/121/4756 6070/121/4758
f 5865/121/4770 6209/121/4771 6076/121/4772
f 5865/121/4770 6208/121/4767 5941/121/4430
f 5866/121/4773 6277/121/4756 6076/121/4772
f 5866/121/4773 6278/121/4761 6072/121/4762
f 5866/121/4773 6210/121/4774 6077/121/4775
f 5866/121/4773 6209/121/4771 5942/121/4431
f 5867/121/4776 6278/121/4761 6077/121/4775
f 5867/121/4776 6275/121/4753 6073/121/4764
f 5867/121/4776 6207/121/4769 6074/121/4766
f 5867/121/4776 6210/121/4774 5939/121/4428
f 5868/121/4777 6211/121/4439 6078/121/4778
f 5868/121/4777 6212/121/4437 5946/121/4440
f 5868/121/4777 6216/121/4779 6079/121/4780
f 5868/121/4777 6215/121/4781 6080/121/4782
f 5869/121/4783 6212/121/4437 6079/121/4780
f 5869/121/4783 6213/121/4435 5945/121/4438
f 5869/121/4783 6217/121/4784 6081/121/4785
f 6079/121/4780 6082/121/4786 5869/121/4783
f 5870/121/4787 6213/121/4435 6081/121/4785
f 5870/121/4787 6214/121/4433 5944/121/4436
f 6084/121/4788 6083/121/4789 5870/121/4787
f 6081/121/4785 6084/121/4788 5870/121/4787
f 5871/121/4790 6214/121/4433 6083/121/4789
f 5871/121/4790 6211/121/4439 5943/121/4434
f 6085/121/4791 6078/121/4778 5871/121/4790
f 5871/121/4790 6218/121/4792 6085/121/4791
f 5872/121/4793 6215/121/4781 6086/121/4794
f 5872/121/4793 6216/121/4779 6080/121/4782
f 6088/121/4795 6087/121/4796 5872/121/4793
f 6086/121/4794 6088/121/4795 5872/121/4793
f 6082/121/4786 6087/121/4796 5873/121/4797
f 5873/121/4797 6217/121/4784 6082/121/4786
f 6090/121/4798 6089/121/4799 5873/121/4797
f 5873/121/4797 6280/121/4800 6090/121/4798
f 6084/121/4788 6089/121/4799 5874/121/4801
f 6091/121/4802 6084/121/4788 5874/121/4801
f 5874/121/4801 6282/121/4803 6091/121/4802
f 5874/121/4801 6281/121/4804 6092/121/4805
f 5875/121/4806 6218/121/4792 6091/121/4802
f 6086/121/4794 6085/121/4791 5875/121/4806
f 5875/121/4806 6279/121/4807 6086/121/4794
f 6091/121/4802 6093/121/4808 5875/121/4806
f 6088/121/4795 6094/121/4809 5876/121/4810
f 6095/121/4811 6088/121/4795 5876/121/4810
f 5876/121/4810 6284/121/4812 6095/121/4811
f 5876/121/4810 6283/121/4813 6096/121/4814
f 6090/121/4798 6095/121/4811 5877/121/4815
f 5877/121/4815 6281/121/4804 6090/121/4798
f 5877/121/4815 6285/121/4816 6097/121/4817
f 5877/121/4815 6284/121/4812 6098/121/4818
f 6092/121/4805 6097/121/4817 5878/121/4819
f 6099/121/4820 6092/121/4805 5878/121/4819
f 5878/121/4819 6286/121/4821 6099/121/4820
f 5878/121/4819 6285/121/4816 6100/121/4822
f 5879/121/4823 6282/121/4803 6099/121/4820
f 6094/121/4809 6093/121/4808 5879/121/4823
f 5879/121/4823 6283/121/4813 6094/121/4809
f 5879/121/4823 6286/121/4821 6101/121/4824
f 5880/121/4825 6283/121/4813 6102/121/4826
f 5880/121/4825 6284/121/4812 6096/121/4814
f 5880/121/4825 6220/121/4827 6103/121/4828
f 5880/121/4825 6219/121/4829 5948/121/4441
f 5881/121/4830 6284/121/4812 6103/121/4828
f 5881/121/4830 6285/121/4816 6098/121/4818
f 5881/121/4830 6221/121/4831 6104/121/4832
f 5881/121/4830 6220/121/4827 5949/121/4444
f 5882/121/4833 6285/121/4816 6104/121/4832
f 5882/121/4833 6286/121/4821 6100/121/4822
f 5882/121/4833 6222/121/4834 6105/121/4835
f 5882/121/4833 6221/121/4831 5950/121/4445
f 5883/121/4836 6286/121/4821 6105/121/4835
f 5883/121/4836 6283/121/4813 6101/121/4824
f 5883/121/4836 6219/121/4829 6102/121/4826
f 5883/121/4836 6222/121/4834 5947/121/4442
f 5884/121/4837 6223/121/4453 6106/121/4838
f 5884/121/4837 6224/121/4451 5954/121/4454
f 5884/121/4837 6228/121/4839 6107/121/4840
f 5884/121/4837 6227/121/4841 6108/121/4842
f 5885/121/4843 6224/121/4451 6107/121/4840
f 5885/121/4843 6225/121/4449 5953/121/4452
f 5885/121/4843 6229/121/4844 6109/121/4845
f 6107/121/4840 6110/121/4846 5885/121/4843
f 5886/121/4847 6225/121/4449 6109/121/4845
f 5886/121/4847 6226/121/4447 5952/121/4450
f 6112/121/4848 6111/121/4849 5886/121/4847
f 6109/121/4845 6112/121/4848 5886/121/4847
f 5887/121/4850 6226/121/4447 6111/121/4849
f 5887/121/4850 6223/121/4453 5951/121/4448
f 6113/121/4851 6106/121/4838 5887/121/4850
f 5887/121/4850 6230/121/4852 6113/121/4851
f 5888/121/4853 6227/121/4841 6114/121/4854
f 5888/121/4853 6228/121/4839 6108/121/4842
f 6116/121/4855 6115/121/4856 5888/121/4853
f 6114/121/4854 6116/121/4855 5888/121/4853
f 6110/121/4846 6115/121/4856 5889/121/4857
f 5889/121/4857 6229/121/4844 6110/121/4846
f 6118/121/4858 6117/121/4859 5889/121/4857
f 5889/121/4857 6288/121/4860 6118/121/4858
f 6112/121/4848 6117/121/4859 5890/121/4861
f 6119/121/4862 6112/121/4848 5890/121/4861
f 5890/121/4861 6290/121/4863 6119/121/4862
f 5890/121/4861 6289/121/4864 6120/121/4865
f 5891/121/4866 6230/121/4852 6119/121/4862
f 6114/121/4854 6113/121/4851 5891/121/4866
f 5891/121/4866 6287/121/4867 6114/121/4854
f 6119/121/4862 6121/121/4868 5891/121/4866
f 6116/121/4855 6122/121/4869 5892/121/4870
f 6123/121/4871 6116/121/4855 5892/121/4870
f 5892/121/4870 6292/121/4872 6123/121/4871
f 5892/121/4870 6291/121/4873 6124/121/4874
f 6118/121/4858 6123/121/4871 5893/121/4875
f 5893/121/4875 6289/121/4864 6118/121/4858
f 5893/121/4875 6293/121/4876 6125/121/4877
f 5893/121/4875 6292/121/4872 6126/121/4878
f 6120/121/4865 6125/121/4877 5894/121/4879
f 6127/121/4880 6120/121/4865 5894/121/4879
f 5894/121/4879 6294/121/4881 6127/121/4880
f 5894/121/4879 6293/121/4876 6128/121/4882
f 5895/121/4883 6290/121/4863 6127/121/4880
f 6122/121/4869 6121/121/4868 5895/121/4883
f 5895/121/4883 6291/121/4873 6122/121/4869
f 5895/121/4883 6294/121/4881 6129/121/4884
f 5896/121/4885 6291/121/4873 6130/121/4886
f 5896/121/4885 6292/121/4872 6124/121/4874
f 5896/121/4885 6232/121/4887 6131/121/4888
f 5896/121/4885 6231/121/4889 5956/121/4455
f 5897/121/4890 6292/121/4872 6131/121/4888
f 5897/121/4890 6293/121/4876 6126/121/4878
f 5897/121/4890 6233/121/4891 6132/121/4892
f 5897/121/4890 6232/121/4887 5957/121/4458
f 5898/121/4893 6293/121/4876 6132/121/4892
f 5898/121/4893 6294/121/4881 6128/121/4882
f 5898/121/4893 6234/121/4894 6133/121/4895
f 5898/121/4893 6233/121/4891 5958/121/4459
f 5899/121/4896 6294/121/4881 6133/121/4895
f 5899/121/4896 6291/121/4873 6129/121/4884
f 5899/121/4896 6231/121/4889 6130/121/4886
f 5899/121/4896 6234/121/4894 5955/121/4456
f 5900/121/4897 6235/121/4467 6134/121/4898
f 5900/121/4897 6236/121/4465 5962/121/4468
f 5900/121/4897 6240/121/4899 6135/121/4900
f 5900/121/4897 6239/121/4901 6136/121/4902
f 5901/121/4903 6236/121/4465 6135/121/4900
f 5901/121/4903 6237/121/4463 5961/121/4466
f 5901/121/4903 6241/121/4904 6137/121/4905
f 6135/121/4900 6138/121/4906 5901/121/4903
f 5902/121/4907 6237/121/4463 6137/121/4905
f 5902/121/4907 6238/121/4461 5960/121/4464
f 6140/121/4908 6139/121/4909 5902/121/4907
f 6137/121/4905 6140/121/4908 5902/121/4907
f 5903/121/4910 6238/121/4461 6139/121/4909
f 5903/121/4910 6235/121/4467 5959/121/4462
f 6141/121/4911 6134/121/4898 5903/121/4910
f 5903/121/4910 6242/121/4912 6141/121/4911
f 5904/121/4913 6239/121/4901 6142/121/4914
f 5904/121/4913 6240/121/4899 6136/121/4902
f 6144/121/4915 6143/121/4916 5904/121/4913
f 6142/121/4914 6144/121/4915 5904/121/4913
f 6138/121/4906 6143/121/4916 5905/121/4917
f 5905/121/4917 6241/121/4904 6138/121/4906
f 6146/121/4918 6145/121/4919 5905/121/4917
f 5905/121/4917 6296/121/4920 6146/121/4918
f 6140/121/4908 6145/121/4919 5906/121/4921
f 6147/121/4922 6140/121/4908 5906/121/4921
f 5906/121/4921 6298/121/4923 6147/121/4922
f 5906/121/4921 6297/121/4924 6148/121/4925
f 5907/121/4926 6242/121/4912 6147/121/4922
f 6142/121/4914 6141/121/4911 5907/121/4926
f 5907/121/4926 6295/121/4927 6142/121/4914
f 6147/121/4922 6149/121/4928 5907/121/4926
f 6144/121/4915 6150/121/4929 5908/121/4930
f 6151/121/4931 6144/121/4915 5908/121/4930
f 5908/121/4930 6300/121/4932 6151/121/4931
f 5908/121/4930 6299/121/4933 6152/121/4934
f 6146/121/4918 6151/121/4931 5909/121/4935
f 5909/121/4935 6297/121/4924 6146/121/4918
f 5909/121/4935 6301/121/4936 6153/121/4937
f 5909/121/4935 6300/121/4932 6154/121/4938
f 6148/121/4925 6153/121/4937 5910/121/4939
f 6155/121/4940 6148/121/4925 5910/121/4939
f 5910/121/4939 6302/121/4941 6155/121/4940
f 5910/121/4939 6301/121/4936 6156/121/4942
f 5911/121/4943 6298/121/4923 6155/121/4940
f 6150/121/4929 6149/121/4928 5911/121/4943
f 5911/121/4943 6299/121/4933 6150/121/4929
f 5911/121/4943 6302/121/4941 6157/121/4944
f 5912/121/4945 6299/121/4933 6158/121/4946
f 5912/121/4945 6300/121/4932 6152/121/4934
f 5912/121/4945 6244/121/4947 6159/121/4948
f 5912/121/4945 6243/121/4949 5964/121/4469
f 5913/121/4950 6300/121/4932 6159/121/4948
f 5913/121/4950 6301/121/4936 6154/121/4938
f 5913/121/4950 6245/121/4951 6160/121/4952
f 5913/121/4950 6244/121/4947 5965/121/4472
f 5914/121/4953 6301/121/4936 6160/121/4952
f 5914/121/4953 6302/121/4941 6156/121/4942
f 5914/121/4953 6246/121/4954 6161/121/4955
f 5914/121/4953 6245/121/4951 5966/121/4473
f 5915/121/4956 6302/121/4941 6161/121/4955
f 5915/121/4956 6299/121/4933 6157/121/4944
f 5915/121/4956 6243/121/4949 6158/121/4946
f 5915/121/4956 6246/121/4954 5963/121/4470
f 6303/121/4366 6695/121/4476 6437/121/4480
f 6305/121/4378 6700/121/4539 6444/121/4544
f 6449/121/4389 6446/121/4388 6306/121/4387
f 6307/121/4957 6709/121/4958 6451/121/4959
f 6307/121/4957 6708/121/4960 6452/121/4961
f 6307/121/4957 6707/121/4962 6453/121/4963
f 6307/121/4957 6706/121/4964 6450/121/4965
f 6454/121/4966 6455/121/4967 6308/121/4968
f 6455/121/4967 6456/121/4969 6308/121/4968
f 6456/121/4969 6457/121/4970 6308/121/4968
f 6457/121/4970 6454/121/4966 6308/121/4968
f 6309/121/4971 6721/121/4972 6459/121/4973
f 6309/121/4971 6720/121/4974 6460/121/4975
f 6309/121/4971 6719/121/4976 6461/121/4977
f 6309/121/4971 6718/121/4978 6458/121/4979
f 6462/121/4980 6463/121/4981 6310/121/4982
f 6463/121/4981 6464/121/4983 6310/121/4982
f 6464/121/4983 6465/121/4984 6310/121/4982
f 6465/121/4984 6462/121/4980 6310/121/4982
f 6311/121/4985 6733/121/4986 6467/121/4987
f 6311/121/4985 6732/121/4988 6468/121/4989
f 6311/121/4985 6731/121/4990 6469/121/4991
f 6311/121/4985 6730/121/4992 6466/121/4993
f 6470/121/4994 6471/121/4995 6312/121/4996
f 6471/121/4995 6472/121/4997 6312/121/4996
f 6472/121/4997 6473/121/4998 6312/121/4996
f 6473/121/4998 6470/121/4994 6312/121/4996
f 6313/121/4999 6745/121/5000 6475/121/5001
f 6313/121/4999 6744/121/5002 6476/121/5003
f 6313/121/4999 6743/121/5004 6477/121/5005
f 6313/121/4999 6742/121/5006 6474/121/5007
f 6478/121/5008 6479/121/5009 6314/121/5010
f 6479/121/5009 6480/121/5011 6314/121/5010
f 6480/121/5011 6481/121/5012 6314/121/5010
f 6481/121/5012 6478/121/5008 6314/121/5010
f 6315/121/5013 6757/121/5014 6483/121/5015
f 6315/121/5013 6756/121/5016 6484/121/5017
f 6315/121/5013 6755/121/5018 6485/121/5019
f 6315/121/5013 6754/121/5020 6482/121/5021
f 6486/121/5022 6487/121/5023 6316/121/5024
f 6487/121/5023 6488/121/5025 6316/121/5024
f 6488/121/5025 6489/121/5026 6316/121/5024
f 6489/121/5026 6486/121/5022 6316/121/5024
f 6317/121/5027 6769/121/5028 6491/121/5029
f 6317/121/5027 6768/121/5030 6492/121/5031
f 6317/121/5027 6767/121/5032 6493/121/5033
f 6317/121/5027 6766/121/5034 6490/121/5035
f 6494/121/5036 6495/121/5037 6318/121/5038
f 6495/121/5037 6496/121/5039 6318/121/5038
f 6496/121/5039 6497/121/5040 6318/121/5038
f 6497/121/5040 6494/121/5036 6318/121/5038
f 6319/121/4474 6697/121/4491 6499/121/4493
f 6501/121/4485 6503/121/4498 6324/121/4501
f 6324/121/4501 6779/121/4512 6504/121/4516
f 6502/121/4494 6505/121/4522 6325/121/4507
f 6330/121/4532 6780/121/4519 6507/121/4520
f 6332/121/4536 6699/121/4383 6513/121/4549
f 6332/121/4536 6702/121/5041 6514/121/4553
f 6332/121/4536 6701/121/4552 6512/121/4538
f 6334/121/4551 6702/121/5041 6517/121/4565
f 6517/121/4565 6518/121/4554 6334/121/4551
f 6519/121/4564 6515/121/4545 6335/121/4560
f 6335/121/4560 6782/121/4580 6519/121/4564
f 6518/121/4554 6521/121/4581 6336/121/4569
f 6336/121/4569 6784/121/4582 6522/121/4586
f 6340/121/4593 6785/121/4572 6526/121/4592
f 6340/121/4593 6705/121/4591 6449/121/4389
f 6341/121/5042 6706/121/4964 6453/121/4963
f 6341/121/5042 6707/121/4962 6528/121/5043
f 6341/121/5042 6711/121/5044 6529/121/5045
f 6341/121/5042 6710/121/5046 6527/121/5047
f 6342/121/5048 6707/121/4962 6452/121/4961
f 6342/121/5048 6708/121/4960 6530/121/5049
f 6342/121/5048 6712/121/5050 6531/121/5051
f 6531/121/5051 6528/121/5043 6342/121/5048
f 6343/121/5052 6708/121/4960 6451/121/4959
f 6343/121/5052 6709/121/4958 6532/121/5053
f 6532/121/5053 6533/121/5054 6343/121/5052
f 6533/121/5054 6530/121/5049 6343/121/5052
f 6344/121/5055 6709/121/4958 6450/121/4965
f 6344/121/5055 6706/121/4964 6527/121/5047
f 6527/121/5047 6534/121/5056 6344/121/5055
f 6344/121/5055 6713/121/5057 6532/121/5053
f 6345/121/5058 6710/121/5046 6529/121/5045
f 6345/121/5058 6711/121/5044 6536/121/5059
f 6536/121/5059 6537/121/5060 6345/121/5058
f 6537/121/5060 6535/121/5061 6345/121/5058
f 6536/121/5059 6531/121/5051 6346/121/5062
f 6346/121/5062 6712/121/5050 6538/121/5063
f 6538/121/5063 6539/121/5064 6346/121/5062
f 6346/121/5062 6787/121/5065 6536/121/5059
f 6538/121/5063 6533/121/5054 6347/121/5066
f 6533/121/5054 6540/121/5067 6347/121/5066
f 6347/121/5066 6789/121/5068 6541/121/5069
f 6347/121/5066 6788/121/5070 6538/121/5063
f 6348/121/5071 6713/121/5057 6534/121/5056
f 6534/121/5056 6535/121/5061 6348/121/5071
f 6348/121/5071 6786/121/5072 6542/121/5073
f 6542/121/5073 6540/121/5067 6348/121/5071
f 6543/121/5074 6537/121/5060 6349/121/5075
f 6537/121/5060 6544/121/5076 6349/121/5075
f 6349/121/5075 6791/121/5077 6545/121/5078
f 6349/121/5075 6790/121/5079 6543/121/5074
f 6544/121/5076 6539/121/5064 6350/121/5080
f 6350/121/5080 6788/121/5070 6546/121/5081
f 6350/121/5080 6792/121/5082 6547/121/5083
f 6350/121/5080 6791/121/5077 6544/121/5076
f 6546/121/5081 6541/121/5069 6351/121/5084
f 6541/121/5069 6548/121/5085 6351/121/5084
f 6351/121/5084 6793/121/5086 6549/121/5087
f 6351/121/5084 6792/121/5082 6546/121/5081
f 6352/121/5088 6789/121/5068 6542/121/5073
f 6542/121/5073 6543/121/5074 6352/121/5088
f 6352/121/5088 6790/121/5079 6550/121/5089
f 6352/121/5088 6793/121/5086 6548/121/5085
f 6353/121/5090 6790/121/5079 6545/121/5078
f 6353/121/5090 6791/121/5077 6552/121/5091
f 6353/121/5090 6715/121/5092 6455/121/4967
f 6353/121/5090 6714/121/5093 6551/121/5094
f 6354/121/5095 6791/121/5077 6547/121/5083
f 6354/121/5095 6792/121/5082 6553/121/5096
f 6354/121/5095 6716/121/5097 6456/121/4969
f 6354/121/5095 6715/121/5092 6552/121/5091
f 6355/121/5098 6792/121/5082 6549/121/5087
f 6355/121/5098 6793/121/5086 6554/121/5099
f 6355/121/5098 6717/121/5100 6457/121/4970
f 6355/121/5098 6716/121/5097 6553/121/5096
f 6356/121/5101 6793/121/5086 6550/121/5089
f 6356/121/5101 6790/121/5079 6551/121/5094
f 6356/121/5101 6714/121/5093 6454/121/4966
f 6356/121/5101 6717/121/5100 6554/121/5099
f 6357/121/5102 6718/121/4978 6461/121/4977
f 6357/121/5102 6719/121/4976 6556/121/5103
f 6357/121/5102 6723/121/5104 6557/121/5105
f 6357/121/5102 6722/121/5106 6555/121/5107
f 6358/121/5108 6719/121/4976 6460/121/4975
f 6358/121/5108 6720/121/4974 6558/121/5109
f 6358/121/5108 6724/121/5110 6559/121/5111
f 6559/121/5111 6556/121/5103 6358/121/5108
f 6359/121/5112 6720/121/4974 6459/121/4973
f 6359/121/5112 6721/121/4972 6560/121/5113
f 6560/121/5113 6561/121/5114 6359/121/5112
f 6561/121/5114 6558/121/5109 6359/121/5112
f 6360/121/5115 6721/121/4972 6458/121/4979
f 6360/121/5115 6718/121/4978 6555/121/5107
f 6555/121/5107 6562/121/5116 6360/121/5115
f 6360/121/5115 6725/121/5117 6560/121/5113
f 6361/121/5118 6722/121/5106 6557/121/5105
f 6361/121/5118 6723/121/5104 6564/121/5119
f 6564/121/5119 6565/121/5120 6361/121/5118
f 6565/121/5120 6563/121/5121 6361/121/5118
f 6564/121/5119 6559/121/5111 6362/121/5122
f 6362/121/5122 6724/121/5110 6566/121/5123
f 6566/121/5123 6567/121/5124 6362/121/5122
f 6362/121/5122 6795/121/5125 6564/121/5119
f 6566/121/5123 6561/121/5114 6363/121/5126
f 6561/121/5114 6568/121/5127 6363/121/5126
f 6363/121/5126 6797/121/5128 6569/121/5129
f 6363/121/5126 6796/121/5130 6566/121/5123
f 6364/121/5131 6725/121/5117 6562/121/5116
f 6562/121/5116 6563/121/5121 6364/121/5131
f 6364/121/5131 6794/121/5132 6570/121/5133
f 6570/121/5133 6568/121/5127 6364/121/5131
f 6571/121/5134 6565/121/5120 6365/121/5135
f 6565/121/5120 6572/121/5136 6365/121/5135
f 6365/121/5135 6799/121/5137 6573/121/5138
f 6365/121/5135 6798/121/5139 6571/121/5134
f 6572/121/5136 6567/121/5124 6366/121/5140
f 6366/121/5140 6796/121/5130 6574/121/5141
f 6366/121/5140 6800/121/5142 6575/121/5143
f 6366/121/5140 6799/121/5137 6572/121/5136
f 6574/121/5141 6569/121/5129 6367/121/5144
f 6569/121/5129 6576/121/5145 6367/121/5144
f 6367/121/5144 6801/121/5146 6577/121/5147
f 6367/121/5144 6800/121/5142 6574/121/5141
f 6368/121/5148 6797/121/5128 6570/121/5133
f 6570/121/5133 6571/121/5134 6368/121/5148
f 6368/121/5148 6798/121/5139 6578/121/5149
f 6368/121/5148 6801/121/5146 6576/121/5145
f 6369/121/5150 6798/121/5139 6573/121/5138
f 6369/121/5150 6799/121/5137 6580/121/5151
f 6369/121/5150 6727/121/5152 6463/121/4981
f 6369/121/5150 6726/121/5153 6579/121/5154
f 6370/121/5155 6799/121/5137 6575/121/5143
f 6370/121/5155 6800/121/5142 6581/121/5156
f 6370/121/5155 6728/121/5157 6464/121/4983
f 6370/121/5155 6727/121/5152 6580/121/5151
f 6371/121/5158 6800/121/5142 6577/121/5147
f 6371/121/5158 6801/121/5146 6582/121/5159
f 6371/121/5158 6729/121/5160 6465/121/4984
f 6371/121/5158 6728/121/5157 6581/121/5156
f 6372/121/5161 6801/121/5146 6578/121/5149
f 6372/121/5161 6798/121/5139 6579/121/5154
f 6372/121/5161 6726/121/5153 6462/121/4980
f 6372/121/5161 6729/121/5160 6582/121/5159
f 6373/121/5162 6730/121/4992 6469/121/4991
f 6373/121/5162 6731/121/4990 6584/121/5163
f 6373/121/5162 6735/121/5164 6585/121/5165
f 6373/121/5162 6734/121/5166 6583/121/5167
f 6374/121/5168 6731/121/4990 6468/121/4989
f 6374/121/5168 6732/121/4988 6586/121/5169
f 6374/121/5168 6736/121/5170 6587/121/5171
f 6587/121/5171 6584/121/5163 6374/121/5168
f 6375/121/5172 6732/121/4988 6467/121/4987
f 6375/121/5172 6733/121/4986 6588/121/5173
f 6588/121/5173 6589/121/5174 6375/121/5172
f 6589/121/5174 6586/121/5169 6375/121/5172
f 6376/121/5175 6733/121/4986 6466/121/4993
f 6376/121/5175 6730/121/4992 6583/121/5167
f 6583/121/5167 6590/121/5176 6376/121/5175
f 6376/121/5175 6737/121/5177 6588/121/5173
f 6377/121/5178 6734/121/5166 6585/121/5165
f 6377/121/5178 6735/121/5164 6592/121/5179
f 6592/121/5179 6593/121/5180 6377/121/5178
f 6593/121/5180 6591/121/5181 6377/121/5178
f 6592/121/5179 6587/121/5171 6378/121/5182
f 6378/121/5182 6736/121/5170 6594/121/5183
f 6594/121/5183 6595/121/5184 6378/121/5182
f 6378/121/5182 6803/121/5185 6592/121/5179
f 6594/121/5183 6589/121/5174 6379/121/5186
f 6589/121/5174 6596/121/5187 6379/121/5186
f 6379/121/5186 6805/121/5188 6597/121/5189
f 6379/121/5186 6804/121/5190 6594/121/5183
f 6380/121/5191 6737/121/5177 6590/121/5176
f 6590/121/5176 6591/121/5181 6380/121/5191
f 6380/121/5191 6802/121/5192 6598/121/5193
f 6598/121/5193 6596/121/5187 6380/121/5191
f 6599/121/5194 6593/121/5180 6381/121/5195
f 6593/121/5180 6600/121/5196 6381/121/5195
f 6381/121/5195 6807/121/5197 6601/121/5198
f 6381/121/5195 6806/121/5199 6599/121/5194
f 6600/121/5196 6595/121/5184 6382/121/5200
f 6382/121/5200 6804/121/5190 6602/121/5201
f 6382/121/5200 6808/121/5202 6603/121/5203
f 6382/121/5200 6807/121/5197 6600/121/5196
f 6602/121/5201 6597/121/5189 6383/121/5204
f 6597/121/5189 6604/121/5205 6383/121/5204
f 6383/121/5204 6809/121/5206 6605/121/5207
f 6383/121/5204 6808/121/5202 6602/121/5201
f 6384/121/5208 6805/121/5188 6598/121/5193
f 6598/121/5193 6599/121/5194 6384/121/5208
f 6384/121/5208 6806/121/5199 6606/121/5209
f 6384/121/5208 6809/121/5206 6604/121/5205
f 6385/121/5210 6806/121/5199 6601/121/5198
f 6385/121/5210 6807/121/5197 6608/121/5211
f 6385/121/5210 6739/121/5212 6471/121/4995
f 6385/121/5210 6738/121/5213 6607/121/5214
f 6386/121/5215 6807/121/5197 6603/121/5203
f 6386/121/5215 6808/121/5202 6609/121/5216
f 6386/121/5215 6740/121/5217 6472/121/4997
f 6386/121/5215 6739/121/5212 6608/121/5211
f 6387/121/5218 6808/121/5202 6605/121/5207
f 6387/121/5218 6809/121/5206 6610/121/5219
f 6387/121/5218 6741/121/5220 6473/121/4998
f 6387/121/5218 6740/121/5217 6609/121/5216
f 6388/121/5221 6809/121/5206 6606/121/5209
f 6388/121/5221 6806/121/5199 6607/121/5214
f 6388/121/5221 6738/121/5213 6470/121/4994
f 6388/121/5221 6741/121/5220 6610/121/5219
f 6389/121/5222 6742/121/5006 6477/121/5005
f 6389/121/5222 6743/121/5004 6612/121/5223
f 6389/121/5222 6747/121/5224 6613/121/5225
f 6389/121/5222 6746/121/5226 6611/121/5227
f 6390/121/5228 6743/121/5004 6476/121/5003
f 6390/121/5228 6744/121/5002 6614/121/5229
f 6390/121/5228 6748/121/5230 6615/121/5231
f 6615/121/5231 6612/121/5223 6390/121/5228
f 6391/121/5232 6744/121/5002 6475/121/5001
f 6391/121/5232 6745/121/5000 6616/121/5233
f 6616/121/5233 6617/121/5234 6391/121/5232
f 6617/121/5234 6614/121/5229 6391/121/5232
f 6392/121/5235 6745/121/5000 6474/121/5007
f 6392/121/5235 6742/121/5006 6611/121/5227
f 6611/121/5227 6618/121/5236 6392/121/5235
f 6392/121/5235 6749/121/5237 6616/121/5233
f 6393/121/5238 6746/121/5226 6613/121/5225
f 6393/121/5238 6747/121/5224 6620/121/5239
f 6620/121/5239 6621/121/5240 6393/121/5238
f 6621/121/5240 6619/121/5241 6393/121/5238
f 6620/121/5239 6615/121/5231 6394/121/5242
f 6394/121/5242 6748/121/5230 6622/121/5243
f 6622/121/5243 6623/121/5244 6394/121/5242
f 6394/121/5242 6811/121/5245 6620/121/5239
f 6622/121/5243 6617/121/5234 6395/121/5246
f 6617/121/5234 6624/121/5247 6395/121/5246
f 6395/121/5246 6813/121/5248 6625/121/5249
f 6395/121/5246 6812/121/5250 6622/121/5243
f 6396/121/5251 6749/121/5237 6618/121/5236
f 6618/121/5236 6619/121/5241 6396/121/5251
f 6396/121/5251 6810/121/5252 6626/121/5253
f 6626/121/5253 6624/121/5247 6396/121/5251
f 6627/121/5254 6621/121/5240 6397/121/5255
f 6621/121/5240 6628/121/5256 6397/121/5255
f 6397/121/5255 6815/121/5257 6629/121/5258
f 6397/121/5255 6814/121/5259 6627/121/5254
f 6628/121/5256 6623/121/5244 6398/121/5260
f 6398/121/5260 6812/121/5250 6630/121/5261
f 6398/121/5260 6816/121/5262 6631/121/5263
f 6398/121/5260 6815/121/5257 6628/121/5256
f 6630/121/5261 6625/121/5249 6399/121/5264
f 6625/121/5249 6632/121/5265 6399/121/5264
f 6399/121/5264 6817/121/5266 6633/121/5267
f 6399/121/5264 6816/121/5262 6630/121/5261
f 6400/121/5268 6813/121/5248 6626/121/5253
f 6626/121/5253 6627/121/5254 6400/121/5268
f 6400/121/5268 6814/121/5259 6634/121/5269
f 6400/121/5268 6817/121/5266 6632/121/5265
f 6401/121/5270 6814/121/5259 6629/121/5258
f 6401/121/5270 6815/121/5257 6636/121/5271
f 6401/121/5270 6751/121/5272 6479/121/5009
f 6401/121/5270 6750/121/5273 6635/121/5274
f 6402/121/5275 6815/121/5257 6631/121/5263
f 6402/121/5275 6816/121/5262 6637/121/5276
f 6402/121/5275 6752/121/5277 6480/121/5011
f 6402/121/5275 6751/121/5272 6636/121/5271
f 6403/121/5278 6816/121/5262 6633/121/5267
f 6403/121/5278 6817/121/5266 6638/121/5279
f 6403/121/5278 6753/121/5280 6481/121/5012
f 6403/121/5278 6752/121/5277 6637/121/5276
f 6404/121/5281 6817/121/5266 6634/121/5269
f 6404/121/5281 6814/121/5259 6635/121/5274
f 6404/121/5281 6750/121/5273 6478/121/5008
f 6404/121/5281 6753/121/5280 6638/121/5279
f 6405/121/5282 6754/121/5020 6485/121/5019
f 6405/121/5282 6755/121/5018 6640/121/5283
f 6405/121/5282 6759/121/5284 6641/121/5285
f 6405/121/5282 6758/121/5286 6639/121/5287
f 6406/121/5288 6755/121/5018 6484/121/5017
f 6406/121/5288 6756/121/5016 6642/121/5289
f 6406/121/5288 6760/121/5290 6643/121/5291
f 6643/121/5291 6640/121/5283 6406/121/5288
f 6407/121/5292 6756/121/5016 6483/121/5015
f 6407/121/5292 6757/121/5014 6644/121/5293
f 6644/121/5293 6645/121/5294 6407/121/5292
f 6645/121/5294 6642/121/5289 6407/121/5292
f 6408/121/5295 6757/121/5014 6482/121/5021
f 6408/121/5295 6754/121/5020 6639/121/5287
f 6639/121/5287 6646/121/5296 6408/121/5295
f 6408/121/5295 6761/121/5297 6644/121/5293
f 6409/121/5298 6758/121/5286 6641/121/5285
f 6409/121/5298 6759/121/5284 6648/121/5299
f 6648/121/5299 6649/121/5300 6409/121/5298
f 6649/121/5300 6647/121/5301 6409/121/5298
f 6648/121/5299 6643/121/5291 6410/121/5302
f 6410/121/5302 6760/121/5290 6650/121/5303
f 6650/121/5303 6651/121/5304 6410/121/5302
f 6410/121/5302 6819/121/5305 6648/121/5299
f 6650/121/5303 6645/121/5294 6411/121/5306
f 6645/121/5294 6652/121/5307 6411/121/5306
f 6411/121/5306 6821/121/5308 6653/121/5309
f 6411/121/5306 6820/121/5310 6650/121/5303
f 6412/121/5311 6761/121/5297 6646/121/5296
f 6646/121/5296 6647/121/5301 6412/121/5311
f 6412/121/5311 6818/121/5312 6654/121/5313
f 6654/121/5313 6652/121/5307 6412/121/5311
f 6655/121/5314 6649/121/5300 6413/121/5315
f 6649/121/5300 6656/121/5316 6413/121/5315
f 6413/121/5315 6823/121/5317 6657/121/5318
f 6413/121/5315 6822/121/5319 6655/121/5314
f 6656/121/5316 6651/121/5304 6414/121/5320
f 6414/121/5320 6820/121/5310 6658/121/5321
f 6414/121/5320 6824/121/5322 6659/121/5323
f 6414/121/5320 6823/121/5317 6656/121/5316
f 6658/121/5321 6653/121/5309 6415/121/5324
f 6653/121/5309 6660/121/5325 6415/121/5324
f 6415/121/5324 6825/121/5326 6661/121/5327
f 6415/121/5324 6824/121/5322 6658/121/5321
f 6416/121/5328 6821/121/5308 6654/121/5313
f 6654/121/5313 6655/121/5314 6416/121/5328
f 6416/121/5328 6822/121/5319 6662/121/5329
f 6416/121/5328 6825/121/5326 6660/121/5325
f 6417/121/5330 6822/121/5319 6657/121/5318
f 6417/121/5330 6823/121/5317 6664/121/5331
f 6417/121/5330 6763/121/5332 6487/121/5023
f 6417/121/5330 6762/121/5333 6663/121/5334
f 6418/121/5335 6823/121/5317 6659/121/5323
f 6418/121/5335 6824/121/5322 6665/121/5336
f 6418/121/5335 6764/121/5337 6488/121/5025
f 6418/121/5335 6763/121/5332 6664/121/5331
f 6419/121/5338 6824/121/5322 6661/121/5327
f 6419/121/5338 6825/121/5326 6666/121/5339
f 6419/121/5338 6765/121/5340 6489/121/5026
f 6419/121/5338 6764/121/5337 6665/121/5336
f 6420/121/5341 6825/121/5326 6662/121/5329
f 6420/121/5341 6822/121/5319 6663/121/5334
f 6420/121/5341 6762/121/5333 6486/121/5022
f 6420/121/5341 6765/121/5340 6666/121/5339
f 6421/121/5342 6766/121/5034 6493/121/5033
f 6421/121/5342 6767/121/5032 6668/121/5343
f 6421/121/5342 6771/121/5344 6669/121/5345
f 6421/121/5342 6770/121/5346 6667/121/5347
f 6422/121/5348 6767/121/5032 6492/121/5031
f 6422/121/5348 6768/121/5030 6670/121/5349
f 6422/121/5348 6772/121/5350 6671/121/5351
f 6671/121/5351 6668/121/5343 6422/121/5348
f 6423/121/5352 6768/121/5030 6491/121/5029
f 6423/121/5352 6769/121/5028 6672/121/5353
f 6672/121/5353 6673/121/5354 6423/121/5352
f 6673/121/5354 6670/121/5349 6423/121/5352
f 6424/121/5355 6769/121/5028 6490/121/5035
f 6424/121/5355 6766/121/5034 6667/121/5347
f 6667/121/5347 6674/121/5356 6424/121/5355
f 6424/121/5355 6773/121/5357 6672/121/5353
f 6425/121/5358 6770/121/5346 6669/121/5345
f 6425/121/5358 6771/121/5344 6676/121/5359
f 6676/121/5359 6677/121/5360 6425/121/5358
f 6677/121/5360 6675/121/5361 6425/121/5358
f 6676/121/5359 6671/121/5351 6426/121/5362
f 6426/121/5362 6772/121/5350 6678/121/5363
f 6678/121/5363 6679/121/5364 6426/121/5362
f 6426/121/5362 6827/121/5365 6676/121/5359
f 6678/121/5363 6673/121/5354 6427/121/5366
f 6673/121/5354 6680/121/5367 6427/121/5366
f 6427/121/5366 6829/121/5368 6681/121/5369
f 6427/121/5366 6828/121/5370 6678/121/5363
f 6428/121/5371 6773/121/5357 6674/121/5356
f 6674/121/5356 6675/121/5361 6428/121/5371
f 6428/121/5371 6826/121/5372 6682/121/5373
f 6682/121/5373 6680/121/5367 6428/121/5371
f 6683/121/5374 6677/121/5360 6429/121/5375
f 6677/121/5360 6684/121/5376 6429/121/5375
f 6429/121/5375 6831/121/5377 6685/121/5378
f 6429/121/5375 6830/121/5379 6683/121/5374
f 6684/121/5376 6679/121/5364 6430/121/5380
f 6430/121/5380 6828/121/5370 6686/121/5381
f 6430/121/5380 6832/121/5382 6687/121/5383
f 6430/121/5380 6831/121/5377 6684/121/5376
f 6686/121/5381 6681/121/5369 6431/121/5384
f 6681/121/5369 6688/121/5385 6431/121/5384
f 6431/121/5384 6833/121/5386 6689/121/5387
f 6431/121/5384 6832/121/5382 6686/121/5381
f 6432/121/5388 6829/121/5368 6682/121/5373
f 6682/121/5373 6683/121/5374 6432/121/5388
f 6432/121/5388 6830/121/5379 6690/121/5389
f 6432/121/5388 6833/121/5386 6688/121/5385
f 6433/121/5390 6830/121/5379 6685/121/5378
f 6433/121/5390 6831/121/5377 6692/121/5391
f 6433/121/5390 6775/121/5392 6495/121/5037
f 6433/121/5390 6774/121/5393 6691/121/5394
f 6434/121/5395 6831/121/5377 6687/121/5383
f 6434/121/5395 6832/121/5382 6693/121/5396
f 6434/121/5395 6776/121/5397 6496/121/5039
f 6434/121/5395 6775/121/5392 6692/121/5391
f 6435/121/5398 6832/121/5382 6689/121/5387
f 6435/121/5398 6833/121/5386 6694/121/5399
f 6435/121/5398 6777/121/5400 6497/121/5040
f 6435/121/5398 6776/121/5397 6693/121/5396
f 6436/121/5401 6833/121/5386 6690/121/5389
f 6436/121/5401 6830/121/5379 6691/121/5394
f 6436/121/5401 6774/121/5393 6494/121/5036
f 6436/121/5401 6777/121/5400 6694/121/5399
f 6834/121/5402 7112/121/5403 6924/121/5404
f 6834/121/5402 7111/121/5405 6925/121/5406
f 6834/121/5402 7110/121/5407 6926/121/5408
f 6834/121/5402 7109/121/5409 6927/121/5410
f 6929/121/5411 6928/121/5412 6835/121/5413
f 6930/121/5414 6929/121/5411 6835/121/5413
f 6931/121/5415 6930/121/5414 6835/121/5413
f 6928/121/5412 6931/121/5415 6835/121/5413
f 6933/121/5416 6932/121/5417 6836/121/5418
f 6934/121/5419 6933/121/5416 6836/121/5418
f 6935/121/5420 6934/121/5419 6836/121/5418
f 6932/121/5417 6935/121/5420 6836/121/5418
f 6937/121/5421 6936/121/5422 6837/121/5423
f 6938/121/5424 6937/121/5421 6837/121/5423
f 6837/121/5423 7138/121/5425 6938/121/5424
f 6837/121/5423 7137/121/5426 6939/121/5427
f 6941/121/5428 6940/121/5429 6838/121/5430
f 6942/121/5431 6941/121/5428 6838/121/5430
f 6943/121/5432 6942/121/5431 6838/121/5430
f 6940/121/5429 6943/121/5432 6838/121/5430
f 6839/121/5433 7152/121/5434 6944/121/5435
f 6839/121/5433 7151/121/5436 6945/121/5437
f 6839/121/5433 7150/121/5438 6946/121/5439
f 6839/121/5433 7149/121/5440 6947/121/5441
f 6949/121/5442 6948/121/5443 6840/121/5444
f 6950/121/5445 6949/121/5442 6840/121/5444
f 6951/121/5446 6950/121/5445 6840/121/5444
f 6948/121/5443 6951/121/5446 6840/121/5444
f 6841/121/5447 7164/121/5448 6952/121/5449
f 6841/121/5447 7163/121/5450 6953/121/5451
f 6841/121/5447 7162/121/5452 6954/121/5453
f 6841/121/5447 7161/121/5454 6955/121/5455
f 6842/121/2682 7165/121/5456 6956/121/5457
f 6842/121/2682 7166/121/5458 6957/121/5459
f 6842/121/2682 7167/121/5460 6958/121/5461
f 6842/121/2682 7168/121/5462 6959/121/5463
f 6843/121/2699 7169/121/5464 6960/121/5465
f 6843/121/2699 7170/121/5466 6961/121/5467
f 6843/121/2699 7171/121/5468 6962/121/5469
f 6843/121/2699 7172/121/5470 6963/121/5471
f 6844/121/5472 7117/121/5473 6964/121/5474
f 6966/121/5475 6965/121/5476 6844/121/5472
f 6844/121/5472 7174/121/5477 6966/121/5475
f 6964/121/5474 6967/121/5478 6844/121/5472
f 6845/121/5479 7118/121/5480 6966/121/5475
f 6969/121/5481 6968/121/5482 6845/121/5479
f 6845/121/5479 7175/121/5483 6969/121/5481
f 6966/121/5475 6970/121/5484 6845/121/5479
f 6971/121/5485 6969/121/5481 6846/121/5486
f 6846/121/5486 7120/121/5487 6971/121/5485
f 6973/121/5488 6972/121/5489 6846/121/5486
f 6846/121/5486 7175/121/5483 6973/121/5488
f 6974/121/5490 6972/121/5489 6847/121/5491
f 6964/121/5474 6974/121/5490 6847/121/5491
f 6847/121/5491 7173/121/5492 6964/121/5474
f 6847/121/5491 7176/121/5493 6975/121/5494
f 6967/121/5478 6976/121/5495 6848/121/5496
f 6977/121/5497 6967/121/5478 6848/121/5496
f 6848/121/5496 7178/121/5498 6977/121/5497
f 6848/121/5496 7177/121/5499 6978/121/5500
f 6970/121/5484 6977/121/5497 6849/121/5501
f 6979/121/5502 6970/121/5484 6849/121/5501
f 6849/121/5501 7179/121/5503 6979/121/5502
f 6849/121/5501 7178/121/5498 6980/121/5504
f 6973/121/5488 6979/121/5502 6850/121/5505
f 6981/121/5506 6973/121/5488 6850/121/5505
f 6850/121/5505 7180/121/5507 6981/121/5506
f 6850/121/5505 7179/121/5503 6982/121/5508
f 6975/121/5494 6981/121/5506 6851/121/5509
f 6976/121/5495 6975/121/5494 6851/121/5509
f 6851/121/5509 7177/121/5499 6976/121/5495
f 6851/121/5509 7180/121/5507 6983/121/5510
f 6978/121/5500 6984/121/5511 6852/121/5512
f 6985/121/5513 6978/121/5500 6852/121/5512
f 6852/121/5512 7182/121/5514 6985/121/5513
f 6852/121/5512 7181/121/5515 6986/121/5516
f 6980/121/5504 6985/121/5513 6853/121/5517
f 6987/121/5518 6980/121/5504 6853/121/5517
f 6853/121/5517 7183/121/5519 6987/121/5518
f 6853/121/5517 7182/121/5514 6988/121/5520
f 6982/121/5508 6987/121/5518 6854/121/5521
f 6989/121/5522 6982/121/5508 6854/121/5521
f 6854/121/5521 7184/121/5523 6989/121/5522
f 6854/121/5521 7183/121/5519 6990/121/5524
f 6983/121/5510 6989/121/5522 6855/121/5525
f 6984/121/5511 6983/121/5510 6855/121/5525
f 6855/121/5525 7181/121/5515 6984/121/5511
f 6855/121/5525 7184/121/5523 6991/121/5526
f 6856/121/5527 7181/121/5515 6992/121/5528
f 6856/121/5527 7182/121/5514 6986/121/5516
f 6856/121/5527 7114/121/5529 6993/121/5530
f 6856/121/5527 7113/121/5531 6929/121/5411
f 6857/121/5532 7182/121/5514 6993/121/5530
f 6857/121/5532 7183/121/5519 6988/121/5520
f 6857/121/5532 7115/121/5533 6994/121/5534
f 6857/121/5532 7114/121/5529 6930/121/5414
f 6858/121/5535 7183/121/5519 6994/121/5534
f 6858/121/5535 7184/121/5523 6990/121/5524
f 6858/121/5535 7116/121/5536 6995/121/5537
f 6858/121/5535 7115/121/5533 6931/121/5415
f 6859/121/5538 7184/121/5523 6995/121/5537
f 6859/121/5538 7181/121/5515 6991/121/5526
f 6859/121/5538 7113/121/5531 6992/121/5528
f 6859/121/5538 7116/121/5536 6928/121/5412
f 6860/121/5539 7109/121/5409 6996/121/5540
f 6860/121/5539 7110/121/5407 6927/121/5410
f 6998/121/5541 6997/121/5542 6860/121/5539
f 6860/121/5539 7185/121/5543 6998/121/5541
f 6861/121/5544 7110/121/5407 6997/121/5542
f 6861/121/5544 7111/121/5405 6926/121/5408
f 7000/121/5545 6999/121/5546 6861/121/5544
f 6861/121/5544 7186/121/5547 7000/121/5545
f 6862/121/5548 7111/121/5405 6999/121/5546
f 6862/121/5548 7112/121/5403 6925/121/5406
f 6862/121/5548 7188/121/5549 7001/121/5550
f 6999/121/5546 7002/121/5551 6862/121/5548
f 6863/121/5552 7112/121/5403 7001/121/5550
f 6863/121/5552 7109/121/5409 6924/121/5404
f 7003/121/5553 6996/121/5540 6863/121/5552
f 7001/121/5550 7003/121/5553 6863/121/5552
f 6998/121/5541 7004/121/5554 6864/121/5555
f 6864/121/5555 7186/121/5547 6998/121/5541
f 6864/121/5555 7118/121/5480 7005/121/5556
f 6864/121/5555 7117/121/5473 6965/121/5476
f 7000/121/5545 7005/121/5556 6865/121/5557
f 6865/121/5557 7187/121/5558 7000/121/5545
f 6865/121/5557 7119/121/5559 7006/121/5560
f 6865/121/5557 7118/121/5480 6968/121/5482
f 6866/121/5561 7187/121/5558 7006/121/5560
f 7007/121/5562 7002/121/5551 6866/121/5561
f 6866/121/5561 7120/121/5487 7007/121/5562
f 6866/121/5561 7119/121/5559 6971/121/5485
f 6867/121/5563 7188/121/5549 7007/121/5562
f 7004/121/5554 7003/121/5553 6867/121/5563
f 6867/121/5563 7117/121/5473 7004/121/5554
f 6867/121/5563 7120/121/5487 6974/121/5490
f 6868/121/5564 7121/121/5565 7008/121/5566
f 6868/121/5564 7122/121/5567 7009/121/5568
f 7011/121/5569 7010/121/5570 6868/121/5564
f 7008/121/5566 7011/121/5569 6868/121/5564
f 7012/121/5571 7010/121/5570 6869/121/5572
f 6869/121/5572 7123/121/5573 7012/121/5571
f 7014/121/5574 7013/121/5575 6869/121/5572
f 6869/121/5572 7126/121/5576 7014/121/5574
f 6870/121/5577 7123/121/5573 7013/121/5575
f 7016/121/5578 7015/121/5579 6870/121/5577
f 6870/121/5577 7128/121/5580 7016/121/5578
f 7013/121/5575 7017/121/5581 6870/121/5577
f 6871/121/5582 7124/121/5583 7016/121/5578
f 7008/121/5566 7018/121/5584 6871/121/5582
f 6871/121/5582 7125/121/5585 7008/121/5566
f 7016/121/5578 7019/121/5586 6871/121/5582
f 6872/121/5587 7125/121/5585 7020/121/5588
f 6872/121/5587 7126/121/5576 7011/121/5569
f 6872/121/5587 7130/121/5589 7021/121/5590
f 7020/121/5588 7022/121/5591 6872/121/5587
f 7014/121/5574 7021/121/5590 6873/121/5592
f 6873/121/5592 7127/121/5593 7014/121/5574
f 7024/121/5594 7023/121/5595 6873/121/5592
f 7021/121/5590 7024/121/5594 6873/121/5592
f 6874/121/5596 7127/121/5593 7023/121/5595
f 7025/121/5597 7017/121/5581 6874/121/5596
f 7026/121/5598 7025/121/5597 6874/121/5596
f 7023/121/5595 7026/121/5598 6874/121/5596
f 6875/121/5599 7128/121/5580 7025/121/5597
f 7020/121/5588 7019/121/5586 6875/121/5599
f 7027/121/5600 7020/121/5588 6875/121/5599
f 6875/121/5599 7132/121/5601 7027/121/5600
f 6876/121/5602 7129/121/5603 7028/121/5604
f 7029/121/5605 7022/121/5591 6876/121/5602
f 6876/121/5602 7190/121/5606 7029/121/5605
f 6876/121/5602 7189/121/5607 7030/121/5608
f 6877/121/5609 7130/121/5589 7029/121/5605
f 7031/121/5610 7024/121/5594 6877/121/5609
f 6877/121/5609 7191/121/5611 7031/121/5610
f 7029/121/5605 7032/121/5612 6877/121/5609
f 7026/121/5598 7031/121/5610 6878/121/5613
f 6878/121/5613 7132/121/5601 7026/121/5598
f 7034/121/5614 7033/121/5615 6878/121/5613
f 6878/121/5613 7191/121/5611 7034/121/5614
f 7027/121/5600 7033/121/5615 6879/121/5616
f 6879/121/5616 7129/121/5603 7027/121/5600
f 7035/121/5617 7028/121/5604 6879/121/5616
f 6879/121/5616 7192/121/5618 7035/121/5617
f 7030/121/5608 7036/121/5619 6880/121/5620
f 7037/121/5621 7030/121/5608 6880/121/5620
f 6880/121/5620 7134/121/5622 7037/121/5621
f 6880/121/5620 7133/121/5623 6933/121/5416
f 6881/121/5624 7190/121/5606 7037/121/5621
f 7038/121/5625 7032/121/5612 6881/121/5624
f 6881/121/5624 7135/121/5626 7038/121/5625
f 6881/121/5624 7134/121/5622 6934/121/5419
f 7034/121/5614 7038/121/5625 6882/121/5627
f 6882/121/5627 7192/121/5618 7034/121/5614
f 6882/121/5627 7136/121/5628 7039/121/5629
f 6882/121/5627 7135/121/5626 6935/121/5420
f 7035/121/5617 7039/121/5629 6883/121/5630
f 6883/121/5630 7189/121/5607 7035/121/5617
f 6883/121/5630 7133/121/5623 7036/121/5619
f 6883/121/5630 7136/121/5628 6932/121/5417
f 6884/121/5631 7137/121/5426 7040/121/5632
f 6884/121/5631 7138/121/5425 6939/121/5427
f 7042/121/5633 7041/121/5634 6884/121/5631
f 7040/121/5632 7042/121/5633 6884/121/5631
f 6938/121/5424 7041/121/5634 6885/121/5635
f 6885/121/5635 7139/121/5636 6938/121/5424
f 7044/121/5637 7043/121/5638 6885/121/5635
f 6885/121/5635 7142/121/5639 7044/121/5637
f 6886/121/5640 7139/121/5636 7043/121/5638
f 6886/121/5640 7140/121/5641 6937/121/5421
f 6886/121/5640 7144/121/5642 7045/121/5643
f 6886/121/5640 7143/121/5644 7046/121/5645
f 6887/121/5646 7140/121/5641 7045/121/5643
f 7040/121/5632 6936/121/5422 6887/121/5646
f 6887/121/5646 7141/121/5647 7040/121/5632
f 7045/121/5643 7047/121/5648 6887/121/5646
f 7042/121/5633 7048/121/5649 6888/121/5650
f 7049/121/5651 7042/121/5633 6888/121/5650
f 6888/121/5650 7194/121/5652 7049/121/5651
f 6888/121/5650 7193/121/5653 7050/121/5654
f 6889/121/5655 7142/121/5639 7049/121/5651
f 7051/121/5656 7044/121/5637 6889/121/5655
f 6889/121/5655 7195/121/5657 7051/121/5656
f 7049/121/5651 7052/121/5658 6889/121/5655
f 6890/121/5659 7143/121/5644 7051/121/5656
f 6890/121/5659 7144/121/5642 7046/121/5645
f 7054/121/5660 7053/121/5661 6890/121/5659
f 7051/121/5656 7054/121/5660 6890/121/5659
f 7047/121/5648 7053/121/5661 6891/121/5662
f 6891/121/5662 7141/121/5647 7047/121/5648
f 7055/121/5663 7048/121/5649 6891/121/5662
f 6891/121/5662 7196/121/5664 7055/121/5663
f 7050/121/5654 7056/121/5665 6892/121/5666
f 7057/121/5667 7050/121/5654 6892/121/5666
f 6892/121/5666 7146/121/5668 7057/121/5667
f 6892/121/5666 7145/121/5669 6941/121/5428
f 6893/121/5670 7194/121/5652 7057/121/5667
f 7058/121/5671 7052/121/5658 6893/121/5670
f 6893/121/5670 7147/121/5672 7058/121/5671
f 6893/121/5670 7146/121/5668 6942/121/5431
f 6894/121/5673 7195/121/5657 7058/121/5671
f 6894/121/5673 7196/121/5664 7054/121/5660
f 6894/121/5673 7148/121/5674 7059/121/5675
f 6894/121/5673 7147/121/5672 6943/121/5432
f 7055/121/5663 7059/121/5675 6895/121/5676
f 6895/121/5676 7193/121/5653 7055/121/5663
f 6895/121/5676 7145/121/5669 7056/121/5665
f 6895/121/5676 7148/121/5674 6940/121/5429
f 6896/121/5677 7149/121/5440 7060/121/5678
f 6896/121/5677 7150/121/5438 6947/121/5441
f 7062/121/5679 7061/121/5680 6896/121/5677
f 7060/121/5678 7062/121/5679 6896/121/5677
f 6946/121/5439 7061/121/5680 6897/121/5681
f 6897/121/5681 7151/121/5436 6946/121/5439
f 7064/121/5682 7063/121/5683 6897/121/5681
f 6897/121/5681 7154/121/5684 7064/121/5682
f 6898/121/5685 7151/121/5436 7063/121/5683
f 6898/121/5685 7152/121/5434 6945/121/5437
f 6898/121/5685 7156/121/5686 7065/121/5687
f 6898/121/5685 7155/121/5688 7066/121/5689
f 6899/121/5690 7152/121/5434 7065/121/5687
f 7060/121/5678 6944/121/5435 6899/121/5690
f 6899/121/5690 7153/121/5691 7060/121/5678
f 7065/121/5687 7067/121/5692 6899/121/5690
f 7062/121/5679 7068/121/5693 6900/121/5694
f 7069/121/5695 7062/121/5679 6900/121/5694
f 6900/121/5694 7198/121/5696 7069/121/5695
f 6900/121/5694 7197/121/5697 7070/121/5698
f 6901/121/5699 7154/121/5684 7069/121/5695
f 7071/121/5700 7064/121/5682 6901/121/5699
f 6901/121/5699 7199/121/5701 7071/121/5700
f 7069/121/5695 7072/121/5702 6901/121/5699
f 6902/121/5703 7155/121/5688 7071/121/5700
f 6902/121/5703 7156/121/5686 7066/121/5689
f 7074/121/5704 7073/121/5705 6902/121/5703
f 7071/121/5700 7074/121/5704 6902/121/5703
f 7067/121/5692 7073/121/5705 6903/121/5706
f 6903/121/5706 7153/121/5691 7067/121/5692
f 7075/121/5707 7068/121/5693 6903/121/5706
f 6903/121/5706 7200/121/5708 7075/121/5707
f 7070/121/5698 7076/121/5709 6904/121/5710
f 7077/121/5711 7070/121/5698 6904/121/5710
f 6904/121/5710 7202/121/5712 7077/121/5711
f 6904/121/5710 7201/121/5713 7078/121/5714
f 6905/121/5715 7198/121/5696 7077/121/5711
f 7079/121/5716 7072/121/5702 6905/121/5715
f 6905/121/5715 7203/121/5717 7079/121/5716
f 7077/121/5711 7080/121/5718 6905/121/5715
f 6906/121/5719 7199/121/5701 7079/121/5716
f 6906/121/5719 7200/121/5708 7074/121/5704
f 7082/121/5720 7081/121/5721 6906/121/5719
f 7079/121/5716 7082/121/5720 6906/121/5719
f 7075/121/5707 7081/121/5721 6907/121/5722
f 6907/121/5722 7197/121/5697 7075/121/5707
f 7083/121/5723 7076/121/5709 6907/121/5722
f 6907/121/5722 7204/121/5724 7083/121/5723
f 6908/121/5725 7201/121/5713 7084/121/5726
f 6908/121/5725 7202/121/5712 7078/121/5714
f 6908/121/5725 7158/121/5727 7085/121/5728
f 6908/121/5725 7157/121/5729 6949/121/5442
f 6909/121/5730 7202/121/5712 7085/121/5728
f 6909/121/5730 7203/121/5717 7080/121/5718
f 6909/121/5730 7159/121/5731 7086/121/5732
f 6909/121/5730 7158/121/5727 6950/121/5445
f 6910/121/5733 7203/121/5717 7086/121/5732
f 6910/121/5733 7204/121/5724 7082/121/5720
f 6910/121/5733 7160/121/5734 7087/121/5735
f 6910/121/5733 7159/121/5731 6951/121/5446
f 6911/121/5736 7204/121/5724 7087/121/5735
f 6911/121/5736 7201/121/5713 7083/121/5723
f 6911/121/5736 7157/121/5729 7084/121/5726
f 6911/121/5736 7160/121/5734 6948/121/5443
f 6912/121/5737 7161/121/5454 7088/121/5738
f 6912/121/5737 7162/121/5452 6955/121/5455
f 7009/121/5568 7089/121/5739 6912/121/5737
f 7088/121/5738 7009/121/5568 6912/121/5737
f 6913/121/5740 7162/121/5452 7089/121/5739
f 6913/121/5740 7163/121/5450 6954/121/5453
f 7012/121/5571 7090/121/5741 6913/121/5740
f 6913/121/5740 7122/121/5567 7012/121/5571
f 6914/121/5742 7163/121/5450 7090/121/5741
f 6914/121/5742 7164/121/5448 6953/121/5451
f 6914/121/5742 7124/121/5583 7091/121/5743
f 7090/121/5741 7015/121/5579 6914/121/5742
f 6915/121/5744 7164/121/5448 7091/121/5743
f 6915/121/5744 7161/121/5454 6952/121/5449
f 6915/121/5744 7121/121/5565 7088/121/5738
f 7091/121/5743 7018/121/5584 6915/121/5744
f 7092/121/2422 7205/121/5745 7093/121/5746
f 7092/121/2422 7093/121/5746 7206/121/5747
f 7092/121/2422 7206/121/5747 7094/121/5748
f 7092/121/2422 7094/121/5748 7207/121/5749
f 7092/121/2422 7207/121/5749 7095/121/5750
f 7092/121/2422 7095/121/5750 7208/121/5751
f 7092/121/2422 7208/121/5751 7096/121/5752
f 7092/121/2422 7096/121/5752 7205/121/5745
f 6916/121/5753 7205/121/5745 7097/121/5754
f 6916/121/5753 7206/121/5747 7093/121/5746
f 6916/121/5753 7166/121/5458 7098/121/5755
f 6916/121/5753 7165/121/5456 6957/121/5459
f 6917/121/5756 7206/121/5747 7098/121/5755
f 6917/121/5756 7207/121/5749 7094/121/5748
f 6917/121/5756 7167/121/5460 7099/121/5757
f 6917/121/5756 7166/121/5458 6958/121/5461
f 6918/121/5758 7207/121/5749 7099/121/5757
f 6918/121/5758 7208/121/5751 7095/121/5750
f 6918/121/5758 7168/121/5462 7100/121/5759
f 6918/121/5758 7167/121/5460 6959/121/5463
f 6919/121/5760 7208/121/5751 7100/121/5759
f 6919/121/5760 7205/121/5745 7096/121/5752
f 6919/121/5760 7165/121/5456 7097/121/5754
f 6919/121/5760 7168/121/5462 6956/121/5457
f 7209/121/2431 7210/121/5761 7101/121/5762
f 7209/121/2431 7101/121/5762 7211/121/5763
f 7209/121/2431 7211/121/5763 7102/121/5764
f 7209/121/2431 7102/121/5764 7212/121/5765
f 7209/121/2431 7212/121/5765 7103/121/5766
f 7209/121/2431 7103/121/5766 7213/121/5767
f 7209/121/2431 7213/121/5767 7104/121/5768
f 7209/121/2431 7104/121/5768 7210/121/5761
f 6920/121/5769 7210/121/5761 7105/121/5770
f 6920/121/5769 7211/121/5763 7101/121/5762
f 6920/121/5769 7170/121/5466 7106/121/5771
f 6920/121/5769 7169/121/5464 6961/121/5467
f 6921/121/5772 7211/121/5763 7106/121/5771
f 6921/121/5772 7212/121/5765 7102/121/5764
f 6921/121/5772 7171/121/5468 7107/121/5773
f 6921/121/5772 7170/121/5466 6962/121/5469
f 6922/121/5774 7212/121/5765 7107/121/5773
f 6922/121/5774 7213/121/5767 7103/121/5766
f 6922/121/5774 7172/121/5470 7108/121/5775
f 6922/121/5774 7171/121/5468 6963/121/5471
f 6923/121/5776 7213/121/5767 7108/121/5775
f 6923/121/5776 7210/121/5761 7104/121/5768
f 6923/121/5776 7169/121/5464 7105/121/5770
f 6923/121/5776 7172/121/5470 6960/121/5465
f 7223/121/5777 7215/121/5778 7222/121/5779
f 7224/121/5780 7217/121/5781 7223/121/5777
f 7225/121/5782 7221/121/5783 7224/121/5780
f 7225/121/5782 7215/121/5778 7219/121/5784
f 7214/121/5785 7220/121/5786 7216/121/5787
f 7219/121/5784 7217/121/5781 7221/121/5783
f 7214/121/5785 7225/121/5782 7218/121/5788
f 7218/121/5788 7224/121/5780 7220/121/5786
f 7216/121/5787 7224/121/5780 7223/121/5777
f 7226/121/5789 7214/121/5785 7216/121/5787
f 7226/121/5789 7229/121/5790 7227/121/5791
f 7223/121/5777 7226/121/5789 7216/121/5787
f 7227/121/5791 7222/121/5779 7214/121/5785
f 7229/121/5790 7223/121/5777 7222/121/5779
f 7242/121/5792 7230/121/5793 7232/121/5794
f 7237/121/5795 7240/121/5796 7241/121/5797
f 7232/121/5794 7234/121/5798 7236/121/5799
f 7232/121/5794 7237/121/5795 7233/121/5800
f 7230/121/5793 7235/121/5801 7234/121/5798
f 7233/121/5800 7235/121/5801 7231/121/5802
f 7238/121/5803 7241/121/5797 7240/121/5796
f 7235/121/5801 7238/121/5803 7234/121/5798
f 7235/121/5801 7241/121/5797 7239/121/5804
f 7234/121/5798 7240/121/5796 7236/121/5799
f 7243/121/5805 7245/121/5806 7244/121/5807
f 7233/121/5800 7242/121/5792 7232/121/5794
f 7243/121/5805 7231/121/5802 7230/121/5793
f 7231/121/5802 7245/121/5806 7233/121/5800
f 7246/121/5808 7258/121/5809 7248/121/5810
f 7253/121/5811 7256/121/5812 7252/121/5813
f 7248/121/5810 7250/121/5814 7246/121/5808
f 7253/121/5811 7248/121/5810 7249/121/5815
f 7246/121/5808 7251/121/5816 7247/121/5817
f 7251/121/5816 7249/121/5815 7247/121/5817
f 7254/121/5818 7257/121/5819 7255/121/5820
f 7254/121/5818 7251/121/5816 7250/121/5814
f 7251/121/5816 7257/121/5819 7253/121/5811
f 7256/121/5812 7250/121/5814 7252/121/5813
f 7259/121/5821 7261/121/5822 7258/121/5809
f 7249/121/5815 7258/121/5809 7261/121/5822
f 7247/121/5817 7259/121/5821 7246/121/5808
f 7247/121/5817 7261/121/5822 7260/121/5823
f 24/1/1 23/122/5824 160/2/2
f 166/4/4 11/4/9 10/4/5
f 167/5/7 26/7/13 24/1/1
f 168/4/8 13/4/40 11/4/9
f 170/4/10 5/4/17 3/4/11
f 163/6/12 4/123/11 26/7/13
f 171/8/14 15/124/5825 12/9/15
f 172/4/16 6/4/21 5/4/17
f 16/11/18 15/124/5825 171/8/14
f 174/4/20 7/4/25 6/4/21
f 18/13/22 16/11/18 173/12/19
f 164/4/24 8/4/30 7/4/25
f 176/15/26 20/16/29 18/13/22
f 9/4/27 8/4/30 164/4/24
f 160/2/2 23/122/5824 20/16/29
f 161/4/6 10/4/5 9/4/27
f 8/4/30 9/4/27 33/4/31
f 21/4/33 22/4/36 41/4/34
f 10/4/5 34/4/38 33/4/31
f 22/4/36 25/4/1 42/4/37
f 11/4/9 35/4/41 34/4/38
f 25/4/1 27/4/44 43/4/39
f 13/4/40 36/4/46 35/4/41
f 3/4/11 5/4/17 29/4/42
f 3/4/11 28/4/43 43/4/39
f 13/4/40 14/4/48 37/4/45
f 5/4/17 6/4/21 30/4/47
f 17/4/18 38/4/50 37/4/45
f 7/4/25 31/4/51 30/4/47
f 19/4/49 39/4/52 38/4/50
f 8/4/30 32/4/32 31/4/51
f 19/4/49 21/4/33 40/4/35
f 37/4/45 38/4/50 54/4/53
f 30/4/47 31/4/51 47/4/55
f 38/4/50 39/4/52 55/4/57
f 31/4/51 32/4/32 48/4/58
f 40/4/35 56/4/59 55/4/57
f 33/4/31 49/4/61 48/4/58
f 41/4/34 57/4/63 56/4/59
f 33/4/31 34/4/38 50/4/60
f 41/4/34 42/4/37 58/4/62
f 35/4/41 51/4/66 50/4/60
f 42/4/37 43/4/39 59/4/64
f 35/4/41 36/4/46 52/4/65
f 29/4/42 45/4/68 44/4/67
f 43/4/39 28/4/43 44/4/67
f 37/4/45 53/4/54 52/4/65
f 30/4/47 46/4/56 45/4/68
f 140/17/70 66/24/77 67/18/71
f 137/20/73 63/28/81 65/21/74
f 140/17/70 61/22/75 65/21/74
f 66/24/77 65/21/74 70/26/79
f 67/18/71 66/24/77 71/27/80
f 63/28/81 68/31/84 70/26/79
f 70/26/79 75/32/85 76/30/83
f 72/25/78 71/27/80 76/30/83
f 68/31/84 74/125/5826 75/32/85
f 77/29/82 76/30/83 81/33/86
f 75/32/85 74/125/5826 78/35/88
f 75/32/85 80/36/89 81/33/86
f 82/34/87 81/33/86 86/37/90
f 78/35/88 84/126/5827 85/39/92
f 80/36/89 85/39/92 86/37/90
f 86/37/90 85/39/92 90/41/94
f 87/38/91 86/37/90 91/42/95
f 85/39/92 84/126/5827 88/43/96
f 91/42/95 90/41/94 95/44/97
f 91/42/95 96/45/98 97/46/99
f 88/43/96 93/49/102 95/44/97
f 97/46/99 96/45/98 102/47/100
f 93/49/102 98/51/104 101/50/103
f 96/45/98 95/44/97 101/50/103
f 98/51/104 105/127/5828 106/52/105
f 102/47/100 101/50/103 106/52/105
f 103/48/101 102/47/100 107/54/107
f 107/54/107 106/52/105 111/56/109
f 108/53/106 107/54/107 112/57/110
f 106/52/105 105/127/5828 109/58/111
f 112/57/110 117/61/114 118/59/112
f 109/58/111 115/128/5829 116/60/113
f 112/57/110 111/56/109 116/60/113
f 118/59/112 117/61/114 120/62/115
f 116/60/113 115/128/5829 1/64/117
f 117/61/114 116/60/113 119/65/118
f 120/62/115 119/65/118 124/67/120
f 121/63/116 120/62/115 125/68/121
f 1/64/117 122/72/125 124/67/120
f 125/68/121 124/67/120 129/70/123
f 126/66/119 125/68/121 130/71/124
f 122/72/125 127/74/127 129/70/123
f 130/71/124 135/76/129 136/73/126
f 127/74/127 132/77/130 134/75/128
f 130/71/124 129/70/123 134/75/128
f 135/76/129 140/17/70 62/19/72
f 132/77/130 137/20/73 61/22/75
f 135/76/129 134/75/128 61/22/75
f 193/4/6 145/4/6 159/4/131
f 192/78/2 143/93/2 158/79/26
f 159/4/131 142/4/133 178/4/133
f 190/80/26 158/79/26 157/81/23
f 178/4/133 142/4/133 156/4/134
f 157/81/23 155/84/19 187/83/19
f 188/4/135 156/4/134 154/4/16
f 155/84/19 153/94/14 185/85/14
f 186/4/16 154/4/16 152/4/10
f 185/85/14 153/94/14 148/86/8
f 194/88/12 151/95/12 147/89/7
f 184/4/10 152/4/10 150/4/12
f 183/4/8 149/4/8 146/4/4
f 181/90/7 147/89/7 144/91/3
f 180/4/4 146/4/4 145/4/6
f 144/91/3 143/93/2 192/78/2
f 145/4/6 161/4/6 177/4/28
f 160/2/2 176/15/26 158/79/26
f 177/4/28 164/4/24 142/4/133
f 176/15/26 175/14/23 157/81/23
f 142/4/133 164/4/24 174/4/20
f 175/14/23 173/12/19 155/84/19
f 156/4/134 174/4/20 172/4/16
f 173/12/19 171/8/14 153/94/14
f 154/4/16 172/4/16 170/4/10
f 171/8/14 169/10/8 148/86/8
f 151/95/12 163/6/12 167/5/7
f 152/4/10 170/4/10 162/4/12
f 149/4/8 168/4/8 166/4/4
f 147/89/7 167/5/7 165/3/3
f 146/4/4 166/4/4 161/4/6
f 165/3/3 160/2/2 143/93/2
f 179/92/3 192/78/2 73/96/136
f 104/4/138 180/4/4 193/4/6
f 64/98/140 181/90/7 179/92/3
f 99/4/104 183/4/8 180/4/4
f 133/4/141 184/4/10 195/4/12
f 139/99/73 194/88/12 181/90/7
f 94/100/102 185/85/14 182/87/8
f 128/4/142 186/4/16 184/4/10
f 187/83/19 185/85/14 94/100/102
f 123/4/144 188/4/135 186/4/16
f 189/82/23 187/83/19 89/102/143
f 2/4/146 178/4/133 188/4/135
f 190/80/26 189/82/23 83/103/145
f 191/4/132 178/4/133 2/4/146
f 192/78/2 190/80/26 79/104/147
f 110/4/139 193/4/6 191/4/132
f 361/105/149 221/105/186 220/105/150
f 362/105/152 214/105/158 213/105/153
f 222/105/155 221/105/186 361/105/149
f 364/105/157 215/105/162 214/105/158
f 223/105/159 222/105/155 363/105/156
f 366/105/161 216/105/166 215/105/162
f 224/105/163 223/105/159 365/105/160
f 368/105/165 217/105/170 216/105/166
f 225/105/167 224/105/163 367/105/164
f 370/105/169 218/105/174 217/105/170
f 226/105/171 225/105/167 369/105/168
f 372/105/173 219/105/180 218/105/174
f 227/105/175 226/105/171 371/105/172
f 220/105/150 219/105/180 372/105/173
f 359/105/154 213/105/153 212/105/177
f 212/105/177 227/105/175 373/105/176
f 227/105/175 243/105/185 242/105/179
f 219/105/180 220/105/150 236/105/181
f 212/105/177 213/105/153 229/105/183
f 212/105/177 228/105/184 243/105/185
f 221/105/186 237/105/189 236/105/181
f 213/105/153 214/105/158 230/105/187
f 221/105/186 222/105/155 238/105/188
f 214/105/158 215/105/162 231/105/190
f 223/105/159 239/105/192 238/105/188
f 215/105/162 216/105/166 232/105/191
f 224/105/163 240/105/194 239/105/192
f 216/105/166 217/105/170 233/105/193
f 225/105/167 241/105/196 240/105/194
f 217/105/170 218/105/174 234/105/195
f 226/105/171 242/105/179 241/105/196
f 219/105/180 235/105/182 234/105/195
f 204/105/197 252/105/225 253/105/198
f 198/105/200 197/105/227 245/105/201
f 206/105/203 205/105/199 253/105/198
f 198/105/200 246/105/202 247/105/205
f 206/105/203 254/105/204 255/105/207
f 199/105/206 247/105/205 248/105/209
f 207/105/208 255/105/207 256/105/211
f 201/105/213 200/105/210 248/105/209
f 209/105/215 208/105/212 256/105/211
f 202/105/217 201/105/213 249/105/214
f 210/105/219 209/105/215 257/105/216
f 202/105/217 250/105/218 251/105/221
f 210/105/219 258/105/220 259/105/223
f 204/105/197 203/105/222 251/105/221
f 196/105/226 244/105/228 245/105/201
f 211/105/224 259/105/223 244/105/228
f 340/105/229 264/105/236 265/105/230
f 339/105/232 262/105/237 263/105/233
f 260/105/234 263/105/233 264/105/236
f 262/105/237 266/105/244 267/105/238
f 264/105/236 263/105/233 267/105/238
f 265/105/230 264/105/236 268/105/240
f 268/105/240 267/105/238 271/105/242
f 268/105/240 272/105/243 273/105/241
f 266/105/244 270/105/246 271/105/242
f 272/105/243 276/105/248 277/105/245
f 270/105/246 274/105/5830 275/105/247
f 271/105/242 275/105/247 276/105/248
f 276/105/248 280/105/252 281/105/249
f 275/105/247 274/105/5830 278/105/250
f 275/105/247 279/105/251 280/105/252
f 280/105/252 279/105/251 283/105/254
f 281/105/249 280/105/252 284/105/255
f 278/105/250 282/105/259 283/105/254
f 284/105/255 283/105/254 287/105/257
f 285/105/253 284/105/255 288/105/258
f 282/105/259 286/105/262 287/105/257
f 289/105/256 288/105/258 292/105/260
f 286/105/262 290/105/272 291/105/263
f 288/105/258 287/105/257 291/105/263
f 292/105/260 296/105/278 297/105/271
f 290/105/272 294/105/5831 295/105/273
f 291/105/263 295/105/273 296/105/278
f 296/105/278 295/105/273 300/105/283
f 297/105/271 296/105/278 301/105/284
f 295/105/273 294/105/5831 299/105/286
f 300/105/283 306/105/292 307/105/289
f 302/105/282 301/105/284 307/105/289
f 300/105/283 299/105/286 305/105/291
f 308/105/290 307/105/289 314/105/293
f 305/105/291 312/105/296 313/105/295
f 240/105/194 310/105/270 311/105/269
f 233/105/193 325/105/285 330/105/265
f 307/105/289 306/105/292 313/105/295
f 231/105/190 232/105/191 330/105/265
f 312/105/296 319/105/303 320/105/297
f 238/105/188 316/105/279 317/105/275
f 230/105/187 231/105/190 331/105/264
f 314/105/293 313/105/295 320/105/297
f 229/105/183 230/105/187 332/105/277
f 238/105/188 239/105/192 311/105/269
f 314/105/293 321/105/299 322/105/298
f 321/105/299 320/105/297 327/105/301
f 236/105/181 318/105/274 323/105/288
f 236/105/181 237/105/189 317/105/275
f 321/105/299 328/105/302 329/105/300
f 319/105/303 326/105/5832 327/105/301
f 229/105/183 337/105/276 338/105/268
f 243/105/185 228/105/184 338/105/268
f 234/105/195 324/105/287 325/105/285
f 243/105/185 303/105/267 304/105/281
f 329/105/300 328/105/302 335/105/304
f 327/105/301 326/105/5832 333/105/306
f 242/105/179 304/105/281 309/105/280
f 234/105/195 235/105/182 323/105/288
f 328/105/302 327/105/301 334/105/307
f 335/105/304 340/105/229 261/105/231
f 333/105/306 339/105/232 260/105/234
f 240/105/194 241/105/196 309/105/280
f 334/105/307 260/105/234 340/105/229
f 357/105/178 356/105/176 211/105/224
f 344/105/154 357/105/178 196/105/226
f 342/105/151 355/105/173 203/105/222
f 356/105/176 354/105/172 210/105/219
f 203/105/222 355/105/173 353/105/169
f 354/105/172 352/105/168 209/105/215
f 202/105/217 353/105/169 351/105/165
f 352/105/168 350/105/164 208/105/212
f 351/105/165 349/105/161 200/105/210
f 350/105/164 348/105/160 207/105/208
f 200/105/210 349/105/161 347/105/157
f 348/105/160 346/105/156 206/105/203
f 347/105/157 345/105/152 198/105/200
f 346/105/156 343/105/149 205/105/199
f 198/105/200 345/105/152 344/105/154
f 343/105/149 342/105/151 204/105/197
f 357/105/178 360/105/178 373/105/176
f 344/105/154 359/105/154 360/105/178
f 358/105/151 372/105/173 355/105/173
f 373/105/176 371/105/172 354/105/172
f 355/105/173 372/105/173 370/105/169
f 371/105/172 369/105/168 352/105/168
f 353/105/169 370/105/169 368/105/165
f 369/105/168 367/105/164 350/105/164
f 368/105/165 366/105/161 349/105/161
f 350/105/164 367/105/164 365/105/160
f 349/105/161 366/105/161 364/105/157
f 348/105/160 365/105/160 363/105/156
f 347/105/157 364/105/157 362/105/152
f 363/105/156 361/105/149 343/105/149
f 345/105/152 362/105/152 359/105/154
f 361/105/149 358/105/151 342/105/151
f 539/105/308 536/105/336 398/105/309
f 540/105/311 537/105/337 391/105/312
f 539/105/308 399/105/310 400/105/314
f 542/105/316 540/105/311 392/105/313
f 541/105/315 400/105/314 401/105/318
f 544/105/320 542/105/316 393/105/317
f 543/105/319 401/105/318 402/105/322
f 546/105/324 544/105/320 394/105/321
f 545/105/323 402/105/322 403/105/326
f 548/105/328 546/105/324 395/105/325
f 547/105/327 403/105/326 404/105/330
f 550/105/332 548/105/328 396/105/329
f 549/105/331 404/105/330 405/105/334
f 550/105/332 397/105/333 398/105/309
f 537/105/337 538/105/339 390/105/338
f 551/105/335 405/105/334 390/105/338
f 420/105/340 421/105/343 405/105/334
f 397/105/333 413/105/454 414/105/341
f 390/105/338 406/105/456 407/105/342
f 421/105/343 406/105/456 390/105/338
f 414/105/341 415/105/449 399/105/310
f 391/105/312 407/105/342 408/105/344
f 399/105/310 415/105/449 416/105/345
f 392/105/313 408/105/344 409/105/346
f 416/105/345 417/105/348 401/105/318
f 393/105/317 409/105/346 410/105/347
f 417/105/348 418/105/350 402/105/322
f 394/105/321 410/105/347 411/105/349
f 418/105/350 419/105/352 403/105/326
f 395/105/325 411/105/349 412/105/351
f 419/105/352 420/105/340 404/105/330
f 412/105/351 413/105/454 397/105/333
f 431/105/353 430/105/5833 382/105/354
f 376/105/356 424/105/5834 423/105/357
f 384/105/359 432/105/5835 431/105/353
f 425/105/360 424/105/5834 376/105/356
f 433/105/362 432/105/5835 384/105/359
f 426/105/364 425/105/360 377/105/361
f 434/105/366 433/105/362 385/105/363
f 379/105/368 427/105/371 426/105/364
f 387/105/369 435/105/373 434/105/366
f 380/105/370 428/105/5836 427/105/371
f 388/105/372 436/105/5837 435/105/373
f 429/105/374 428/105/5836 380/105/370
f 437/105/376 436/105/5837 388/105/372
f 382/105/354 430/105/5833 429/105/374
f 423/105/357 422/105/379 374/105/378
f 422/105/379 437/105/376 389/105/377
f 443/105/380 442/105/386 518/105/381
f 441/105/383 440/105/388 517/105/384
f 442/105/386 441/105/383 438/105/385
f 445/105/387 444/105/393 440/105/388
f 442/105/386 446/105/390 445/105/387
f 443/105/380 447/105/389 446/105/390
f 446/105/390 450/105/395 449/105/392
f 451/105/391 450/105/395 446/105/390
f 449/105/392 448/105/397 444/105/393
f 455/105/394 454/105/398 450/105/395
f 453/105/396 452/105/401 448/105/397
f 454/105/398 453/105/396 449/105/392
f 459/105/399 458/105/402 454/105/398
f 453/105/396 457/105/405 456/105/400
f 458/105/402 457/105/405 453/105/396
f 458/105/402 462/105/406 461/105/404
f 459/105/399 463/105/403 462/105/406
f 461/105/404 460/105/410 456/105/400
f 462/105/406 466/105/409 465/105/408
f 463/105/403 467/105/407 466/105/409
f 465/105/408 464/105/413 460/105/410
f 467/105/407 471/105/418 470/105/411
f 469/105/412 468/105/423 464/105/413
f 466/105/409 470/105/411 469/105/412
f 475/105/421 474/105/428 470/105/411
f 473/105/422 472/105/437 468/105/423
f 474/105/428 473/105/422 469/105/412
f 474/105/428 479/105/435 478/105/433
f 475/105/421 480/105/432 479/105/435
f 473/105/422 478/105/433 477/105/436
f 485/105/440 484/105/445 478/105/433
f 480/105/432 486/105/442 485/105/440
f 478/105/433 484/105/445 483/105/441
f 486/105/442 493/105/446 492/105/443
f 491/105/444 490/105/448 483/105/441
f 489/105/419 488/105/420 418/105/350
f 508/105/415 503/105/434 411/105/349
f 485/105/440 492/105/443 491/105/444
f 409/105/346 509/105/414 508/105/415
f 498/105/447 497/105/455 490/105/448
f 495/105/425 494/105/429 416/105/345
f 408/105/344 510/105/427 509/105/414
f 492/105/443 499/105/452 498/105/447
f 407/105/342 515/105/426 510/105/427
f 416/105/345 494/105/429 489/105/419
f 500/105/450 499/105/452 492/105/443
f 499/105/452 506/105/458 505/105/453
f 501/105/439 496/105/424 414/105/341
f 414/105/341 496/105/424 495/105/425
f 507/105/451 506/105/458 499/105/452
f 505/105/453 504/105/460 497/105/455
f 516/105/417 515/105/426 407/105/342
f 421/105/343 481/105/416 516/105/417
f 503/105/434 502/105/438 412/105/351
f 482/105/431 481/105/416 421/105/343
f 507/105/451 514/105/461 513/105/457
f 505/105/453 512/105/462 511/105/459
f 487/105/430 482/105/431 420/105/340
f 412/105/351 502/105/438 501/105/439
f 506/105/458 513/105/457 512/105/462
f 439/105/382 518/105/381 513/105/457
f 438/105/385 517/105/384 511/105/459
f 418/105/350 488/105/420 487/105/430
f 518/105/381 438/105/385 512/105/462
f 389/105/377 534/105/335 535/105/339
f 374/105/378 535/105/339 522/105/337
f 381/105/375 533/105/332 520/105/336
f 388/105/372 532/105/331 534/105/335
f 381/105/375 380/105/370 531/105/328
f 387/105/369 530/105/327 532/105/331
f 380/105/370 379/105/368 529/105/324
f 386/105/367 528/105/323 530/105/327
f 378/105/365 527/105/320 529/105/324
f 385/105/363 526/105/319 528/105/323
f 378/105/365 377/105/361 525/105/316
f 384/105/359 524/105/315 526/105/319
f 376/105/356 523/105/311 525/105/316
f 383/105/355 521/105/308 524/105/315
f 376/105/356 375/105/358 522/105/337
f 382/105/354 520/105/336 521/105/308
f 535/105/339 534/105/335 551/105/335
f 522/105/337 535/105/339 538/105/339
f 533/105/332 550/105/332 536/105/336
f 532/105/331 549/105/331 551/105/335
f 533/105/332 531/105/328 548/105/328
f 530/105/327 547/105/327 549/105/331
f 531/105/328 529/105/324 546/105/324
f 528/105/323 545/105/323 547/105/327
f 527/105/320 544/105/320 546/105/324
f 528/105/323 526/105/319 543/105/319
f 527/105/320 525/105/316 542/105/316
f 526/105/319 524/105/315 541/105/315
f 525/105/316 523/105/311 540/105/311
f 521/105/308 539/105/308 541/105/315
f 523/105/311 522/105/337 537/105/337
f 520/105/336 536/105/336 539/105/308
f 664/106/465 554/106/473 560/106/466
f 553/106/468 558/106/474 559/106/469
f 662/106/470 556/106/475 557/106/471
f 555/106/463 664/106/465 561/106/467
f 554/106/473 663/106/76 559/106/469
f 552/106/472 557/106/471 558/106/474
f 562/106/464 561/106/467 568/106/476
f 560/106/466 559/106/469 566/106/478
f 557/106/471 564/106/482 565/106/480
f 561/106/467 560/106/466 567/106/479
f 558/106/474 565/106/480 566/106/478
f 556/106/475 563/106/481 564/106/482
f 567/106/479 566/106/478 573/106/483
f 564/106/482 571/106/489 572/106/485
f 568/106/476 567/106/479 574/106/484
f 565/106/480 572/106/485 573/106/483
f 563/106/481 570/106/486 571/106/489
f 569/106/477 568/106/476 575/106/488
f 575/106/488 574/106/484 581/106/491
f 572/106/485 579/106/495 580/106/493
f 570/106/486 577/106/496 578/106/494
f 576/106/487 575/106/488 582/106/492
f 574/106/484 573/106/483 580/106/493
f 571/106/489 578/106/494 579/106/495
f 580/106/493 579/106/495 586/106/497
f 578/106/494 577/106/496 584/106/499
f 582/106/492 589/106/503 590/106/501
f 580/106/493 587/106/498 588/106/502
f 579/106/495 578/106/494 585/106/500
f 581/106/491 588/106/502 589/106/503
f 589/106/503 596/106/509 597/106/504
f 587/106/498 594/106/510 595/106/505
f 586/106/497 585/106/500 592/106/506
f 588/106/502 595/106/505 596/106/509
f 587/106/498 586/106/497 593/106/507
f 585/106/500 584/106/499 591/106/508
f 593/106/507 592/106/506 599/106/511
f 595/106/505 602/106/517 603/106/515
f 594/106/510 593/106/507 600/106/512
f 592/106/506 591/106/508 598/106/513
f 596/106/509 603/106/515 604/106/514
f 594/106/510 601/106/516 602/106/517
f 602/106/517 609/106/523 610/106/519
f 601/106/516 600/106/512 607/106/520
f 599/106/511 598/106/513 605/106/521
f 603/106/515 610/106/519 611/106/518
f 601/106/516 608/106/69 609/106/523
f 600/106/512 599/106/511 606/106/522
f 605/106/521 612/106/530 613/106/524
f 611/106/518 610/106/519 617/106/525
f 609/106/523 608/106/69 615/106/527
f 606/106/522 613/106/524 614/106/529
f 610/106/519 609/106/523 616/106/528
f 607/106/520 614/106/529 615/106/527
f 618/106/526 617/106/525 624/106/531
f 616/106/528 615/106/527 622/106/533
f 613/106/524 620/106/537 621/106/535
f 617/106/525 616/106/528 623/106/534
f 614/106/529 621/106/535 622/106/533
f 612/106/530 619/106/536 620/106/537
f 624/106/531 623/106/534 630/106/540
f 621/106/535 628/106/544 629/106/542
f 619/106/536 626/106/538 627/106/543
f 625/106/532 624/106/531 631/106/541
f 623/106/534 622/106/533 629/106/542
f 620/106/537 627/106/543 628/106/544
f 631/106/541 630/106/540 637/106/545
f 628/106/544 635/106/550 636/106/547
f 626/106/538 633/106/551 634/106/548
f 632/106/539 631/106/541 638/106/546
f 630/106/540 629/106/542 636/106/547
f 627/106/543 634/106/548 635/106/550
f 638/106/546 645/106/557 646/106/552
f 636/106/547 643/106/558 644/106/553
f 635/106/550 634/106/548 641/106/554
f 637/106/545 644/106/553 645/106/557
f 636/106/547 635/106/550 642/106/555
f 634/106/548 633/106/551 640/106/556
f 643/106/558 650/106/565 651/106/559
f 642/106/555 641/106/554 648/106/560
f 644/106/553 651/106/559 652/106/564
f 643/106/558 642/106/555 649/106/561
f 641/106/554 640/106/556 647/106/562
f 645/106/557 652/106/564 653/106/563
f 651/106/559 658/106/572 659/106/567
f 650/106/565 649/106/561 656/106/568
f 648/106/560 647/106/562 654/106/570
f 652/106/564 659/106/567 660/106/566
f 650/106/565 657/106/569 658/106/572
f 649/106/561 648/106/560 655/106/571
f 657/106/569 656/106/568 553/106/468
f 655/106/571 654/106/570 662/106/470
f 659/106/567 664/106/465 555/106/463
f 657/106/569 663/106/76 554/106/473
f 656/106/568 655/106/571 552/106/472
f 658/106/572 554/106/473 664/106/465
f 668/106/573 667/106/578 672/106/574
f 712/106/579 711/106/576 714/106/577
f 669/106/581 674/106/583 711/106/576
f 672/106/574 677/106/582 678/106/584
f 689/106/585 674/106/583 669/106/581
f 677/106/582 682/106/587 683/106/588
f 683/106/588 682/106/587 687/106/589
f 699/106/592 704/106/591 689/106/585
f 668/106/573 710/106/606 675/106/593
f 687/106/589 692/106/597 693/106/595
f 683/106/588 701/106/604 706/106/596
f 678/106/584 706/106/596 708/106/598
f 692/106/597 697/106/601 698/106/599
f 703/106/594 675/106/593 680/106/600
f 698/106/599 680/106/600 686/106/602
f 698/106/599 697/106/601 702/106/603
f 688/106/590 695/106/605 701/106/604
f 693/106/595 686/106/602 695/106/605
f 702/106/603 667/106/578 668/106/573
f 673/106/575 708/106/598 710/106/606
f 710/106/606 708/106/598 707/106/607
f 708/106/598 706/106/596 705/106/609
f 705/106/609 706/106/596 701/106/604
f 701/106/604 695/106/605 690/106/611
f 690/106/611 695/106/605 686/106/602
f 681/106/612 686/106/602 680/106/600
f 680/106/600 675/106/593 671/106/614
f 671/106/614 675/106/593 710/106/606
f 699/106/592 733/106/628 684/106/615
f 714/106/577 718/106/619 719/106/617
f 712/106/579 725/106/626 729/106/618
f 669/106/581 729/106/618 731/106/620
f 718/106/619 722/106/623 723/106/621
f 727/106/616 684/106/615 670/106/622
f 723/106/621 670/106/622 713/106/624
f 723/106/621 722/106/623 726/106/625
f 715/106/580 720/106/627 725/106/626
f 719/106/617 713/106/624 720/106/627
f 726/106/625 704/106/591 699/106/592
f 685/106/586 731/106/620 733/106/628
f 733/106/628 731/106/620 730/106/629
f 731/106/620 729/106/618 728/106/631
f 729/106/618 725/106/626 724/106/632
f 725/106/626 720/106/627 716/106/633
f 716/106/633 720/106/627 713/106/624
f 666/106/634 713/106/624 670/106/622
f 670/106/622 684/106/615 694/106/636
f 694/106/636 684/106/615 733/106/628
f 746/106/579 745/106/576 748/106/577
f 735/106/581 737/106/583 745/106/576
f 741/106/585 737/106/583 735/106/581
f 743/106/592 744/106/591 741/106/585
f 743/106/592 767/106/628 739/106/615
f 748/106/577 752/106/619 753/106/617
f 746/106/579 759/106/626 763/106/618
f 735/106/581 763/106/618 765/106/620
f 752/106/619 756/106/623 757/106/621
f 761/106/616 739/106/615 736/106/622
f 753/106/617 757/106/621 736/106/622
f 757/106/621 756/106/623 760/106/625
f 749/106/580 754/106/627 759/106/626
f 749/106/580 753/106/617 747/106/624
f 760/106/625 744/106/591 743/106/592
f 740/106/586 765/106/620 767/106/628
f 767/106/628 765/106/620 764/106/629
f 764/106/629 765/106/620 763/106/618
f 763/106/618 759/106/626 758/106/637
f 759/106/626 754/106/627 750/106/633
f 750/106/633 754/106/627 747/106/624
f 734/106/638 747/106/624 736/106/622
f 736/106/622 739/106/615 742/106/636
f 742/106/636 739/106/615 767/106/628
f 780/106/642 779/106/639 782/106/641
f 769/106/644 771/106/645 779/106/639
f 775/106/646 771/106/645 769/106/644
f 777/106/649 778/106/648 775/106/646
f 777/106/649 801/106/663 773/106/650
f 782/106/641 786/106/655 787/106/652
f 769/106/644 780/106/642 793/106/653
f 769/106/644 797/106/654 799/106/656
f 786/106/655 790/106/659 791/106/657
f 791/106/657 795/106/651 773/106/650
f 791/106/657 770/106/658 781/106/660
f 791/106/657 790/106/659 794/106/661
f 780/106/642 783/106/643 788/106/662
f 787/106/652 781/106/660 788/106/662
f 794/106/661 778/106/648 777/106/649
f 777/106/649 774/106/647 799/106/656
f 801/106/663 799/106/656 798/106/664
f 798/106/664 799/106/656 797/106/654
f 797/106/654 793/106/653 792/106/668
f 792/106/668 793/106/653 788/106/662
f 788/106/662 781/106/660 768/106/670
f 768/106/670 781/106/660 770/106/658
f 770/106/658 773/106/650 776/106/672
f 776/106/672 773/106/650 801/106/663
f 914/106/472 811/106/471 810/106/474
f 809/106/469 808/106/466 803/106/473
f 807/106/467 806/106/464 912/106/463
f 805/106/470 812/106/475 811/106/471
f 804/106/468 810/106/474 809/106/469
f 808/106/466 807/106/467 802/106/465
f 812/106/475 819/106/481 818/106/482
f 810/106/474 817/106/480 816/106/478
f 815/106/479 814/106/476 807/106/467
f 811/106/471 818/106/482 817/106/480
f 816/106/478 815/106/479 808/106/466
f 814/106/476 813/106/477 806/106/464
f 817/106/480 824/106/485 823/106/483
f 822/106/484 821/106/488 814/106/476
f 818/106/482 825/106/489 824/106/485
f 823/106/483 822/106/484 815/106/479
f 821/106/488 820/106/487 813/106/477
f 819/106/481 826/106/486 825/106/489
f 825/106/489 832/106/494 831/106/495
f 830/106/493 829/106/491 822/106/484
f 828/106/492 827/106/490 820/106/487
f 826/106/486 833/106/496 832/106/494
f 824/106/485 831/106/495 830/106/493
f 829/106/491 828/106/492 821/106/488
f 830/106/493 837/106/498 836/106/502
f 828/106/492 835/106/503 834/106/501
f 840/106/499 839/106/500 832/106/494
f 838/106/497 837/106/498 830/106/493
f 829/106/491 836/106/502 835/106/503
f 839/106/500 838/106/497 831/106/495
f 847/106/508 846/106/506 839/106/500
f 845/106/507 844/106/510 837/106/498
f 836/106/502 843/106/505 842/106/509
f 846/106/506 845/106/507 838/106/497
f 837/106/498 844/106/510 843/106/505
f 835/106/503 842/106/509 841/106/504
f 843/106/505 850/106/517 849/106/515
f 853/106/511 852/106/512 845/106/507
f 844/106/510 851/106/516 850/106/517
f 842/106/509 849/106/515 848/106/514
f 854/106/513 853/106/511 846/106/506
f 852/106/512 851/106/516 844/106/510
f 860/106/522 859/106/520 852/106/512
f 851/106/516 858/106/69 857/106/523
f 849/106/515 856/106/519 855/106/518
f 861/106/521 860/106/522 853/106/511
f 859/106/520 858/106/69 851/106/516
f 850/106/517 857/106/523 856/106/519
f 863/106/525 862/106/526 855/106/518
f 861/106/521 868/106/530 867/106/524
f 859/106/520 866/106/529 865/106/527
f 864/106/528 863/106/525 856/106/519
f 860/106/522 867/106/524 866/106/529
f 865/106/527 864/106/528 857/106/523
f 868/106/530 875/106/536 874/106/537
f 866/106/529 873/106/535 872/106/533
f 871/106/534 870/106/531 863/106/525
f 867/106/524 874/106/537 873/106/535
f 872/106/533 871/106/534 864/106/528
f 870/106/531 869/106/532 862/106/526
f 874/106/537 881/106/543 880/106/544
f 879/106/542 878/106/540 871/106/534
f 877/106/541 876/106/539 869/106/532
f 875/106/536 882/106/538 881/106/543
f 873/106/535 880/106/544 879/106/542
f 878/106/540 877/106/541 870/106/531
f 881/106/543 888/106/548 887/106/550
f 886/106/547 885/106/545 878/106/540
f 884/106/546 883/106/549 876/106/539
f 882/106/538 889/106/551 888/106/548
f 880/106/544 887/106/550 886/106/547
f 885/106/545 884/106/546 877/106/541
f 896/106/556 895/106/554 888/106/548
f 894/106/555 893/106/558 886/106/547
f 885/106/545 892/106/553 891/106/557
f 895/106/554 894/106/555 887/106/550
f 886/106/547 893/106/558 892/106/553
f 884/106/546 891/106/557 890/106/552
f 901/106/561 900/106/565 893/106/558
f 892/106/553 899/106/559 898/106/564
f 902/106/560 901/106/561 894/106/555
f 893/106/558 900/106/565 899/106/559
f 891/106/557 898/106/564 897/106/563
f 903/106/562 902/106/560 895/106/554
f 909/106/571 908/106/568 901/106/561
f 900/106/565 907/106/569 906/106/572
f 898/106/564 905/106/567 904/106/566
f 910/106/570 909/106/571 902/106/560
f 908/106/568 907/106/569 900/106/565
f 899/106/559 906/106/572 905/106/567
f 907/106/569 913/106/76 803/106/473
f 905/106/567 802/106/465 912/106/463
f 805/106/470 914/106/472 909/106/571
f 804/106/468 913/106/76 907/106/569
f 906/106/572 803/106/473 802/106/465
f 914/106/472 804/106/468 908/106/568
f 918/106/590 923/106/588 922/106/587
f 962/106/626 965/106/627 964/106/674
f 919/106/618 962/106/626 961/106/673
f 928/106/584 927/106/582 922/106/587
f 919/106/618 924/106/675 939/106/676
f 933/106/575 932/106/574 927/106/582
f 933/106/575 938/106/573 937/106/578
f 949/106/628 935/106/620 939/106/676
f 925/106/602 960/106/605 918/106/590
f 943/106/594 942/106/603 937/106/578
f 956/106/596 951/106/598 933/106/575
f 958/106/604 956/106/596 928/106/584
f 948/106/599 947/106/601 942/106/603
f 930/106/600 925/106/602 953/106/595
f 936/106/593 930/106/600 948/106/599
f 948/106/599 953/106/595 952/106/597
f 951/106/598 945/106/606 938/106/573
f 945/106/606 936/106/593 943/106/594
f 918/106/590 917/106/589 952/106/597
f 960/106/605 958/106/604 923/106/588
f 957/106/610 958/106/604 960/106/605
f 955/106/609 956/106/596 958/106/604
f 955/106/609 950/106/607 951/106/598
f 940/106/608 945/106/606 951/106/598
f 940/106/608 931/106/614 936/106/593
f 931/106/614 926/106/613 930/106/600
f 921/106/612 925/106/602 930/106/600
f 921/106/612 959/106/611 960/106/605
f 934/106/616 983/106/592 949/106/628
f 969/106/624 968/106/678 964/106/674
f 979/106/581 975/106/579 962/106/626
f 981/106/586 979/106/581 919/106/618
f 973/106/622 972/106/679 968/106/678
f 920/106/621 934/106/616 977/106/615
f 963/106/617 920/106/621 973/106/622
f 973/106/622 977/106/615 976/106/680
f 975/106/579 970/106/580 965/106/627
f 970/106/580 963/106/617 969/106/624
f 949/106/628 954/106/677 976/106/680
f 983/106/592 981/106/586 935/106/620
f 980/106/681 981/106/586 983/106/592
f 978/106/683 979/106/581 981/106/586
f 974/106/684 975/106/579 979/106/581
f 966/106/685 970/106/580 975/106/579
f 966/106/685 916/106/686 963/106/617
f 916/106/686 929/106/687 920/106/621
f 944/106/688 934/106/616 920/106/621
f 944/106/688 982/106/682 983/106/592
f 996/106/626 999/106/627 998/106/674
f 985/106/618 996/106/626 995/106/673
f 985/106/618 987/106/675 991/106/676
f 993/106/628 990/106/620 991/106/676
f 989/106/616 1017/106/592 993/106/628
f 1003/106/624 1002/106/678 998/106/674
f 1013/106/581 1009/106/579 996/106/626
f 1015/106/586 1013/106/581 985/106/618
f 1007/106/622 1006/106/679 1002/106/678
f 986/106/621 989/106/616 1011/106/615
f 1003/106/624 997/106/617 986/106/621
f 1007/106/622 1011/106/615 1010/106/680
f 1009/106/579 1004/106/580 999/106/627
f 999/106/627 1004/106/580 997/106/617
f 993/106/628 994/106/677 1010/106/680
f 1017/106/592 1015/106/586 990/106/620
f 1014/106/681 1015/106/586 1017/106/592
f 1014/106/681 1012/106/683 1013/106/581
f 1008/106/689 1009/106/579 1013/106/581
f 1000/106/685 1004/106/580 1009/106/579
f 1000/106/685 984/106/690 997/106/617
f 984/106/690 988/106/687 986/106/621
f 992/106/688 989/106/616 986/106/621
f 992/106/688 1016/106/682 1017/106/592
f 1030/106/694 1033/106/704 1032/106/692
f 1019/106/695 1030/106/694 1029/106/691
f 1019/106/695 1021/106/696 1025/106/697
f 1027/106/700 1024/106/698 1025/106/697
f 1023/106/701 1051/106/714 1027/106/700
f 1037/106/703 1036/106/706 1032/106/692
f 1019/106/695 1047/106/717 1043/106/705
f 1049/106/707 1047/106/717 1019/106/695
f 1041/106/708 1040/106/709 1036/106/706
f 1041/106/708 1020/106/723 1023/106/701
f 1031/106/710 1020/106/723 1041/106/708
f 1041/106/708 1045/106/702 1044/106/711
f 1030/106/694 1043/106/705 1038/106/712
f 1038/106/712 1031/106/710 1037/106/703
f 1027/106/700 1028/106/699 1044/106/711
f 1027/106/700 1051/106/714 1049/106/707
f 1048/106/713 1049/106/707 1051/106/714
f 1048/106/713 1046/106/718 1047/106/717
f 1042/106/719 1043/106/705 1047/106/717
f 1042/106/719 1034/106/720 1038/106/712
f 1018/106/721 1031/106/710 1038/106/712
f 1018/106/721 1022/106/722 1020/106/723
f 1026/106/724 1023/106/701 1020/106/723
f 1026/106/724 1050/106/715 1051/106/714
f 1288/107/235 1280/107/751 1067/107/725
f 1281/107/266 1060/107/730 1061/107/727
f 1282/107/729 1074/107/752 1060/107/730
f 1288/107/235 1068/107/726 1134/107/731
f 1290/107/733 1283/107/728 1061/107/727
f 1291/107/735 1289/107/732 1134/107/731
f 1292/107/737 1290/107/733 1062/107/734
f 1291/107/735 1069/107/736 1070/107/739
f 1285/107/547 1292/107/737 1063/107/738
f 1284/107/740 1070/107/739 1071/107/742
f 1294/107/743 1285/107/547 1064/107/741
f 1293/107/493 1071/107/742 1072/107/745
f 1295/107/747 1294/107/743 1065/107/744
f 1286/107/746 1072/107/745 1073/107/749
f 1280/107/751 1295/107/747 1066/107/748
f 1287/107/750 1073/107/749 1074/107/752
f 1183/107/753 1189/107/761 1200/107/754
f 1202/107/758 1080/107/767 1087/107/759
f 1189/107/761 1176/107/766 1053/107/762
f 1169/107/764 1161/107/860 1198/107/765
f 1202/107/758 1088/107/760 1089/107/757
f 1080/107/767 1060/107/730 1074/107/752
f 1197/107/768 1161/107/860 1169/107/764
f 1189/107/761 1190/107/763 1201/107/770
f 1183/107/753 1169/107/764 1176/107/766
f 1089/107/757 1088/107/760 1096/107/771
f 1087/107/759 1074/107/752 1073/107/749
f 1087/107/759 1095/107/773 1096/107/771
f 1097/107/772 1096/107/771 1104/107/776
f 1095/107/773 1073/107/749 1072/107/745
f 1077/107/780 1199/107/755 1200/107/754
f 1096/107/771 1095/107/773 1103/107/778
f 1078/107/781 1200/107/754 1201/107/770
f 1182/107/774 1183/107/753 1199/107/755
f 1085/107/783 1203/107/779 1077/107/780
f 1092/107/785 1078/107/781 1054/107/782
f 1103/107/778 1111/107/789 1112/107/788
f 1086/107/784 1077/107/780 1078/107/781
f 1196/107/775 1199/107/755 1077/107/780
f 1105/107/777 1104/107/776 1112/107/788
f 1072/107/745 1071/107/742 1111/107/789
f 1111/107/789 1118/107/793 1119/107/791
f 1113/107/787 1112/107/788 1119/107/791
f 1071/107/742 1070/107/739 1118/107/793
f 1100/107/794 1086/107/784 1092/107/785
f 1094/107/792 1085/107/783 1086/107/784
f 1092/107/785 1093/107/786 1102/107/796
f 1120/107/790 1119/107/791 1127/107/797
f 1070/107/739 1069/107/736 1126/107/799
f 1109/107/801 1100/107/794 1101/107/795
f 1119/107/791 1118/107/793 1126/107/799
f 1110/107/802 1101/107/795 1102/107/796
f 1128/107/798 1127/107/797 1136/107/804
f 1069/107/736 1134/107/731 1135/107/806
f 1123/107/807 1110/107/802 1055/107/803
f 1127/107/797 1126/107/799 1135/107/806
f 1108/107/800 1109/107/801 1117/107/810
f 1108/107/800 1094/107/792 1100/107/794
f 1132/107/811 1123/107/807 1124/107/808
f 1136/107/804 1135/107/806 1143/107/814
f 1131/107/816 1117/107/810 1123/107/807
f 1117/107/810 1109/107/801 1110/107/802
f 1137/107/805 1136/107/804 1144/107/815
f 1135/107/806 1134/107/731 1068/107/726
f 1125/107/817 1116/107/809 1117/107/810
f 1144/107/815 1143/107/814 1151/107/818
f 1142/107/820 1132/107/811 1133/107/812
f 1144/107/815 1152/107/819 1153/107/822
f 1143/107/814 1068/107/726 1067/107/725
f 1141/107/824 1131/107/816 1132/107/811
f 1153/107/822 1152/107/819 1159/107/825
f 1151/107/818 1067/107/725 1066/107/748
f 1150/107/829 1141/107/824 1142/107/820
f 1152/107/819 1151/107/818 1158/107/827
f 1142/107/820 1148/107/821 1056/107/831
f 1140/107/823 1125/107/817 1131/107/816
f 1158/107/827 1066/107/748 1065/107/744
f 1157/107/833 1149/107/828 1150/107/829
f 1156/107/830 1056/107/831 1164/107/835
f 1159/107/825 1158/107/827 1165/107/832
f 1150/107/829 1156/107/830 1163/107/836
f 1149/107/828 1140/107/823 1141/107/824
f 1160/107/826 1159/107/825 1166/107/838
f 1166/107/838 1165/107/832 1173/107/840
f 1162/107/834 1163/107/836 1172/107/842
f 1167/107/837 1166/107/838 1174/107/841
f 1165/107/832 1065/107/744 1064/107/741
f 1170/107/844 1157/107/833 1162/107/834
f 1172/107/842 1163/107/836 1164/107/835
f 1184/107/846 1172/107/842 1057/107/845
f 1174/107/841 1180/107/852 1181/107/848
f 1173/107/840 1064/107/741 1063/107/738
f 1178/107/851 1171/107/843 1172/107/842
f 1174/107/841 1173/107/840 1179/107/849
f 1180/107/852 1187/107/858 1188/107/853
f 1179/107/849 1063/107/738 1062/107/734
f 1178/107/851 1184/107/846 1192/107/856
f 1179/107/849 1186/107/854 1187/107/858
f 1192/107/856 1184/107/846 1058/107/847
f 1177/107/850 1170/107/844 1171/107/843
f 1185/107/855 1191/107/857 1161/107/860
f 1198/107/765 1192/107/856 1059/107/859
f 1187/107/858 1186/107/854 1193/107/863
f 1161/107/860 1191/107/857 1192/107/856
f 1185/107/855 1177/107/850 1178/107/851
f 1187/107/858 1194/107/864 1195/107/862
f 1186/107/854 1062/107/734 1061/107/727
f 1194/107/864 1193/107/863 1080/107/767
f 1168/107/769 1169/107/764 1183/107/753
f 1194/107/864 1202/107/758 1082/107/756
f 1193/107/863 1061/107/727 1060/107/730
f 1176/107/766 1198/107/765 1052/107/861
f 1231/107/865 1235/107/868 1244/107/866
f 1235/107/868 1225/107/873 1226/107/869
f 1221/107/871 1215/107/928 1242/107/872
f 1241/107/874 1215/107/928 1221/107/871
f 1235/107/868 1236/107/870 1245/107/876
f 1221/107/871 1225/107/873 1235/107/868
f 1154/107/881 1243/107/867 1244/107/866
f 1244/107/866 1245/107/876 1146/107/883
f 1230/107/878 1231/107/865 1243/107/867
f 1139/107/884 1246/107/880 1154/107/881
f 1130/107/886 1147/107/882 1146/107/883
f 1154/107/881 1147/107/882 1130/107/886
f 1246/107/880 1240/107/879 1243/107/867
f 1121/107/889 1138/107/885 1130/107/886
f 1122/107/888 1139/107/884 1138/107/885
f 1115/107/890 1130/107/886 1129/107/887
f 1106/107/893 1121/107/889 1115/107/890
f 1115/107/890 1114/107/891 1098/107/895
f 1084/107/896 1099/107/894 1098/107/895
f 1107/107/892 1106/107/893 1090/107/899
f 1107/107/892 1122/107/888 1121/107/889
f 1084/107/896 1083/107/897 1075/107/900
f 1079/107/902 1090/107/899 1084/107/896
f 1106/107/893 1099/107/894 1084/107/896
f 1081/107/903 1091/107/898 1090/107/899
f 1076/107/901 1075/107/900 1208/107/904
f 1079/107/902 1076/107/901 1207/107/905
f 1210/107/909 1206/107/907 1207/107/905
f 1207/107/905 1208/107/904 1213/107/911
f 1081/107/903 1079/107/902 1206/107/907
f 1214/107/912 1209/107/908 1210/107/909
f 1212/107/910 1213/107/911 1219/107/914
f 1217/107/913 1210/107/909 1212/107/910
f 1205/107/906 1206/107/907 1210/107/909
f 1217/107/913 1218/107/915 1224/107/916
f 1222/107/918 1214/107/912 1217/107/913
f 1218/107/915 1219/107/914 1227/107/919
f 1232/107/920 1224/107/916 1227/107/919
f 1223/107/917 1224/107/916 1232/107/920
f 1237/107/925 1229/107/923 1232/107/920
f 1232/107/920 1233/107/921 1239/107/927
f 1228/107/922 1222/107/918 1223/107/917
f 1234/107/924 1237/107/925 1215/107/928
f 1238/107/926 1239/107/927 1216/107/929
f 1215/107/928 1237/107/925 1238/107/926
f 1234/107/924 1228/107/922 1229/107/923
f 1220/107/875 1221/107/871 1231/107/865
f 1242/107/872 1216/107/929 1226/107/869
f 1268/107/750 1255/107/750 1251/107/729
f 1277/107/751 1276/107/747 1263/107/747
f 1267/107/746 1254/107/746 1255/107/750
f 1276/107/747 1275/107/743 1262/107/743
f 1274/107/493 1261/107/493 1254/107/746
f 1275/107/743 1266/107/547 1253/107/547
f 1265/107/740 1252/107/740 1261/107/493
f 1266/107/547 1273/107/737 1260/107/737
f 1272/107/735 1259/107/735 1252/107/740
f 1273/107/737 1271/107/733 1258/107/733
f 1272/107/735 1270/107/732 1257/107/732
f 1271/107/733 1264/107/728 1250/107/728
f 1269/107/235 1256/107/235 1257/107/732
f 1279/107/729 1251/107/729 1249/107/266
f 1278/107/266 1249/107/266 1250/107/728
f 1269/107/235 1277/107/751 1248/107/751
f 1124/107/808 1055/107/803 1277/107/751
f 1052/107/861 1278/107/266 1264/107/728
f 1059/107/859 1279/107/729 1278/107/266
f 1124/107/808 1269/107/235 1270/107/732
f 1190/107/763 1053/107/762 1264/107/728
f 1148/107/821 1133/107/812 1270/107/732
f 1201/107/770 1190/107/763 1271/107/733
f 1148/107/821 1272/107/735 1265/107/740
f 1054/107/782 1201/107/770 1273/107/737
f 1056/107/831 1265/107/740 1274/107/493
f 1093/107/786 1054/107/782 1266/107/547
f 1164/107/835 1274/107/493 1267/107/746
f 1102/107/796 1093/107/786 1275/107/743
f 1057/107/845 1267/107/746 1268/107/750
f 1055/107/803 1102/107/796 1276/107/747
f 1058/107/847 1268/107/750 1279/107/729
f 1255/107/750 1287/107/750 1282/107/729
f 1248/107/751 1263/107/747 1295/107/747
f 1254/107/746 1286/107/746 1287/107/750
f 1263/107/747 1262/107/743 1294/107/743
f 1261/107/493 1293/107/493 1286/107/746
f 1253/107/547 1285/107/547 1294/107/743
f 1252/107/740 1284/107/740 1293/107/493
f 1253/107/547 1260/107/737 1292/107/737
f 1259/107/735 1291/107/735 1284/107/740
f 1260/107/737 1258/107/733 1290/107/733
f 1259/107/735 1257/107/732 1289/107/732
f 1258/107/733 1250/107/728 1283/107/728
f 1256/107/235 1288/107/235 1289/107/732
f 1251/107/729 1282/107/729 1281/107/266
f 1249/107/266 1281/107/266 1283/107/728
f 1248/107/751 1280/107/751 1288/107/235
f 1532/107/266 1312/107/730 1311/107/727
f 1305/107/725 1304/107/726 1525/107/235
f 1304/107/726 1318/107/731 1526/107/732
f 1378/107/752 1312/107/730 1532/107/266
f 1534/107/747 1306/107/748 1305/107/725
f 1535/107/750 1313/107/749 1378/107/752
f 1536/107/743 1307/107/744 1306/107/748
f 1314/107/745 1313/107/749 1535/107/750
f 1529/107/547 1308/107/741 1307/107/744
f 1315/107/742 1314/107/745 1528/107/746
f 1538/107/737 1309/107/738 1308/107/741
f 1316/107/739 1315/107/742 1537/107/493
f 1539/107/733 1310/107/734 1309/107/738
f 1317/107/736 1316/107/739 1530/107/740
f 1524/107/728 1311/107/727 1310/107/734
f 1318/107/731 1317/107/736 1531/107/735
f 1444/107/785 1433/107/795 1427/107/794
f 1446/107/815 1332/107/804 1331/107/806
f 1433/107/795 1434/107/796 1297/107/803
f 1413/107/801 1420/107/802 1442/107/807
f 1333/107/805 1332/107/804 1446/107/815
f 1324/107/814 1331/107/806 1318/107/731
f 1413/107/801 1405/107/810 1441/107/809
f 1445/107/786 1434/107/796 1433/107/795
f 1427/107/794 1433/107/795 1420/107/802
f 1333/107/805 1341/107/798 1340/107/797
f 1331/107/806 1339/107/799 1317/107/736
f 1340/107/797 1339/107/799 1331/107/806
f 1341/107/798 1349/107/790 1348/107/791
f 1339/107/799 1347/107/793 1316/107/739
f 1321/107/780 1322/107/781 1444/107/785
f 1340/107/797 1348/107/791 1347/107/793
f 1322/107/781 1298/107/782 1445/107/786
f 1443/107/784 1427/107/794 1426/107/792
f 1329/107/775 1330/107/755 1321/107/780
f 1336/107/754 1337/107/770 1298/107/782
f 1356/107/788 1355/107/789 1347/107/793
f 1330/107/755 1336/107/754 1322/107/781
f 1321/107/780 1443/107/784 1440/107/783
f 1349/107/790 1357/107/787 1356/107/788
f 1355/107/789 1315/107/742 1316/107/739
f 1363/107/776 1362/107/778 1355/107/789
f 1357/107/787 1364/107/777 1363/107/776
f 1362/107/778 1314/107/745 1315/107/742
f 1345/107/761 1336/107/754 1330/107/755
f 1338/107/774 1344/107/753 1330/107/755
f 1346/107/763 1337/107/770 1336/107/754
f 1364/107/777 1372/107/772 1371/107/771
f 1370/107/773 1313/107/749 1314/107/745
f 1353/107/764 1354/107/766 1345/107/761
f 1363/107/776 1371/107/771 1370/107/773
f 1354/107/766 1299/107/762 1346/107/763
f 1381/107/757 1380/107/760 1371/107/771
f 1379/107/759 1378/107/752 1313/107/749
f 1367/107/765 1368/107/861 1299/107/762
f 1380/107/760 1379/107/759 1370/107/773
f 1360/107/768 1361/107/860 1353/107/764
f 1353/107/764 1344/107/753 1338/107/774
f 1376/107/856 1377/107/859 1368/107/861
f 1380/107/760 1388/107/758 1387/107/767
f 1375/107/857 1376/107/856 1367/107/765
f 1361/107/860 1367/107/765 1354/107/766
f 1381/107/757 1389/107/756 1388/107/758
f 1379/107/759 1387/107/767 1312/107/730
f 1369/107/855 1375/107/857 1361/107/860
f 1388/107/758 1396/107/864 1395/107/863
f 1386/107/846 1392/107/847 1377/107/859
f 1389/107/756 1397/107/862 1396/107/864
f 1387/107/767 1395/107/863 1311/107/727
f 1386/107/846 1376/107/856 1375/107/857
f 1404/107/853 1403/107/858 1396/107/864
f 1395/107/863 1402/107/854 1310/107/734
f 1394/107/843 1400/107/842 1386/107/846
f 1396/107/864 1403/107/858 1402/107/854
f 1300/107/845 1392/107/847 1386/107/846
f 1385/107/851 1375/107/857 1369/107/855
f 1402/107/854 1409/107/849 1309/107/738
f 1401/107/833 1406/107/834 1394/107/843
f 1408/107/835 1300/107/845 1400/107/842
f 1410/107/852 1409/107/849 1402/107/854
f 1407/107/836 1400/107/842 1394/107/843
f 1393/107/844 1394/107/843 1385/107/851
f 1404/107/853 1411/107/848 1410/107/852
f 1410/107/852 1418/107/841 1417/107/840
f 1416/107/830 1407/107/836 1406/107/834
f 1411/107/848 1419/107/839 1418/107/841
f 1409/107/849 1417/107/840 1308/107/741
f 1414/107/828 1415/107/829 1406/107/834
f 1416/107/830 1301/107/831 1408/107/835
f 1428/107/820 1302/107/821 1301/107/831
f 1425/107/837 1424/107/838 1418/107/841
f 1417/107/840 1423/107/832 1307/107/744
f 1422/107/824 1428/107/820 1416/107/830
f 1418/107/841 1424/107/838 1423/107/832
f 1432/107/826 1431/107/825 1424/107/838
f 1423/107/832 1430/107/827 1306/107/748
f 1436/107/811 1428/107/820 1422/107/824
f 1431/107/825 1430/107/827 1423/107/832
f 1436/107/811 1303/107/812 1302/107/821
f 1421/107/823 1422/107/824 1415/107/829
f 1405/107/810 1435/107/816 1429/107/817
f 1442/107/807 1296/107/808 1303/107/812
f 1431/107/825 1438/107/819 1437/107/818
f 1405/107/810 1442/107/807 1436/107/811
f 1429/107/817 1435/107/816 1422/107/824
f 1439/107/822 1438/107/819 1431/107/825
f 1430/107/827 1437/107/818 1305/107/725
f 1438/107/819 1446/107/815 1324/107/814
f 1427/107/794 1413/107/801 1412/107/800
f 1326/107/813 1446/107/815 1438/107/819
f 1437/107/818 1324/107/814 1304/107/726
f 1420/107/802 1297/107/803 1296/107/808
f 1488/107/931 1479/107/934 1475/107/932
f 1479/107/934 1480/107/992 1470/107/935
f 1465/107/937 1469/107/936 1486/107/938
f 1465/107/937 1459/107/939 1485/107/940
f 1489/107/942 1480/107/992 1479/107/934
f 1479/107/934 1469/107/936 1465/107/937
f 1398/107/947 1391/107/949 1488/107/931
f 1390/107/948 1489/107/942 1488/107/931
f 1487/107/933 1475/107/932 1474/107/945
f 1383/107/950 1382/107/952 1398/107/947
f 1374/107/951 1373/107/956 1390/107/948
f 1374/107/951 1391/107/949 1398/107/947
f 1490/107/946 1398/107/947 1487/107/933
f 1365/107/954 1359/107/955 1374/107/951
f 1366/107/953 1365/107/954 1382/107/952
f 1359/107/955 1358/107/994 1373/107/956
f 1350/107/958 1343/107/960 1359/107/955
f 1342/107/959 1358/107/994 1359/107/955
f 1328/107/961 1327/107/996 1342/107/959
f 1334/107/963 1350/107/958 1351/107/957
f 1351/107/957 1350/107/958 1365/107/954
f 1319/107/964 1327/107/996 1328/107/961
f 1323/107/966 1320/107/965 1328/107/961
f 1328/107/961 1343/107/960 1350/107/958
f 1325/107/967 1323/107/966 1334/107/963
f 1452/107/968 1319/107/964 1320/107/965
f 1451/107/969 1320/107/965 1323/107/966
f 1454/107/973 1456/107/975 1451/107/969
f 1457/107/974 1452/107/968 1451/107/969
f 1450/107/971 1323/107/966 1325/107/967
f 1458/107/976 1461/107/979 1454/107/973
f 1463/107/977 1457/107/974 1456/107/975
f 1461/107/979 1462/107/978 1456/107/975
f 1454/107/973 1450/107/971 1449/107/970
f 1468/107/980 1462/107/978 1461/107/979
f 1466/107/982 1467/107/981 1461/107/979
f 1471/107/983 1463/107/977 1462/107/978
f 1476/107/984 1477/107/995 1471/107/983
f 1476/107/984 1468/107/980 1467/107/981
f 1481/107/988 1482/107/990 1476/107/984
f 1483/107/989 1477/107/995 1476/107/984
f 1472/107/985 1473/107/986 1467/107/981
f 1459/107/939 1481/107/988 1478/107/987
f 1460/107/991 1483/107/989 1482/107/990
f 1459/107/939 1486/107/938 1482/107/990
f 1478/107/987 1481/107/988 1473/107/986
f 1475/107/932 1465/107/937 1464/107/941
f 1470/107/935 1460/107/991 1486/107/938
f 1495/107/732 1499/107/735 1512/107/735
f 1521/107/728 1492/107/728 1507/107/733
f 1499/107/735 1498/107/740 1511/107/740
f 1520/107/733 1507/107/733 1506/107/737
f 1498/107/740 1505/107/493 1518/107/493
f 1506/107/737 1497/107/547 1510/107/547
f 1505/107/493 1496/107/746 1509/107/746
f 1510/107/547 1497/107/547 1504/107/743
f 1496/107/746 1503/107/750 1516/107/750
f 1517/107/743 1504/107/743 1502/107/747
f 1516/107/750 1503/107/750 1501/107/729
f 1515/107/747 1502/107/747 1494/107/751
f 1501/107/729 1500/107/266 1513/107/266
f 1493/107/235 1495/107/732 1523/107/732
f 1494/107/751 1493/107/235 1522/107/235
f 1513/107/266 1500/107/266 1492/107/728
f 1368/107/861 1513/107/266 1521/107/728
f 1508/107/751 1522/107/235 1296/107/808
f 1522/107/235 1523/107/732 1303/107/812
f 1514/107/729 1513/107/266 1368/107/861
f 1434/107/796 1515/107/747 1508/107/751
f 1392/107/847 1516/107/750 1514/107/729
f 1445/107/786 1517/107/743 1515/107/747
f 1509/107/746 1516/107/750 1392/107/847
f 1298/107/782 1510/107/547 1517/107/743
f 1518/107/493 1509/107/746 1300/107/845
f 1337/107/770 1519/107/737 1510/107/547
f 1511/107/740 1518/107/493 1408/107/835
f 1346/107/763 1520/107/733 1519/107/737
f 1512/107/735 1511/107/740 1301/107/831
f 1299/107/762 1521/107/728 1520/107/733
f 1523/107/732 1512/107/735 1302/107/821
f 1526/107/732 1531/107/735 1499/107/735
f 1492/107/728 1524/107/728 1539/107/733
f 1531/107/735 1530/107/740 1498/107/740
f 1507/107/733 1539/107/733 1538/107/737
f 1530/107/740 1537/107/493 1505/107/493
f 1506/107/737 1538/107/737 1529/107/547
f 1537/107/493 1528/107/746 1496/107/746
f 1497/107/547 1529/107/547 1536/107/743
f 1528/107/746 1535/107/750 1503/107/750
f 1504/107/743 1536/107/743 1534/107/747
f 1503/107/750 1535/107/750 1533/107/729
f 1502/107/747 1534/107/747 1527/107/751
f 1533/107/729 1532/107/266 1500/107/266
f 1525/107/235 1526/107/732 1495/107/732
f 1527/107/751 1525/107/235 1493/107/235
f 1532/107/266 1524/107/728 1492/107/728
f 1543/108/1000 1542/108/1005 1547/108/1001
f 1541/108/1003 1540/108/997 1545/108/999
f 1542/108/1005 1541/108/1003 1546/108/1004
f 1548/108/1002 1547/108/1001 1552/108/1006
f 1546/108/1004 1545/108/999 1550/108/1008
f 1547/108/1001 1546/108/1004 1551/108/1009
f 1552/108/1006 1551/108/1009 1556/108/1010
f 1553/108/1007 1552/108/1006 1557/108/1011
f 1551/108/1009 1550/108/1008 1555/108/1012
f 1557/108/1011 1556/108/1010 1561/108/1014
f 1558/108/1013 1557/108/1011 1562/108/1015
f 1556/108/1010 1555/108/1012 1560/108/1016
f 1562/108/1015 1567/108/1028 1568/108/1024
f 1560/108/1016 1565/108/1029 1566/108/1025
f 1561/108/1014 1566/108/1025 1567/108/1028
f 1567/108/1028 1572/108/1033 1573/108/1030
f 1565/108/1029 1570/108/1034 1571/108/1031
f 1566/108/1025 1571/108/1031 1572/108/1033
f 1571/108/1031 1577/108/1038 1578/108/1035
f 1572/108/1033 1578/108/1035 1579/108/1037
f 1570/108/1034 1576/108/1036 1577/108/1038
f 1577/108/1038 1582/108/1043 1583/108/1039
f 1549/109/1041 1593/109/1018 1594/109/1017
f 1578/108/1035 1583/108/1039 1584/108/1042
f 1576/108/1036 1581/108/1040 1582/108/1043
f 1569/109/1024 1589/109/1022 1590/109/1032
f 1574/109/1030 1588/109/1023 1589/109/1022
f 1554/109/1007 1592/109/1026 1593/109/1018
f 1585/109/1042 1586/109/1021 1587/109/1020
f 1584/108/1042 1583/108/1039 1623/108/1045
f 1580/109/1044 1587/109/1020 1588/109/1023
f 1575/109/76 1618/109/76 1644/109/1047
f 1564/109/1019 1590/109/1032 1591/109/1027
f 1540/108/997 1613/108/1056 1646/108/1049
f 1543/108/1000 1617/108/1073 1615/108/1050
f 1575/109/76 1586/109/1021 1628/109/1051
f 1559/109/1048 1591/109/1027 1592/109/1026
f 1583/108/1039 1582/108/1043 1622/108/1052
f 1585/109/1042 1625/109/1084 1628/109/1051
f 1594/109/1017 1644/109/1047 1616/109/1053
f 1541/108/1003 1542/108/1005 1615/108/1050
f 1582/108/1043 1581/108/1040 1621/108/1055
f 1540/108/997 1541/108/1003 1614/108/1054
f 1581/108/1040 1595/108/998 1646/108/1049
f 1596/108/1057 1599/108/1064 1600/108/1058
f 1597/108/1059 1600/108/1058 1601/108/1062
f 1647/108/1060 1598/108/1061 1599/108/1064
f 1600/108/1058 1605/108/1067 1606/108/1065
f 1598/108/1061 1603/108/1068 1604/108/1066
f 1599/108/1064 1604/108/1066 1605/108/1067
f 1603/108/1068 1608/108/1071 1609/108/1069
f 1604/108/1066 1609/108/1069 1610/108/1070
f 1605/108/1067 1610/108/1070 1611/108/1072
f 1609/108/1069 1614/108/1054 1615/108/1050
f 1610/108/1070 1615/108/1050 1617/108/1073
f 1608/108/1071 1613/108/1056 1614/108/1054
f 1607/109/1081 1650/109/1074 1651/109/1076
f 1632/109/1083 1627/109/1078 1628/109/1051
f 1642/109/1085 1620/109/1079 1626/109/1080
f 1602/109/1082 1651/109/1076 1619/109/1077
f 1624/108/1046 1623/108/1045 1631/108/1087
f 1622/108/1052 1621/108/1055 1629/108/1089
f 1623/108/1045 1622/108/1052 1630/108/1090
f 1630/108/1090 1629/108/1089 1634/108/1091
f 1637/109/1086 1626/109/1080 1627/109/1078
f 1631/108/1087 1630/108/1090 1635/108/1092
f 1616/109/1053 1644/109/1047 1645/109/1075
f 1633/108/1088 1631/108/1087 1636/108/1093
f 1612/109/1094 1645/109/1075 1650/109/1074
f 1636/108/1093 1635/108/1092 1640/108/1096
f 1649/109/1063 1619/109/1077 1620/109/1079
f 1638/108/1095 1636/108/1093 1641/108/1097
f 1635/108/1092 1634/108/1091 1639/108/1098
f 1643/108/1099 1641/108/1097 1597/108/1059
f 1640/108/1096 1639/108/1098 1647/108/1060
f 1641/108/1097 1640/108/1096 1596/108/1057
f 1686/109/1100 1763/109/1166 1687/109/1101
f 1687/109/1101 1764/109/1165 1688/109/1103
f 1688/109/1103 1765/109/1167 1689/109/1104
f 1689/109/1104 1766/109/1168 1686/109/1100
f 1690/109/1105 1771/109/1225 1691/109/1106
f 1691/109/1106 1772/109/1224 1692/109/1108
f 1692/109/1108 1773/109/1227 1693/109/1109
f 1693/109/1109 1774/109/1228 1690/109/1105
f 1699/109/1119 1775/109/1112 1695/109/1111
f 1654/109/1120 1695/109/1111 1776/109/1113
f 1700/109/1121 1760/109/1127 1701/109/1122
f 1654/109/1120 1701/109/1122 1759/109/1123
f 1700/109/1121 1776/109/1113 1696/109/1114
f 1655/109/1124 1696/109/1114 1777/109/1115
f 1702/109/1125 1761/109/5838 1703/109/1126
f 1655/109/1124 1703/109/1126 1760/109/1127
f 1656/109/1128 1702/109/1125 1777/109/1115
f 1697/109/1116 1778/109/1117 1704/109/1129
f 1656/109/1128 1704/109/1129 1762/109/1130
f 1705/109/1131 1761/109/5838 1702/109/1125
f 1657/109/1132 1704/109/1129 1778/109/1117
f 1698/109/1118 1775/109/1112 1699/109/1119
f 1657/109/1132 1699/109/1119 1759/109/1123
f 1706/109/1133 1762/109/1130 1704/109/1129
f 1658/109/1134 1707/109/1138 1759/109/1123
f 1701/109/1122 1760/109/1127 1708/109/1135
f 1658/109/1134 1708/109/1135 1780/109/1136
f 1709/109/1137 1779/109/5839 1707/109/1138
f 1659/109/1139 1708/109/1135 1760/109/1127
f 1703/109/1126 1761/109/5838 1710/109/1140
f 1659/109/1139 1710/109/1140 1781/109/1141
f 1711/109/1142 1780/109/1136 1708/109/1135
f 1710/109/1140 1761/109/5838 1705/109/1131
f 1660/109/1143 1705/109/1131 1762/109/1130
f 1712/109/1144 1782/109/1148 1713/109/1145
f 1660/109/1143 1713/109/1145 1781/109/1141
f 1712/109/1144 1762/109/1130 1706/109/1133
f 1706/109/1133 1759/109/1123 1707/109/1138
f 1707/109/1138 1779/109/5839 1714/109/1147
f 1661/109/1146 1714/109/1147 1782/109/1148
f 1715/109/1149 1779/109/5839 1709/109/1137
f 1709/109/1137 1780/109/1136 1716/109/1151
f 1662/109/1150 1716/109/1151 1784/109/1152
f 1662/109/1150 1717/109/1153 1783/109/1154
f 1663/109/1155 1716/109/1151 1780/109/1136
f 1711/109/1142 1781/109/1141 1718/109/1156
f 1663/109/1155 1718/109/1156 1785/109/1157
f 1663/109/1155 1719/109/1158 1784/109/1152
f 1718/109/1156 1781/109/1141 1713/109/1145
f 1664/109/1159 1713/109/1145 1782/109/1148
f 1664/109/1159 1720/109/1160 1786/109/1161
f 1664/109/1159 1721/109/1162 1785/109/1157
f 1720/109/1160 1782/109/1148 1714/109/1147
f 1714/109/1147 1779/109/5839 1715/109/1149
f 1665/109/1163 1715/109/1149 1783/109/1154
f 1665/109/1163 1722/109/1164 1786/109/1161
f 1723/109/1154 1783/109/1154 1717/109/1153
f 1717/109/1153 1784/109/1152 1724/109/1152
f 1666/109/1153 1724/109/1152 1764/109/1165
f 1666/109/1153 1687/109/1101 1763/109/1166
f 1724/109/1152 1784/109/1152 1719/109/1158
f 1719/109/1158 1785/109/1157 1725/109/1157
f 1667/109/1158 1725/109/1157 1765/109/1167
f 1667/109/1158 1688/109/1103 1764/109/1165
f 1725/109/1157 1785/109/1157 1721/109/1162
f 1721/109/1162 1786/109/1161 1726/109/1161
f 1668/109/1162 1726/109/1161 1766/109/1168
f 1668/109/1162 1689/109/1104 1765/109/1167
f 1726/109/1161 1786/109/1161 1722/109/1164
f 1722/109/1164 1783/109/1154 1723/109/1154
f 1669/109/1164 1723/109/1154 1763/109/1166
f 1669/109/1164 1686/109/1100 1766/109/1168
f 1670/109/1178 1731/109/1182 1788/109/1171
f 1727/109/1170 1789/109/1172 1732/109/1179
f 1670/109/1178 1732/109/1179 1768/109/1180
f 1733/109/1181 1767/109/1191 1731/109/1182
f 1732/109/1179 1789/109/1172 1728/109/1173
f 1671/109/1183 1728/109/1173 1790/109/1174
f 1734/109/1184 1769/109/1189 1735/109/1185
f 1671/109/1183 1735/109/1185 1768/109/1180
f 1734/109/1184 1790/109/1174 1729/109/1175
f 1672/109/1186 1729/109/1175 1791/109/1176
f 1736/109/1187 1770/109/5840 1737/109/1188
f 1672/109/1186 1737/109/1188 1769/109/1189
f 1673/109/1190 1736/109/1187 1791/109/1176
f 1730/109/1177 1788/109/1171 1731/109/1182
f 1673/109/1190 1731/109/1182 1767/109/1191
f 1738/109/1192 1770/109/5840 1736/109/1187
f 1739/109/1193 1767/109/1191 1733/109/1181
f 1674/109/1194 1733/109/1181 1768/109/1180
f 1740/109/1195 1793/109/5841 1741/109/1196
f 1674/109/1194 1741/109/1196 1792/109/1197
f 1740/109/1195 1768/109/1180 1735/109/1185
f 1735/109/1185 1769/109/1189 1742/109/1199
f 1675/109/1198 1742/109/1199 1794/109/1200
f 1743/109/1201 1793/109/5841 1740/109/1195
f 1676/109/1202 1742/109/1199 1769/109/1189
f 1737/109/1188 1770/109/5840 1744/109/1203
f 1676/109/1202 1744/109/1203 1795/109/1204
f 1745/109/1205 1794/109/1200 1742/109/1199
f 1744/109/1203 1770/109/5840 1738/109/1192
f 1677/109/1206 1738/109/1192 1767/109/1191
f 1739/109/1193 1792/109/1197 1746/109/1207
f 1677/109/1206 1746/109/1207 1795/109/1204
f 1747/109/1208 1792/109/1197 1741/109/1196
f 1741/109/1196 1793/109/5841 1748/109/1210
f 1678/109/1209 1748/109/1210 1797/109/1211
f 1678/109/1209 1749/109/1212 1796/109/1213
f 1748/109/1210 1793/109/5841 1743/109/1201
f 1743/109/1201 1794/109/1200 1750/109/1215
f 1679/109/1214 1750/109/1215 1798/109/1216
f 1679/109/1214 1751/109/1217 1797/109/1211
f 1680/109/1218 1750/109/1215 1794/109/1200
f 1745/109/1205 1795/109/1204 1752/109/1219
f 1680/109/1218 1752/109/1219 1799/109/1220
f 1680/109/1218 1753/109/1221 1798/109/1216
f 1752/109/1219 1795/109/1204 1746/109/1207
f 1681/109/1222 1746/109/1207 1792/109/1197
f 1681/109/1222 1747/109/1208 1796/109/1213
f 1681/109/1222 1754/109/1223 1799/109/1220
f 1755/109/1213 1796/109/1213 1749/109/1212
f 1749/109/1212 1797/109/1211 1756/109/1211
f 1682/109/1212 1756/109/1211 1772/109/1224
f 1682/109/1212 1691/109/1106 1771/109/1225
f 1756/109/1211 1797/109/1211 1751/109/1217
f 1751/109/1217 1798/109/1216 1757/109/1226
f 1683/109/1217 1757/109/1226 1773/109/1227
f 1683/109/1217 1692/109/1108 1772/109/1224
f 1757/109/1226 1798/109/1216 1753/109/1221
f 1753/109/1221 1799/109/1220 1758/109/1220
f 1684/109/1221 1758/109/1220 1774/109/1228
f 1684/109/1221 1693/109/1109 1773/109/1227
f 1758/109/1220 1799/109/1220 1754/109/1223
f 1754/109/1223 1796/109/1213 1755/109/1213
f 1685/109/1223 1755/109/1213 1771/109/1225
f 1685/109/1223 1690/109/1105 1774/109/1228
f 1803/108/1042 1808/108/1037 1807/108/1035
f 1801/108/1043 1806/108/1038 1805/108/1036
f 1802/108/1039 1807/108/1035 1806/108/1038
f 1808/108/1037 1813/108/1030 1812/108/1033
f 1806/108/1038 1811/108/1031 1810/108/1034
f 1807/108/1035 1812/108/1033 1811/108/1031
f 1812/108/1033 1817/108/1028 1816/108/1025
f 1813/108/1030 1818/108/1024 1817/108/1028
f 1811/108/1031 1816/108/1025 1815/108/1029
f 1817/108/1028 1822/108/1015 1821/108/1014
f 1818/108/1024 1823/108/1019 1822/108/1015
f 1816/108/1025 1821/108/1014 1820/108/1016
f 1828/108/1013 1827/108/1011 1822/108/1015
f 1826/108/1010 1825/108/1012 1820/108/1016
f 1827/108/1011 1826/108/1010 1821/108/1014
f 1833/108/1007 1832/108/1006 1827/108/1011
f 1831/108/1009 1830/108/1008 1825/108/1012
f 1832/108/1006 1831/108/1009 1826/108/1010
f 1838/108/1001 1837/108/1004 1831/108/1009
f 1839/108/1002 1838/108/1001 1832/108/1006
f 1837/108/1004 1836/108/999 1830/108/1008
f 1843/108/1005 1842/108/1003 1837/108/1004
f 1854/109/1021 1853/109/1020 1809/109/1229
f 1844/108/1000 1843/108/1005 1838/108/1001
f 1842/108/1003 1841/108/997 1836/108/999
f 1850/109/1032 1849/109/1027 1829/109/1013
f 1849/109/1027 1848/109/1026 1834/109/1007
f 1853/109/1020 1852/109/1023 1814/109/1030
f 1847/109/1018 1846/109/1017 1845/109/1000
f 1844/108/1000 1885/108/1073 1883/108/1050
f 1848/109/1026 1847/109/1018 1840/109/1230
f 1904/109/1051 1878/109/76 1835/109/76
f 1851/109/1022 1850/109/1032 1824/109/1019
f 1906/108/1049 1873/108/1055 1800/108/1040
f 1875/108/1045 1877/108/1046 1803/108/1042
f 1835/109/76 1878/109/76 1888/109/1047
f 1852/109/1023 1851/109/1022 1819/109/1231
f 1843/108/1005 1883/108/1050 1882/108/1054
f 1888/109/1047 1884/109/1053 1845/109/1000
f 1876/109/1084 1904/109/1051 1854/109/1021
f 1801/108/1043 1874/108/1052 1875/108/1045
f 1842/108/1003 1882/108/1054 1881/108/1056
f 1800/108/1040 1873/108/1055 1874/108/1052
f 1841/108/997 1881/108/1056 1906/108/1049
f 1860/108/1097 1859/108/1096 1856/108/1057
f 1861/108/1099 1860/108/1097 1857/108/1059
f 1859/108/1096 1858/108/1098 1907/108/1060
f 1866/108/1095 1865/108/1093 1860/108/1097
f 1864/108/1092 1863/108/1091 1858/108/1098
f 1865/108/1093 1864/108/1092 1859/108/1096
f 1869/108/1090 1868/108/1089 1863/108/1091
f 1870/108/1087 1869/108/1090 1864/108/1092
f 1871/108/1088 1870/108/1087 1865/108/1093
f 1875/108/1045 1874/108/1052 1869/108/1090
f 1877/108/1046 1875/108/1045 1870/108/1087
f 1874/108/1052 1873/108/1055 1868/108/1089
f 1911/109/1079 1910/109/1080 1867/109/1086
f 1888/109/1047 1887/109/1075 1892/109/1094
f 1886/109/1074 1880/109/1076 1902/109/1082
f 1879/109/1077 1911/109/1079 1862/109/1085
f 1885/108/1073 1893/108/1072 1891/108/1070
f 1882/108/1054 1890/108/1069 1889/108/1071
f 1883/108/1050 1891/108/1070 1890/108/1069
f 1890/108/1069 1895/108/1066 1894/108/1068
f 1887/109/1075 1886/109/1074 1897/109/1081
f 1891/108/1070 1896/108/1067 1895/108/1066
f 1905/109/1078 1904/109/1051 1876/109/1084
f 1893/108/1072 1898/108/1065 1896/108/1067
f 1910/109/1080 1905/109/1078 1872/109/1083
f 1896/108/1067 1901/108/1058 1900/108/1064
f 1880/109/1076 1879/109/1077 1909/109/1063
f 1898/108/1065 1903/108/1062 1901/108/1058
f 1895/108/1066 1900/108/1064 1899/108/1061
f 1903/108/1062 1908/108/1063 1857/108/1059
f 1900/108/1064 1856/108/1057 1907/108/1060
f 1901/108/1058 1857/108/1059 1856/108/1057
f 1947/109/1232 2023/109/1298 1946/109/1233
f 1948/109/1235 2024/109/1297 1947/109/1232
f 1949/109/1236 2025/109/1299 1948/109/1235
f 1946/109/1233 2026/109/1300 1949/109/1236
f 1951/109/1237 2031/109/1357 1950/109/1238
f 1952/109/1240 2032/109/1356 1951/109/1237
f 1953/109/1241 2033/109/1359 1952/109/1240
f 1950/109/1238 2034/109/1360 1953/109/1241
f 1955/109/1244 2035/109/1243 1959/109/1251
f 1914/109/1252 1960/109/1254 2036/109/1245
f 1961/109/1253 2020/109/1259 1960/109/1254
f 1914/109/1252 1959/109/1251 2019/109/1255
f 1956/109/1246 2036/109/1245 1960/109/1254
f 1915/109/1256 1962/109/1258 2037/109/1247
f 1963/109/1257 2021/109/5842 1962/109/1258
f 1915/109/1256 1960/109/1254 2020/109/1259
f 1916/109/1260 1957/109/1248 2037/109/1247
f 1964/109/1261 2038/109/1249 1957/109/1248
f 1916/109/1260 1965/109/1263 2022/109/1262
f 1962/109/1258 2021/109/5842 1965/109/1263
f 1917/109/1264 1958/109/1250 2038/109/1249
f 1959/109/1251 2035/109/1243 1958/109/1250
f 1917/109/1264 1966/109/1265 2019/109/1255
f 1964/109/1261 2022/109/1262 1966/109/1265
f 1918/109/1266 1961/109/1253 2019/109/1255
f 1968/109/1268 2020/109/1259 1961/109/1253
f 1918/109/1266 1969/109/1270 2040/109/1269
f 1967/109/1267 2039/109/5843 1969/109/1270
f 1919/109/1271 1963/109/1257 2020/109/1259
f 1970/109/1272 2021/109/5842 1963/109/1257
f 1919/109/1271 1971/109/1274 2041/109/1273
f 1968/109/1268 2040/109/1269 1971/109/1274
f 1965/109/1263 2021/109/5842 1970/109/1272
f 1920/109/1275 1972/109/1277 2022/109/1262
f 1973/109/1276 2042/109/1280 1972/109/1277
f 1920/109/1275 1970/109/1272 2041/109/1273
f 1966/109/1265 2022/109/1262 1972/109/1277
f 1967/109/1267 2019/109/1255 1966/109/1265
f 1974/109/1279 2039/109/5843 1967/109/1267
f 1921/109/1278 1972/109/1277 2042/109/1280
f 1969/109/1270 2039/109/5843 1975/109/1281
f 1976/109/1283 2040/109/1269 1969/109/1270
f 1922/109/1282 1977/109/1286 2044/109/1284
f 1922/109/1282 1975/109/1281 2043/109/1285
f 1923/109/1287 1971/109/1274 2040/109/1269
f 1978/109/1288 2041/109/1273 1971/109/1274
f 1923/109/1287 1979/109/1290 2045/109/1289
f 1923/109/1287 1976/109/1283 2044/109/1284
f 1973/109/1276 2041/109/1273 1978/109/1288
f 1924/109/1291 1980/109/1293 2042/109/1280
f 1924/109/1291 1981/109/1294 2046/109/1292
f 1924/109/1291 1978/109/1288 2045/109/1289
f 1974/109/1279 2042/109/1280 1980/109/1293
f 1975/109/1281 2039/109/5843 1974/109/1279
f 1925/109/1295 1982/109/1296 2043/109/1285
f 1925/109/1295 1980/109/1293 2046/109/1292
f 1977/109/1286 2043/109/1285 1983/109/1285
f 1984/109/1284 2044/109/1284 1977/109/1286
f 1926/109/1286 1947/109/1232 2024/109/1297
f 1926/109/1286 1983/109/1285 2023/109/1298
f 1979/109/1290 2044/109/1284 1984/109/1284
f 1985/109/1289 2045/109/1289 1979/109/1290
f 1927/109/1290 1948/109/1235 2025/109/1299
f 1927/109/1290 1984/109/1284 2024/109/1297
f 1981/109/1294 2045/109/1289 1985/109/1289
f 1986/109/1292 2046/109/1292 1981/109/1294
f 1928/109/1294 1949/109/1236 2026/109/1300
f 1928/109/1294 1985/109/1289 2025/109/1299
f 1982/109/1296 2046/109/1292 1986/109/1292
f 1983/109/1285 2043/109/1285 1982/109/1296
f 1929/109/1296 1946/109/1233 2023/109/1298
f 1929/109/1296 1986/109/1292 2026/109/1300
f 1930/109/1310 1987/109/1303 2048/109/1302
f 1992/109/1312 2049/109/1304 1987/109/1303
f 1930/109/1310 1993/109/1314 2028/109/1313
f 1991/109/1311 2027/109/1323 1993/109/1314
f 1988/109/1305 2049/109/1304 1992/109/1312
f 1931/109/1315 1994/109/1317 2050/109/1306
f 1995/109/1316 2029/109/1321 1994/109/1317
f 1931/109/1315 1992/109/1312 2028/109/1313
f 1989/109/1307 2050/109/1306 1994/109/1317
f 1932/109/1318 1996/109/1320 2051/109/1308
f 1997/109/1319 2030/109/5844 1996/109/1320
f 1932/109/1318 1994/109/1317 2029/109/1321
f 1933/109/1322 1990/109/1309 2051/109/1308
f 1991/109/1311 2048/109/1302 1990/109/1309
f 1933/109/1322 1998/109/1324 2027/109/1323
f 1996/109/1320 2030/109/5844 1998/109/1324
f 1993/109/1314 2027/109/1323 1999/109/1325
f 1934/109/1326 2000/109/1328 2028/109/1313
f 2001/109/1327 2053/109/5845 2000/109/1328
f 1934/109/1326 1999/109/1325 2052/109/1329
f 1995/109/1316 2028/109/1313 2000/109/1328
f 2002/109/1331 2029/109/1321 1995/109/1316
f 1935/109/1330 2003/109/1333 2054/109/1332
f 2000/109/1328 2053/109/5845 2003/109/1333
f 1936/109/1334 1997/109/1319 2029/109/1321
f 2004/109/1335 2030/109/5844 1997/109/1319
f 1936/109/1334 2005/109/1337 2055/109/1336
f 2002/109/1331 2054/109/1332 2005/109/1337
f 1998/109/1324 2030/109/5844 2004/109/1335
f 1937/109/1338 1999/109/1325 2027/109/1323
f 2006/109/1339 2052/109/1329 1999/109/1325
f 1937/109/1338 2004/109/1335 2055/109/1336
f 2001/109/1327 2052/109/1329 2007/109/1340
f 2008/109/1342 2053/109/5845 2001/109/1327
f 1938/109/1341 2009/109/1345 2057/109/1343
f 1938/109/1341 2007/109/1340 2056/109/1344
f 2003/109/1333 2053/109/5845 2008/109/1342
f 2010/109/1347 2054/109/1332 2003/109/1333
f 1939/109/1346 2011/109/1349 2058/109/1348
f 1939/109/1346 2008/109/1342 2057/109/1343
f 1940/109/1350 2005/109/1337 2054/109/1332
f 2012/109/1351 2055/109/1336 2005/109/1337
f 1940/109/1350 2013/109/1353 2059/109/1352
f 1940/109/1350 2010/109/1347 2058/109/1348
f 2006/109/1339 2055/109/1336 2012/109/1351
f 1941/109/1354 2007/109/1340 2052/109/1329
f 1941/109/1354 2014/109/1355 2056/109/1344
f 1941/109/1354 2012/109/1351 2059/109/1352
f 2009/109/1345 2056/109/1344 2015/109/1344
f 2016/109/1343 2057/109/1343 2009/109/1345
f 1942/109/1345 1951/109/1237 2032/109/1356
f 1942/109/1345 2015/109/1344 2031/109/1357
f 2011/109/1349 2057/109/1343 2016/109/1343
f 2017/109/1358 2058/109/1348 2011/109/1349
f 1943/109/1349 1952/109/1240 2033/109/1359
f 1943/109/1349 2016/109/1343 2032/109/1356
f 2013/109/1353 2058/109/1348 2017/109/1358
f 2018/109/1352 2059/109/1352 2013/109/1353
f 1944/109/1353 1953/109/1241 2034/109/1360
f 1944/109/1353 2017/109/1358 2033/109/1359
f 2014/109/1355 2059/109/1352 2018/109/1352
f 2015/109/1344 2056/109/1344 2014/109/1355
f 1945/109/1355 1950/109/1238 2031/109/1357
f 1945/109/1355 2018/109/1352 2034/109/1360
f 2062/110/1361 2078/110/1391 2079/110/1362
f 2070/110/1364 2086/110/1392 2087/110/1365
f 2063/110/1363 2079/110/1362 2080/110/1367
f 2072/110/1369 2071/110/1366 2087/110/1365
f 2064/110/1368 2080/110/1367 2081/110/1371
f 2072/110/1369 2088/110/1370 2089/110/1373
f 2066/110/1375 2065/110/1372 2081/110/1371
f 2074/110/1377 2073/110/1374 2089/110/1373
f 2066/110/1375 2082/110/1376 2083/110/1379
f 2074/110/1377 2090/110/1378 2091/110/1381
f 2067/110/1380 2083/110/1379 2084/110/1383
f 2061/110/1385 2060/110/1388 2076/110/1386
f 2060/110/1388 2075/110/1382 2091/110/1381
f 2068/110/1384 2084/110/1383 2085/110/1389
f 2062/110/1361 2061/110/1385 2077/110/1387
f 2069/110/1390 2085/110/1389 2086/110/1392
f 2084/110/1383 2100/110/1407 2101/110/1393
f 2078/110/1391 2077/110/1387 2093/110/1394
f 2085/110/1389 2101/110/1393 2102/110/1396
f 2079/110/1362 2078/110/1391 2094/110/1395
f 2087/110/1365 2086/110/1392 2102/110/1396
f 2079/110/1362 2095/110/1397 2096/110/1399
f 2088/110/1370 2087/110/1365 2103/110/1398
f 2080/110/1367 2096/110/1399 2097/110/1401
f 2088/110/1370 2104/110/1400 2105/110/1402
f 2081/110/1371 2097/110/1401 2098/110/1403
f 2089/110/1373 2105/110/1402 2106/110/1404
f 2082/110/1376 2098/110/1403 2099/110/1405
f 2091/110/1381 2090/110/1378 2106/110/1404
f 2083/110/1379 2099/110/1405 2100/110/1407
f 2077/110/1387 2076/110/1386 2092/110/1408
f 2076/110/1386 2091/110/1381 2107/110/1406
f 2063/110/1363 2120/110/1412 2121/110/1409
f 2070/110/1364 2071/110/1366 2111/110/1410
f 2064/110/1368 2119/110/547 2120/110/1412
f 2071/110/1366 2072/110/1369 2110/110/1413
f 2064/110/1368 2065/110/1372 2118/110/1414
f 2073/110/1374 2109/110/1416 2110/110/1413
f 2065/110/1372 2066/110/1375 2116/110/1415
f 2074/110/1377 2108/110/1418 2109/110/1416
f 2066/110/1375 2067/110/1380 2115/110/1417
f 2075/110/1382 2124/110/1421 2108/110/1418
f 2067/110/1380 2068/110/1384 2114/110/1419
f 2061/110/1385 2122/110/1423 2123/110/1420
f 2060/110/1388 2123/110/1420 2124/110/1421
f 2068/110/1384 2069/110/1390 2113/110/1422
f 2062/110/1361 2121/110/1409 2122/110/1423
f 2069/110/1390 2070/110/1364 2112/110/1411
f 2110/110/1413 2109/110/1416 2139/110/845
f 2118/110/1414 2116/110/1415 2166/110/796
f 2110/110/1413 2125/110/835 2146/110/831
f 2119/110/547 2118/110/1414 2170/110/786
f 2111/110/1410 2146/110/831 2150/110/821
f 2120/110/1412 2119/110/547 2174/110/782
f 2112/110/1411 2150/110/821 2154/110/812
f 2121/110/1409 2120/110/1412 2178/110/770
f 2114/110/1419 2113/110/1422 2154/110/812
f 2124/110/1421 2123/110/1420 2189/110/861
f 2122/110/1423 2121/110/1409 2182/110/763
f 2115/110/1417 2114/110/1419 2158/110/808
f 2108/110/1418 2124/110/1421 2131/110/859
f 2123/110/1420 2122/110/1423 2186/110/762
f 2109/110/1416 2108/110/1418 2135/110/847
f 2116/110/1415 2115/110/1417 2162/110/803
f 2189/110/861 2127/110/765 2130/110/856
f 2126/110/860 2188/110/768 2128/110/855
f 2127/110/765 2126/110/860 2129/110/857
f 2129/110/857 2133/110/851 2134/110/846
f 2131/110/859 2130/110/856 2134/110/846
f 2128/110/855 2132/110/850 2133/110/851
f 2133/110/851 2137/110/843 2138/110/842
f 2135/110/847 2134/110/846 2138/110/842
f 2132/110/850 2136/110/844 2137/110/843
f 2138/110/842 2142/110/836 2125/110/835
f 2137/110/843 2136/110/844 2140/110/833
f 2138/110/842 2137/110/843 2141/110/834
f 2141/110/834 2140/110/833 2143/110/828
f 2141/110/834 2144/110/829 2145/110/830
f 2125/110/835 2142/110/836 2145/110/830
f 2144/110/829 2148/110/824 2149/110/820
f 2145/110/830 2149/110/820 2150/110/821
f 2144/110/829 2143/110/828 2147/110/823
f 2149/110/820 2153/110/811 2154/110/812
f 2148/110/824 2147/110/823 2151/110/817
f 2148/110/824 2152/110/816 2153/110/811
f 2154/110/812 2153/110/811 2157/110/807
f 2152/110/816 2151/110/817 2155/110/809
f 2152/110/816 2156/110/810 2157/110/807
f 2156/110/810 2160/110/801 2161/110/802
f 2157/110/807 2161/110/802 2162/110/803
f 2156/110/810 2155/110/809 2159/110/800
f 2160/110/801 2164/110/794 2165/110/795
f 2161/110/802 2165/110/795 2166/110/796
f 2160/110/801 2159/110/800 2163/110/792
f 2166/110/796 2165/110/795 2169/110/785
f 2164/110/794 2163/110/792 2167/110/783
f 2164/110/794 2168/110/784 2169/110/785
f 2170/110/786 2169/110/785 2173/110/781
f 2168/110/784 2167/110/783 2171/110/779
f 2168/110/784 2172/110/780 2173/110/781
f 2172/110/780 2176/110/755 2177/110/754
f 2174/110/782 2173/110/781 2177/110/754
f 2172/110/780 2171/110/779 2175/110/775
f 2176/110/755 2180/110/753 2181/110/761
f 2178/110/770 2177/110/754 2181/110/761
f 2176/110/755 2175/110/775 2179/110/774
f 2182/110/763 2181/110/761 2185/110/766
f 2180/110/753 2179/110/774 2183/110/769
f 2180/110/753 2184/110/764 2185/110/766
f 2184/110/764 2183/110/769 2188/110/768
f 2185/110/766 2184/110/764 2126/110/860
f 2186/110/762 2185/110/766 2127/110/765
f 2695/111/1424 2308/111/1430 3088/111/1425
f 2695/111/1424 2830/111/1426 2555/111/1427
f 2695/111/1424 2831/111/1533 2554/111/1429
f 2833/111/1431 2558/111/1585 2832/111/1432
f 2832/111/1432 2559/111/1584 2309/111/1434
f 2309/111/1434 2560/111/1586 2834/111/1435
f 2834/111/1435 2561/111/1587 2833/111/1431
f 2697/111/1436 2310/111/1442 2563/111/1437
f 2697/111/1436 2835/111/1591 2562/111/1439
f 2697/111/1436 2837/111/1440 3091/111/1441
f 2840/111/1443 2564/111/1637 2839/111/1444
f 2839/111/1444 2565/111/1636 2838/111/1446
f 2841/111/1447 2566/111/1639 2840/111/1443
f 2190/111/1448 2311/111/1456 2570/111/1449
f 2190/111/1448 2312/111/1450 2569/111/1451
f 2190/111/1448 2313/111/1452 2568/111/1453
f 2190/111/1448 2314/111/1454 2567/111/1455
f 2315/111/1457 2575/111/1691 2316/111/1458
f 2316/111/1458 2576/111/1690 2317/111/1460
f 2317/111/1460 2577/111/1693 2318/111/1461
f 2318/111/1461 2578/111/1694 2315/111/1457
f 2192/111/1462 2319/111/1470 2582/111/1463
f 2192/111/1462 2320/111/1464 2581/111/1465
f 2192/111/1462 2321/111/1466 2580/111/1467
f 2192/111/1462 2322/111/1468 2579/111/1469
f 2323/111/1471 2587/111/1744 2324/111/1472
f 2324/111/1472 2588/111/1743 2325/111/1474
f 2325/111/1474 2589/111/1745 2326/111/1475
f 2326/111/1475 2590/111/1746 2323/111/1471
f 2194/111/1476 2327/111/1484 2594/111/1477
f 2194/111/1476 2328/111/1478 2593/111/1479
f 2194/111/1476 2329/111/1480 2592/111/1481
f 2194/111/1476 2330/111/1482 2591/111/1483
f 2331/111/1485 2599/111/1799 2332/111/1486
f 2332/111/1486 2600/111/1798 2333/111/1488
f 2333/111/1488 2601/111/1800 2334/111/1489
f 2334/111/1489 2602/111/1802 2331/111/1485
f 2196/111/1490 2335/111/1498 2606/111/1491
f 2196/111/1490 2336/111/1492 2605/111/1493
f 2196/111/1490 2337/111/1494 2604/111/1495
f 2196/111/1490 2338/111/1496 2603/111/1497
f 2339/111/1499 2611/111/1852 2340/111/1500
f 2340/111/1500 2612/111/1851 2341/111/1502
f 2341/111/1502 2613/111/1853 2342/111/1503
f 2342/111/1503 2614/111/1854 2339/111/1499
f 2198/111/1504 2343/111/1512 2618/111/1505
f 2198/111/1504 2344/111/1506 2617/111/1507
f 2198/111/1504 2345/111/1508 2616/111/1509
f 2198/111/1504 2346/111/1510 2615/111/1511
f 2347/111/1513 2623/111/1904 2348/111/1514
f 2348/111/1514 2624/111/1903 2349/111/1516
f 2349/111/1516 2625/111/1905 2350/111/1517
f 2350/111/1517 2626/111/1906 2347/111/1513
f 2200/111/1518 2351/111/1526 2630/111/1519
f 2200/111/1518 2352/111/1520 2629/111/1521
f 2200/111/1518 2353/111/1522 2628/111/1523
f 2200/111/1518 2354/111/1524 2627/111/1525
f 2355/111/1527 2635/111/1957 2356/111/1528
f 2356/111/1528 2636/111/1956 2357/111/1530
f 2357/111/1530 2637/111/1959 2358/111/1531
f 2358/111/1531 2638/111/1961 2355/111/1527
f 2711/111/1532 2890/111/1546 2554/111/1429
f 2711/111/1532 2831/111/1533 3087/111/1534
f 2711/111/1532 2359/111/1535 2556/111/1536
f 2713/111/1538 2359/111/1535 3087/111/1534
f 2713/111/1538 2829/111/1428 2555/111/1427
f 2713/111/1538 2360/111/1539 3090/111/1540
f 2361/111/1541 2556/111/1536 2359/111/1535
f 2712/111/1542 2360/111/1539 2555/111/1427
f 2712/111/1542 2830/111/1426 3088/111/1425
f 2362/111/1543 2557/111/1548 2893/111/1544
f 2893/111/1544 3090/111/1540 2360/111/1539
f 2202/111/1545 2362/111/1543 3088/111/1425
f 2202/111/1545 2308/111/1430 2554/111/1429
f 2890/111/1546 3089/111/1550 2892/111/1547
f 2202/111/1545 2892/111/1547 2557/111/1548
f 2714/111/1549 2363/111/1553 3089/111/1550
f 2714/111/1549 2891/111/1537 2556/111/1536
f 2364/111/1551 2639/111/1557 2894/111/1552
f 2894/111/1552 3170/111/1563 2363/111/1553
f 2364/111/1551 2556/111/1536 2361/111/1541
f 2203/111/1554 2361/111/1541 3090/111/1540
f 2895/111/1555 3171/111/1572 2365/111/1556
f 2203/111/1554 2365/111/1556 2639/111/1557
f 2893/111/1544 2557/111/1548 2366/111/1558
f 2716/111/1559 2366/111/1558 2640/111/1560
f 2715/111/1562 2366/111/1558 2557/111/1548
f 2892/111/1547 3089/111/1550 2363/111/1553
f 2715/111/1562 2363/111/1553 3170/111/1563
f 2367/111/1564 2640/111/1560 2366/111/1558
f 2894/111/1552 2639/111/1557 2368/111/1565
f 2717/111/1566 2368/111/1565 2642/111/1567
f 2717/111/1566 2898/111/1568 2641/111/1569
f 2368/111/1565 2639/111/1557 2365/111/1556
f 2720/111/1571 2365/111/1556 3171/111/1572
f 2720/111/1571 2369/111/1573 2643/111/1574
f 2720/111/1571 2900/111/1575 2642/111/1567
f 2369/111/1573 3171/111/1572 2896/111/1561
f 2896/111/1561 2640/111/1560 2370/111/1577
f 2719/111/1576 2370/111/1577 3172/111/1578
f 2719/111/1576 2899/111/1579 2643/111/1574
f 2718/111/1580 2370/111/1577 2640/111/1560
f 2367/111/1564 3170/111/1563 2897/111/1570
f 2718/111/1580 2897/111/1570 2641/111/1569
f 2718/111/1580 2371/111/1581 3172/111/1578
f 2901/111/1582 2641/111/1569 2898/111/1568
f 2898/111/1568 2642/111/1567 2372/111/1583
f 2721/111/1568 2372/111/1583 2559/111/1584
f 2721/111/1568 2832/111/1432 2558/111/1585
f 2372/111/1583 2642/111/1567 2900/111/1575
f 2900/111/1575 2643/111/1574 2903/111/1574
f 2723/111/1575 2903/111/1574 2560/111/1586
f 2723/111/1575 2309/111/1434 2559/111/1584
f 2903/111/1574 2643/111/1574 2899/111/1579
f 2722/111/1579 2902/111/1578 2561/111/1587
f 2722/111/1579 2834/111/1435 2560/111/1586
f 2902/111/1578 3172/111/1578 2371/111/1581
f 2371/111/1581 2641/111/1569 2901/111/1582
f 2204/111/1581 2901/111/1582 2558/111/1585
f 2204/111/1581 2833/111/1431 2561/111/1587
f 2724/111/1588 2837/111/1440 2562/111/1439
f 2205/111/1590 2904/111/1589 2562/111/1439
f 2205/111/1590 2835/111/1591 3092/111/1592
f 2205/111/1590 2373/111/1593 3096/111/1594
f 2908/111/1595 3093/111/1604 2904/111/1589
f 2725/111/1596 2373/111/1593 3092/111/1592
f 2725/111/1596 2836/111/1438 2563/111/1437
f 2374/111/1597 3095/111/1602 2907/111/1598
f 2907/111/1598 3096/111/1594 2373/111/1593
f 2206/111/1599 2374/111/1597 2563/111/1437
f 2206/111/1599 2310/111/1442 3091/111/1441
f 2905/111/1600 3094/111/2046 2375/111/1601
f 2206/111/1599 2375/111/1601 3095/111/1602
f 2726/111/1603 2906/111/2047 3093/111/1604
f 2376/111/1605 2644/111/1610 2910/111/1606
f 2376/111/1605 3093/111/1604 2908/111/1595
f 2207/111/1607 2908/111/1595 3096/111/1594
f 2377/111/1608 2645/111/1612 2378/111/1609
f 2207/111/1607 2378/111/1609 2644/111/1610
f 2377/111/1608 3096/111/1594 2907/111/1598
f 2727/111/1611 2912/111/1626 2645/111/1612
f 2208/111/1613 2911/111/1617 3095/111/1602
f 2375/111/1601 3094/111/2046 2909/111/1614
f 2208/111/1613 2909/111/1614 3173/111/1615
f 2379/111/1616 3174/111/1632 2911/111/1617
f 2910/111/1606 2644/111/1610 2380/111/1618
f 2728/111/1619 2380/111/1618 3175/111/1620
f 2380/111/1618 2644/111/1610 2378/111/1609
f 2209/111/1622 2378/111/1609 2645/111/1612
f 2209/111/1622 2381/111/1623 3177/111/1624
f 2209/111/1622 2917/111/1625 3175/111/1620
f 2381/111/1623 2645/111/1612 2912/111/1626
f 2912/111/1626 3174/111/1632 2382/111/1628
f 2729/111/1627 2382/111/1628 2646/111/1629
f 2729/111/1627 2916/111/1630 3177/111/1624
f 2210/111/1631 2382/111/1628 3174/111/1632
f 2379/111/1616 3173/111/1615 2913/111/1633
f 2210/111/1631 2913/111/1633 3176/111/1634
f 2210/111/1631 2915/111/1635 2646/111/1629
f 2383/111/1634 3176/111/1634 2914/111/1621
f 2914/111/1621 3175/111/1620 2384/111/1620
f 2730/111/1621 2384/111/1620 2565/111/1636
f 2730/111/1621 2839/111/1444 2564/111/1637
f 2384/111/1620 3175/111/1620 2917/111/1625
f 2917/111/1625 3177/111/1624 2918/111/1624
f 2211/111/1625 2918/111/1624 3097/111/1638
f 2211/111/1625 2838/111/1446 2565/111/1636
f 2916/111/1630 2646/111/1629 2385/111/1629
f 2732/111/1630 2385/111/1629 2566/111/1639
f 2385/111/1629 2646/111/1629 2915/111/1635
f 2915/111/1635 3176/111/1634 2383/111/1634
f 2731/111/1635 2383/111/1634 2564/111/1637
f 2731/111/1635 2840/111/1443 2566/111/1639
f 2212/111/1640 2386/111/1645 2567/111/1455
f 2212/111/1640 2314/111/1454 2568/111/1453
f 2212/111/1640 2387/111/1641 2572/111/1642
f 2212/111/1640 2388/111/1643 2571/111/1644
f 2213/111/1646 2387/111/1641 2568/111/1453
f 2213/111/1646 2313/111/1452 2569/111/1451
f 2213/111/1646 2389/111/1647 2573/111/1648
f 2390/111/1649 2572/111/1642 2387/111/1641
f 2214/111/1650 2389/111/1647 2569/111/1451
f 2214/111/1650 2312/111/1450 2570/111/1449
f 2391/111/1651 2574/111/1655 2392/111/1652
f 2392/111/1652 2573/111/1648 2389/111/1647
f 2215/111/1653 2391/111/1651 2570/111/1449
f 2215/111/1653 2311/111/1456 2567/111/1455
f 2386/111/1645 2571/111/1644 2393/111/1654
f 2215/111/1653 2393/111/1654 2574/111/1655
f 2216/111/1656 2394/111/1659 2571/111/1644
f 2216/111/1656 2388/111/1643 2572/111/1642
f 2395/111/1657 2648/111/1663 2396/111/1658
f 2396/111/1658 2647/111/1670 2394/111/1659
f 2395/111/1657 2572/111/1642 2390/111/1649
f 2217/111/1660 2390/111/1649 2573/111/1648
f 2397/111/1661 2649/111/1668 2398/111/1662
f 2217/111/1660 2398/111/1662 2648/111/1663
f 2397/111/1661 2573/111/1648 2392/111/1652
f 2392/111/1652 2574/111/1655 2399/111/1665
f 2218/111/1664 2399/111/1665 2650/111/1666
f 2218/111/1664 2400/111/1667 2649/111/1668
f 2219/111/1669 2399/111/1665 2574/111/1655
f 2393/111/1654 2571/111/1644 2394/111/1659
f 2219/111/1669 2394/111/1659 2647/111/1670
f 2401/111/1671 2650/111/1666 2399/111/1665
f 2402/111/1672 2647/111/1670 2396/111/1658
f 2396/111/1658 2648/111/1663 2403/111/1674
f 2220/111/1673 2403/111/1674 2652/111/1675
f 2220/111/1673 2404/111/1676 2651/111/1677
f 2403/111/1674 2648/111/1663 2398/111/1662
f 2221/111/1678 2398/111/1662 2649/111/1668
f 2221/111/1678 2405/111/1679 2653/111/1680
f 2221/111/1678 2406/111/1681 2652/111/1675
f 2405/111/1679 2649/111/1668 2400/111/1667
f 2400/111/1667 2650/111/1666 2407/111/1683
f 2222/111/1682 2407/111/1683 2654/111/1684
f 2222/111/1682 2408/111/1685 2653/111/1680
f 2223/111/1686 2407/111/1683 2650/111/1666
f 2401/111/1671 2647/111/1670 2402/111/1672
f 2223/111/1686 2402/111/1672 2651/111/1677
f 2223/111/1686 2409/111/1687 2654/111/1684
f 2410/111/1688 2651/111/1677 2404/111/1676
f 2404/111/1676 2652/111/1675 2411/111/1689
f 2224/111/1676 2411/111/1689 2576/111/1690
f 2224/111/1676 2316/111/1458 2575/111/1691
f 2411/111/1689 2652/111/1675 2406/111/1681
f 2406/111/1681 2653/111/1680 2412/111/1680
f 2225/111/1692 2412/111/1680 2577/111/1693
f 2225/111/1692 2317/111/1460 2576/111/1690
f 2412/111/1680 2653/111/1680 2408/111/1685
f 2408/111/1685 2654/111/1684 2413/111/1684
f 2226/111/1685 2413/111/1684 2578/111/1694
f 2226/111/1685 2318/111/1461 2577/111/1693
f 2413/111/1684 2654/111/1684 2409/111/1687
f 2409/111/1687 2651/111/1677 2410/111/1688
f 2227/111/1687 2410/111/1688 2575/111/1691
f 2227/111/1687 2315/111/1457 2578/111/1694
f 2228/111/1695 2414/111/1700 2579/111/1469
f 2228/111/1695 2322/111/1468 2580/111/1467
f 2228/111/1695 2415/111/1696 2584/111/1697
f 2228/111/1695 2416/111/1698 2583/111/1699
f 2229/111/1701 2415/111/1696 2580/111/1467
f 2229/111/1701 2321/111/1466 2581/111/1465
f 2229/111/1701 2417/111/1702 2585/111/1703
f 2418/111/1704 2584/111/1697 2415/111/1696
f 2230/111/1705 2417/111/1702 2581/111/1465
f 2230/111/1705 2320/111/1464 2582/111/1463
f 2419/111/1706 2586/111/1710 2420/111/1707
f 2420/111/1707 2585/111/1703 2417/111/1702
f 2231/111/1708 2419/111/1706 2582/111/1463
f 2231/111/1708 2319/111/1470 2579/111/1469
f 2414/111/1700 2583/111/1699 2421/111/1709
f 2231/111/1708 2421/111/1709 2586/111/1710
f 2232/111/1711 2422/111/1714 2583/111/1699
f 2232/111/1711 2416/111/1698 2584/111/1697
f 2423/111/1712 2656/111/1718 2424/111/1713
f 2424/111/1713 2655/111/1725 2422/111/1714
f 2423/111/1712 2584/111/1697 2418/111/1704
f 2233/111/1715 2418/111/1704 2585/111/1703
f 2425/111/1716 2657/111/1723 2426/111/1717
f 2233/111/1715 2426/111/1717 2656/111/1718
f 2425/111/1716 2585/111/1703 2420/111/1707
f 2420/111/1707 2586/111/1710 2427/111/1720
f 2234/111/1719 2427/111/1720 2658/111/1721
f 2234/111/1719 2428/111/1722 2657/111/1723
f 2235/111/1724 2427/111/1720 2586/111/1710
f 2421/111/1709 2583/111/1699 2422/111/1714
f 2235/111/1724 2422/111/1714 2655/111/1725
f 2429/111/1726 2658/111/1721 2427/111/1720
f 2430/111/1727 2655/111/1725 2424/111/1713
f 2424/111/1713 2656/111/1718 2431/111/1729
f 2236/111/1728 2431/111/1729 2660/111/1730
f 2236/111/1728 2432/111/1731 2659/111/1732
f 2431/111/1729 2656/111/1718 2426/111/1717
f 2237/111/1733 2426/111/1717 2657/111/1723
f 2237/111/1733 2433/111/1734 2661/111/1735
f 2237/111/1733 2434/111/1736 2660/111/1730
f 2433/111/1734 2657/111/1723 2428/111/1722
f 2428/111/1722 2658/111/1721 2435/111/1738
f 2238/111/1737 2435/111/1738 2662/111/1739
f 2238/111/1737 2436/111/1740 2661/111/1735
f 2239/111/1741 2435/111/1738 2658/111/1721
f 2429/111/1726 2655/111/1725 2430/111/1727
f 2239/111/1741 2430/111/1727 2659/111/1732
f 2239/111/1741 2437/111/1742 2662/111/1739
f 2438/111/1732 2659/111/1732 2432/111/1731
f 2432/111/1731 2660/111/1730 2439/111/1730
f 2240/111/1731 2439/111/1730 2588/111/1743
f 2240/111/1731 2324/111/1472 2587/111/1744
f 2439/111/1730 2660/111/1730 2434/111/1736
f 2434/111/1736 2661/111/1735 2440/111/1735
f 2241/111/1736 2440/111/1735 2589/111/1745
f 2241/111/1736 2325/111/1474 2588/111/1743
f 2440/111/1735 2661/111/1735 2436/111/1740
f 2436/111/1740 2662/111/1739 2441/111/1739
f 2242/111/1740 2441/111/1739 2590/111/1746
f 2242/111/1740 2326/111/1475 2589/111/1745
f 2441/111/1739 2662/111/1739 2437/111/1742
f 2437/111/1742 2659/111/1732 2438/111/1732
f 2243/111/1742 2438/111/1732 2587/111/1744
f 2243/111/1742 2323/111/1471 2590/111/1746
f 2244/111/1747 2442/111/1752 2591/111/1483
f 2244/111/1747 2330/111/1482 2592/111/1481
f 2244/111/1747 2443/111/1748 2596/111/1749
f 2244/111/1747 2444/111/1750 2595/111/1751
f 2245/111/1753 2443/111/1748 2592/111/1481
f 2245/111/1753 2329/111/1480 2593/111/1479
f 2245/111/1753 2445/111/1754 2597/111/1755
f 2446/111/1756 2596/111/1749 2443/111/1748
f 2246/111/1757 2445/111/1754 2593/111/1479
f 2246/111/1757 2328/111/1478 2594/111/1477
f 2447/111/1758 2598/111/1762 2448/111/1759
f 2448/111/1759 2597/111/1755 2445/111/1754
f 2247/111/1760 2447/111/1758 2594/111/1477
f 2247/111/1760 2327/111/1484 2591/111/1483
f 2442/111/1752 2595/111/1751 2449/111/1761
f 2247/111/1760 2449/111/1761 2598/111/1762
f 2248/111/1763 2450/111/1766 2595/111/1751
f 2248/111/1763 2444/111/1750 2596/111/1749
f 2451/111/1764 2664/111/1770 2452/111/1765
f 2452/111/1765 2663/111/1777 2450/111/1766
f 2451/111/1764 2596/111/1749 2446/111/1756
f 2249/111/1767 2446/111/1756 2597/111/1755
f 2453/111/1768 2665/111/1775 2454/111/1769
f 2249/111/1767 2454/111/1769 2664/111/1770
f 2453/111/1768 2597/111/1755 2448/111/1759
f 2448/111/1759 2598/111/1762 2455/111/1772
f 2250/111/1771 2455/111/1772 2666/111/1773
f 2250/111/1771 2456/111/1774 2665/111/1775
f 2251/111/1776 2455/111/1772 2598/111/1762
f 2449/111/1761 2595/111/1751 2450/111/1766
f 2251/111/1776 2450/111/1766 2663/111/1777
f 2457/111/1778 2666/111/1773 2455/111/1772
f 2458/111/1779 2663/111/1777 2452/111/1765
f 2452/111/1765 2664/111/1770 2459/111/1781
f 2252/111/1780 2459/111/1781 2668/111/1782
f 2252/111/1780 2460/111/1783 2667/111/1784
f 2459/111/1781 2664/111/1770 2454/111/1769
f 2253/111/1785 2454/111/1769 2665/111/1775
f 2253/111/1785 2461/111/1786 2669/111/1787
f 2253/111/1785 2462/111/1788 2668/111/1782
f 2461/111/1786 2665/111/1775 2456/111/1774
f 2456/111/1774 2666/111/1773 2463/111/1790
f 2254/111/1789 2463/111/1790 2670/111/1791
f 2254/111/1789 2464/111/1792 2669/111/1787
f 2255/111/1793 2463/111/1790 2666/111/1773
f 2457/111/1778 2663/111/1777 2458/111/1779
f 2255/111/1793 2458/111/1779 2667/111/1784
f 2255/111/1793 2465/111/1794 2670/111/1791
f 2466/111/1795 2667/111/1784 2460/111/1783
f 2460/111/1783 2668/111/1782 2467/111/1797
f 2256/111/1796 2467/111/1797 2600/111/1798
f 2256/111/1796 2332/111/1486 2599/111/1799
f 2467/111/1797 2668/111/1782 2462/111/1788
f 2462/111/1788 2669/111/1787 2468/111/1787
f 2257/111/1788 2468/111/1787 2601/111/1800
f 2257/111/1788 2333/111/1488 2600/111/1798
f 2468/111/1787 2669/111/1787 2464/111/1792
f 2464/111/1792 2670/111/1791 2469/111/1791
f 2258/111/1801 2469/111/1791 2602/111/1802
f 2258/111/1801 2334/111/1489 2601/111/1800
f 2469/111/1791 2670/111/1791 2465/111/1794
f 2465/111/1794 2667/111/1784 2466/111/1795
f 2259/111/1794 2466/111/1795 2599/111/1799
f 2259/111/1794 2331/111/1485 2602/111/1802
f 2260/111/1803 2470/111/1808 2603/111/1497
f 2260/111/1803 2338/111/1496 2604/111/1495
f 2260/111/1803 2471/111/1804 2608/111/1805
f 2260/111/1803 2472/111/1806 2607/111/1807
f 2261/111/1809 2471/111/1804 2604/111/1495
f 2261/111/1809 2337/111/1494 2605/111/1493
f 2261/111/1809 2473/111/1810 2609/111/1811
f 2474/111/1812 2608/111/1805 2471/111/1804
f 2262/111/1813 2473/111/1810 2605/111/1493
f 2262/111/1813 2336/111/1492 2606/111/1491
f 2475/111/1814 2610/111/1818 2476/111/1815
f 2476/111/1815 2609/111/1811 2473/111/1810
f 2263/111/1816 2475/111/1814 2606/111/1491
f 2263/111/1816 2335/111/1498 2603/111/1497
f 2470/111/1808 2607/111/1807 2477/111/1817
f 2263/111/1816 2477/111/1817 2610/111/1818
f 2264/111/1819 2478/111/1822 2607/111/1807
f 2264/111/1819 2472/111/1806 2608/111/1805
f 2479/111/1820 2672/111/1826 2480/111/1821
f 2480/111/1821 2671/111/1833 2478/111/1822
f 2479/111/1820 2608/111/1805 2474/111/1812
f 2265/111/1823 2474/111/1812 2609/111/1811
f 2481/111/1824 2673/111/1831 2482/111/1825
f 2265/111/1823 2482/111/1825 2672/111/1826
f 2481/111/1824 2609/111/1811 2476/111/1815
f 2476/111/1815 2610/111/1818 2483/111/1828
f 2266/111/1827 2483/111/1828 2674/111/1829
f 2266/111/1827 2484/111/1830 2673/111/1831
f 2267/111/1832 2483/111/1828 2610/111/1818
f 2477/111/1817 2607/111/1807 2478/111/1822
f 2267/111/1832 2478/111/1822 2671/111/1833
f 2485/111/1834 2674/111/1829 2483/111/1828
f 2486/111/1835 2671/111/1833 2480/111/1821
f 2480/111/1821 2672/111/1826 2487/111/1837
f 2268/111/1836 2487/111/1837 2676/111/1838
f 2268/111/1836 2488/111/1839 2675/111/1840
f 2487/111/1837 2672/111/1826 2482/111/1825
f 2269/111/1841 2482/111/1825 2673/111/1831
f 2269/111/1841 2489/111/1842 2677/111/1843
f 2269/111/1841 2490/111/1844 2676/111/1838
f 2489/111/1842 2673/111/1831 2484/111/1830
f 2484/111/1830 2674/111/1829 2491/111/1846
f 2270/111/1845 2491/111/1846 2678/111/1847
f 2270/111/1845 2492/111/1848 2677/111/1843
f 2271/111/1849 2491/111/1846 2674/111/1829
f 2485/111/1834 2671/111/1833 2486/111/1835
f 2271/111/1849 2486/111/1835 2675/111/1840
f 2271/111/1849 2493/111/1850 2678/111/1847
f 2494/111/1840 2675/111/1840 2488/111/1839
f 2488/111/1839 2676/111/1838 2495/111/1838
f 2272/111/1839 2495/111/1838 2612/111/1851
f 2272/111/1839 2340/111/1500 2611/111/1852
f 2495/111/1838 2676/111/1838 2490/111/1844
f 2490/111/1844 2677/111/1843 2496/111/1843
f 2273/111/1844 2496/111/1843 2613/111/1853
f 2273/111/1844 2341/111/1502 2612/111/1851
f 2496/111/1843 2677/111/1843 2492/111/1848
f 2492/111/1848 2678/111/1847 2497/111/1847
f 2274/111/1848 2497/111/1847 2614/111/1854
f 2274/111/1848 2342/111/1503 2613/111/1853
f 2497/111/1847 2678/111/1847 2493/111/1850
f 2493/111/1850 2675/111/1840 2494/111/1840
f 2275/111/1850 2494/111/1840 2611/111/1852
f 2275/111/1850 2339/111/1499 2614/111/1854
f 2276/111/1855 2498/111/1860 2615/111/1511
f 2276/111/1855 2346/111/1510 2616/111/1509
f 2276/111/1855 2499/111/1856 2620/111/1857
f 2276/111/1855 2500/111/1858 2619/111/1859
f 2277/111/1861 2499/111/1856 2616/111/1509
f 2277/111/1861 2345/111/1508 2617/111/1507
f 2277/111/1861 2501/111/1862 2621/111/1863
f 2502/111/1864 2620/111/1857 2499/111/1856
f 2278/111/1865 2501/111/1862 2617/111/1507
f 2278/111/1865 2344/111/1506 2618/111/1505
f 2503/111/1866 2622/111/1870 2504/111/1867
f 2504/111/1867 2621/111/1863 2501/111/1862
f 2279/111/1868 2503/111/1866 2618/111/1505
f 2279/111/1868 2343/111/1512 2615/111/1511
f 2498/111/1860 2619/111/1859 2505/111/1869
f 2279/111/1868 2505/111/1869 2622/111/1870
f 2280/111/1871 2506/111/1874 2619/111/1859
f 2280/111/1871 2500/111/1858 2620/111/1857
f 2507/111/1872 2680/111/1878 2508/111/1873
f 2508/111/1873 2679/111/1885 2506/111/1874
f 2507/111/1872 2620/111/1857 2502/111/1864
f 2281/111/1875 2502/111/1864 2621/111/1863
f 2509/111/1876 2681/111/1883 2510/111/1877
f 2281/111/1875 2510/111/1877 2680/111/1878
f 2509/111/1876 2621/111/1863 2504/111/1867
f 2504/111/1867 2622/111/1870 2511/111/1880
f 2282/111/1879 2511/111/1880 2682/111/1881
f 2282/111/1879 2512/111/1882 2681/111/1883
f 2283/111/1884 2511/111/1880 2622/111/1870
f 2505/111/1869 2619/111/1859 2506/111/1874
f 2283/111/1884 2506/111/1874 2679/111/1885
f 2513/111/1886 2682/111/1881 2511/111/1880
f 2514/111/1887 2679/111/1885 2508/111/1873
f 2508/111/1873 2680/111/1878 2515/111/1889
f 2284/111/1888 2515/111/1889 2684/111/1890
f 2284/111/1888 2516/111/1891 2683/111/1892
f 2515/111/1889 2680/111/1878 2510/111/1877
f 2285/111/1893 2510/111/1877 2681/111/1883
f 2285/111/1893 2517/111/1894 2685/111/1895
f 2285/111/1893 2518/111/1896 2684/111/1890
f 2517/111/1894 2681/111/1883 2512/111/1882
f 2512/111/1882 2682/111/1881 2519/111/1898
f 2286/111/1897 2519/111/1898 2686/111/1899
f 2286/111/1897 2520/111/1900 2685/111/1895
f 2287/111/1901 2519/111/1898 2682/111/1881
f 2513/111/1886 2679/111/1885 2514/111/1887
f 2287/111/1901 2514/111/1887 2683/111/1892
f 2287/111/1901 2521/111/1902 2686/111/1899
f 2522/111/1892 2683/111/1892 2516/111/1891
f 2516/111/1891 2684/111/1890 2523/111/1890
f 2288/111/1891 2523/111/1890 2624/111/1903
f 2288/111/1891 2348/111/1514 2623/111/1904
f 2523/111/1890 2684/111/1890 2518/111/1896
f 2518/111/1896 2685/111/1895 2524/111/1895
f 2289/111/1896 2524/111/1895 2625/111/1905
f 2289/111/1896 2349/111/1516 2624/111/1903
f 2524/111/1895 2685/111/1895 2520/111/1900
f 2520/111/1900 2686/111/1899 2525/111/1899
f 2290/111/1900 2525/111/1899 2626/111/1906
f 2290/111/1900 2350/111/1517 2625/111/1905
f 2525/111/1899 2686/111/1899 2521/111/1902
f 2521/111/1902 2683/111/1892 2522/111/1892
f 2291/111/1902 2522/111/1892 2623/111/1904
f 2291/111/1902 2347/111/1513 2626/111/1906
f 2292/111/1907 2526/111/1912 2627/111/1525
f 2292/111/1907 2354/111/1524 2628/111/1523
f 2292/111/1907 2527/111/1908 2632/111/1909
f 2292/111/1907 2528/111/1910 2631/111/1911
f 2293/111/1913 2527/111/1908 2628/111/1523
f 2293/111/1913 2353/111/1522 2629/111/1521
f 2293/111/1913 2529/111/1914 2633/111/1915
f 2530/111/1916 2632/111/1909 2527/111/1908
f 2294/111/1917 2529/111/1914 2629/111/1521
f 2294/111/1917 2352/111/1520 2630/111/1519
f 2531/111/1918 2634/111/1922 2532/111/1919
f 2532/111/1919 2633/111/1915 2529/111/1914
f 2295/111/1920 2531/111/1918 2630/111/1519
f 2295/111/1920 2351/111/1526 2627/111/1525
f 2526/111/1912 2631/111/1911 2533/111/1921
f 2295/111/1920 2533/111/1921 2634/111/1922
f 2296/111/1923 2534/111/1926 2631/111/1911
f 2296/111/1923 2528/111/1910 2632/111/1909
f 2535/111/1924 2688/111/1930 2536/111/1925
f 2536/111/1925 2687/111/1937 2534/111/1926
f 2535/111/1924 2632/111/1909 2530/111/1916
f 2297/111/1927 2530/111/1916 2633/111/1915
f 2537/111/1928 2689/111/1935 2538/111/1929
f 2297/111/1927 2538/111/1929 2688/111/1930
f 2537/111/1928 2633/111/1915 2532/111/1919
f 2532/111/1919 2634/111/1922 2539/111/1932
f 2298/111/1931 2539/111/1932 2690/111/1933
f 2298/111/1931 2540/111/1934 2689/111/1935
f 2299/111/1936 2539/111/1932 2634/111/1922
f 2533/111/1921 2631/111/1911 2534/111/1926
f 2299/111/1936 2534/111/1926 2687/111/1937
f 2541/111/1938 2690/111/1933 2539/111/1932
f 2542/111/1939 2687/111/1937 2536/111/1925
f 2536/111/1925 2688/111/1930 2543/111/1941
f 2300/111/1940 2543/111/1941 2692/111/1942
f 2300/111/1940 2544/111/1943 2691/111/1944
f 2543/111/1941 2688/111/1930 2538/111/1929
f 2301/111/1945 2538/111/1929 2689/111/1935
f 2301/111/1945 2545/111/1946 2693/111/1947
f 2301/111/1945 2546/111/1948 2692/111/1942
f 2545/111/1946 2689/111/1935 2540/111/1934
f 2540/111/1934 2690/111/1933 2547/111/1950
f 2302/111/1949 2547/111/1950 2694/111/1951
f 2302/111/1949 2548/111/1952 2693/111/1947
f 2303/111/1953 2547/111/1950 2690/111/1933
f 2541/111/1938 2687/111/1937 2542/111/1939
f 2303/111/1953 2542/111/1939 2691/111/1944
f 2303/111/1953 2549/111/1954 2694/111/1951
f 2550/111/1944 2691/111/1944 2544/111/1943
f 2544/111/1943 2692/111/1942 2551/111/1942
f 2304/111/1955 2551/111/1942 2636/111/1956
f 2304/111/1955 2356/111/1528 2635/111/1957
f 2551/111/1942 2692/111/1942 2546/111/1948
f 2546/111/1948 2693/111/1947 2552/111/1958
f 2305/111/1948 2552/111/1958 2637/111/1959
f 2305/111/1948 2357/111/1530 2636/111/1956
f 2552/111/1958 2693/111/1947 2548/111/1952
f 2548/111/1952 2694/111/1951 2553/111/1960
f 2306/111/1952 2553/111/1960 2638/111/1961
f 2306/111/1952 2358/111/1531 2637/111/1959
f 2553/111/1960 2694/111/1951 2549/111/1954
f 2549/111/1954 2691/111/1944 2550/111/1944
f 2307/111/1954 2550/111/1944 2635/111/1957
f 2307/111/1954 2355/111/1527 2638/111/1961
f 2695/111/1424 2829/111/1428 3087/111/1534
f 2697/111/1436 2836/111/1438 3092/111/1592
f 2838/111/1446 3097/111/1638 2841/111/1447
f 2699/111/1962 2843/111/1966 3101/111/1963
f 2699/111/1962 2844/111/1968 3100/111/1965
f 2699/111/1962 2845/111/1970 3099/111/1967
f 2699/111/1962 2842/111/1964 3098/111/1969
f 2847/111/1971 3106/111/2098 2846/111/1972
f 2848/111/1974 3107/111/2097 2847/111/1971
f 2849/111/1975 3108/111/2100 2848/111/1974
f 2846/111/1972 3109/111/2101 2849/111/1975
f 2701/111/1976 2851/111/1980 3113/111/1977
f 2701/111/1976 2852/111/1982 3112/111/1979
f 2701/111/1976 2853/111/1984 3111/111/1981
f 2701/111/1976 2850/111/1978 3110/111/1983
f 2855/111/1985 3118/111/2151 2854/111/1986
f 2856/111/1988 3119/111/2150 2855/111/1985
f 2857/111/1989 3120/111/2152 2856/111/1988
f 2854/111/1986 3121/111/2153 2857/111/1989
f 2703/111/1990 2859/111/1994 3125/111/1991
f 2703/111/1990 2860/111/1996 3124/111/1993
f 2703/111/1990 2861/111/1998 3123/111/1995
f 2703/111/1990 2858/111/1992 3122/111/1997
f 2863/111/1999 3130/111/2205 2862/111/2000
f 2864/111/2002 3131/111/2204 2863/111/1999
f 2865/111/2003 3132/111/2206 2864/111/2002
f 2862/111/2000 3133/111/2208 2865/111/2003
f 2705/111/2004 2867/111/2008 3137/111/2005
f 2705/111/2004 2868/111/2010 3136/111/2007
f 2705/111/2004 2869/111/2012 3135/111/2009
f 2705/111/2004 2866/111/2006 3134/111/2011
f 2871/111/2013 3142/111/2258 2870/111/2014
f 2872/111/2016 3143/111/2257 2871/111/2013
f 2873/111/2017 3144/111/2259 2872/111/2016
f 2870/111/2014 3145/111/2260 2873/111/2017
f 2707/111/2018 2875/111/2022 3149/111/2019
f 2707/111/2018 2876/111/2024 3148/111/2021
f 2707/111/2018 2877/111/2026 3147/111/2023
f 2707/111/2018 2874/111/2020 3146/111/2025
f 2879/111/2027 3154/111/2311 2878/111/2028
f 2880/111/2030 3155/111/2310 2879/111/2027
f 2881/111/2031 3156/111/2312 2880/111/2030
f 2878/111/2028 3157/111/2313 2881/111/2031
f 2709/111/2032 2883/111/2036 3161/111/2033
f 2709/111/2032 2884/111/2038 3160/111/2035
f 2709/111/2032 2885/111/2040 3159/111/2037
f 2709/111/2032 2882/111/2034 3158/111/2039
f 2887/111/2041 3166/111/2363 2886/111/2042
f 2888/111/2044 3167/111/2362 2887/111/2041
f 2889/111/2045 3168/111/2365 2888/111/2044
f 2886/111/2042 3169/111/2367 2889/111/2045
f 2711/111/1532 2891/111/1537 3089/111/1550
f 2895/111/1555 3090/111/1540 2893/111/1544
f 2716/111/1559 2896/111/1561 3171/111/1572
f 2897/111/1570 3170/111/1563 2894/111/1552
f 2899/111/1579 3172/111/1578 2902/111/1578
f 2724/111/1588 2905/111/1600 3091/111/1441
f 2724/111/1588 2906/111/2047 3094/111/2046
f 2724/111/1588 2904/111/1589 3093/111/1604
f 2726/111/1603 2909/111/1614 3094/111/2046
f 2910/111/1606 3173/111/1615 2909/111/1614
f 2907/111/1598 3095/111/1602 2911/111/1617
f 2727/111/1611 2911/111/1617 3174/111/1632
f 2913/111/1633 3173/111/1615 2910/111/1606
f 2728/111/1619 2914/111/1621 3176/111/1634
f 2918/111/1624 3177/111/1624 2916/111/1630
f 2732/111/1630 2841/111/1447 3097/111/1638
f 2733/111/2048 2845/111/1970 3098/111/1969
f 2733/111/2048 2920/111/2051 3099/111/1967
f 2733/111/2048 2921/111/2053 3103/111/2050
f 2733/111/2048 2919/111/2049 3102/111/2052
f 2734/111/2054 2844/111/1968 3099/111/1967
f 2734/111/2054 2922/111/2056 3100/111/1965
f 2734/111/2054 2923/111/2057 3104/111/2055
f 2920/111/2051 3103/111/2050 2923/111/2057
f 2735/111/2058 2843/111/1966 3100/111/1965
f 2735/111/2058 2924/111/2060 3101/111/1963
f 2925/111/2059 3105/111/2063 2924/111/2060
f 2922/111/2056 3104/111/2055 2925/111/2059
f 2736/111/2061 2842/111/1964 3101/111/1963
f 2736/111/2061 2919/111/2049 3098/111/1969
f 2926/111/2062 3102/111/2052 2919/111/2049
f 2736/111/2061 2924/111/2060 3105/111/2063
f 2737/111/2064 2921/111/2053 3102/111/2052
f 2737/111/2064 2928/111/2067 3103/111/2050
f 2929/111/2066 3179/111/2071 2928/111/2067
f 2927/111/2065 3178/111/2078 2929/111/2066
f 2923/111/2057 3103/111/2050 2928/111/2067
f 2738/111/2068 2930/111/2070 3104/111/2055
f 2931/111/2069 3180/111/2075 2930/111/2070
f 2738/111/2068 2928/111/2067 3179/111/2071
f 2925/111/2059 3104/111/2055 2930/111/2070
f 2932/111/2073 3105/111/2063 2925/111/2059
f 2739/111/2072 2933/111/2076 3181/111/2074
f 2739/111/2072 2930/111/2070 3180/111/2075
f 2740/111/2077 2926/111/2062 3105/111/2063
f 2927/111/2065 3102/111/2052 2926/111/2062
f 2740/111/2077 2934/111/2079 3178/111/2078
f 2932/111/2073 3181/111/2074 2934/111/2079
f 2929/111/2066 3178/111/2078 2935/111/2080
f 2936/111/2082 3179/111/2071 2929/111/2066
f 2741/111/2081 2937/111/2085 3183/111/2083
f 2741/111/2081 2935/111/2080 3182/111/2084
f 2931/111/2069 3179/111/2071 2936/111/2082
f 2742/111/2086 2938/111/2088 3180/111/2075
f 2742/111/2086 2939/111/2089 3184/111/2087
f 2742/111/2086 2936/111/2082 3183/111/2083
f 2933/111/2076 3180/111/2075 2938/111/2088
f 2940/111/2091 3181/111/2074 2933/111/2076
f 2743/111/2090 2941/111/2093 3185/111/2092
f 2743/111/2090 2938/111/2088 3184/111/2087
f 2744/111/2094 2934/111/2079 3181/111/2074
f 2935/111/2080 3178/111/2078 2934/111/2079
f 2744/111/2094 2942/111/2095 3182/111/2084
f 2744/111/2094 2940/111/2091 3185/111/2092
f 2937/111/2085 3182/111/2084 2943/111/2084
f 2944/111/2096 3183/111/2083 2937/111/2085
f 2745/111/2085 2847/111/1971 3107/111/2097
f 2745/111/2085 2943/111/2084 3106/111/2098
f 2939/111/2089 3183/111/2083 2944/111/2096
f 2945/111/2087 3184/111/2087 2939/111/2089
f 2746/111/2099 2848/111/1974 3108/111/2100
f 2746/111/2099 2944/111/2096 3107/111/2097
f 2941/111/2093 3184/111/2087 2945/111/2087
f 2946/111/2092 3185/111/2092 2941/111/2093
f 2747/111/2093 2849/111/1975 3109/111/2101
f 2747/111/2093 2945/111/2087 3108/111/2100
f 2942/111/2095 3185/111/2092 2946/111/2092
f 2943/111/2084 3182/111/2084 2942/111/2095
f 2748/111/2095 2846/111/1972 3106/111/2098
f 2748/111/2095 2946/111/2092 3109/111/2101
f 2749/111/2102 2853/111/1984 3110/111/1983
f 2749/111/2102 2948/111/2105 3111/111/1981
f 2749/111/2102 2949/111/2107 3115/111/2104
f 2749/111/2102 2947/111/2103 3114/111/2106
f 2750/111/2108 2852/111/1982 3111/111/1981
f 2750/111/2108 2950/111/2110 3112/111/1979
f 2750/111/2108 2951/111/2111 3116/111/2109
f 2948/111/2105 3115/111/2104 2951/111/2111
f 2751/111/2112 2851/111/1980 3112/111/1979
f 2751/111/2112 2952/111/2114 3113/111/1977
f 2953/111/2113 3117/111/2117 2952/111/2114
f 2950/111/2110 3116/111/2109 2953/111/2113
f 2752/111/2115 2850/111/1978 3113/111/1977
f 2752/111/2115 2947/111/2103 3110/111/1983
f 2954/111/2116 3114/111/2106 2947/111/2103
f 2752/111/2115 2952/111/2114 3117/111/2117
f 2753/111/2118 2949/111/2107 3114/111/2106
f 2753/111/2118 2956/111/2121 3115/111/2104
f 2957/111/2120 3187/111/2125 2956/111/2121
f 2955/111/2119 3186/111/2132 2957/111/2120
f 2951/111/2111 3115/111/2104 2956/111/2121
f 2754/111/2122 2958/111/2124 3116/111/2109
f 2959/111/2123 3188/111/2129 2958/111/2124
f 2754/111/2122 2956/111/2121 3187/111/2125
f 2953/111/2113 3116/111/2109 2958/111/2124
f 2960/111/2127 3117/111/2117 2953/111/2113
f 2755/111/2126 2961/111/2130 3189/111/2128
f 2755/111/2126 2958/111/2124 3188/111/2129
f 2756/111/2131 2954/111/2116 3117/111/2117
f 2955/111/2119 3114/111/2106 2954/111/2116
f 2756/111/2131 2962/111/2133 3186/111/2132
f 2960/111/2127 3189/111/2128 2962/111/2133
f 2957/111/2120 3186/111/2132 2963/111/2134
f 2964/111/2136 3187/111/2125 2957/111/2120
f 2757/111/2135 2965/111/2139 3191/111/2137
f 2757/111/2135 2963/111/2134 3190/111/2138
f 2959/111/2123 3187/111/2125 2964/111/2136
f 2758/111/2140 2966/111/2142 3188/111/2129
f 2758/111/2140 2967/111/2143 3192/111/2141
f 2758/111/2140 2964/111/2136 3191/111/2137
f 2961/111/2130 3188/111/2129 2966/111/2142
f 2968/111/2145 3189/111/2128 2961/111/2130
f 2759/111/2144 2969/111/2147 3193/111/2146
f 2759/111/2144 2966/111/2142 3192/111/2141
f 2760/111/2148 2962/111/2133 3189/111/2128
f 2963/111/2134 3186/111/2132 2962/111/2133
f 2760/111/2148 2970/111/2149 3190/111/2138
f 2760/111/2148 2968/111/2145 3193/111/2146
f 2965/111/2139 3190/111/2138 2971/111/2138
f 2972/111/2137 3191/111/2137 2965/111/2139
f 2761/111/2139 2855/111/1985 3119/111/2150
f 2761/111/2139 2971/111/2138 3118/111/2151
f 2967/111/2143 3191/111/2137 2972/111/2137
f 2973/111/2141 3192/111/2141 2967/111/2143
f 2762/111/2143 2856/111/1988 3120/111/2152
f 2762/111/2143 2972/111/2137 3119/111/2150
f 2969/111/2147 3192/111/2141 2973/111/2141
f 2974/111/2146 3193/111/2146 2969/111/2147
f 2763/111/2147 2857/111/1989 3121/111/2153
f 2763/111/2147 2973/111/2141 3120/111/2152
f 2970/111/2149 3193/111/2146 2974/111/2146
f 2971/111/2138 3190/111/2138 2970/111/2149
f 2764/111/2149 2854/111/1986 3118/111/2151
f 2764/111/2149 2974/111/2146 3121/111/2153
f 2765/111/2154 2861/111/1998 3122/111/1997
f 2765/111/2154 2976/111/2157 3123/111/1995
f 2765/111/2154 2977/111/2159 3127/111/2156
f 2765/111/2154 2975/111/2155 3126/111/2158
f 2766/111/2160 2860/111/1996 3123/111/1995
f 2766/111/2160 2978/111/2162 3124/111/1993
f 2766/111/2160 2979/111/2163 3128/111/2161
f 2976/111/2157 3127/111/2156 2979/111/2163
f 2767/111/2164 2859/111/1994 3124/111/1993
f 2767/111/2164 2980/111/2166 3125/111/1991
f 2981/111/2165 3129/111/2169 2980/111/2166
f 2978/111/2162 3128/111/2161 2981/111/2165
f 2768/111/2167 2858/111/1992 3125/111/1991
f 2768/111/2167 2975/111/2155 3122/111/1997
f 2982/111/2168 3126/111/2158 2975/111/2155
f 2768/111/2167 2980/111/2166 3129/111/2169
f 2769/111/2170 2977/111/2159 3126/111/2158
f 2769/111/2170 2984/111/2173 3127/111/2156
f 2985/111/2172 3195/111/2177 2984/111/2173
f 2983/111/2171 3194/111/2184 2985/111/2172
f 2979/111/2163 3127/111/2156 2984/111/2173
f 2770/111/2174 2986/111/2176 3128/111/2161
f 2987/111/2175 3196/111/2181 2986/111/2176
f 2770/111/2174 2984/111/2173 3195/111/2177
f 2981/111/2165 3128/111/2161 2986/111/2176
f 2988/111/2179 3129/111/2169 2981/111/2165
f 2771/111/2178 2989/111/2182 3197/111/2180
f 2771/111/2178 2986/111/2176 3196/111/2181
f 2772/111/2183 2982/111/2168 3129/111/2169
f 2983/111/2171 3126/111/2158 2982/111/2168
f 2772/111/2183 2990/111/2185 3194/111/2184
f 2988/111/2179 3197/111/2180 2990/111/2185
f 2985/111/2172 3194/111/2184 2991/111/2186
f 2992/111/2188 3195/111/2177 2985/111/2172
f 2773/111/2187 2993/111/2191 3199/111/2189
f 2773/111/2187 2991/111/2186 3198/111/2190
f 2987/111/2175 3195/111/2177 2992/111/2188
f 2774/111/2192 2994/111/2194 3196/111/2181
f 2774/111/2192 2995/111/2195 3200/111/2193
f 2774/111/2192 2992/111/2188 3199/111/2189
f 2989/111/2182 3196/111/2181 2994/111/2194
f 2996/111/2197 3197/111/2180 2989/111/2182
f 2775/111/2196 2997/111/2199 3201/111/2198
f 2775/111/2196 2994/111/2194 3200/111/2193
f 2776/111/2200 2990/111/2185 3197/111/2180
f 2991/111/2186 3194/111/2184 2990/111/2185
f 2776/111/2200 2998/111/2201 3198/111/2190
f 2776/111/2200 2996/111/2197 3201/111/2198
f 2993/111/2191 3198/111/2190 2999/111/2202
f 3000/111/2189 3199/111/2189 2993/111/2191
f 2777/111/2203 2863/111/1999 3131/111/2204
f 2777/111/2203 2999/111/2202 3130/111/2205
f 2995/111/2195 3199/111/2189 3000/111/2189
f 3001/111/2193 3200/111/2193 2995/111/2195
f 2778/111/2195 2864/111/2002 3132/111/2206
f 2778/111/2195 3000/111/2189 3131/111/2204
f 2997/111/2199 3200/111/2193 3001/111/2193
f 3002/111/2198 3201/111/2198 2997/111/2199
f 2779/111/2207 2865/111/2003 3133/111/2208
f 2779/111/2207 3001/111/2193 3132/111/2206
f 2998/111/2201 3201/111/2198 3002/111/2198
f 2999/111/2202 3198/111/2190 2998/111/2201
f 2780/111/2201 2862/111/2000 3130/111/2205
f 2780/111/2201 3002/111/2198 3133/111/2208
f 2781/111/2209 2869/111/2012 3134/111/2011
f 2781/111/2209 3004/111/2212 3135/111/2009
f 2781/111/2209 3005/111/2214 3139/111/2211
f 2781/111/2209 3003/111/2210 3138/111/2213
f 2782/111/2215 2868/111/2010 3135/111/2009
f 2782/111/2215 3006/111/2217 3136/111/2007
f 2782/111/2215 3007/111/2218 3140/111/2216
f 3004/111/2212 3139/111/2211 3007/111/2218
f 2783/111/2219 2867/111/2008 3136/111/2007
f 2783/111/2219 3008/111/2221 3137/111/2005
f 3009/111/2220 3141/111/2224 3008/111/2221
f 3006/111/2217 3140/111/2216 3009/111/2220
f 2784/111/2222 2866/111/2006 3137/111/2005
f 2784/111/2222 3003/111/2210 3134/111/2011
f 3010/111/2223 3138/111/2213 3003/111/2210
f 2784/111/2222 3008/111/2221 3141/111/2224
f 2785/111/2225 3005/111/2214 3138/111/2213
f 2785/111/2225 3012/111/2228 3139/111/2211
f 3013/111/2227 3203/111/2232 3012/111/2228
f 3011/111/2226 3202/111/2239 3013/111/2227
f 3007/111/2218 3139/111/2211 3012/111/2228
f 2786/111/2229 3014/111/2231 3140/111/2216
f 3015/111/2230 3204/111/2236 3014/111/2231
f 2786/111/2229 3012/111/2228 3203/111/2232
f 3009/111/2220 3140/111/2216 3014/111/2231
f 3016/111/2234 3141/111/2224 3009/111/2220
f 2787/111/2233 3017/111/2237 3205/111/2235
f 2787/111/2233 3014/111/2231 3204/111/2236
f 2788/111/2238 3010/111/2223 3141/111/2224
f 3011/111/2226 3138/111/2213 3010/111/2223
f 2788/111/2238 3018/111/2240 3202/111/2239
f 3016/111/2234 3205/111/2235 3018/111/2240
f 3013/111/2227 3202/111/2239 3019/111/2241
f 3020/111/2243 3203/111/2232 3013/111/2227
f 2789/111/2242 3021/111/2246 3207/111/2244
f 2789/111/2242 3019/111/2241 3206/111/2245
f 3015/111/2230 3203/111/2232 3020/111/2243
f 2790/111/2247 3022/111/2249 3204/111/2236
f 2790/111/2247 3023/111/2250 3208/111/2248
f 2790/111/2247 3020/111/2243 3207/111/2244
f 3017/111/2237 3204/111/2236 3022/111/2249
f 3024/111/2252 3205/111/2235 3017/111/2237
f 2791/111/2251 3025/111/2254 3209/111/2253
f 2791/111/2251 3022/111/2249 3208/111/2248
f 2792/111/2255 3018/111/2240 3205/111/2235
f 3019/111/2241 3202/111/2239 3018/111/2240
f 2792/111/2255 3026/111/2256 3206/111/2245
f 2792/111/2255 3024/111/2252 3209/111/2253
f 3021/111/2246 3206/111/2245 3027/111/2245
f 3028/111/2244 3207/111/2244 3021/111/2246
f 2793/111/2246 2871/111/2013 3143/111/2257
f 2793/111/2246 3027/111/2245 3142/111/2258
f 3023/111/2250 3207/111/2244 3028/111/2244
f 3029/111/2248 3208/111/2248 3023/111/2250
f 2794/111/2250 2872/111/2016 3144/111/2259
f 2794/111/2250 3028/111/2244 3143/111/2257
f 3025/111/2254 3208/111/2248 3029/111/2248
f 3030/111/2253 3209/111/2253 3025/111/2254
f 2795/111/2254 2873/111/2017 3145/111/2260
f 2795/111/2254 3029/111/2248 3144/111/2259
f 3026/111/2256 3209/111/2253 3030/111/2253
f 3027/111/2245 3206/111/2245 3026/111/2256
f 2796/111/2256 2870/111/2014 3142/111/2258
f 2796/111/2256 3030/111/2253 3145/111/2260
f 2797/111/2261 2877/111/2026 3146/111/2025
f 2797/111/2261 3032/111/2264 3147/111/2023
f 2797/111/2261 3033/111/2266 3151/111/2263
f 2797/111/2261 3031/111/2262 3150/111/2265
f 2798/111/2267 2876/111/2024 3147/111/2023
f 2798/111/2267 3034/111/2269 3148/111/2021
f 2798/111/2267 3035/111/2270 3152/111/2268
f 3032/111/2264 3151/111/2263 3035/111/2270
f 2799/111/2271 2875/111/2022 3148/111/2021
f 2799/111/2271 3036/111/2273 3149/111/2019
f 3037/111/2272 3153/111/2276 3036/111/2273
f 3034/111/2269 3152/111/2268 3037/111/2272
f 2800/111/2274 2874/111/2020 3149/111/2019
f 2800/111/2274 3031/111/2262 3146/111/2025
f 3038/111/2275 3150/111/2265 3031/111/2262
f 2800/111/2274 3036/111/2273 3153/111/2276
f 2801/111/2277 3033/111/2266 3150/111/2265
f 2801/111/2277 3040/111/2280 3151/111/2263
f 3041/111/2279 3211/111/2284 3040/111/2280
f 3039/111/2278 3210/111/2291 3041/111/2279
f 3035/111/2270 3151/111/2263 3040/111/2280
f 2802/111/2281 3042/111/2283 3152/111/2268
f 3043/111/2282 3212/111/2288 3042/111/2283
f 2802/111/2281 3040/111/2280 3211/111/2284
f 3037/111/2272 3152/111/2268 3042/111/2283
f 3044/111/2286 3153/111/2276 3037/111/2272
f 2803/111/2285 3045/111/2289 3213/111/2287
f 2803/111/2285 3042/111/2283 3212/111/2288
f 2804/111/2290 3038/111/2275 3153/111/2276
f 3039/111/2278 3150/111/2265 3038/111/2275
f 2804/111/2290 3046/111/2292 3210/111/2291
f 3044/111/2286 3213/111/2287 3046/111/2292
f 3041/111/2279 3210/111/2291 3047/111/2293
f 3048/111/2295 3211/111/2284 3041/111/2279
f 2805/111/2294 3049/111/2298 3215/111/2296
f 2805/111/2294 3047/111/2293 3214/111/2297
f 3043/111/2282 3211/111/2284 3048/111/2295
f 2806/111/2299 3050/111/2301 3212/111/2288
f 2806/111/2299 3051/111/2302 3216/111/2300
f 2806/111/2299 3048/111/2295 3215/111/2296
f 3045/111/2289 3212/111/2288 3050/111/2301
f 3052/111/2304 3213/111/2287 3045/111/2289
f 2807/111/2303 3053/111/2306 3217/111/2305
f 2807/111/2303 3050/111/2301 3216/111/2300
f 2808/111/2307 3046/111/2292 3213/111/2287
f 3047/111/2293 3210/111/2291 3046/111/2292
f 2808/111/2307 3054/111/2308 3214/111/2297
f 2808/111/2307 3052/111/2304 3217/111/2305
f 3049/111/2298 3214/111/2297 3055/111/2309
f 3056/111/2296 3215/111/2296 3049/111/2298
f 2809/111/2298 2879/111/2027 3155/111/2310
f 2809/111/2298 3055/111/2309 3154/111/2311
f 3051/111/2302 3215/111/2296 3056/111/2296
f 3057/111/2300 3216/111/2300 3051/111/2302
f 2810/111/2302 2880/111/2030 3156/111/2312
f 2810/111/2302 3056/111/2296 3155/111/2310
f 3053/111/2306 3216/111/2300 3057/111/2300
f 3058/111/2305 3217/111/2305 3053/111/2306
f 2811/111/2306 2881/111/2031 3157/111/2313
f 2811/111/2306 3057/111/2300 3156/111/2312
f 3054/111/2308 3217/111/2305 3058/111/2305
f 3055/111/2309 3214/111/2297 3054/111/2308
f 2812/111/2308 2878/111/2028 3154/111/2311
f 2812/111/2308 3058/111/2305 3157/111/2313
f 2813/111/2314 2885/111/2040 3158/111/2039
f 2813/111/2314 3060/111/2317 3159/111/2037
f 2813/111/2314 3061/111/2319 3163/111/2316
f 2813/111/2314 3059/111/2315 3162/111/2318
f 2814/111/2320 2884/111/2038 3159/111/2037
f 2814/111/2320 3062/111/2322 3160/111/2035
f 2814/111/2320 3063/111/2323 3164/111/2321
f 3060/111/2317 3163/111/2316 3063/111/2323
f 2815/111/2324 2883/111/2036 3160/111/2035
f 2815/111/2324 3064/111/2326 3161/111/2033
f 3065/111/2325 3165/111/2329 3064/111/2326
f 3062/111/2322 3164/111/2321 3065/111/2325
f 2816/111/2327 2882/111/2034 3161/111/2033
f 2816/111/2327 3059/111/2315 3158/111/2039
f 3066/111/2328 3162/111/2318 3059/111/2315
f 2816/111/2327 3064/111/2326 3165/111/2329
f 2817/111/2330 3061/111/2319 3162/111/2318
f 2817/111/2330 3068/111/2333 3163/111/2316
f 3069/111/2332 3219/111/2337 3068/111/2333
f 3067/111/2331 3218/111/2344 3069/111/2332
f 3063/111/2323 3163/111/2316 3068/111/2333
f 2818/111/2334 3070/111/2336 3164/111/2321
f 3071/111/2335 3220/111/2341 3070/111/2336
f 2818/111/2334 3068/111/2333 3219/111/2337
f 3065/111/2325 3164/111/2321 3070/111/2336
f 3072/111/2339 3165/111/2329 3065/111/2325
f 2819/111/2338 3073/111/2342 3221/111/2340
f 2819/111/2338 3070/111/2336 3220/111/2341
f 2820/111/2343 3066/111/2328 3165/111/2329
f 3067/111/2331 3162/111/2318 3066/111/2328
f 2820/111/2343 3074/111/2345 3218/111/2344
f 3072/111/2339 3221/111/2340 3074/111/2345
f 3069/111/2332 3218/111/2344 3075/111/2346
f 3076/111/2348 3219/111/2337 3069/111/2332
f 2821/111/2347 3077/111/2351 3223/111/2349
f 2821/111/2347 3075/111/2346 3222/111/2350
f 3071/111/2335 3219/111/2337 3076/111/2348
f 2822/111/2352 3078/111/2354 3220/111/2341
f 2822/111/2352 3079/111/2355 3224/111/2353
f 2822/111/2352 3076/111/2348 3223/111/2349
f 3073/111/2342 3220/111/2341 3078/111/2354
f 3080/111/2357 3221/111/2340 3073/111/2342
f 2823/111/2356 3081/111/2359 3225/111/2358
f 2823/111/2356 3078/111/2354 3224/111/2353
f 2824/111/2360 3074/111/2345 3221/111/2340
f 3075/111/2346 3218/111/2344 3074/111/2345
f 2824/111/2360 3082/111/2361 3222/111/2350
f 2824/111/2360 3080/111/2357 3225/111/2358
f 3077/111/2351 3222/111/2350 3083/111/2350
f 3084/111/2349 3223/111/2349 3077/111/2351
f 2825/111/2351 2887/111/2041 3167/111/2362
f 2825/111/2351 3083/111/2350 3166/111/2363
f 3079/111/2355 3223/111/2349 3084/111/2349
f 3085/111/2364 3224/111/2353 3079/111/2355
f 2826/111/2355 2888/111/2044 3168/111/2365
f 2826/111/2355 3084/111/2349 3167/111/2362
f 3081/111/2359 3224/111/2353 3085/111/2364
f 3086/111/2366 3225/111/2358 3081/111/2359
f 2827/111/2359 2889/111/2045 3169/111/2367
f 2827/111/2359 3085/111/2364 3168/111/2365
f 3082/111/2361 3225/111/2358 3086/111/2366
f 3083/111/2350 3222/111/2350 3082/111/2361
f 2828/111/2361 2886/111/2042 3166/111/2363
f 2828/111/2361 3086/111/2366 3169/111/2367
f 3226/111/2368 3316/111/2376 3504/111/2369
f 3226/111/2368 3317/111/2370 3503/111/2371
f 3226/111/2368 3318/111/2372 3502/111/2373
f 3226/111/2368 3319/111/2374 3501/111/2375
f 3320/111/2377 3505/111/2481 3321/111/2378
f 3321/111/2378 3506/111/2480 3322/111/2380
f 3322/111/2380 3507/111/2482 3323/111/2381
f 3323/111/2381 3508/111/2483 3320/111/2377
f 3324/111/2382 3525/111/2568 3325/111/2383
f 3325/111/2383 3526/111/2567 3326/111/2385
f 3326/111/2385 3527/111/2571 3327/111/2386
f 3327/111/2386 3528/111/2574 3324/111/2382
f 3328/111/2387 3532/111/2586 3329/111/2388
f 3329/111/2388 3531/111/2581 3330/111/2390
f 3229/111/2389 3330/111/2390 3530/111/2391
f 3229/111/2389 3331/111/2392 3529/111/2393
f 3332/111/2394 3537/111/2614 3333/111/2395
f 3333/111/2395 3538/111/2613 3334/111/2397
f 3334/111/2397 3539/111/2617 3335/111/2398
f 3335/111/2398 3540/111/2620 3332/111/2394
f 3231/111/2399 3336/111/2407 3544/111/2400
f 3231/111/2399 3337/111/2401 3543/111/2402
f 3231/111/2399 3338/111/2403 3542/111/2404
f 3231/111/2399 3339/111/2405 3541/111/2406
f 3340/111/2408 3549/111/2671 3341/111/2409
f 3341/111/2409 3550/111/2670 3342/111/2411
f 3342/111/2411 3551/111/2672 3343/111/2412
f 3343/111/2412 3552/111/2673 3340/111/2408
f 3233/111/2413 3344/111/2421 3556/111/2414
f 3233/111/2413 3345/111/2415 3555/111/2416
f 3233/111/2413 3346/111/2417 3554/111/2418
f 3233/111/2413 3347/111/2419 3553/111/2420
f 3234/111/2422 3348/111/2430 3557/111/2423
f 3234/111/2422 3349/111/2424 3558/111/2425
f 3234/111/2422 3350/111/2426 3559/111/2427
f 3234/111/2422 3351/111/2428 3560/111/2429
f 3235/111/2431 3352/111/2439 3561/111/2432
f 3235/111/2431 3353/111/2433 3562/111/2434
f 3235/111/2431 3354/111/2435 3563/111/2436
f 3235/111/2431 3355/111/2437 3564/111/2438
f 3236/111/2440 3356/111/2446 3509/111/2441
f 3357/111/2442 3510/111/2448 3358/111/2443
f 3236/111/2440 3358/111/2443 3566/111/2444
f 3359/111/2445 3565/111/2460 3356/111/2446
f 3237/111/2447 3358/111/2443 3510/111/2448
f 3360/111/2449 3511/111/2505 3361/111/2450
f 3237/111/2447 3361/111/2450 3567/111/2451
f 3237/111/2447 3362/111/2452 3566/111/2444
f 3361/111/2450 3511/111/2505 3363/111/2453
f 3238/111/2454 3363/111/2453 3512/111/2455
f 3364/111/2456 3568/111/2462 3365/111/2457
f 3238/111/2454 3365/111/2457 3567/111/2451
f 3364/111/2456 3512/111/2455 3366/111/2458
f 3366/111/2458 3509/111/2441 3356/111/2446
f 3239/111/2459 3356/111/2446 3565/111/2460
f 3239/111/2459 3367/111/2461 3568/111/2462
f 3368/111/2463 3565/111/2460 3359/111/2445
f 3359/111/2445 3566/111/2444 3369/111/2465
f 3240/111/2464 3369/111/2465 3570/111/2466
f 3240/111/2464 3370/111/2467 3569/111/2468
f 3369/111/2465 3566/111/2444 3362/111/2452
f 3362/111/2452 3567/111/2451 3371/111/2470
f 3241/111/2469 3371/111/2470 3571/111/2471
f 3241/111/2469 3372/111/2472 3570/111/2466
f 3371/111/2470 3567/111/2451 3365/111/2457
f 3365/111/2457 3568/111/2462 3373/111/2474
f 3242/111/2473 3373/111/2474 3572/111/2475
f 3242/111/2473 3374/111/2476 3571/111/2471
f 3373/111/2474 3568/111/2462 3367/111/2461
f 3367/111/2461 3565/111/2460 3368/111/2463
f 3243/111/2477 3368/111/2463 3569/111/2468
f 3243/111/2477 3375/111/2478 3572/111/2475
f 3376/111/2468 3569/111/2468 3370/111/2467
f 3370/111/2467 3570/111/2466 3377/111/2466
f 3244/111/2467 3377/111/2466 3574/111/2466
f 3244/111/2467 3378/111/2467 3573/111/2468
f 3377/111/2466 3570/111/2466 3372/111/2472
f 3372/111/2472 3571/111/2471 3379/111/2471
f 3245/111/2472 3379/111/2471 3575/111/2471
f 3245/111/2472 3380/111/2479 3574/111/2466
f 3379/111/2471 3571/111/2471 3374/111/2476
f 3374/111/2476 3572/111/2475 3381/111/2475
f 3246/111/2476 3381/111/2475 3576/111/2475
f 3246/111/2476 3382/111/2476 3575/111/2471
f 3381/111/2475 3572/111/2475 3375/111/2478
f 3375/111/2478 3569/111/2468 3376/111/2468
f 3247/111/2478 3376/111/2468 3573/111/2468
f 3247/111/2478 3383/111/2478 3576/111/2475
f 3384/111/2468 3573/111/2468 3378/111/2467
f 3378/111/2467 3574/111/2466 3385/111/2466
f 3248/111/2467 3385/111/2466 3506/111/2480
f 3248/111/2467 3321/111/2378 3505/111/2481
f 3385/111/2466 3574/111/2466 3380/111/2479
f 3380/111/2479 3575/111/2471 3386/111/2471
f 3249/111/2472 3386/111/2471 3507/111/2482
f 3249/111/2472 3322/111/2380 3506/111/2480
f 3386/111/2471 3575/111/2471 3382/111/2476
f 3382/111/2476 3576/111/2475 3387/111/2475
f 3250/111/2476 3387/111/2475 3508/111/2483
f 3250/111/2476 3323/111/2381 3507/111/2482
f 3387/111/2475 3576/111/2475 3383/111/2478
f 3383/111/2478 3573/111/2468 3384/111/2468
f 3251/111/2478 3384/111/2468 3505/111/2481
f 3251/111/2478 3320/111/2377 3508/111/2483
f 3252/111/2484 3388/111/2488 3501/111/2375
f 3252/111/2484 3319/111/2374 3502/111/2373
f 3389/111/2485 3578/111/2492 3390/111/2486
f 3252/111/2484 3390/111/2486 3577/111/2487
f 3253/111/2489 3389/111/2485 3502/111/2373
f 3253/111/2489 3318/111/2372 3503/111/2371
f 3391/111/2490 3579/111/2503 3392/111/2491
f 3253/111/2489 3392/111/2491 3578/111/2492
f 3254/111/2493 3391/111/2490 3503/111/2371
f 3254/111/2493 3317/111/2370 3504/111/2369
f 3254/111/2493 3393/111/2494 3580/111/2495
f 3394/111/2496 3579/111/2503 3391/111/2490
f 3255/111/2497 3393/111/2494 3504/111/2369
f 3255/111/2497 3316/111/2376 3501/111/2375
f 3255/111/2497 3388/111/2488 3577/111/2487
f 3395/111/2498 3580/111/2495 3393/111/2494
f 3396/111/2499 3577/111/2487 3390/111/2486
f 3256/111/2500 3390/111/2486 3578/111/2492
f 3256/111/2500 3397/111/2501 3510/111/2448
f 3256/111/2500 3357/111/2442 3509/111/2441
f 3397/111/2501 3578/111/2492 3392/111/2491
f 3257/111/2502 3392/111/2491 3579/111/2503
f 3257/111/2502 3398/111/2504 3511/111/2505
f 3257/111/2502 3360/111/2449 3510/111/2448
f 3258/111/2506 3398/111/2504 3579/111/2503
f 3394/111/2496 3580/111/2495 3399/111/2507
f 3258/111/2506 3399/111/2507 3512/111/2455
f 3258/111/2506 3363/111/2453 3511/111/2505
f 3259/111/2508 3399/111/2507 3580/111/2495
f 3395/111/2498 3577/111/2487 3396/111/2499
f 3259/111/2508 3396/111/2499 3509/111/2441
f 3259/111/2508 3366/111/2458 3512/111/2455
f 3260/111/2509 3400/111/2515 3513/111/2510
f 3260/111/2509 3401/111/2511 3514/111/2512
f 3402/111/2513 3518/111/2521 3403/111/2514
f 3403/111/2514 3517/111/2530 3400/111/2515
f 3402/111/2513 3514/111/2512 3404/111/2516
f 3261/111/2517 3404/111/2516 3515/111/2518
f 3405/111/2519 3519/111/2538 3406/111/2520
f 3261/111/2517 3406/111/2520 3518/111/2521
f 3262/111/2522 3405/111/2519 3515/111/2518
f 3407/111/2523 3516/111/2528 3408/111/2524
f 3262/111/2522 3408/111/2524 3520/111/2525
f 3409/111/2526 3519/111/2538 3405/111/2519
f 3263/111/2527 3408/111/2524 3516/111/2528
f 3410/111/2529 3513/111/2510 3400/111/2515
f 3263/111/2527 3400/111/2515 3517/111/2530
f 3411/111/2531 3520/111/2525 3408/111/2524
f 3264/111/2532 3412/111/2536 3517/111/2530
f 3264/111/2532 3403/111/2514 3518/111/2521
f 3264/111/2532 3413/111/2533 3522/111/2534
f 3414/111/2535 3521/111/2548 3412/111/2536
f 3413/111/2533 3518/111/2521 3406/111/2520
f 3265/111/2537 3406/111/2520 3519/111/2538
f 3415/111/2539 3523/111/5846 3416/111/2540
f 3416/111/2540 3522/111/2534 3413/111/2533
f 3266/111/2541 3415/111/2539 3519/111/2538
f 3409/111/2526 3520/111/2525 3417/111/2542
f 3417/111/2542 3524/111/2546 3418/111/2543
f 3418/111/2543 3523/111/5846 3415/111/2539
f 3267/111/2544 3417/111/2542 3520/111/2525
f 3411/111/2531 3517/111/2530 3412/111/2536
f 3412/111/2536 3521/111/2548 3419/111/2545
f 3267/111/2544 3419/111/2545 3524/111/2546
f 3268/111/2547 3420/111/2553 3521/111/2548
f 3414/111/2535 3522/111/2534 3421/111/2549
f 3268/111/2547 3421/111/2549 3582/111/2550
f 3268/111/2547 3422/111/2551 3581/111/2552
f 3269/111/2554 3421/111/2549 3522/111/2534
f 3416/111/2540 3523/111/5846 3423/111/2555
f 3269/111/2554 3423/111/2555 3583/111/2556
f 3424/111/2557 3582/111/2550 3421/111/2549
f 3423/111/2555 3523/111/5846 3418/111/2543
f 3270/111/2558 3418/111/2543 3524/111/2546
f 3425/111/2559 3584/111/2563 3426/111/2560
f 3270/111/2558 3426/111/2560 3583/111/2556
f 3425/111/2559 3524/111/2546 3419/111/2545
f 3271/111/2561 3419/111/2545 3521/111/2548
f 3420/111/2553 3581/111/2552 3427/111/2562
f 3271/111/2561 3427/111/2562 3584/111/2563
f 3428/111/2564 3581/111/2552 3422/111/2551
f 3422/111/2551 3582/111/2550 3429/111/2566
f 3272/111/2565 3429/111/2566 3526/111/2567
f 3272/111/2565 3325/111/2383 3525/111/2568
f 3273/111/2569 3429/111/2566 3582/111/2550
f 3424/111/2557 3583/111/2556 3430/111/2570
f 3273/111/2569 3430/111/2570 3527/111/2571
f 3273/111/2569 3326/111/2385 3526/111/2567
f 3430/111/2570 3583/111/2556 3426/111/2560
f 3274/111/2572 3426/111/2560 3584/111/2563
f 3274/111/2572 3431/111/2573 3528/111/2574
f 3274/111/2572 3327/111/2386 3527/111/2571
f 3431/111/2573 3584/111/2563 3427/111/2562
f 3275/111/2575 3427/111/2562 3581/111/2552
f 3275/111/2575 3428/111/2564 3525/111/2568
f 3275/111/2575 3324/111/2382 3528/111/2574
f 3276/111/2576 3432/111/2579 3529/111/2393
f 3276/111/2576 3331/111/2392 3530/111/2391
f 3433/111/2577 3534/111/2584 3434/111/2578
f 3434/111/2578 3533/111/2592 3432/111/2579
f 3433/111/2577 3530/111/2391 3330/111/2390
f 3277/111/2580 3330/111/2390 3531/111/2581
f 3435/111/2582 3535/111/2590 3436/111/2583
f 3277/111/2580 3436/111/2583 3534/111/2584
f 3278/111/2585 3435/111/2582 3531/111/2581
f 3278/111/2585 3329/111/2388 3532/111/2586
f 3278/111/2585 3437/111/2587 3536/111/2588
f 3278/111/2585 3438/111/2589 3535/111/2590
f 3279/111/2591 3437/111/2587 3532/111/2586
f 3328/111/2387 3529/111/2393 3432/111/2579
f 3279/111/2591 3432/111/2579 3533/111/2592
f 3439/111/2593 3536/111/2588 3437/111/2587
f 3440/111/2594 3533/111/2592 3434/111/2578
f 3434/111/2578 3534/111/2584 3441/111/2596
f 3280/111/2595 3441/111/2596 3586/111/2597
f 3280/111/2595 3442/111/2598 3585/111/2599
f 3281/111/2600 3441/111/2596 3534/111/2584
f 3436/111/2583 3535/111/2590 3443/111/2601
f 3281/111/2600 3443/111/2601 3587/111/2602
f 3444/111/2603 3586/111/2597 3441/111/2596
f 3282/111/2604 3443/111/2601 3535/111/2590
f 3282/111/2604 3438/111/2589 3536/111/2588
f 3445/111/2605 3588/111/2609 3446/111/2606
f 3446/111/2606 3587/111/2602 3443/111/2601
f 3445/111/2605 3536/111/2588 3439/111/2593
f 3283/111/2607 3439/111/2593 3533/111/2592
f 3440/111/2594 3585/111/2599 3447/111/2608
f 3283/111/2607 3447/111/2608 3588/111/2609
f 3448/111/2610 3585/111/2599 3442/111/2598
f 3442/111/2598 3586/111/2597 3449/111/2612
f 3284/111/2611 3449/111/2612 3538/111/2613
f 3284/111/2611 3333/111/2395 3537/111/2614
f 3285/111/2615 3449/111/2612 3586/111/2597
f 3444/111/2603 3587/111/2602 3450/111/2616
f 3285/111/2615 3450/111/2616 3539/111/2617
f 3285/111/2615 3334/111/2397 3538/111/2613
f 3450/111/2616 3587/111/2602 3446/111/2606
f 3446/111/2606 3588/111/2609 3451/111/2619
f 3286/111/2618 3451/111/2619 3540/111/2620
f 3286/111/2618 3335/111/2398 3539/111/2617
f 3451/111/2619 3588/111/2609 3447/111/2608
f 3287/111/2621 3447/111/2608 3585/111/2599
f 3287/111/2621 3448/111/2610 3537/111/2614
f 3287/111/2621 3332/111/2394 3540/111/2620
f 3288/111/2622 3452/111/2625 3541/111/2406
f 3288/111/2622 3339/111/2405 3542/111/2404
f 3453/111/2623 3546/111/2629 3454/111/2624
f 3454/111/2624 3545/111/2636 3452/111/2625
f 3453/111/2623 3542/111/2404 3338/111/2403
f 3289/111/2626 3338/111/2403 3543/111/2402
f 3455/111/2627 3547/111/2634 3456/111/2628
f 3289/111/2626 3456/111/2628 3546/111/2629
f 3290/111/2630 3455/111/2627 3543/111/2402
f 3290/111/2630 3337/111/2401 3544/111/2400
f 3290/111/2630 3457/111/2631 3548/111/2632
f 3290/111/2630 3458/111/2633 3547/111/2634
f 3291/111/2635 3457/111/2631 3544/111/2400
f 3336/111/2407 3541/111/2406 3452/111/2625
f 3291/111/2635 3452/111/2625 3545/111/2636
f 3459/111/2637 3548/111/2632 3457/111/2631
f 3460/111/2638 3545/111/2636 3454/111/2624
f 3454/111/2624 3546/111/2629 3461/111/2640
f 3292/111/2639 3461/111/2640 3590/111/2641
f 3292/111/2639 3462/111/2642 3589/111/2643
f 3293/111/2644 3461/111/2640 3546/111/2629
f 3456/111/2628 3547/111/2634 3463/111/2645
f 3293/111/2644 3463/111/2645 3591/111/2646
f 3464/111/2647 3590/111/2641 3461/111/2640
f 3294/111/2648 3463/111/2645 3547/111/2634
f 3294/111/2648 3458/111/2633 3548/111/2632
f 3465/111/2649 3592/111/2653 3466/111/2650
f 3466/111/2650 3591/111/2646 3463/111/2645
f 3465/111/2649 3548/111/2632 3459/111/2637
f 3295/111/2651 3459/111/2637 3545/111/2636
f 3460/111/2638 3589/111/2643 3467/111/2652
f 3295/111/2651 3467/111/2652 3592/111/2653
f 3468/111/2654 3589/111/2643 3462/111/2642
f 3462/111/2642 3590/111/2641 3469/111/2656
f 3296/111/2655 3469/111/2656 3594/111/2657
f 3296/111/2655 3470/111/2658 3593/111/2659
f 3297/111/2660 3469/111/2656 3590/111/2641
f 3464/111/2647 3591/111/2646 3471/111/2661
f 3297/111/2660 3471/111/2661 3595/111/2662
f 3297/111/2660 3472/111/2663 3594/111/2657
f 3471/111/2661 3591/111/2646 3466/111/2650
f 3466/111/2650 3592/111/2653 3473/111/2665
f 3298/111/2664 3473/111/2665 3596/111/2666
f 3298/111/2664 3474/111/2667 3595/111/2662
f 3473/111/2665 3592/111/2653 3467/111/2652
f 3299/111/2668 3467/111/2652 3589/111/2643
f 3299/111/2668 3468/111/2654 3593/111/2659
f 3299/111/2668 3475/111/2669 3596/111/2666
f 3476/111/2659 3593/111/2659 3470/111/2658
f 3470/111/2658 3594/111/2657 3477/111/2657
f 3300/111/2658 3477/111/2657 3550/111/2670
f 3300/111/2658 3341/111/2409 3549/111/2671
f 3477/111/2657 3594/111/2657 3472/111/2663
f 3472/111/2663 3595/111/2662 3478/111/2662
f 3301/111/2663 3478/111/2662 3551/111/2672
f 3301/111/2663 3342/111/2411 3550/111/2670
f 3478/111/2662 3595/111/2662 3474/111/2667
f 3474/111/2667 3596/111/2666 3479/111/2666
f 3302/111/2667 3479/111/2666 3552/111/2673
f 3302/111/2667 3343/111/2412 3551/111/2672
f 3479/111/2666 3596/111/2666 3475/111/2669
f 3475/111/2669 3593/111/2659 3476/111/2659
f 3303/111/2669 3476/111/2659 3549/111/2671
f 3303/111/2669 3340/111/2408 3552/111/2673
f 3304/111/2674 3480/111/2676 3553/111/2420
f 3304/111/2674 3347/111/2419 3554/111/2418
f 3481/111/2675 3514/111/2512 3401/111/2511
f 3401/111/2511 3513/111/2510 3480/111/2676
f 3305/111/2677 3481/111/2675 3554/111/2418
f 3305/111/2677 3346/111/2417 3555/111/2416
f 3482/111/2678 3515/111/2518 3404/111/2516
f 3305/111/2677 3404/111/2516 3514/111/2512
f 3306/111/2679 3482/111/2678 3555/111/2416
f 3306/111/2679 3345/111/2415 3556/111/2414
f 3306/111/2679 3483/111/2680 3516/111/2528
f 3407/111/2523 3515/111/2518 3482/111/2678
f 3307/111/2681 3483/111/2680 3556/111/2414
f 3307/111/2681 3344/111/2421 3553/111/2420
f 3307/111/2681 3480/111/2676 3513/111/2510
f 3410/111/2529 3516/111/2528 3483/111/2680
f 3308/111/2691 3489/111/2693 3597/111/2684
f 3308/111/2691 3485/111/2683 3598/111/2685
f 3308/111/2691 3490/111/2692 3558/111/2425
f 3308/111/2691 3349/111/2424 3557/111/2423
f 3309/111/2694 3490/111/2692 3598/111/2685
f 3309/111/2694 3486/111/2686 3599/111/2687
f 3309/111/2694 3491/111/2695 3559/111/2427
f 3309/111/2694 3350/111/2426 3558/111/2425
f 3310/111/2696 3491/111/2695 3599/111/2687
f 3310/111/2696 3487/111/2688 3600/111/2689
f 3310/111/2696 3492/111/2697 3560/111/2429
f 3310/111/2696 3351/111/2428 3559/111/2427
f 3311/111/2698 3492/111/2697 3600/111/2689
f 3311/111/2698 3488/111/2690 3597/111/2684
f 3311/111/2698 3489/111/2693 3557/111/2423
f 3311/111/2698 3348/111/2430 3560/111/2429
f 3312/111/2708 3497/111/2710 3602/111/2701
f 3312/111/2708 3493/111/2700 3603/111/2702
f 3312/111/2708 3498/111/2709 3562/111/2434
f 3312/111/2708 3353/111/2433 3561/111/2432
f 3313/111/2711 3498/111/2709 3603/111/2702
f 3313/111/2711 3494/111/2703 3604/111/2704
f 3313/111/2711 3499/111/2712 3563/111/2436
f 3313/111/2711 3354/111/2435 3562/111/2434
f 3314/111/2713 3499/111/2712 3604/111/2704
f 3314/111/2713 3495/111/2705 3605/111/2706
f 3314/111/2713 3500/111/2714 3564/111/2438
f 3314/111/2713 3355/111/2437 3563/111/2436
f 3315/111/2715 3500/111/2714 3605/111/2706
f 3315/111/2715 3496/111/2707 3602/111/2701
f 3315/111/2715 3497/111/2710 3561/111/2432
f 3315/111/2715 3352/111/2439 3564/111/2438
f 3608/112/2716 3613/112/2719 3626/112/2717
f 3613/112/2719 3623/112/2721 3628/112/2720
f 3622/113/2721 3617/113/2728 3630/113/2722
f 3631/112/2722 3618/112/2728 3608/112/2716
f 3619/114/2724 3616/114/5847 3606/114/2725
f 3614/113/2727 3609/113/5848 3617/113/2728
f 3630/113/2722 3625/113/2718 3607/113/2729
f 3629/113/2723 3630/113/2722 3615/113/2730
f 3611/112/2732 3626/112/2717 3628/112/2720
f 3606/114/2725 3635/114/2736 3632/114/2733
f 3637/113/2734 3636/113/2738 3633/113/2735
f 3627/113/2737 3612/113/5849 3633/113/2735
f 3625/113/2718 3637/113/2734 3634/113/2736
f 3627/113/2737 3636/113/2738 3637/113/2734
f 3638/110/2739 3651/110/2752 3650/110/2740
f 3645/110/2742 3649/110/2750 3648/110/2743
f 3640/110/2741 3644/110/2744 3642/110/2745
f 3645/110/2742 3644/110/2744 3640/110/2741
f 3638/110/2739 3642/110/2745 3643/110/2747
f 3643/110/2747 3645/110/2742 3641/110/2746
f 3646/110/2749 3648/110/2743 3649/110/2750
f 3646/110/2749 3647/110/2751 3643/110/2747
f 3643/110/2747 3647/110/2751 3649/110/2750
f 3648/110/2743 3646/110/2749 3642/110/2745
f 3651/110/2752 3652/110/2754 3653/110/2753
f 3641/110/2746 3640/110/2741 3650/110/2740
f 3639/110/2748 3652/110/2754 3651/110/2752
f 3639/110/2748 3641/110/2746 3653/110/2753
f 3666/110/2755 3667/110/2768 3654/110/2756
f 3661/110/2758 3660/110/2762 3664/110/2759
f 3656/110/2757 3654/110/2756 3658/110/2761
f 3656/110/2757 3660/110/2762 3661/110/2758
f 3654/110/2756 3655/110/2765 3659/110/2764
f 3657/110/2763 3661/110/2758 3659/110/2764
f 3662/110/2766 3663/110/2767 3665/110/2760
f 3659/110/2764 3663/110/2767 3662/110/2766
f 3659/110/2764 3661/110/2758 3665/110/2760
f 3658/110/2761 3662/110/2766 3664/110/2759
f 3667/110/2768 3666/110/2755 3669/110/2769
f 3657/110/2763 3669/110/2769 3666/110/2755
f 3667/110/2768 3668/110/2770 3655/110/2765
f 3655/110/2765 3668/110/2770 3669/110/2769
s 0
f 3671/115/493 3673/129/493 3672/116/493
f 3675/118/493 3677/130/493 3676/119/493
s 1
f 3808/121/2771 3692/121/2801 3693/121/2772
f 3813/121/2774 3809/121/2802 3685/121/2775
f 3814/121/2777 3812/121/2773 3693/121/2772
f 3815/121/2779 3813/121/2774 3686/121/2776
f 3816/121/2781 3810/121/2784 3679/121/2782
f 3810/121/2784 3814/121/2777 3694/121/2778
f 3817/121/2785 3815/121/2779 3687/121/2780
f 3818/121/2787 3816/121/2781 3680/121/2783
f 3817/121/2785 3688/121/2786 3689/121/2789
f 3818/121/2787 3681/121/2788 3682/121/2791
f 3819/121/2790 3689/121/2789 3690/121/2793
f 3811/121/2795 3820/121/2792 3682/121/2791
f 3822/121/2797 3821/121/2794 3690/121/2793
f 3811/121/2795 3683/121/2796 3684/121/2799
f 3822/121/2797 3691/121/2798 3692/121/2801
f 3809/121/2802 3823/121/2800 3684/121/2799
f 3699/121/2803 3700/121/2805 3684/121/2799
f 3691/121/2798 3707/121/2814 3708/121/2804
f 3700/121/2805 3701/121/2807 3685/121/2775
f 3692/121/2801 3708/121/2804 3709/121/2806
f 3701/121/2807 3702/121/2808 3686/121/2776
f 3709/121/2806 3710/121/2810 3694/121/2778
f 3702/121/2808 3703/121/2825 3687/121/2780
f 3679/121/2782 3695/121/2827 3696/121/2809
f 3710/121/2810 3695/121/2827 3679/121/2782
f 3687/121/2780 3703/121/2825 3704/121/2811
f 3696/121/2809 3697/121/2817 3681/121/2788
f 3704/121/2811 3705/121/2813 3689/121/2789
f 3681/121/2788 3697/121/2817 3698/121/2812
f 3705/121/2813 3706/121/2818 3690/121/2793
f 3682/121/2791 3698/121/2812 3699/121/2803
f 3690/121/2793 3706/121/2818 3707/121/2814
f 3704/121/2811 3720/121/2831 3721/121/2815
f 3713/121/2816 3714/121/2832 3698/121/2812
f 3721/121/2815 3722/121/2820 3706/121/2818
f 3698/121/2812 3714/121/2832 3715/121/2819
f 3722/121/2820 3723/121/2821 3707/121/2814
f 3715/121/2819 3716/121/2833 3700/121/2805
f 3723/121/2821 3724/121/2834 3708/121/2804
f 3700/121/2805 3716/121/2833 3717/121/2822
f 3708/121/2804 3724/121/2834 3725/121/2823
f 3717/121/2822 3718/121/2830 3702/121/2808
f 3725/121/2823 3726/121/2829 3710/121/2810
f 3702/121/2808 3718/121/2830 3719/121/2824
f 3711/121/2826 3712/121/2828 3696/121/2809
f 3710/121/2810 3726/121/2829 3711/121/2826
f 3719/121/2824 3720/121/2831 3704/121/2811
f 3712/121/2828 3713/121/2816 3697/121/2817
f 3733/121/2835 3732/121/2842 3790/121/2836
f 3731/121/2838 3730/121/2845 3789/121/2839
f 3790/121/2836 3732/121/2842 3731/121/2838
f 3732/121/2842 3736/121/2844 3735/121/2843
f 3733/121/2835 3737/121/2841 3736/121/2844
f 3735/121/2843 3734/121/2849 3730/121/2845
f 3740/121/2847 3739/121/2848 3735/121/2843
f 3737/121/2841 3741/121/2846 3740/121/2847
f 3739/121/2848 3738/121/2852 3734/121/2849
f 3741/121/2846 3745/121/2853 3744/121/2850
f 3739/121/2848 3743/121/2856 3742/121/2851
f 3744/121/2850 3743/121/2856 3739/121/2848
f 3745/121/2853 3749/121/2857 3748/121/2854
f 3747/121/2855 3746/121/2861 3742/121/2851
f 3748/121/2854 3747/121/2855 3743/121/2856
f 3748/121/2854 3752/121/2860 3751/121/2859
f 3749/121/2857 3753/121/2858 3752/121/2860
f 3751/121/2859 3750/121/2865 3746/121/2861
f 3756/121/2862 3755/121/2868 3751/121/2859
f 3757/121/2863 3756/121/2862 3752/121/2860
f 3751/121/2859 3755/121/2868 3754/121/2864
f 3757/121/2863 3761/121/2869 3760/121/2866
f 3759/121/2867 3758/121/2871 3754/121/2864
f 3760/121/2866 3759/121/2867 3755/121/2868
f 3763/121/2870 3762/121/2878 3758/121/2871
f 3760/121/2866 3764/121/2873 3763/121/2870
f 3761/121/2869 3765/121/2872 3764/121/2873
f 3764/121/2873 3768/121/2876 3767/121/2875
f 3765/121/2872 3769/121/2874 3768/121/2876
f 3763/121/2870 3767/121/2875 3766/121/2877
f 3773/121/2879 3772/121/2881 3768/121/2876
f 3771/121/2880 3770/121/2884 3766/121/2877
f 3772/121/2881 3771/121/2880 3767/121/2875
f 3773/121/2879 3776/121/2885 3775/121/2882
f 3771/121/2880 3774/121/2888 3678/121/2883
f 3775/121/2882 3774/121/2888 3771/121/2880
f 3775/121/2882 3779/121/2889 3778/121/2887
f 3776/121/2885 3780/121/2886 3779/121/2889
f 3778/121/2887 3777/121/2894 3678/121/2883
f 3779/121/2889 3783/121/2892 3782/121/2891
f 3780/121/2886 3784/121/2890 3783/121/2892
f 3778/121/2887 3782/121/2891 3781/121/2893
f 3788/121/2895 3787/121/2897 3783/121/2892
f 3786/121/2896 3785/121/2898 3781/121/2893
f 3783/121/2892 3787/121/2897 3786/121/2896
f 3729/121/2837 3790/121/2836 3787/121/2897
f 3728/121/2840 3789/121/2839 3785/121/2898
f 3787/121/2897 3790/121/2836 3728/121/2840
f 3838/121/2899 3836/121/2906 3807/121/2900
f 3837/121/2902 3835/121/2907 3806/121/2903
f 3824/121/2905 3792/121/2910 3807/121/2900
f 3835/121/2907 3834/121/2911 3805/121/2908
f 3824/121/2905 3833/121/2914 3804/121/2909
f 3834/121/2911 3832/121/2916 3803/121/2912
f 3831/121/2913 3802/121/2918 3804/121/2909
f 3830/121/2915 3801/121/2920 3803/121/2912
f 3831/121/2913 3829/121/2924 3800/121/2917
f 3828/121/2919 3798/121/2926 3801/121/2920
f 3839/121/2921 3827/121/2927 3797/121/2922
f 3829/121/2924 3839/121/2921 3799/121/2923
f 3828/121/2919 3826/121/2929 3796/121/2925
f 3827/121/2927 3825/121/2930 3794/121/2928
f 3826/121/2929 3838/121/2899 3795/121/2901
f 3837/121/2902 3793/121/2904 3794/121/2928
f 3795/121/2901 3807/121/2900 3823/121/2800
f 3793/121/2904 3806/121/2903 3822/121/2797
f 3792/121/2910 3811/121/2795 3823/121/2800
f 3806/121/2903 3805/121/2908 3821/121/2794
f 3792/121/2910 3804/121/2909 3820/121/2792
f 3803/121/2912 3819/121/2790 3821/121/2794
f 3802/121/2918 3818/121/2787 3820/121/2792
f 3801/121/2920 3817/121/2785 3819/121/2790
f 3802/121/2918 3800/121/2917 3816/121/2781
f 3801/121/2920 3798/121/2926 3815/121/2779
f 3799/121/2923 3797/121/2922 3814/121/2777
f 3800/121/2917 3799/121/2923 3810/121/2784
f 3798/121/2926 3796/121/2925 3813/121/2774
f 3797/121/2922 3794/121/2928 3812/121/2773
f 3796/121/2925 3795/121/2901 3809/121/2802
f 3793/121/2904 3808/121/2771 3812/121/2773
f 3738/121/2852 3837/121/2902 3825/121/2930
f 3762/121/2878 3766/121/2877 3838/121/2899
f 3730/121/2845 3734/121/2849 3825/121/2930
f 3758/121/2871 3762/121/2878 3826/121/2929
f 3785/121/2898 3789/121/2839 3839/121/2921
f 3789/121/2839 3730/121/2845 3827/121/2927
f 3754/121/2864 3758/121/2871 3828/121/2919
f 3781/121/2893 3785/121/2898 3829/121/2924
f 3754/121/2864 3830/121/2915 3832/121/2916
f 3777/121/2894 3781/121/2893 3831/121/2913
f 3750/121/2865 3832/121/2916 3834/121/2911
f 3678/121/2883 3777/121/2894 3833/121/2914
f 3742/121/2851 3746/121/2861 3834/121/2911
f 3678/121/2883 3824/121/2905 3836/121/2906
f 3742/121/2851 3835/121/2907 3837/121/2902
f 3770/121/2884 3836/121/2906 3838/121/2899
f 4002/121/2931 3864/121/2959 3865/121/2932
f 4006/121/2934 4003/121/2960 3857/121/2935
f 4005/121/2933 3865/121/2932 3866/121/2937
f 4008/121/2939 4006/121/2934 3858/121/2936
f 4007/121/2938 3866/121/2937 3867/121/2941
f 4010/121/2943 4008/121/2939 3859/121/2940
f 4009/121/2942 3867/121/2941 3868/121/2945
f 4012/121/2947 4010/121/2943 3860/121/2944
f 4011/121/2946 3868/121/2945 3869/121/2949
f 4014/121/2951 4012/121/2947 3861/121/2948
f 4013/121/2950 3869/121/2949 3870/121/2953
f 4016/121/2955 4014/121/2951 3862/121/2952
f 4015/121/2954 3870/121/2953 3871/121/2957
f 4002/121/2931 4016/121/2955 3863/121/2956
f 4003/121/2960 4004/121/2962 3856/121/2961
f 4004/121/2962 4017/121/2958 3871/121/2957
f 3886/121/2963 3887/121/2966 3871/121/2957
f 3863/121/2956 3879/121/3077 3880/121/2964
f 3872/121/2965 3873/121/3073 3857/121/2935
f 3887/121/2966 3872/121/2965 3856/121/2961
f 3880/121/2964 3881/121/3071 3865/121/2932
f 3857/121/2935 3873/121/3073 3874/121/2967
f 3865/121/2932 3881/121/3071 3882/121/2968
f 3858/121/2936 3874/121/2967 3875/121/2969
f 3882/121/2968 3883/121/2971 3867/121/2941
f 3859/121/2940 3875/121/2969 3876/121/2970
f 3883/121/2971 3884/121/2973 3868/121/2945
f 3860/121/2944 3876/121/2970 3877/121/2972
f 3884/121/2973 3885/121/3083 3869/121/2949
f 3861/121/2948 3877/121/2972 3878/121/2974
f 3869/121/2949 3885/121/3083 3886/121/2963
f 3878/121/2974 3879/121/3077 3863/121/2956
f 3897/121/2975 3896/121/5850 3848/121/2976
f 3842/121/2978 3890/121/2983 3889/121/2979
f 3850/121/2981 3898/121/5851 3897/121/2975
f 3843/121/2982 3891/121/5852 3890/121/2983
f 3899/121/2984 3898/121/5851 3850/121/2981
f 3892/121/2986 3891/121/5852 3843/121/2982
f 3900/121/2988 3899/121/2984 3851/121/2985
f 3845/121/2990 3893/121/5853 3892/121/2986
f 3901/121/2991 3900/121/2988 3852/121/2989
f 3894/121/2993 3893/121/5853 3845/121/2990
f 3854/121/2995 3902/121/5854 3901/121/2991
f 3895/121/2996 3894/121/2993 3846/121/2994
f 3903/121/2998 3902/121/5854 3854/121/2995
f 3848/121/2976 3896/121/5850 3895/121/2996
f 3841/121/2980 3889/121/2979 3888/121/3000
f 3888/121/3000 3903/121/2998 3855/121/2999
f 3909/121/3002 3908/121/3008 3984/121/3003
f 3907/121/3005 3906/121/3010 3983/121/3006
f 3908/121/3008 3907/121/3005 3904/121/3007
f 3911/121/3009 3910/121/3016 3906/121/3010
f 3908/121/3008 3912/121/3012 3911/121/3009
f 3909/121/3002 3913/121/3011 3912/121/3012
f 3912/121/3012 3916/121/3018 3915/121/3014
f 3917/121/3013 3916/121/3018 3912/121/3012
f 3911/121/3009 3915/121/3014 3914/121/3015
f 3921/121/3017 3920/121/3021 3916/121/3018
f 3919/121/3019 3918/121/3023 3914/121/3015
f 3916/121/3018 3920/121/3021 3919/121/3019
f 3925/121/3020 3924/121/3024 3920/121/3021
f 3919/121/3019 3923/121/3027 3922/121/3022
f 3924/121/3024 3923/121/3027 3919/121/3019
f 3928/121/3026 3927/121/3028 3923/121/3027
f 3929/121/3025 3928/121/3026 3924/121/3024
f 3927/121/3028 3926/121/3032 3922/121/3022
f 3928/121/3026 3932/121/3031 3931/121/3030
f 3929/121/3025 3933/121/3029 3932/121/3031
f 3931/121/3030 3930/121/3035 3926/121/3032
f 3933/121/3029 3937/121/3040 3936/121/3033
f 3935/121/3034 3934/121/3045 3930/121/3035
f 3932/121/3031 3936/121/3033 3935/121/3034
f 3941/121/3043 3940/121/3050 3936/121/3033
f 3939/121/3044 3938/121/3059 3934/121/3045
f 3940/121/3050 3939/121/3044 3935/121/3034
f 3940/121/3050 3945/121/3057 3944/121/3055
f 3941/121/3043 3946/121/3054 3945/121/3057
f 3939/121/3044 3944/121/3055 3943/121/3058
f 3945/121/3057 3951/121/3063 3950/121/3062
f 3946/121/3054 3952/121/3064 3951/121/3063
f 3950/121/3062 3949/121/3067 3943/121/3058
f 3952/121/3064 3959/121/3068 3958/121/3065
f 3957/121/3066 3956/121/3070 3949/121/3067
f 3955/121/3041 3954/121/3042 3884/121/2973
f 3974/121/3037 3969/121/3056 3877/121/2972
f 3951/121/3063 3958/121/3065 3957/121/3066
f 3875/121/2969 3975/121/3036 3974/121/3037
f 3964/121/3069 3963/121/3078 3956/121/3070
f 3961/121/3047 3960/121/3051 3882/121/2968
f 3976/121/3049 3975/121/3036 3875/121/2969
f 3958/121/3065 3965/121/3075 3964/121/3069
f 3873/121/3073 3981/121/3048 3976/121/3049
f 3882/121/2968 3960/121/3051 3955/121/3041
f 3966/121/3072 3965/121/3075 3958/121/3065
f 3965/121/3075 3972/121/3080 3971/121/3076
f 3967/121/3061 3962/121/3046 3880/121/2964
f 3880/121/2964 3962/121/3046 3961/121/3047
f 3973/121/3074 3972/121/3080 3965/121/3075
f 3971/121/3076 3970/121/3082 3963/121/3078
f 3982/121/3039 3981/121/3048 3873/121/3073
f 3887/121/2966 3947/121/3038 3982/121/3039
f 3969/121/3056 3968/121/3060 3878/121/2974
f 3886/121/2963 3948/121/3053 3947/121/3038
f 3973/121/3074 3980/121/3084 3979/121/3079
f 3971/121/3076 3978/121/3085 3977/121/3081
f 3953/121/3052 3948/121/3053 3886/121/2963
f 3878/121/2974 3968/121/3060 3967/121/3061
f 3972/121/3080 3979/121/3079 3978/121/3085
f 3980/121/3084 3905/121/3004 3984/121/3003
f 3904/121/3007 3983/121/3006 3977/121/3081
f 3884/121/2973 3954/121/3042 3953/121/3052
f 3979/121/3079 3984/121/3003 3904/121/3007
f 3855/121/2999 4000/121/3089 4001/121/3086
f 3840/121/3001 4001/121/3086 3988/121/3087
f 3847/121/2997 3999/121/3090 3986/121/3088
f 3854/121/2995 3998/121/3091 4000/121/3089
f 3846/121/2994 3997/121/3093 3999/121/3090
f 3853/121/2992 3996/121/3094 3998/121/3091
f 3846/121/2994 3845/121/2990 3995/121/3092
f 3852/121/2989 3994/121/3096 3996/121/3094
f 3845/121/2990 3844/121/2987 3993/121/3095
f 3851/121/2985 3992/121/3098 3994/121/3096
f 3844/121/2987 3843/121/2982 3991/121/3097
f 3850/121/2981 3990/121/3099 3992/121/3098
f 3842/121/2978 3989/121/3100 3991/121/3097
f 3849/121/2977 3987/121/3101 3990/121/3099
f 3842/121/2978 3841/121/2980 3988/121/3087
f 3848/121/2976 3986/121/3088 3987/121/3101
f 4000/121/3089 4017/121/2958 4004/121/2962
f 4001/121/3086 4004/121/2962 4003/121/2960
f 3986/121/3088 3999/121/3090 4016/121/2955
f 3998/121/3091 4015/121/2954 4017/121/2958
f 3997/121/3093 4014/121/2951 4016/121/2955
f 3996/121/3094 4013/121/2950 4015/121/2954
f 3997/121/3093 3995/121/3092 4012/121/2947
f 3994/121/3096 4011/121/2946 4013/121/2950
f 3993/121/3095 4010/121/2943 4012/121/2947
f 3994/121/3096 3992/121/3098 4009/121/2942
f 3993/121/3095 3991/121/3097 4008/121/2939
f 3992/121/3098 3990/121/3099 4007/121/2938
f 3991/121/3097 3989/121/3100 4006/121/2934
f 3987/121/3101 4005/121/2933 4007/121/2938
f 3989/121/3100 3988/121/3087 4003/121/2960
f 3987/121/3101 3986/121/3088 4002/121/2931
f 4043/121/3102 4042/121/3138 4180/121/3103
f 4184/121/3105 4036/121/3111 4035/121/3106
f 4044/121/3108 4043/121/3102 4183/121/3104
f 4186/121/3110 4037/121/3115 4036/121/3111
f 4045/121/3112 4044/121/3108 4185/121/3109
f 4188/121/3114 4038/121/3119 4037/121/3115
f 4046/121/3116 4045/121/3112 4187/121/3113
f 4190/121/3118 4039/121/3123 4038/121/3119
f 4047/121/3120 4046/121/3116 4189/121/3117
f 4192/121/3122 4040/121/3127 4039/121/3123
f 4048/121/3124 4047/121/3120 4191/121/3121
f 4194/121/3126 4041/121/3130 4040/121/3127
f 4049/121/3128 4048/121/3124 4193/121/3125
f 4180/121/3103 4042/121/3138 4041/121/3130
f 4181/121/3107 4035/121/3106 4034/121/3131
f 4182/121/3132 4034/121/3131 4049/121/3128
f 4049/121/3128 4065/121/3137 4064/121/3133
f 4041/121/3130 4042/121/3138 4058/121/3134
f 4035/121/3106 4051/121/3140 4050/121/3136
f 4034/121/3131 4050/121/3136 4065/121/3137
f 4043/121/3102 4059/121/3142 4058/121/3134
f 4035/121/3106 4036/121/3111 4052/121/3139
f 4043/121/3102 4044/121/3108 4060/121/3141
f 4036/121/3111 4037/121/3115 4053/121/3143
f 4045/121/3112 4061/121/3145 4060/121/3141
f 4037/121/3115 4038/121/3119 4054/121/3144
f 4046/121/3116 4062/121/3147 4061/121/3145
f 4038/121/3119 4039/121/3123 4055/121/3146
f 4047/121/3120 4063/121/3149 4062/121/3147
f 4039/121/3123 4040/121/3127 4056/121/3148
f 4047/121/3120 4048/121/3124 4064/121/3133
f 4041/121/3130 4057/121/3135 4056/121/3148
f 4026/121/3150 4074/121/3178 4075/121/3151
f 4020/121/3153 4019/121/3179 4067/121/3154
f 4028/121/3156 4027/121/3152 4075/121/3151
f 4021/121/3158 4020/121/3153 4068/121/3155
f 4028/121/3156 4076/121/3157 4077/121/3160
f 4021/121/3158 4069/121/3159 4070/121/3162
f 4029/121/3161 4077/121/3160 4078/121/3164
f 4023/121/3166 4022/121/3163 4070/121/3162
f 4030/121/3165 4078/121/3164 4079/121/3168
f 4023/121/3166 4071/121/3167 4072/121/3170
f 4032/121/3172 4031/121/3169 4079/121/3168
f 4024/121/3171 4072/121/3170 4073/121/3174
f 4032/121/3172 4080/121/3173 4081/121/3176
f 4026/121/3150 4025/121/3175 4073/121/3174
f 4019/121/3179 4018/121/3181 4066/121/3180
f 4033/121/3177 4081/121/3176 4066/121/3180
f 4162/121/3182 4086/121/3188 4087/121/3183
f 4161/121/3185 4084/121/3189 4085/121/3186
f 4082/121/3187 4085/121/3186 4086/121/3188
f 4084/121/3189 4088/121/3196 4089/121/3190
f 4086/121/3188 4085/121/3186 4089/121/3190
f 4087/121/3183 4086/121/3188 4090/121/3192
f 4090/121/3192 4089/121/3190 4093/121/3194
f 4090/121/3192 4094/121/3195 4095/121/3193
f 4088/121/3196 4092/121/3198 4093/121/3194
f 4094/121/3195 4098/121/3200 4099/121/3197
f 4092/121/3198 4096/121/5855 4097/121/3199
f 4094/121/3195 4093/121/3194 4097/121/3199
f 4098/121/3200 4102/121/3204 4103/121/3201
f 4097/121/3199 4096/121/5855 4100/121/3202
f 4097/121/3199 4101/121/3203 4102/121/3204
f 4101/121/3203 4105/121/3207 4106/121/3206
f 4102/121/3204 4106/121/3206 4107/121/3205
f 4100/121/3202 4104/121/3211 4105/121/3207
f 4106/121/3206 4105/121/3207 4109/121/3209
f 4107/121/3205 4106/121/3206 4110/121/3210
f 4104/121/3211 4108/121/3214 4109/121/3209
f 4111/121/3208 4110/121/3210 4114/121/3212
f 4108/121/3214 4112/121/3223 4113/121/3215
f 4110/121/3210 4109/121/3209 4113/121/3215
f 4114/121/3212 4118/121/3229 4119/121/3222
f 4112/121/3223 4116/121/5856 4117/121/3224
f 4113/121/3215 4117/121/3224 4118/121/3229
f 4118/121/3229 4117/121/3224 4122/121/3234
f 4119/121/3222 4118/121/3229 4123/121/3235
f 4117/121/3224 4116/121/5856 4121/121/3237
f 4123/121/3235 4122/121/3234 4128/121/3240
f 4124/121/3233 4123/121/3235 4129/121/3241
f 4121/121/3237 4127/121/3245 4128/121/3240
f 4130/121/3242 4129/121/3241 4136/121/3243
f 4127/121/3245 4134/121/3247 4135/121/3246
f 4062/121/3147 4132/121/3221 4133/121/3220
f 4055/121/3146 4147/121/3236 4152/121/3217
f 4129/121/3241 4128/121/3240 4135/121/3246
f 4053/121/3143 4054/121/3144 4152/121/3217
f 4134/121/3247 4141/121/3254 4142/121/3248
f 4060/121/3141 4138/121/3230 4139/121/3226
f 4053/121/3143 4153/121/3216 4154/121/3228
f 4136/121/3243 4135/121/3246 4142/121/3248
f 4051/121/3140 4052/121/3139 4154/121/3228
f 4060/121/3141 4061/121/3145 4133/121/3220
f 4136/121/3243 4143/121/3250 4144/121/3249
f 4143/121/3250 4142/121/3248 4149/121/3252
f 4058/121/3134 4140/121/3225 4145/121/3239
f 4058/121/3134 4059/121/3142 4139/121/3226
f 4143/121/3250 4150/121/3253 4151/121/3251
f 4141/121/3254 4148/121/5857 4149/121/3252
f 4051/121/3140 4159/121/3227 4160/121/3219
f 4065/121/3137 4050/121/3136 4160/121/3219
f 4056/121/3148 4146/121/3238 4147/121/3236
f 4064/121/3133 4065/121/3137 4125/121/3218
f 4151/121/3251 4150/121/3253 4157/121/3255
f 4149/121/3252 4148/121/5857 4155/121/3257
f 4064/121/3133 4126/121/3232 4131/121/3231
f 4056/121/3148 4057/121/3135 4145/121/3239
f 4150/121/3253 4149/121/3252 4156/121/3258
f 4158/121/3256 4157/121/3255 4162/121/3182
f 4155/121/3257 4161/121/3185 4082/121/3187
f 4062/121/3147 4063/121/3149 4131/121/3231
f 4157/121/3255 4156/121/3258 4082/121/3187
f 4179/121/3259 4178/121/3262 4033/121/3177
f 4166/121/3260 4179/121/3259 4018/121/3181
f 4164/121/3261 4177/121/3263 4025/121/3175
f 4178/121/3262 4176/121/3264 4032/121/3172
f 4177/121/3263 4175/121/3273 4024/121/3171
f 4176/121/3264 4174/121/3266 4031/121/3169
f 4024/121/3171 4175/121/3273 4173/121/3265
f 4174/121/3266 4172/121/3268 4030/121/3165
f 4023/121/3166 4173/121/3265 4171/121/3267
f 4172/121/3268 4170/121/3270 4029/121/3161
f 4022/121/3163 4171/121/3267 4169/121/3269
f 4170/121/3270 4168/121/3271 4028/121/3156
f 4169/121/3269 4167/121/3274 4020/121/3153
f 4168/121/3271 4165/121/3272 4027/121/3152
f 4020/121/3153 4167/121/3274 4166/121/3260
f 4165/121/3272 4164/121/3261 4026/121/3150
f 4182/121/3132 4195/121/3129 4178/121/3262
f 4181/121/3107 4182/121/3132 4179/121/3259
f 4164/121/3261 4180/121/3103 4194/121/3126
f 4195/121/3129 4193/121/3125 4176/121/3264
f 4194/121/3126 4192/121/3122 4175/121/3273
f 4193/121/3125 4191/121/3121 4174/121/3266
f 4175/121/3273 4192/121/3122 4190/121/3118
f 4191/121/3121 4189/121/3117 4172/121/3268
f 4190/121/3118 4188/121/3114 4171/121/3267
f 4172/121/3268 4189/121/3117 4187/121/3113
f 4171/121/3267 4188/121/3114 4186/121/3110
f 4170/121/3270 4187/121/3113 4185/121/3109
f 4169/121/3269 4186/121/3110 4184/121/3105
f 4185/121/3109 4183/121/3104 4165/121/3272
f 4167/121/3274 4184/121/3105 4181/121/3107
f 4165/121/3272 4183/121/3104 4180/121/3103
f 4308/121/3277 4205/121/3285 4204/121/3278
f 4203/121/3280 4202/121/3286 4197/121/3281
f 4201/121/3282 4200/121/3287 4306/121/3283
f 4199/121/3276 4206/121/3275 4205/121/3285
f 4198/121/3279 4204/121/3278 4203/121/3280
f 4202/121/3286 4201/121/3282 4196/121/3284
f 4206/121/3275 4213/121/3292 4212/121/3288
f 4204/121/3278 4211/121/3293 4210/121/3289
f 4209/121/3290 4208/121/3294 4201/121/3282
f 4205/121/3285 4212/121/3288 4211/121/3293
f 4210/121/3289 4209/121/3290 4202/121/3286
f 4208/121/3294 4207/121/3291 4200/121/3287
f 4211/121/3293 4218/121/3299 4217/121/3295
f 4216/121/3296 4215/121/3300 4208/121/3294
f 4212/121/3288 4219/121/3301 4218/121/3299
f 4217/121/3295 4216/121/3296 4209/121/3290
f 4215/121/3300 4214/121/3297 4207/121/3291
f 4213/121/3292 4220/121/3298 4219/121/3301
f 4219/121/3301 4226/121/3305 4225/121/3303
f 4224/121/547 4223/121/3306 4216/121/3296
f 4222/121/3304 4221/121/3307 4214/121/3297
f 4220/121/3298 4227/121/3302 4226/121/3305
f 4218/121/3299 4225/121/3303 4224/121/547
f 4223/121/3306 4222/121/3304 4215/121/3300
f 4224/121/547 4231/121/3316 4230/121/3308
f 4222/121/3304 4229/121/3312 4228/121/3309
f 4234/121/3310 4233/121/3313 4226/121/3305
f 4232/121/3311 4231/121/3316 4224/121/547
f 4223/121/3306 4230/121/3308 4229/121/3312
f 4233/121/3313 4232/121/3311 4225/121/3303
f 4241/121/3314 4240/121/3319 4233/121/3313
f 4239/121/3315 4238/121/3325 4231/121/3316
f 4230/121/3308 4237/121/3320 4236/121/3317
f 4240/121/3319 4239/121/3315 4232/121/3311
f 4231/121/3316 4238/121/3325 4237/121/3320
f 4229/121/3312 4236/121/3317 4235/121/3318
f 4237/121/3320 4244/121/3326 4243/121/3321
f 4247/121/3324 4246/121/3327 4239/121/3315
f 4238/121/3325 4245/121/3330 4244/121/3326
f 4236/121/3317 4243/121/3321 4242/121/3322
f 4248/121/3323 4247/121/3324 4240/121/3319
f 4246/121/3327 4245/121/3330 4238/121/3325
f 4254/121/3329 4253/121/3333 4246/121/3327
f 4245/121/3330 4252/121/76 4251/121/3331
f 4243/121/3321 4250/121/3334 4249/121/3332
f 4255/121/3328 4254/121/3329 4247/121/3324
f 4253/121/3333 4252/121/76 4245/121/3330
f 4244/121/3326 4251/121/3331 4250/121/3334
f 4257/121/3335 4256/121/3339 4249/121/3332
f 4255/121/3328 4262/121/3340 4261/121/3336
f 4253/121/3333 4260/121/3341 4259/121/3337
f 4258/121/3338 4257/121/3335 4250/121/3334
f 4254/121/3329 4261/121/3336 4260/121/3341
f 4259/121/3337 4258/121/3338 4251/121/3331
f 4262/121/3340 4269/121/3346 4268/121/3342
f 4260/121/3341 4267/121/3347 4266/121/3343
f 4265/121/3344 4264/121/3348 4257/121/3335
f 4261/121/3336 4268/121/3342 4267/121/3347
f 4266/121/3343 4265/121/3344 4258/121/3338
f 4264/121/3348 4263/121/3345 4256/121/3339
f 4268/121/3342 4275/121/3354 4274/121/3351
f 4273/121/3352 4272/121/3355 4265/121/3344
f 4271/121/3353 4270/121/3349 4263/121/3345
f 4269/121/3346 4276/121/3350 4275/121/3354
f 4267/121/3347 4274/121/3351 4273/121/3352
f 4272/121/3355 4271/121/3353 4264/121/3348
f 4275/121/3354 4282/121/3358 4281/121/3356
f 4280/121/493 4279/121/3359 4272/121/3355
f 4278/121/3357 4277/121/3360 4270/121/3349
f 4276/121/3350 4283/121/3361 4282/121/3358
f 4274/121/3351 4281/121/3356 4280/121/493
f 4279/121/3359 4278/121/3357 4271/121/3353
f 4290/121/3362 4289/121/3366 4282/121/3358
f 4288/121/3363 4287/121/3369 4280/121/493
f 4279/121/3359 4286/121/3367 4285/121/3364
f 4289/121/3366 4288/121/3363 4281/121/3356
f 4280/121/493 4287/121/3369 4286/121/3367
f 4278/121/3357 4285/121/3364 4284/121/3365
f 4295/121/3368 4294/121/3377 4287/121/3369
f 4286/121/3367 4293/121/3374 4292/121/3370
f 4296/121/3373 4295/121/3368 4288/121/3363
f 4287/121/3369 4294/121/3377 4293/121/3374
f 4285/121/3364 4292/121/3370 4291/121/3371
f 4297/121/3372 4296/121/3373 4289/121/3366
f 4303/121/3376 4302/121/3380 4295/121/3368
f 4294/121/3377 4301/121/3382 4300/121/3378
f 4292/121/3370 4299/121/3381 4298/121/3379
f 4304/121/3375 4303/121/3376 4296/121/3373
f 4302/121/3380 4301/121/3382 4294/121/3377
f 4293/121/3374 4300/121/3378 4299/121/3381
f 4301/121/3382 4307/121/69 4197/121/3281
f 4299/121/3381 4196/121/3284 4306/121/3283
f 4199/121/3276 4308/121/3277 4303/121/3376
f 4198/121/3279 4307/121/69 4301/121/3382
f 4300/121/3378 4197/121/3281 4196/121/3284
f 4308/121/3277 4198/121/3279 4302/121/3380
f 4312/121/3383 4317/121/3393 4316/121/3384
f 4356/121/3388 4359/121/3427 4358/121/3387
f 4313/121/3389 4356/121/3388 4355/121/3386
f 4322/121/3392 4321/121/3391 4316/121/3384
f 4313/121/3389 4318/121/3390 4333/121/3394
f 4327/121/3397 4326/121/3396 4321/121/3391
f 4332/121/3398 4331/121/3400 4326/121/3396
f 4343/121/3401 4329/121/3395 4333/121/3394
f 4319/121/3402 4354/121/3415 4312/121/3383
f 4337/121/3404 4336/121/3406 4331/121/3400
f 4350/121/3405 4345/121/3413 4327/121/3397
f 4352/121/3407 4350/121/3405 4322/121/3392
f 4337/121/3404 4342/121/3410 4341/121/3408
f 4324/121/3409 4319/121/3402 4347/121/3403
f 4330/121/3411 4324/121/3409 4342/121/3410
f 4342/121/3410 4347/121/3403 4346/121/3412
f 4345/121/3413 4339/121/3414 4332/121/3398
f 4339/121/3414 4330/121/3411 4337/121/3404
f 4312/121/3383 4311/121/3385 4346/121/3412
f 4354/121/3415 4352/121/3407 4317/121/3393
f 4351/121/3416 4352/121/3407 4354/121/3415
f 4351/121/3416 4349/121/3418 4350/121/3405
f 4349/121/3418 4344/121/3419 4345/121/3413
f 4334/121/3420 4339/121/3414 4345/121/3413
f 4334/121/3420 4325/121/3421 4330/121/3411
f 4320/121/3422 4324/121/3409 4330/121/3411
f 4315/121/3423 4319/121/3402 4324/121/3409
f 4315/121/3423 4353/121/3417 4354/121/3415
f 4328/121/3424 4377/121/3438 4343/121/3401
f 4363/121/3426 4362/121/3429 4358/121/3387
f 4373/121/3428 4369/121/3436 4356/121/3388
f 4375/121/3430 4373/121/3428 4313/121/3389
f 4367/121/3431 4366/121/3433 4362/121/3429
f 4314/121/3432 4328/121/3424 4371/121/3425
f 4357/121/3434 4314/121/3432 4367/121/3431
f 4367/121/3431 4371/121/3425 4370/121/3435
f 4369/121/3436 4364/121/3437 4359/121/3427
f 4364/121/3437 4357/121/3434 4363/121/3426
f 4343/121/3401 4348/121/3399 4370/121/3435
f 4377/121/3438 4375/121/3430 4329/121/3395
f 4374/121/3439 4375/121/3430 4377/121/3438
f 4372/121/3441 4373/121/3428 4375/121/3430
f 4368/121/3442 4369/121/3436 4373/121/3428
f 4368/121/3442 4360/121/3443 4364/121/3437
f 4360/121/3443 4310/121/3444 4357/121/3434
f 4310/121/3444 4323/121/3445 4314/121/3432
f 4338/121/3446 4328/121/3424 4314/121/3432
f 4338/121/3446 4376/121/3440 4377/121/3438
f 4390/121/3388 4393/121/3427 4392/121/3387
f 4379/121/3389 4390/121/3388 4389/121/3386
f 4379/121/3389 4381/121/3390 4385/121/3394
f 4387/121/3401 4384/121/3395 4385/121/3394
f 4383/121/3424 4411/121/3449 4387/121/3401
f 4397/121/3426 4396/121/3429 4392/121/3387
f 4407/121/3447 4403/121/3436 4390/121/3388
f 4409/121/3430 4407/121/3447 4379/121/3389
f 4401/121/3431 4400/121/3433 4396/121/3429
f 4380/121/3432 4383/121/3424 4405/121/3425
f 4391/121/3448 4380/121/3432 4401/121/3431
f 4401/121/3431 4405/121/3425 4404/121/3435
f 4403/121/3436 4398/121/3437 4393/121/3427
f 4393/121/3427 4398/121/3437 4391/121/3448
f 4387/121/3401 4388/121/3399 4404/121/3435
f 4411/121/3449 4409/121/3430 4384/121/3395
f 4408/121/3439 4409/121/3430 4411/121/3449
f 4408/121/3439 4406/121/3441 4407/121/3447
f 4402/121/3442 4403/121/3436 4407/121/3447
f 4394/121/3443 4398/121/3437 4403/121/3436
f 4394/121/3443 4378/121/3444 4391/121/3448
f 4378/121/3444 4382/121/3445 4380/121/3432
f 4386/121/3446 4383/121/3424 4380/121/3432
f 4386/121/3446 4410/121/3440 4411/121/3449
f 4424/121/3452 4427/121/3462 4426/121/3451
f 4413/121/3453 4424/121/3452 4423/121/3450
f 4413/121/3453 4415/121/3454 4419/121/3455
f 4421/121/3458 4418/121/3456 4419/121/3455
f 4417/121/3459 4445/121/3472 4421/121/3458
f 4431/121/3461 4430/121/3464 4426/121/3451
f 4441/121/3463 4437/121/3476 4424/121/3452
f 4418/121/3456 4443/121/3470 4441/121/3463
f 4435/121/3465 4434/121/3466 4430/121/3464
f 4435/121/3465 4414/121/3467 4417/121/3459
f 4431/121/3461 4425/121/3480 4414/121/3467
f 4435/121/3465 4439/121/3460 4438/121/3468
f 4424/121/3452 4437/121/3476 4432/121/3469
f 4432/121/3469 4425/121/3480 4431/121/3461
f 4421/121/3458 4422/121/3457 4438/121/3468
f 4421/121/3458 4445/121/3472 4443/121/3470
f 4442/121/3471 4443/121/3470 4445/121/3472
f 4442/121/3471 4440/121/3474 4441/121/3463
f 4436/121/3475 4437/121/3476 4441/121/3463
f 4436/121/3475 4428/121/3477 4432/121/3469
f 4412/121/3478 4425/121/3480 4432/121/3469
f 4412/121/3478 4416/121/3479 4414/121/3467
f 4420/121/3481 4417/121/3459 4414/121/3467
f 4420/121/3481 4444/121/3473 4445/121/3472
f 4558/121/3284 4448/121/3281 4454/121/3286
f 4447/121/3279 4452/121/3278 4453/121/3280
f 4556/121/3276 4450/121/3275 4451/121/3285
f 4449/121/3283 4558/121/3284 4455/121/3282
f 4448/121/3281 4557/121/69 4453/121/3280
f 4446/121/3277 4451/121/3285 4452/121/3278
f 4456/121/3287 4455/121/3282 4462/121/3294
f 4454/121/3286 4453/121/3280 4460/121/3289
f 4451/121/3285 4458/121/3288 4459/121/3293
f 4455/121/3282 4454/121/3286 4461/121/3290
f 4452/121/3278 4459/121/3293 4460/121/3289
f 4450/121/3275 4457/121/3292 4458/121/3288
f 4461/121/3290 4460/121/3289 4467/121/3295
f 4458/121/3288 4465/121/3301 4466/121/3299
f 4462/121/3294 4461/121/3290 4468/121/3296
f 4459/121/3293 4466/121/3299 4467/121/3295
f 4457/121/3292 4464/121/3298 4465/121/3301
f 4463/121/3291 4462/121/3294 4469/121/3300
f 4469/121/3300 4468/121/3296 4475/121/3306
f 4466/121/3299 4473/121/3303 4474/121/547
f 4464/121/3298 4471/121/3302 4472/121/3305
f 4470/121/3297 4469/121/3300 4476/121/3304
f 4468/121/3296 4467/121/3295 4474/121/547
f 4465/121/3301 4472/121/3305 4473/121/3303
f 4474/121/547 4473/121/3303 4480/121/3311
f 4472/121/3305 4471/121/3302 4478/121/3310
f 4476/121/3304 4483/121/3312 4484/121/3309
f 4474/121/547 4481/121/3316 4482/121/3308
f 4473/121/3303 4472/121/3305 4479/121/3313
f 4475/121/3306 4482/121/3308 4483/121/3312
f 4483/121/3312 4490/121/3317 4491/121/3318
f 4481/121/3316 4488/121/3325 4489/121/3320
f 4480/121/3311 4479/121/3313 4486/121/3319
f 4482/121/3308 4489/121/3320 4490/121/3317
f 4481/121/3316 4480/121/3311 4487/121/3315
f 4479/121/3313 4478/121/3310 4485/121/3314
f 4487/121/3315 4486/121/3319 4493/121/3324
f 4489/121/3320 4496/121/3326 4497/121/3321
f 4488/121/3325 4487/121/3315 4494/121/3327
f 4486/121/3319 4485/121/3314 4492/121/3323
f 4490/121/3317 4497/121/3321 4498/121/3322
f 4488/121/3325 4495/121/3330 4496/121/3326
f 4496/121/3326 4503/121/3331 4504/121/3334
f 4495/121/3330 4494/121/3327 4501/121/3333
f 4493/121/3324 4492/121/3323 4499/121/3328
f 4497/121/3321 4504/121/3334 4505/121/3332
f 4495/121/3330 4502/121/76 4503/121/3331
f 4494/121/3327 4493/121/3324 4500/121/3329
f 4499/121/3328 4506/121/3340 4507/121/3336
f 4505/121/3332 4504/121/3334 4511/121/3335
f 4503/121/3331 4502/121/76 4509/121/3337
f 4500/121/3329 4507/121/3336 4508/121/3341
f 4504/121/3334 4503/121/3331 4510/121/3338
f 4501/121/3333 4508/121/3341 4509/121/3337
f 4512/121/3339 4511/121/3335 4518/121/3348
f 4510/121/3338 4509/121/3337 4516/121/3343
f 4507/121/3336 4514/121/3342 4515/121/3347
f 4511/121/3335 4510/121/3338 4517/121/3344
f 4508/121/3341 4515/121/3347 4516/121/3343
f 4506/121/3340 4513/121/3346 4514/121/3342
f 4518/121/3348 4517/121/3344 4524/121/3355
f 4515/121/3347 4522/121/3351 4523/121/3352
f 4513/121/3346 4520/121/3350 4521/121/3354
f 4519/121/3345 4518/121/3348 4525/121/3353
f 4517/121/3344 4516/121/3343 4523/121/3352
f 4514/121/3342 4521/121/3354 4522/121/3351
f 4525/121/3353 4524/121/3355 4531/121/3359
f 4522/121/3351 4529/121/3356 4530/121/493
f 4520/121/3350 4527/121/3361 4528/121/3358
f 4526/121/3349 4525/121/3353 4532/121/3357
f 4524/121/3355 4523/121/3352 4530/121/493
f 4521/121/3354 4528/121/3358 4529/121/3356
f 4532/121/3357 4539/121/3364 4540/121/3365
f 4530/121/493 4537/121/3369 4538/121/3367
f 4529/121/3356 4528/121/3358 4535/121/3366
f 4531/121/3359 4538/121/3367 4539/121/3364
f 4530/121/493 4529/121/3356 4536/121/3363
f 4528/121/3358 4527/121/3361 4534/121/3362
f 4537/121/3369 4544/121/3377 4545/121/3374
f 4536/121/3363 4535/121/3366 4542/121/3373
f 4538/121/3367 4545/121/3374 4546/121/3370
f 4537/121/3369 4536/121/3363 4543/121/3368
f 4535/121/3366 4534/121/3362 4541/121/3372
f 4539/121/3364 4546/121/3370 4547/121/3371
f 4545/121/3374 4552/121/3378 4553/121/3381
f 4544/121/3377 4543/121/3368 4550/121/3380
f 4542/121/3373 4541/121/3372 4548/121/3375
f 4546/121/3370 4553/121/3381 4554/121/3379
f 4544/121/3377 4551/121/3382 4552/121/3378
f 4543/121/3368 4542/121/3373 4549/121/3376
f 4551/121/3382 4550/121/3380 4447/121/3279
f 4549/121/3376 4548/121/3375 4556/121/3276
f 4553/121/3381 4558/121/3284 4449/121/3283
f 4551/121/3382 4557/121/69 4448/121/3281
f 4550/121/3380 4549/121/3376 4446/121/3277
f 4552/121/3378 4448/121/3281 4558/121/3284
f 4562/121/3398 4561/121/3484 4566/121/3396
f 4606/121/3485 4605/121/3482 4608/121/3483
f 4563/121/3487 4568/121/3488 4605/121/3482
f 4566/121/3396 4571/121/3391 4572/121/3392
f 4583/121/3489 4568/121/3488 4563/121/3487
f 4571/121/3391 4576/121/3384 4577/121/3393
f 4576/121/3384 4581/121/3492 4582/121/3383
f 4593/121/3493 4598/121/3491 4583/121/3489
f 4562/121/3398 4604/121/3499 4569/121/3494
f 4581/121/3492 4586/121/3412 4587/121/3403
f 4577/121/3393 4595/121/3497 4600/121/3405
f 4572/121/3392 4600/121/3405 4602/121/3495
f 4587/121/3403 4586/121/3412 4591/121/3408
f 4597/121/3404 4569/121/3494 4574/121/3409
f 4592/121/3410 4574/121/3409 4580/121/3496
f 4592/121/3410 4591/121/3408 4596/121/3406
f 4582/121/3383 4589/121/3498 4595/121/3497
f 4587/121/3403 4580/121/3496 4589/121/3498
f 4596/121/3406 4561/121/3484 4562/121/3398
f 4567/121/3397 4602/121/3495 4604/121/3499
f 4604/121/3499 4602/121/3495 4601/121/3419
f 4601/121/3419 4602/121/3495 4600/121/3405
f 4599/121/3418 4600/121/3405 4595/121/3497
f 4595/121/3497 4589/121/3498 4584/121/3417
f 4584/121/3417 4589/121/3498 4580/121/3496
f 4580/121/3496 4574/121/3409 4570/121/3422
f 4574/121/3409 4569/121/3494 4565/121/3421
f 4565/121/3421 4569/121/3494 4604/121/3499
f 4593/121/3493 4627/121/3513 4578/121/3500
f 4608/121/3483 4612/121/3504 4613/121/3502
f 4606/121/3485 4619/121/3511 4623/121/3503
f 4563/121/3487 4623/121/3503 4625/121/3505
f 4612/121/3504 4616/121/3508 4617/121/3506
f 4621/121/3501 4578/121/3500 4564/121/3507
f 4617/121/3506 4564/121/3507 4607/121/3509
f 4617/121/3506 4616/121/3508 4620/121/3510
f 4609/121/3486 4614/121/3512 4619/121/3511
f 4613/121/3502 4607/121/3509 4614/121/3512
f 4620/121/3510 4598/121/3491 4593/121/3493
f 4579/121/3490 4625/121/3505 4627/121/3513
f 4627/121/3513 4625/121/3505 4624/121/3514
f 4625/121/3505 4623/121/3503 4622/121/3516
f 4623/121/3503 4619/121/3511 4618/121/3517
f 4618/121/3517 4619/121/3511 4614/121/3512
f 4610/121/3518 4614/121/3512 4607/121/3509
f 4560/121/3519 4607/121/3509 4564/121/3507
f 4564/121/3507 4578/121/3500 4588/121/3521
f 4588/121/3521 4578/121/3500 4627/121/3513
f 4640/121/3485 4639/121/3482 4642/121/3483
f 4629/121/3487 4631/121/3488 4639/121/3482
f 4635/121/3489 4631/121/3488 4629/121/3487
f 4637/121/3493 4638/121/3522 4635/121/3489
f 4637/121/3493 4661/121/3513 4633/121/3500
f 4642/121/3483 4646/121/3504 4647/121/3502
f 4640/121/3485 4653/121/3511 4657/121/3503
f 4629/121/3487 4657/121/3503 4659/121/3505
f 4646/121/3504 4650/121/3508 4651/121/3506
f 4655/121/3501 4633/121/3500 4630/121/3523
f 4651/121/3506 4630/121/3523 4641/121/3524
f 4651/121/3506 4650/121/3508 4654/121/3510
f 4643/121/3486 4648/121/3512 4653/121/3511
f 4643/121/3486 4647/121/3502 4641/121/3524
f 4654/121/3510 4638/121/3522 4637/121/3493
f 4634/121/3490 4659/121/3505 4661/121/3513
f 4661/121/3513 4659/121/3505 4658/121/3514
f 4658/121/3514 4659/121/3505 4657/121/3503
f 4657/121/3503 4653/121/3511 4652/121/3517
f 4653/121/3511 4648/121/3512 4644/121/3518
f 4644/121/3518 4648/121/3512 4641/121/3524
f 4628/121/3519 4641/121/3524 4630/121/3523
f 4630/121/3523 4633/121/3500 4636/121/3521
f 4636/121/3521 4633/121/3500 4661/121/3513
f 4674/121/3527 4673/121/3525 4676/121/3526
f 4663/121/3529 4665/121/3530 4673/121/3525
f 4669/121/3531 4665/121/3530 4663/121/3529
f 4671/121/3534 4672/121/3533 4669/121/3531
f 4671/121/3534 4695/121/3548 4667/121/3535
f 4676/121/3526 4680/121/3539 4681/121/3537
f 4674/121/3527 4687/121/3547 4691/121/3538
f 4668/121/3532 4663/121/3529 4691/121/3538
f 4680/121/3539 4684/121/3543 4685/121/3541
f 4685/121/3541 4689/121/3536 4667/121/3535
f 4681/121/3537 4685/121/3541 4664/121/3542
f 4685/121/3541 4684/121/3543 4688/121/3545
f 4674/121/3527 4677/121/3528 4682/121/3546
f 4681/121/3537 4675/121/3544 4682/121/3546
f 4688/121/3545 4672/121/3533 4671/121/3534
f 4671/121/3534 4668/121/3532 4693/121/3540
f 4695/121/3548 4693/121/3540 4692/121/3549
f 4692/121/3549 4693/121/3540 4691/121/3538
f 4691/121/3538 4687/121/3547 4686/121/3552
f 4686/121/3552 4687/121/3547 4682/121/3546
f 4682/121/3546 4675/121/3544 4662/121/3554
f 4662/121/3554 4675/121/3544 4664/121/3542
f 4664/121/3542 4667/121/3535 4670/121/3556
f 4670/121/3556 4667/121/3535 4695/121/3548
f 4932/121/3557 4712/121/3649 4711/121/3558
f 4705/121/3560 4704/121/3563 4925/121/3561
f 4704/121/3563 4718/121/3599 4926/121/3564
f 4778/121/3565 4712/121/3649 4932/121/3557
f 4934/121/3567 4706/121/3570 4705/121/3560
f 4935/121/3568 4713/121/3638 4778/121/3565
f 4936/121/3569 4707/121/3574 4706/121/3570
f 4714/121/3571 4713/121/3638 4935/121/3568
f 4929/121/3573 4708/121/3578 4707/121/3574
f 4715/121/3575 4714/121/3571 4928/121/3572
f 4938/121/3577 4709/121/3582 4708/121/3578
f 4716/121/3579 4715/121/3575 4937/121/3576
f 4939/121/3581 4710/121/3585 4709/121/3582
f 4717/121/3583 4716/121/3579 4930/121/3580
f 4924/121/3559 4711/121/3558 4710/121/3585
f 4926/121/3564 4718/121/3599 4717/121/3583
f 4843/121/3586 4844/121/3603 4833/121/3587
f 4846/121/3591 4732/121/3605 4731/121/3592
f 4833/121/3587 4834/121/3778 4697/121/3594
f 4813/121/3596 4820/121/3595 4842/121/3597
f 4733/121/3589 4732/121/3605 4846/121/3591
f 4724/121/3593 4731/121/3592 4718/121/3599
f 4813/121/3596 4805/121/3598 4841/121/3600
f 4845/121/3602 4834/121/3778 4833/121/3587
f 4827/121/3588 4833/121/3587 4820/121/3595
f 4733/121/3589 4741/121/3608 4740/121/3604
f 4731/121/3592 4739/121/3610 4717/121/3583
f 4740/121/3604 4739/121/3610 4731/121/3592
f 4741/121/3608 4749/121/3613 4748/121/3609
f 4739/121/3610 4747/121/3614 4716/121/3579
f 4721/121/3612 4722/121/3615 4844/121/3603
f 4740/121/3604 4748/121/3609 4747/121/3614
f 4722/121/3615 4698/121/3618 4845/121/3602
f 4843/121/3586 4827/121/3588 4826/121/3607
f 4729/121/3616 4730/121/3621 4721/121/3612
f 4736/121/3617 4737/121/3780 4698/121/3618
f 4748/121/3609 4756/121/3624 4755/121/3620
f 4730/121/3621 4736/121/3617 4722/121/3615
f 4721/121/3612 4843/121/3586 4840/121/3606
f 4757/121/3619 4756/121/3624 4748/121/3609
f 4747/121/3614 4755/121/3620 4715/121/3575
f 4763/121/3623 4762/121/3626 4755/121/3620
f 4757/121/3619 4764/121/3622 4763/121/3623
f 4762/121/3626 4714/121/3571 4715/121/3575
f 4744/121/3627 4745/121/3629 4736/121/3617
f 4738/121/3625 4744/121/3627 4730/121/3621
f 4746/121/3628 4737/121/3780 4736/121/3617
f 4764/121/3622 4772/121/3634 4771/121/3630
f 4770/121/3631 4713/121/3638 4714/121/3571
f 4753/121/3633 4754/121/3635 4745/121/3629
f 4763/121/3623 4771/121/3630 4770/121/3631
f 4754/121/3635 4699/121/3640 4746/121/3628
f 4772/121/3634 4781/121/3642 4780/121/3636
f 4779/121/3637 4778/121/3565 4713/121/3638
f 4767/121/3639 4768/121/3645 4699/121/3640
f 4771/121/3630 4780/121/3636 4779/121/3637
f 4761/121/3643 4753/121/3633 4752/121/3632
f 4752/121/3632 4753/121/3633 4744/121/3627
f 4776/121/3644 4777/121/3654 4768/121/3645
f 4780/121/3636 4788/121/3651 4787/121/3647
f 4775/121/3648 4776/121/3644 4767/121/3639
f 4761/121/3643 4767/121/3639 4754/121/3635
f 4789/121/3646 4788/121/3651 4780/121/3636
f 4779/121/3637 4787/121/3647 4712/121/3649
f 4775/121/3648 4761/121/3643 4760/121/3641
f 4788/121/3651 4796/121/3659 4795/121/3652
f 4786/121/3653 4792/121/3779 4777/121/3654
f 4797/121/3655 4796/121/3659 4788/121/3651
f 4787/121/3647 4795/121/3652 4711/121/3558
f 4785/121/3657 4786/121/3653 4776/121/3644
f 4797/121/3655 4804/121/3662 4803/121/3658
f 4795/121/3652 4802/121/3663 4710/121/3585
f 4794/121/3661 4800/121/3665 4786/121/3653
f 4796/121/3659 4803/121/3658 4802/121/3663
f 4700/121/3664 4792/121/3779 4786/121/3653
f 4784/121/3656 4785/121/3657 4775/121/3648
f 4802/121/3663 4809/121/3670 4709/121/3582
f 4801/121/3666 4806/121/3671 4794/121/3661
f 4808/121/3667 4700/121/3664 4800/121/3665
f 4803/121/3658 4810/121/3672 4809/121/3670
f 4807/121/3668 4800/121/3665 4794/121/3661
f 4793/121/3660 4794/121/3661 4785/121/3657
f 4804/121/3662 4811/121/3669 4810/121/3672
f 4810/121/3672 4818/121/3677 4817/121/3674
f 4816/121/3675 4807/121/3668 4806/121/3671
f 4811/121/3669 4819/121/3673 4818/121/3677
f 4809/121/3670 4817/121/3674 4708/121/3578
f 4815/121/3676 4806/121/3671 4801/121/3666
f 4816/121/3675 4701/121/3680 4808/121/3667
f 4828/121/3679 4702/121/3691 4701/121/3680
f 4825/121/3681 4824/121/3684 4818/121/3677
f 4817/121/3674 4823/121/3686 4707/121/3574
f 4822/121/3683 4828/121/3679 4816/121/3675
f 4824/121/3684 4823/121/3686 4817/121/3674
f 4832/121/3685 4831/121/3694 4824/121/3684
f 4823/121/3686 4830/121/3690 4706/121/3570
f 4836/121/3688 4828/121/3679 4822/121/3683
f 4824/121/3684 4831/121/3694 4830/121/3690
f 4836/121/3688 4703/121/3692 4702/121/3691
f 4821/121/3682 4822/121/3683 4815/121/3676
f 4805/121/3598 4835/121/3689 4829/121/3687
f 4842/121/3597 4696/121/3697 4703/121/3692
f 4831/121/3694 4838/121/3696 4837/121/3695
f 4805/121/3598 4842/121/3597 4836/121/3688
f 4829/121/3687 4835/121/3689 4822/121/3683
f 4839/121/3693 4838/121/3696 4831/121/3694
f 4830/121/3690 4837/121/3695 4705/121/3560
f 4838/121/3696 4846/121/3591 4724/121/3593
f 4827/121/3588 4813/121/3596 4812/121/3601
f 4726/121/3590 4846/121/3591 4838/121/3696
f 4837/121/3695 4724/121/3593 4704/121/3563
f 4820/121/3595 4697/121/3594 4696/121/3697
f 4888/121/3698 4879/121/3701 4875/121/3699
f 4879/121/3701 4880/121/3758 4870/121/3702
f 4865/121/3704 4869/121/3703 4886/121/3705
f 4865/121/3704 4859/121/3706 4885/121/3707
f 4889/121/3709 4880/121/3758 4879/121/3701
f 4879/121/3701 4869/121/3703 4865/121/3704
f 4791/121/3713 4888/121/3698 4887/121/3700
f 4790/121/3715 4889/121/3709 4888/121/3698
f 4887/121/3700 4875/121/3699 4874/121/3711
f 4783/121/3716 4782/121/3718 4798/121/3714
f 4774/121/3717 4773/121/3722 4790/121/3715
f 4782/121/3718 4774/121/3717 4791/121/3713
f 4890/121/3712 4798/121/3714 4887/121/3700
f 4765/121/3720 4759/121/3721 4774/121/3717
f 4766/121/3719 4765/121/3720 4782/121/3718
f 4759/121/3721 4758/121/3759 4773/121/3722
f 4750/121/3724 4743/121/3726 4759/121/3721
f 4742/121/3725 4758/121/3759 4759/121/3721
f 4727/121/3727 4742/121/3725 4743/121/3726
f 4734/121/3730 4750/121/3724 4751/121/3723
f 4751/121/3723 4750/121/3724 4765/121/3720
f 4720/121/3731 4719/121/3761 4727/121/3727
f 4723/121/3732 4720/121/3731 4728/121/3728
f 4728/121/3728 4743/121/3726 4750/121/3724
f 4725/121/3733 4723/121/3732 4734/121/3730
f 4852/121/3734 4719/121/3761 4720/121/3731
f 4851/121/3735 4720/121/3731 4723/121/3732
f 4854/121/3739 4856/121/3741 4851/121/3735
f 4857/121/3740 4852/121/3734 4851/121/3735
f 4850/121/3737 4723/121/3732 4725/121/3733
f 4858/121/3742 4861/121/3745 4854/121/3739
f 4863/121/3743 4857/121/3740 4856/121/3741
f 4862/121/3744 4856/121/3741 4854/121/3739
f 4854/121/3739 4850/121/3737 4849/121/3736
f 4868/121/3746 4862/121/3744 4861/121/3745
f 4866/121/3748 4867/121/3747 4861/121/3745
f 4871/121/3749 4863/121/3743 4862/121/3744
f 4876/121/3750 4877/121/3756 4871/121/3749
f 4876/121/3750 4868/121/3746 4867/121/3747
f 4881/121/3754 4882/121/3755 4876/121/3750
f 4882/121/3755 4883/121/3760 4877/121/3756
f 4872/121/3751 4873/121/3752 4867/121/3747
f 4859/121/3706 4881/121/3754 4878/121/3753
f 4860/121/3757 4883/121/3760 4882/121/3755
f 4859/121/3706 4886/121/3705 4882/121/3755
f 4878/121/3753 4881/121/3754 4873/121/3752
f 4875/121/3699 4865/121/3704 4864/121/3708
f 4870/121/3702 4860/121/3757 4886/121/3705
f 4923/121/3762 4895/121/751 4899/121/747
f 4921/121/3764 4892/121/729 4907/121/750
f 4899/121/747 4898/121/743 4911/121/3766
f 4920/121/3765 4907/121/750 4906/121/746
f 4898/121/743 4905/121/547 4918/121/3768
f 4919/121/3767 4906/121/746 4897/121/493
f 4905/121/547 4896/121/737 4909/121/3770
f 4910/121/3769 4897/121/493 4904/121/740
f 4896/121/737 4903/121/733 4916/121/3772
f 4917/121/3771 4904/121/740 4902/121/735
f 4916/121/3772 4903/121/733 4901/121/728
f 4915/121/3773 4902/121/735 4894/121/732
f 4901/121/728 4900/121/266 4913/121/3776
f 4922/121/3777 4893/121/235 4895/121/751
f 4894/121/732 4893/121/235 4922/121/3777
f 4913/121/3776 4900/121/266 4892/121/729
f 4768/121/3645 4913/121/3776 4921/121/3764
f 4697/121/3594 4908/121/3775 4922/121/3777
f 4922/121/3777 4923/121/3762 4703/121/3692
f 4914/121/3774 4913/121/3776 4768/121/3645
f 4834/121/3778 4915/121/3773 4908/121/3775
f 4792/121/3779 4916/121/3772 4914/121/3774
f 4845/121/3602 4917/121/3771 4915/121/3773
f 4909/121/3770 4916/121/3772 4792/121/3779
f 4698/121/3618 4910/121/3769 4917/121/3771
f 4808/121/3667 4918/121/3768 4909/121/3770
f 4737/121/3780 4919/121/3767 4910/121/3769
f 4911/121/3766 4918/121/3768 4808/121/3667
f 4746/121/3628 4920/121/3765 4919/121/3767
f 4912/121/3763 4911/121/3766 4701/121/3680
f 4699/121/3640 4921/121/3764 4920/121/3765
f 4923/121/3762 4912/121/3763 4702/121/3691
f 4926/121/3564 4931/121/3584 4899/121/747
f 4892/121/729 4924/121/3559 4939/121/3581
f 4931/121/3584 4930/121/3580 4898/121/743
f 4907/121/750 4939/121/3581 4938/121/3577
f 4930/121/3580 4937/121/3576 4905/121/547
f 4938/121/3577 4929/121/3573 4897/121/493
f 4937/121/3576 4928/121/3572 4896/121/737
f 4897/121/493 4929/121/3573 4936/121/3569
f 4928/121/3572 4935/121/3568 4903/121/733
f 4904/121/740 4936/121/3569 4934/121/3567
f 4903/121/733 4935/121/3568 4933/121/3566
f 4902/121/735 4934/121/3567 4927/121/3562
f 4933/121/3566 4932/121/3557 4900/121/266
f 4925/121/3561 4926/121/3564 4895/121/751
f 4927/121/3562 4925/121/3561 4893/121/235
f 4932/121/3557 4924/121/3559 4892/121/729
f 5176/121/3561 5168/121/3562 4955/121/3560
f 5169/121/3557 4948/121/3649 4949/121/3558
f 5170/121/3566 4962/121/3565 4948/121/3649
f 5176/121/3561 4956/121/3563 5022/121/3599
f 5178/121/3581 5171/121/3559 4949/121/3558
f 5179/121/3584 5177/121/3564 5022/121/3599
f 5180/121/3577 5178/121/3581 4950/121/3585
f 5179/121/3584 4957/121/3583 4958/121/3579
f 5173/121/3573 5180/121/3577 4951/121/3582
f 5172/121/3580 4958/121/3579 4959/121/3575
f 5182/121/3569 5173/121/3573 4952/121/3578
f 5181/121/3576 4959/121/3575 4960/121/3571
f 5183/121/3567 5182/121/3569 4953/121/3574
f 5174/121/3572 4960/121/3571 4961/121/3638
f 5168/121/3562 5183/121/3567 4954/121/3570
f 5170/121/3566 5175/121/3568 4961/121/3638
f 5087/121/3621 5071/121/3627 5077/121/3629
f 5090/121/3651 4968/121/3647 4975/121/3637
f 5077/121/3629 5064/121/3635 4941/121/3640
f 5057/121/3782 5049/121/3643 5086/121/3639
f 5090/121/3651 4976/121/3781 4977/121/3642
f 4968/121/3647 4948/121/3649 4962/121/3565
f 5085/121/3641 5049/121/3643 5057/121/3782
f 5077/121/3629 5078/121/3628 5089/121/3780
f 5071/121/3627 5057/121/3782 5064/121/3635
f 4977/121/3642 4976/121/3781 4984/121/3630
f 4975/121/3637 4962/121/3565 4961/121/3638
f 4975/121/3637 4983/121/3631 4984/121/3630
f 4985/121/3634 4984/121/3630 4992/121/3623
f 4983/121/3631 4961/121/3638 4960/121/3571
f 4965/121/3612 5087/121/3621 5088/121/3617
f 4984/121/3630 4983/121/3631 4991/121/3626
f 4966/121/3615 5088/121/3617 5089/121/3780
f 5070/121/3625 5071/121/3627 5087/121/3621
f 4973/121/3606 5091/121/3611 4965/121/3612
f 4980/121/3603 4966/121/3615 4942/121/3618
f 4992/121/3623 4991/121/3626 4999/121/3620
f 4974/121/3586 4965/121/3612 4966/121/3615
f 5084/121/3616 5087/121/3621 4965/121/3612
f 4992/121/3623 5000/121/3624 5001/121/3619
f 4991/121/3626 4960/121/3571 4959/121/3575
f 4999/121/3620 5006/121/3614 5007/121/3609
f 5001/121/3619 5000/121/3624 5007/121/3609
f 4959/121/3575 4958/121/3579 5006/121/3614
f 4988/121/3588 4974/121/3586 4980/121/3603
f 4982/121/3607 4973/121/3606 4974/121/3586
f 4980/121/3603 4981/121/3602 4990/121/3778
f 5008/121/3613 5007/121/3609 5015/121/3604
f 4958/121/3579 4957/121/3583 5014/121/3610
f 4997/121/3596 4988/121/3588 4989/121/3587
f 5007/121/3609 5006/121/3614 5014/121/3610
f 4998/121/3595 4989/121/3587 4990/121/3778
f 5016/121/3608 5015/121/3604 5024/121/3783
f 4957/121/3583 5022/121/3599 5023/121/3592
f 5011/121/3597 4998/121/3595 4943/121/3594
f 5015/121/3604 5014/121/3610 5023/121/3592
f 5004/121/3600 4996/121/3601 4997/121/3596
f 4996/121/3601 4982/121/3607 4988/121/3588
f 5020/121/3688 5011/121/3597 5012/121/3697
f 5024/121/3783 5023/121/3592 5031/121/3593
f 5019/121/3784 5005/121/3598 5011/121/3597
f 5005/121/3598 4997/121/3596 4998/121/3595
f 5025/121/3589 5024/121/3783 5032/121/3591
f 5023/121/3592 5022/121/3599 4956/121/3563
f 5013/121/3687 5004/121/3600 5005/121/3598
f 5032/121/3591 5031/121/3593 5039/121/3695
f 5020/121/3688 5021/121/3692 5036/121/3691
f 5033/121/3590 5032/121/3591 5040/121/3696
f 5031/121/3593 4956/121/3563 4955/121/3560
f 5029/121/3683 5019/121/3784 5020/121/3688
f 5041/121/3693 5040/121/3696 5047/121/3694
f 5039/121/3695 4955/121/3560 4954/121/3570
f 5038/121/3676 5029/121/3683 5030/121/3679
f 5040/121/3696 5039/121/3695 5046/121/3690
f 5030/121/3679 5036/121/3691 4944/121/3680
f 5028/121/3682 5013/121/3687 5019/121/3784
f 5046/121/3690 4954/121/3570 4953/121/3574
f 5045/121/3666 5037/121/3678 5038/121/3676
f 5044/121/3675 4944/121/3680 5052/121/3667
f 5047/121/3694 5046/121/3690 5053/121/3686
f 5038/121/3676 5044/121/3675 5051/121/3668
f 5037/121/3678 5028/121/3682 5029/121/3683
f 5048/121/3685 5047/121/3694 5054/121/3684
f 5054/121/3684 5053/121/3686 5061/121/3674
f 5050/121/3671 5051/121/3668 5060/121/3665
f 5055/121/3681 5054/121/3684 5062/121/3677
f 5053/121/3686 4953/121/3574 4952/121/3578
f 5045/121/3666 5050/121/3671 5059/121/3661
f 5060/121/3665 5051/121/3668 5052/121/3667
f 5072/121/3653 5060/121/3665 4945/121/3664
f 5062/121/3677 5068/121/3672 5069/121/3669
f 5061/121/3674 4952/121/3578 4951/121/3582
f 5066/121/3657 5059/121/3661 5060/121/3665
f 5061/121/3674 5067/121/3670 5068/121/3672
f 5068/121/3672 5075/121/3658 5076/121/3662
f 5067/121/3670 4951/121/3582 4950/121/3585
f 5066/121/3657 5072/121/3653 5080/121/3644
f 5068/121/3672 5067/121/3670 5074/121/3663
f 5080/121/3644 5072/121/3653 4946/121/3779
f 5065/121/3656 5058/121/3660 5059/121/3661
f 5073/121/3650 5079/121/3785 5049/121/3643
f 5086/121/3639 5080/121/3644 4947/121/3654
f 5075/121/3658 5074/121/3663 5081/121/3652
f 5049/121/3643 5079/121/3785 5080/121/3644
f 5073/121/3650 5065/121/3656 5066/121/3657
f 5075/121/3658 5082/121/3786 5083/121/3655
f 5074/121/3663 4950/121/3585 4949/121/3558
f 5082/121/3786 5081/121/3652 4968/121/3647
f 5056/121/3632 5057/121/3782 5071/121/3627
f 5082/121/3786 5090/121/3651 4970/121/3646
f 5081/121/3652 4949/121/3558 4948/121/3649
f 5064/121/3635 5086/121/3639 4940/121/3645
f 5119/121/3787 5123/121/3790 5132/121/3788
f 5123/121/3790 5113/121/3795 5114/121/3791
f 5109/121/3793 5103/121/3849 5130/121/3794
f 5129/121/3796 5103/121/3849 5109/121/3793
f 5123/121/3790 5124/121/3792 5133/121/3798
f 5109/121/3793 5113/121/3795 5123/121/3790
f 5131/121/3789 5132/121/3788 5035/121/3802
f 5132/121/3788 5133/121/3798 5034/121/3804
f 5118/121/3799 5119/121/3787 5131/121/3789
f 5027/121/3805 5134/121/3801 5042/121/3803
f 5018/121/3807 5035/121/3802 5034/121/3804
f 5026/121/3806 5042/121/3803 5035/121/3802
f 5134/121/3801 5128/121/3800 5131/121/3789
f 5009/121/3810 5026/121/3806 5018/121/3807
f 5010/121/3809 5027/121/3805 5026/121/3806
f 5003/121/3811 5018/121/3807 5017/121/3808
f 4994/121/3814 5009/121/3810 5003/121/3811
f 5003/121/3811 5002/121/3812 4986/121/3816
f 4972/121/3817 4987/121/3815 4986/121/3816
f 4995/121/3813 4994/121/3814 4978/121/3820
f 4995/121/3813 5010/121/3809 5009/121/3810
f 4972/121/3817 4971/121/3818 4963/121/3821
f 4967/121/3823 4978/121/3820 4972/121/3817
f 4994/121/3814 4987/121/3815 4972/121/3817
f 4969/121/3824 4979/121/3819 4978/121/3820
f 4964/121/3822 4963/121/3821 5096/121/3825
f 4967/121/3823 4964/121/3822 5095/121/3826
f 5098/121/3830 5094/121/3828 5095/121/3826
f 5095/121/3826 5096/121/3825 5101/121/3832
f 4969/121/3824 4967/121/3823 5094/121/3828
f 5102/121/3833 5097/121/3829 5098/121/3830
f 5100/121/3831 5101/121/3832 5107/121/3835
f 5098/121/3830 5100/121/3831 5106/121/3836
f 5093/121/3827 5094/121/3828 5098/121/3830
f 5105/121/3834 5106/121/3836 5112/121/3837
f 5110/121/3839 5102/121/3833 5105/121/3834
f 5106/121/3836 5107/121/3835 5115/121/3840
f 5120/121/3841 5112/121/3837 5115/121/3840
f 5111/121/3838 5112/121/3837 5120/121/3841
f 5125/121/3846 5117/121/3844 5120/121/3841
f 5126/121/3847 5120/121/3841 5121/121/3842
f 5116/121/3843 5110/121/3839 5111/121/3838
f 5122/121/3845 5125/121/3846 5103/121/3849
f 5126/121/3847 5127/121/3848 5104/121/3850
f 5103/121/3849 5125/121/3846 5126/121/3847
f 5122/121/3845 5116/121/3843 5117/121/3844
f 5108/121/3797 5109/121/3793 5119/121/3787
f 5130/121/3794 5104/121/3850 5114/121/3791
f 5156/121/3772 5143/121/733 5139/121/728
f 5165/121/3775 5164/121/3773 5151/121/735
f 5155/121/3770 5142/121/737 5143/121/733
f 5164/121/3773 5163/121/3771 5150/121/740
f 5162/121/3768 5149/121/547 5142/121/737
f 5154/121/3769 5141/121/493 5150/121/740
f 5153/121/3766 5140/121/743 5149/121/547
f 5154/121/3769 5161/121/3767 5148/121/746
f 5160/121/3763 5147/121/747 5140/121/743
f 5161/121/3767 5159/121/3765 5146/121/750
f 5160/121/3763 5158/121/3762 5145/121/751
f 5159/121/3765 5152/121/3764 5138/121/729
f 5157/121/3777 5144/121/235 5145/121/751
f 5167/121/3774 5139/121/728 5137/121/266
f 5166/121/3776 5137/121/266 5138/121/729
f 5157/121/3777 5165/121/3775 5136/121/732
f 5012/121/3697 4943/121/3594 5165/121/3775
f 4941/121/3640 4940/121/3645 5166/121/3776
f 4947/121/3654 5167/121/3774 5166/121/3776
f 5012/121/3697 5157/121/3777 5158/121/3762
f 5078/121/3628 4941/121/3640 5152/121/3764
f 5036/121/3691 5021/121/3692 5158/121/3762
f 5089/121/3780 5078/121/3628 5159/121/3765
f 5036/121/3691 5160/121/3763 5153/121/3766
f 4942/121/3618 5089/121/3780 5161/121/3767
f 4944/121/3680 5153/121/3766 5162/121/3768
f 4981/121/3602 4942/121/3618 5154/121/3769
f 5052/121/3667 5162/121/3768 5155/121/3770
f 4990/121/3778 4981/121/3602 5163/121/3771
f 4945/121/3664 5155/121/3770 5156/121/3772
f 4943/121/3594 4990/121/3778 5164/121/3773
f 4946/121/3779 5156/121/3772 5167/121/3774
f 5143/121/733 5175/121/3568 5170/121/3566
f 5136/121/732 5151/121/735 5183/121/3567
f 5142/121/737 5174/121/3572 5175/121/3568
f 5151/121/735 5150/121/740 5182/121/3569
f 5149/121/547 5181/121/3576 5174/121/3572
f 5150/121/740 5141/121/493 5173/121/3573
f 5140/121/743 5172/121/3580 5181/121/3576
f 5141/121/493 5148/121/746 5180/121/3577
f 5147/121/747 5179/121/3584 5172/121/3580
f 5148/121/746 5146/121/750 5178/121/3581
f 5147/121/747 5145/121/751 5177/121/3564
f 5146/121/750 5138/121/729 5171/121/3559
f 5144/121/235 5176/121/3561 5177/121/3564
f 5139/121/728 5170/121/3566 5169/121/3557
f 5137/121/266 5169/121/3557 5171/121/3559
f 5136/121/732 5168/121/3562 5176/121/3561
f 5187/121/3854 5191/121/3859 5190/121/3855
f 5185/121/3857 5189/121/3858 5188/121/3852
f 5186/121/3856 5190/121/3855 5189/121/3858
f 5191/121/3859 5195/121/3865 5194/121/3860
f 5189/121/3858 5193/121/3862 5192/121/3861
f 5190/121/3855 5194/121/3860 5193/121/3862
f 5194/121/3860 5198/121/3866 5197/121/3863
f 5195/121/3865 5199/121/3872 5198/121/3866
f 5193/121/3862 5197/121/3863 5196/121/3864
f 5198/121/3866 5202/121/3873 5201/121/3867
f 5199/121/3872 5203/121/3879 5202/121/3873
f 5197/121/3863 5201/121/3867 5200/121/3868
f 5207/121/3878 5206/121/3883 5202/121/3873
f 5205/121/3880 5204/121/3884 5200/121/3868
f 5206/121/3883 5205/121/3880 5201/121/3867
f 5211/121/3885 5210/121/3888 5206/121/3883
f 5209/121/3886 5208/121/3889 5204/121/3884
f 5210/121/3888 5209/121/3886 5205/121/3880
f 5215/121/3890 5214/121/3893 5209/121/3886
f 5216/121/3892 5215/121/3890 5210/121/3888
f 5214/121/3893 5213/121/3891 5208/121/3889
f 5219/121/3894 5218/121/3897 5214/121/3893
f 5187/121/3854 5229/121/3869 5228/121/3871
f 5220/121/3896 5219/121/3894 5215/121/3890
f 5218/121/3897 5217/121/3895 5213/121/3891
f 5225/121/3887 5224/121/3876 5207/121/3878
f 5224/121/3876 5223/121/3877 5211/121/3885
f 5191/121/3859 5228/121/3871 5227/121/3881
f 5222/121/3874 5221/121/3875 5220/121/3896
f 5255/121/3898 5254/121/3903 5219/121/3894
f 5223/121/3877 5222/121/3874 5216/121/3892
f 5271/121/3899 5249/121/3925 5212/121/3870
f 5199/121/3872 5226/121/3882 5225/121/3887
f 5273/121/3900 5245/121/3923 5184/121/3851
f 5186/121/3856 5247/121/3904 5248/121/3901
f 5212/121/3870 5249/121/3925 5258/121/3902
f 5195/121/3865 5227/121/3881 5226/121/3882
f 5254/121/3903 5253/121/3905 5218/121/3897
f 5221/121/3875 5258/121/3902 5255/121/3898
f 5248/121/3901 5271/121/3899 5229/121/3869
f 5185/121/3857 5246/121/3906 5247/121/3904
f 5253/121/3905 5252/121/3937 5217/121/3895
f 5184/121/3851 5245/121/3923 5246/121/3906
f 5217/121/3895 5252/121/3937 5273/121/3900
f 5235/121/3907 5234/121/3914 5231/121/3908
f 5236/121/3912 5235/121/3907 5232/121/3909
f 5234/121/3914 5233/121/3911 5274/121/3910
f 5240/121/3915 5239/121/3917 5235/121/3907
f 5238/121/3916 5237/121/3918 5233/121/3911
f 5239/121/3917 5238/121/3916 5234/121/3914
f 5242/121/3919 5241/121/3921 5237/121/3918
f 5243/121/3920 5242/121/3919 5238/121/3916
f 5244/121/3922 5243/121/3920 5239/121/3917
f 5247/121/3904 5246/121/3906 5242/121/3919
f 5248/121/3901 5247/121/3904 5243/121/3920
f 5246/121/3906 5245/121/3923 5241/121/3921
f 5277/121/3927 5276/121/3924 5240/121/3915
f 5255/121/3898 5258/121/3902 5257/121/3929
f 5266/121/3933 5256/121/3931 5251/121/3930
f 5250/121/3928 5277/121/3927 5236/121/3912
f 5255/121/3898 5262/121/3932 5261/121/3935
f 5253/121/3905 5260/121/3938 5259/121/3936
f 5254/121/3903 5261/121/3935 5260/121/3938
f 5260/121/3938 5264/121/3940 5263/121/3939
f 5262/121/3932 5257/121/3929 5256/121/3931
f 5261/121/3935 5265/121/3941 5264/121/3940
f 5272/121/3926 5271/121/3899 5248/121/3901
f 5262/121/3932 5266/121/3933 5265/121/3941
f 5276/121/3924 5272/121/3926 5244/121/3922
f 5265/121/3941 5269/121/3944 5268/121/3942
f 5270/121/3934 5251/121/3930 5250/121/3928
f 5266/121/3933 5270/121/3934 5269/121/3944
f 5264/121/3940 5268/121/3942 5267/121/3943
f 5270/121/3934 5275/121/3913 5232/121/3909
f 5268/121/3942 5231/121/3908 5274/121/3910
f 5269/121/3944 5232/121/3909 5231/121/3908
f 5313/121/3945 5389/121/4015 5312/121/3946
f 5314/121/3948 5390/121/4013 5313/121/3945
f 5315/121/3949 5391/121/4017 5314/121/3948
f 5312/121/3946 5392/121/4020 5315/121/3949
f 5317/121/3950 5397/121/4083 5316/121/3951
f 5318/121/3953 5398/121/4081 5317/121/3950
f 5319/121/3954 5399/121/4085 5318/121/3953
f 5316/121/3951 5400/121/4088 5319/121/3954
f 5321/121/3957 5401/121/3956 5325/121/3964
f 5280/121/3965 5326/121/3967 5402/121/3958
f 5327/121/3966 5386/121/3972 5326/121/3967
f 5280/121/3965 5325/121/3964 5385/121/3968
f 5322/121/3959 5402/121/3958 5326/121/3967
f 5281/121/3969 5328/121/3971 5403/121/3960
f 5329/121/3970 5387/121/5858 5328/121/3971
f 5281/121/3969 5326/121/3967 5386/121/3972
f 5282/121/3973 5323/121/3961 5403/121/3960
f 5330/121/3974 5404/121/3962 5323/121/3961
f 5282/121/3973 5331/121/3976 5388/121/3975
f 5328/121/3971 5387/121/5858 5331/121/3976
f 5283/121/3977 5324/121/3963 5404/121/3962
f 5325/121/3964 5401/121/3956 5324/121/3963
f 5283/121/3977 5332/121/3978 5385/121/3968
f 5330/121/3974 5388/121/3975 5332/121/3978
f 5284/121/3979 5327/121/3966 5385/121/3968
f 5334/121/3981 5386/121/3972 5327/121/3966
f 5284/121/3979 5335/121/3983 5406/121/3982
f 5333/121/3980 5405/121/3995 5335/121/3983
f 5285/121/3984 5329/121/3970 5386/121/3972
f 5336/121/3985 5387/121/5858 5329/121/3970
f 5285/121/3984 5337/121/3987 5407/121/3986
f 5334/121/3981 5406/121/3982 5337/121/3987
f 5331/121/3976 5387/121/5858 5336/121/3985
f 5286/121/3988 5338/121/3990 5388/121/3975
f 5339/121/3989 5408/121/3993 5338/121/3990
f 5286/121/3988 5336/121/3985 5407/121/3986
f 5332/121/3978 5388/121/3975 5338/121/3990
f 5287/121/3991 5333/121/3980 5385/121/3968
f 5340/121/3992 5405/121/3995 5333/121/3980
f 5287/121/3991 5338/121/3990 5408/121/3993
f 5288/121/3994 5335/121/3983 5405/121/3995
f 5342/121/3997 5406/121/3982 5335/121/3983
f 5288/121/3994 5343/121/4000 5410/121/3998
f 5288/121/3994 5341/121/3996 5409/121/3999
f 5289/121/4001 5337/121/3987 5406/121/3982
f 5344/121/4002 5407/121/3986 5337/121/3987
f 5289/121/4001 5345/121/4004 5411/121/4003
f 5342/121/3997 5410/121/3998 5345/121/4004
f 5339/121/3989 5407/121/3986 5344/121/4002
f 5290/121/4005 5346/121/4007 5408/121/3993
f 5347/121/4006 5412/121/4009 5346/121/4007
f 5290/121/4005 5344/121/4002 5411/121/4003
f 5340/121/3992 5408/121/3993 5346/121/4007
f 5291/121/4008 5341/121/3996 5405/121/3995
f 5291/121/4008 5348/121/4010 5409/121/3999
f 5291/121/4008 5346/121/4007 5412/121/4009
f 5292/121/4011 5343/121/4000 5409/121/3999
f 5292/121/4011 5350/121/4014 5410/121/3998
f 5292/121/4011 5313/121/3945 5390/121/4013
f 5292/121/4011 5349/121/4012 5389/121/4015
f 5293/121/4016 5345/121/4004 5410/121/3998
f 5293/121/4016 5351/121/4018 5411/121/4003
f 5293/121/4016 5314/121/3948 5391/121/4017
f 5293/121/4016 5350/121/4014 5390/121/4013
f 5294/121/4019 5347/121/4006 5411/121/4003
f 5294/121/4019 5352/121/4021 5412/121/4009
f 5294/121/4019 5315/121/3949 5392/121/4020
f 5294/121/4019 5351/121/4018 5391/121/4017
f 5295/121/4022 5348/121/4010 5412/121/4009
f 5295/121/4022 5349/121/4012 5409/121/3999
f 5295/121/4022 5312/121/3946 5389/121/4015
f 5295/121/4022 5352/121/4021 5392/121/4020
f 5296/121/4032 5353/121/4025 5414/121/4024
f 5358/121/4034 5415/121/4026 5353/121/4025
f 5296/121/4032 5359/121/4036 5394/121/4035
f 5357/121/4033 5393/121/4045 5359/121/4036
f 5354/121/4027 5415/121/4026 5358/121/4034
f 5297/121/4037 5360/121/4039 5416/121/4028
f 5361/121/4038 5395/121/4043 5360/121/4039
f 5297/121/4037 5358/121/4034 5394/121/4035
f 5355/121/4029 5416/121/4028 5360/121/4039
f 5298/121/4040 5362/121/4042 5417/121/4030
f 5363/121/4041 5396/121/5859 5362/121/4042
f 5298/121/4040 5360/121/4039 5395/121/4043
f 5299/121/4044 5356/121/4031 5417/121/4030
f 5357/121/4033 5414/121/4024 5356/121/4031
f 5299/121/4044 5364/121/4046 5393/121/4045
f 5362/121/4042 5396/121/5859 5364/121/4046
f 5359/121/4036 5393/121/4045 5365/121/4047
f 5300/121/4048 5366/121/4050 5394/121/4035
f 5367/121/4049 5419/121/4064 5366/121/4050
f 5300/121/4048 5365/121/4047 5418/121/4051
f 5301/121/4052 5361/121/4038 5394/121/4035
f 5368/121/4053 5395/121/4043 5361/121/4038
f 5301/121/4052 5369/121/4055 5420/121/4054
f 5366/121/4050 5419/121/4064 5369/121/4055
f 5302/121/4056 5363/121/4041 5395/121/4043
f 5370/121/4057 5396/121/5859 5363/121/4041
f 5302/121/4056 5371/121/4059 5421/121/4058
f 5368/121/4053 5420/121/4054 5371/121/4059
f 5364/121/4046 5396/121/5859 5370/121/4057
f 5303/121/4060 5365/121/4047 5393/121/4045
f 5372/121/4061 5418/121/4051 5365/121/4047
f 5303/121/4060 5370/121/4057 5421/121/4058
f 5367/121/4049 5418/121/4051 5373/121/4062
f 5304/121/4063 5374/121/4066 5419/121/4064
f 5304/121/4063 5375/121/4068 5423/121/4065
f 5304/121/4063 5373/121/4062 5422/121/4067
f 5305/121/4069 5369/121/4055 5419/121/4064
f 5376/121/4070 5420/121/4054 5369/121/4055
f 5305/121/4069 5377/121/4072 5424/121/4071
f 5305/121/4069 5374/121/4066 5423/121/4065
f 5306/121/4073 5371/121/4059 5420/121/4054
f 5378/121/4074 5421/121/4058 5371/121/4059
f 5306/121/4073 5379/121/4076 5425/121/4075
f 5376/121/4070 5424/121/4071 5379/121/4076
f 5372/121/4061 5421/121/4058 5378/121/4074
f 5307/121/4077 5373/121/4062 5418/121/4051
f 5380/121/4078 5422/121/4067 5373/121/4062
f 5307/121/4077 5378/121/4074 5425/121/4075
f 5308/121/4079 5375/121/4068 5422/121/4067
f 5308/121/4079 5382/121/4082 5423/121/4065
f 5308/121/4079 5317/121/3950 5398/121/4081
f 5308/121/4079 5381/121/4080 5397/121/4083
f 5309/121/4084 5377/121/4072 5423/121/4065
f 5309/121/4084 5383/121/4086 5424/121/4071
f 5309/121/4084 5318/121/3953 5399/121/4085
f 5309/121/4084 5382/121/4082 5398/121/4081
f 5310/121/4087 5379/121/4076 5424/121/4071
f 5310/121/4087 5384/121/4089 5425/121/4075
f 5310/121/4087 5319/121/3954 5400/121/4088
f 5310/121/4087 5383/121/4086 5399/121/4085
f 5311/121/4090 5380/121/4078 5425/121/4075
f 5311/121/4090 5381/121/4080 5422/121/4067
f 5311/121/4090 5316/121/3951 5397/121/4083
f 5311/121/4090 5384/121/4089 5400/121/4088
f 5429/121/3896 5428/121/3894 5432/121/3890
f 5427/121/3897 5426/121/3895 5430/121/3891
f 5428/121/3894 5427/121/3897 5431/121/3893
f 5433/121/3892 5432/121/3890 5436/121/3888
f 5431/121/3893 5430/121/3891 5434/121/3889
f 5432/121/3890 5431/121/3893 5435/121/3886
f 5436/121/3888 5435/121/3886 5439/121/3880
f 5437/121/3885 5436/121/3888 5440/121/3883
f 5435/121/3886 5434/121/3889 5438/121/3884
f 5440/121/3883 5439/121/3880 5443/121/3867
f 5441/121/3878 5440/121/3883 5444/121/3873
f 5439/121/3880 5438/121/3884 5442/121/3868
f 5444/121/3873 5448/121/3866 5449/121/3872
f 5442/121/3868 5446/121/3864 5447/121/3863
f 5443/121/3867 5447/121/3863 5448/121/3866
f 5448/121/3866 5452/121/3860 5453/121/3865
f 5446/121/3864 5450/121/3861 5451/121/3862
f 5447/121/3863 5451/121/3862 5452/121/3860
f 5451/121/3862 5456/121/3858 5457/121/3855
f 5452/121/3860 5457/121/3855 5458/121/3859
f 5450/121/3861 5455/121/3852 5456/121/3858
f 5456/121/3858 5460/121/3857 5461/121/3856
f 5429/121/3896 5433/121/3892 5470/121/3874
f 5457/121/3855 5461/121/3856 5462/121/3854
f 5455/121/3852 5459/121/3851 5460/121/3857
f 5449/121/3872 5466/121/3882 5467/121/3887
f 5453/121/3865 5465/121/3881 5466/121/3882
f 5433/121/3892 5437/121/3885 5469/121/3877
f 5462/121/3854 5463/121/3869 5464/121/3871
f 5461/121/3856 5496/121/3904 5497/121/3901
f 5458/121/3859 5464/121/3871 5465/121/3881
f 5454/121/3870 5491/121/3925 5513/121/3902
f 5441/121/3878 5445/121/3879 5467/121/3887
f 5426/121/3895 5487/121/3937 5515/121/3900
f 5428/121/3894 5429/121/3896 5490/121/3898
f 5454/121/3870 5463/121/3869 5500/121/3899
f 5437/121/3885 5441/121/3878 5468/121/3876
f 5460/121/3857 5495/121/3906 5496/121/3904
f 5463/121/3869 5462/121/3854 5497/121/3901
f 5471/121/3875 5513/121/3902 5490/121/3898
f 5427/121/3897 5428/121/3894 5489/121/3903
f 5459/121/3851 5494/121/4091 5495/121/3906
f 5426/121/3895 5427/121/3897 5488/121/3905
f 5459/121/3851 5472/121/3853 5515/121/3900
f 5473/121/3908 5476/121/3942 5477/121/3944
f 5474/121/3909 5477/121/3944 5478/121/3934
f 5516/121/3910 5475/121/3943 5476/121/3942
f 5477/121/3944 5481/121/3941 5482/121/3933
f 5475/121/3943 5479/121/3939 5480/121/3940
f 5476/121/3942 5480/121/3940 5481/121/3941
f 5479/121/3939 5483/121/3936 5484/121/3938
f 5480/121/3940 5484/121/3938 5485/121/3935
f 5481/121/3941 5485/121/3935 5486/121/3932
f 5484/121/3938 5488/121/3905 5489/121/3903
f 5485/121/3935 5489/121/3903 5490/121/3898
f 5483/121/3936 5487/121/3937 5488/121/3905
f 5482/121/3933 5518/121/3931 5519/121/3930
f 5497/121/3901 5504/121/3922 5499/121/3926
f 5508/121/3915 5512/121/3912 5493/121/3927
f 5478/121/3934 5519/121/3930 5492/121/3928
f 5497/121/3901 5496/121/3904 5503/121/3920
f 5495/121/3906 5494/121/4091 5501/121/3921
f 5496/121/3904 5495/121/3906 5502/121/3919
f 5502/121/3919 5501/121/3921 5505/121/3918
f 5504/121/3922 5508/121/3915 5498/121/3924
f 5503/121/3920 5502/121/3919 5506/121/3916
f 5490/121/3898 5513/121/3902 5514/121/3929
f 5504/121/3922 5503/121/3920 5507/121/3917
f 5486/121/3932 5514/121/3929 5518/121/3931
f 5507/121/3917 5506/121/3916 5510/121/3914
f 5512/121/3912 5517/121/3913 5492/121/3928
f 5508/121/3915 5507/121/3917 5511/121/3907
f 5506/121/3916 5505/121/3918 5509/121/3911
f 5512/121/3912 5511/121/3907 5474/121/3909
f 5510/121/3914 5509/121/3911 5516/121/3910
f 5511/121/3907 5510/121/3914 5473/121/3908
f 5554/121/4092 5631/121/4161 5555/121/4093
f 5555/121/4093 5632/121/4160 5556/121/4095
f 5556/121/4095 5633/121/4165 5557/121/4096
f 5557/121/4096 5634/121/4168 5554/121/4092
f 5558/121/4097 5639/121/4229 5559/121/4098
f 5559/121/4098 5640/121/4228 5560/121/4100
f 5560/121/4100 5641/121/4233 5561/121/4101
f 5561/121/4101 5642/121/4236 5558/121/4097
f 5567/121/4111 5643/121/4104 5563/121/4103
f 5522/121/4112 5563/121/4103 5644/121/4105
f 5568/121/4113 5628/121/4119 5569/121/4114
f 5522/121/4112 5569/121/4114 5627/121/4115
f 5568/121/4113 5644/121/4105 5564/121/4106
f 5523/121/4116 5564/121/4106 5645/121/4107
f 5570/121/4117 5629/121/5860 5571/121/4118
f 5523/121/4116 5571/121/4118 5628/121/4119
f 5524/121/4120 5570/121/4117 5645/121/4107
f 5565/121/4108 5646/121/4109 5572/121/4121
f 5524/121/4120 5572/121/4121 5630/121/4122
f 5573/121/4123 5629/121/5860 5570/121/4117
f 5525/121/4124 5572/121/4121 5646/121/4109
f 5566/121/4110 5643/121/4104 5567/121/4111
f 5525/121/4124 5567/121/4111 5627/121/4115
f 5574/121/4125 5630/121/4122 5572/121/4121
f 5526/121/4126 5575/121/4130 5627/121/4115
f 5569/121/4114 5628/121/4119 5576/121/4127
f 5526/121/4126 5576/121/4127 5648/121/4128
f 5577/121/4129 5647/121/4142 5575/121/4130
f 5527/121/4131 5576/121/4127 5628/121/4119
f 5571/121/4118 5629/121/5860 5578/121/4132
f 5527/121/4131 5578/121/4132 5649/121/4133
f 5579/121/4134 5648/121/4128 5576/121/4127
f 5578/121/4132 5629/121/5860 5573/121/4123
f 5528/121/4135 5573/121/4123 5630/121/4122
f 5580/121/4136 5650/121/4140 5581/121/4137
f 5528/121/4135 5581/121/4137 5649/121/4133
f 5580/121/4136 5630/121/4122 5574/121/4125
f 5529/121/4138 5574/121/4125 5627/121/4115
f 5575/121/4130 5647/121/4142 5582/121/4139
f 5529/121/4138 5582/121/4139 5650/121/4140
f 5530/121/4141 5583/121/4147 5647/121/4142
f 5577/121/4129 5648/121/4128 5584/121/4143
f 5530/121/4141 5584/121/4143 5652/121/4144
f 5530/121/4141 5585/121/4145 5651/121/4146
f 5531/121/4148 5584/121/4143 5648/121/4128
f 5579/121/4134 5649/121/4133 5586/121/4149
f 5531/121/4148 5586/121/4149 5653/121/4150
f 5587/121/4151 5652/121/4144 5584/121/4143
f 5586/121/4149 5649/121/4133 5581/121/4137
f 5532/121/4152 5581/121/4137 5650/121/4140
f 5588/121/4153 5654/121/4157 5589/121/4154
f 5532/121/4152 5589/121/4154 5653/121/4150
f 5588/121/4153 5650/121/4140 5582/121/4139
f 5533/121/4155 5582/121/4139 5647/121/4142
f 5533/121/4155 5583/121/4147 5651/121/4146
f 5533/121/4155 5590/121/4156 5654/121/4157
f 5534/121/4158 5591/121/4162 5651/121/4146
f 5534/121/4158 5585/121/4145 5652/121/4144
f 5534/121/4158 5592/121/4159 5632/121/4160
f 5534/121/4158 5555/121/4093 5631/121/4161
f 5535/121/4163 5592/121/4159 5652/121/4144
f 5535/121/4163 5587/121/4151 5653/121/4150
f 5535/121/4163 5593/121/4164 5633/121/4165
f 5535/121/4163 5556/121/4095 5632/121/4160
f 5536/121/4166 5593/121/4164 5653/121/4150
f 5536/121/4166 5589/121/4154 5654/121/4157
f 5536/121/4166 5594/121/4167 5634/121/4168
f 5536/121/4166 5557/121/4096 5633/121/4165
f 5537/121/4169 5594/121/4167 5654/121/4157
f 5537/121/4169 5590/121/4156 5651/121/4146
f 5537/121/4169 5591/121/4162 5631/121/4161
f 5537/121/4169 5554/121/4092 5634/121/4168
f 5538/121/4179 5599/121/4183 5656/121/4172
f 5595/121/4171 5657/121/4173 5600/121/4180
f 5538/121/4179 5600/121/4180 5636/121/4181
f 5601/121/4182 5635/121/4192 5599/121/4183
f 5600/121/4180 5657/121/4173 5596/121/4174
f 5539/121/4184 5596/121/4174 5658/121/4175
f 5602/121/4185 5637/121/4190 5603/121/4186
f 5539/121/4184 5603/121/4186 5636/121/4181
f 5602/121/4185 5658/121/4175 5597/121/4176
f 5540/121/4187 5597/121/4176 5659/121/4177
f 5604/121/4188 5638/121/5861 5605/121/4189
f 5540/121/4187 5605/121/4189 5637/121/4190
f 5541/121/4191 5604/121/4188 5659/121/4177
f 5598/121/4178 5656/121/4172 5599/121/4183
f 5541/121/4191 5599/121/4183 5635/121/4192
f 5606/121/4193 5638/121/5861 5604/121/4188
f 5607/121/4194 5635/121/4192 5601/121/4182
f 5542/121/4195 5601/121/4182 5636/121/4181
f 5608/121/4196 5661/121/4211 5609/121/4197
f 5542/121/4195 5609/121/4197 5660/121/4198
f 5543/121/4199 5608/121/4196 5636/121/4181
f 5603/121/4186 5637/121/4190 5610/121/4200
f 5543/121/4199 5610/121/4200 5662/121/4201
f 5611/121/4202 5661/121/4211 5608/121/4196
f 5544/121/4203 5610/121/4200 5637/121/4190
f 5605/121/4189 5638/121/5861 5612/121/4204
f 5544/121/4203 5612/121/4204 5663/121/4205
f 5613/121/4206 5662/121/4201 5610/121/4200
f 5612/121/4204 5638/121/5861 5606/121/4193
f 5545/121/4207 5606/121/4193 5635/121/4192
f 5607/121/4194 5660/121/4198 5614/121/4208
f 5545/121/4207 5614/121/4208 5663/121/4205
f 5615/121/4209 5660/121/4198 5609/121/4197
f 5546/121/4210 5609/121/4197 5661/121/4211
f 5546/121/4210 5616/121/4212 5665/121/4213
f 5546/121/4210 5617/121/4214 5664/121/4215
f 5547/121/4216 5616/121/4212 5661/121/4211
f 5611/121/4202 5662/121/4201 5618/121/4217
f 5547/121/4216 5618/121/4217 5666/121/4218
f 5547/121/4216 5619/121/4219 5665/121/4213
f 5548/121/4220 5618/121/4217 5662/121/4201
f 5613/121/4206 5663/121/4205 5620/121/4221
f 5548/121/4220 5620/121/4221 5667/121/4222
f 5621/121/4223 5666/121/4218 5618/121/4217
f 5620/121/4221 5663/121/4205 5614/121/4208
f 5549/121/4224 5614/121/4208 5660/121/4198
f 5615/121/4209 5664/121/4215 5622/121/4225
f 5549/121/4224 5622/121/4225 5667/121/4222
f 5550/121/4226 5623/121/4230 5664/121/4215
f 5550/121/4226 5617/121/4214 5665/121/4213
f 5550/121/4226 5624/121/4227 5640/121/4228
f 5550/121/4226 5559/121/4098 5639/121/4229
f 5551/121/4231 5624/121/4227 5665/121/4213
f 5551/121/4231 5619/121/4219 5666/121/4218
f 5551/121/4231 5625/121/4232 5641/121/4233
f 5551/121/4231 5560/121/4100 5640/121/4228
f 5552/121/4234 5625/121/4232 5666/121/4218
f 5552/121/4234 5621/121/4223 5667/121/4222
f 5552/121/4234 5626/121/4235 5642/121/4236
f 5552/121/4234 5561/121/4101 5641/121/4233
f 5553/121/4237 5626/121/4235 5667/121/4222
f 5553/121/4237 5622/121/4225 5664/121/4215
f 5553/121/4237 5623/121/4230 5639/121/4229
f 5553/121/4237 5558/121/4097 5642/121/4236
f 5671/121/4238 5687/121/4245 5686/121/4239
f 5695/121/4241 5694/121/4268 5678/121/4242
f 5672/121/4244 5688/121/4273 5687/121/4245
f 5696/121/4246 5695/121/4241 5679/121/4243
f 5689/121/4248 5688/121/4273 5672/121/4244
f 5681/121/4250 5697/121/4254 5696/121/4246
f 5690/121/4251 5689/121/4248 5673/121/4249
f 5682/121/4253 5698/121/4258 5697/121/4254
f 5691/121/4255 5690/121/4251 5674/121/4252
f 5683/121/4257 5699/121/4264 5698/121/4258
f 5692/121/4259 5691/121/4255 5675/121/4256
f 5669/121/4261 5685/121/4267 5684/121/4262
f 5668/121/4263 5684/121/4262 5699/121/4264
f 5693/121/4265 5692/121/4259 5676/121/4260
f 5670/121/4240 5686/121/4239 5685/121/4267
f 5694/121/4268 5693/121/4265 5677/121/4266
f 5693/121/4265 5709/121/4284 5708/121/4269
f 5702/121/4270 5701/121/4283 5685/121/4267
f 5710/121/4271 5709/121/4284 5693/121/4265
f 5687/121/4245 5703/121/4285 5702/121/4270
f 5695/121/4241 5711/121/4274 5710/121/4271
f 5704/121/4272 5703/121/4285 5687/121/4245
f 5696/121/4246 5712/121/4276 5711/121/4274
f 5705/121/4275 5704/121/4272 5688/121/4273
f 5697/121/4254 5713/121/4282 5712/121/4276
f 5706/121/4277 5705/121/4275 5689/121/4248
f 5714/121/4278 5713/121/4282 5697/121/4254
f 5707/121/4279 5706/121/4277 5690/121/4251
f 5699/121/4264 5715/121/4281 5714/121/4278
f 5708/121/4269 5707/121/4279 5691/121/4255
f 5685/121/4267 5701/121/4283 5700/121/4280
f 5684/121/4262 5700/121/4280 5715/121/4281
f 5729/121/4286 5728/121/4288 5671/121/4238
f 5678/121/4242 5720/121/4300 5719/121/4287
f 5728/121/4288 5727/121/4305 5672/121/4244
f 5679/121/4243 5719/121/4287 5718/121/4289
f 5672/121/4244 5727/121/4305 5726/121/4290
f 5718/121/4289 5717/121/4292 5681/121/4250
f 5673/121/4249 5726/121/4290 5724/121/4291
f 5717/121/4292 5716/121/4294 5682/121/4253
f 5674/121/4252 5724/121/4291 5723/121/4293
f 5716/121/4294 5732/121/4297 5683/121/4257
f 5675/121/4256 5723/121/4293 5722/121/4295
f 5731/121/4296 5730/121/4299 5669/121/4261
f 5732/121/4297 5731/121/4296 5668/121/4263
f 5676/121/4260 5722/121/4295 5721/121/4298
f 5730/121/4299 5729/121/4286 5670/121/4240
f 5677/121/4266 5721/121/4298 5720/121/4300
f 5718/121/4289 5733/121/4329 5747/121/4301
f 5778/121/4302 5774/121/4316 5724/121/4291
f 5754/121/4303 5733/121/4329 5718/121/4289
f 5782/121/4304 5778/121/4302 5726/121/4290
f 5758/121/4306 5754/121/4303 5719/121/4287
f 5728/121/4288 5786/121/4308 5782/121/4304
f 5762/121/4307 5758/121/4306 5720/121/4300
f 5729/121/4286 5790/121/4311 5786/121/4308
f 5766/121/4309 5762/121/4307 5721/121/4298
f 5732/121/4297 5739/121/4313 5797/121/4310
f 5730/121/4299 5794/121/4314 5790/121/4311
f 5770/121/4312 5766/121/4309 5722/121/4295
f 5716/121/4294 5743/121/4315 5739/121/4313
f 5731/121/4296 5797/121/4310 5794/121/4314
f 5717/121/4292 5747/121/4301 5743/121/4315
f 5774/121/4316 5770/121/4312 5723/121/4293
f 5797/121/4310 5739/121/4313 5738/121/4317
f 5734/121/4319 5737/121/4322 5736/121/4320
f 5735/121/4318 5738/121/4317 5737/121/4322
f 5738/121/4317 5742/121/4325 5741/121/4323
f 5739/121/4313 5743/121/4315 5742/121/4325
f 5741/121/4323 5740/121/4324 5736/121/4320
f 5746/121/4326 5745/121/4328 5741/121/4323
f 5747/121/4301 5746/121/4326 5742/121/4325
f 5745/121/4328 5744/121/4327 5740/121/4324
f 5733/121/4329 5750/121/4333 5746/121/4326
f 5745/121/4328 5749/121/4331 5748/121/4330
f 5746/121/4326 5750/121/4333 5749/121/4331
f 5749/121/4331 5752/121/4334 5751/121/4332
f 5750/121/4333 5753/121/4335 5752/121/4334
f 5733/121/4329 5754/121/4303 5753/121/4335
f 5757/121/4336 5756/121/4339 5752/121/4334
f 5758/121/4306 5757/121/4336 5753/121/4335
f 5752/121/4334 5756/121/4339 5755/121/4337
f 5762/121/4307 5761/121/4340 5757/121/4336
f 5756/121/4339 5760/121/4341 5759/121/4338
f 5761/121/4340 5760/121/4341 5756/121/4339
f 5766/121/4309 5765/121/4343 5761/121/4340
f 5760/121/4341 5764/121/4345 5763/121/4342
f 5765/121/4343 5764/121/4345 5760/121/4341
f 5769/121/4344 5768/121/4348 5764/121/4345
f 5766/121/4309 5770/121/4312 5769/121/4344
f 5764/121/4345 5768/121/4348 5767/121/4346
f 5773/121/4347 5772/121/4350 5768/121/4348
f 5774/121/4316 5773/121/4347 5769/121/4344
f 5768/121/4348 5772/121/4350 5771/121/4349
f 5778/121/4302 5777/121/4352 5773/121/4347
f 5772/121/4350 5776/121/4354 5775/121/4351
f 5777/121/4352 5776/121/4354 5772/121/4350
f 5778/121/4302 5782/121/4304 5781/121/4353
f 5776/121/4354 5780/121/4357 5779/121/4355
f 5781/121/4353 5780/121/4357 5776/121/4354
f 5785/121/4356 5784/121/4360 5780/121/4357
f 5782/121/4304 5786/121/4308 5785/121/4356
f 5780/121/4357 5784/121/4360 5783/121/4358
f 5789/121/4359 5788/121/4363 5784/121/4360
f 5786/121/4308 5790/121/4311 5789/121/4359
f 5784/121/4360 5788/121/4363 5787/121/4361
f 5790/121/4311 5794/121/4314 5793/121/4362
f 5788/121/4363 5792/121/4365 5791/121/4364
f 5793/121/4362 5792/121/4365 5788/121/4363
f 5792/121/4365 5734/121/4319 5796/121/4321
f 5793/121/4362 5735/121/4318 5734/121/4319
f 5794/121/4314 5797/121/4310 5735/121/4318
f 6303/121/4366 6438/121/4370 6696/121/4367
f 6303/121/4366 6437/121/4480 6163/121/4369
f 6303/121/4366 5916/121/4368 6162/121/4371
f 6440/121/4373 6166/121/4528 6441/121/4374
f 5917/121/4376 6167/121/4526 6440/121/4373
f 6442/121/4377 6168/121/4530 5917/121/4376
f 6441/121/4374 6169/121/4533 6442/121/4377
f 6305/121/4378 6444/121/4544 6171/121/4379
f 6305/121/4378 6445/121/4384 6170/121/4381
f 6305/121/4378 5918/121/4380 6699/121/4383
f 6447/121/4385 6172/121/4589 6448/121/4386
f 6446/121/4388 6173/121/4587 6447/121/4385
f 6448/121/4386 6174/121/4594 6449/121/4389
f 5798/121/4390 5920/121/4394 6178/121/4391
f 5798/121/4390 5921/121/4396 6177/121/4393
f 5798/121/4390 5922/121/4398 6176/121/4395
f 5798/121/4390 5919/121/4392 6175/121/4397
f 5924/121/4399 6183/121/4649 5923/121/4400
f 5925/121/4402 6184/121/4647 5924/121/4399
f 5926/121/4403 6185/121/4651 5925/121/4402
f 5923/121/4400 6186/121/4654 5926/121/4403
f 5800/121/4404 5928/121/4408 6190/121/4405
f 5800/121/4404 5929/121/4410 6189/121/4407
f 5800/121/4404 5930/121/4412 6188/121/4409
f 5800/121/4404 5927/121/4406 6187/121/4411
f 5932/121/4413 6195/121/4709 5931/121/4414
f 5933/121/4416 6196/121/4707 5932/121/4413
f 5934/121/4417 6197/121/4711 5933/121/4416
f 5931/121/4414 6198/121/4714 5934/121/4417
f 5802/121/4418 5936/121/4422 6202/121/4419
f 5802/121/4418 5937/121/4424 6201/121/4421
f 5802/121/4418 5938/121/4426 6200/121/4423
f 5802/121/4418 5935/121/4420 6199/121/4425
f 5940/121/4427 6207/121/4769 5939/121/4428
f 5941/121/4430 6208/121/4767 5940/121/4427
f 5942/121/4431 6209/121/4771 5941/121/4430
f 5939/121/4428 6210/121/4774 5942/121/4431
f 5804/121/4432 5944/121/4436 6214/121/4433
f 5804/121/4432 5945/121/4438 6213/121/4435
f 5804/121/4432 5946/121/4440 6212/121/4437
f 5804/121/4432 5943/121/4434 6211/121/4439
f 5948/121/4441 6219/121/4829 5947/121/4442
f 5949/121/4444 6220/121/4827 5948/121/4441
f 5950/121/4445 6221/121/4831 5949/121/4444
f 5947/121/4442 6222/121/4834 5950/121/4445
f 5806/121/4446 5952/121/4450 6226/121/4447
f 5806/121/4446 5953/121/4452 6225/121/4449
f 5806/121/4446 5954/121/4454 6224/121/4451
f 5806/121/4446 5951/121/4448 6223/121/4453
f 5956/121/4455 6231/121/4889 5955/121/4456
f 5957/121/4458 6232/121/4887 5956/121/4455
f 5958/121/4459 6233/121/4891 5957/121/4458
f 5955/121/4456 6234/121/4894 5958/121/4459
f 5808/121/4460 5960/121/4464 6238/121/4461
f 5808/121/4460 5961/121/4466 6237/121/4463
f 5808/121/4460 5962/121/4468 6236/121/4465
f 5808/121/4460 5959/121/4462 6235/121/4467
f 5964/121/4469 6243/121/4949 5963/121/4470
f 5965/121/4472 6244/121/4947 5964/121/4469
f 5966/121/4473 6245/121/4951 5965/121/4472
f 5963/121/4470 6246/121/4954 5966/121/4473
f 6319/121/4474 6439/121/4372 6162/121/4371
f 6319/121/4474 5967/121/4478 6695/121/4476
f 6319/121/4474 6499/121/4493 6164/121/4477
f 6321/121/4479 6437/121/4480 6695/121/4476
f 6321/121/4479 5968/121/4482 6163/121/4369
f 6321/121/4479 5969/121/4483 6698/121/4481
f 5967/121/4478 6164/121/4477 5969/121/4483
f 6320/121/4484 6438/121/4370 6163/121/4369
f 6320/121/4484 5970/121/4486 6696/121/4367
f 6501/121/4485 6165/121/4489 5970/121/4486
f 5968/121/4482 6698/121/4481 6501/121/4485
f 5810/121/4487 5916/121/4368 6696/121/4367
f 5810/121/4487 6498/121/4475 6162/121/4371
f 6500/121/4488 6697/121/4491 6498/121/4475
f 5810/121/4487 5970/121/4486 6165/121/4489
f 6322/121/4490 6499/121/4493 6697/121/4491
f 6322/121/4490 5972/121/4495 6164/121/4477
f 6502/121/4494 6247/121/4499 5972/121/4495
f 5971/121/4492 6778/121/4504 6502/121/4494
f 5969/121/4483 6164/121/4477 5972/121/4495
f 5811/121/4496 6503/121/4498 6698/121/4481
f 5973/121/4497 6779/121/4512 6503/121/4498
f 5811/121/4496 5972/121/4495 6247/121/4499
f 5974/121/4500 6165/121/4489 6501/121/4485
f 6324/121/4501 6504/121/4516 6248/121/4502
f 6323/121/4503 6500/121/4488 6165/121/4489
f 5971/121/4492 6697/121/4491 6500/121/4488
f 6323/121/4503 5975/121/4505 6778/121/4504
f 5974/121/4500 6248/121/4502 5975/121/4505
f 5976/121/4506 6247/121/4499 6502/121/4494
f 6325/121/4507 6506/121/4510 6250/121/4508
f 6325/121/4507 6505/121/4522 6249/121/4509
f 5973/121/4497 6247/121/4499 5976/121/4506
f 6328/121/4511 5977/121/4514 6779/121/4512
f 6328/121/4511 6508/121/4515 6251/121/4513
f 6328/121/4511 5976/121/4506 6250/121/4508
f 6504/121/4516 6779/121/4512 5977/121/4514
f 5978/121/4518 6248/121/4502 6504/121/4516
f 6327/121/4517 6507/121/4520 6780/121/4519
f 6327/121/4517 5977/121/4514 6251/121/4513
f 6326/121/4521 5975/121/4505 6248/121/4502
f 6505/121/4522 6778/121/4504 5975/121/4505
f 6326/121/4521 5979/121/4523 6249/121/4509
f 6326/121/4521 5978/121/4518 6780/121/4519
f 6329/121/4524 6506/121/4510 6249/121/4509
f 6329/121/4524 5980/121/4527 6250/121/4508
f 6329/121/4524 6440/121/4373 6167/121/4526
f 6329/121/4524 6509/121/4525 6166/121/4528
f 6331/121/4529 6508/121/4515 6250/121/4508
f 6331/121/4529 6511/121/4531 6251/121/4513
f 6331/121/4529 5917/121/4376 6168/121/4530
f 6331/121/4529 5980/121/4527 6167/121/4526
f 6330/121/4532 6507/121/4520 6251/121/4513
f 6330/121/4532 6442/121/4377 6169/121/4533
f 6330/121/4532 6511/121/4531 6168/121/4530
f 5812/121/4535 5979/121/4523 6780/121/4519
f 5812/121/4535 6509/121/4525 6249/121/4509
f 5812/121/4535 6441/121/4374 6166/121/4528
f 5812/121/4535 6510/121/4534 6169/121/4533
f 6332/121/4536 6512/121/4538 6170/121/4381
f 5813/121/4537 6443/121/4382 6170/121/4381
f 5813/121/4537 5981/121/4541 6700/121/4539
f 5813/121/4537 6516/121/4542 6704/121/4540
f 6512/121/4538 6701/121/4552 6516/121/4542
f 6333/121/4543 6444/121/4544 6700/121/4539
f 6333/121/4543 5982/121/4546 6171/121/4379
f 6515/121/4545 6703/121/4550 5982/121/4546
f 5981/121/4541 6704/121/4540 6515/121/4545
f 5814/121/4547 5918/121/4380 6171/121/4379
f 5814/121/4547 6513/121/4549 6699/121/4383
f 5983/121/4548 6702/121/5041 6513/121/4549
f 5814/121/4547 5982/121/4546 6703/121/4550
f 6334/121/4551 5984/121/4555 6701/121/4552
f 6518/121/4554 6252/121/4559 5984/121/4555
f 6516/121/4542 6701/121/4552 5984/121/4555
f 5815/121/4556 5985/121/4558 6704/121/4540
f 5986/121/4557 6253/121/4561 5985/121/4558
f 5815/121/4556 5984/121/4555 6252/121/4559
f 6515/121/4545 6704/121/4540 5985/121/4558
f 6335/121/4560 5985/121/4558 6253/121/4561
f 5816/121/4563 5983/121/4548 6703/121/4550
f 6517/121/4565 6702/121/5041 5983/121/4548
f 5816/121/4563 5987/121/4567 6781/121/4566
f 6519/121/4564 6782/121/4580 5987/121/4567
f 5988/121/4568 6252/121/4559 6518/121/4554
f 6336/121/4569 6522/121/4586 6783/121/4570
f 5986/121/4557 6252/121/4559 5988/121/4568
f 5817/121/4571 5989/121/4573 6253/121/4561
f 5817/121/4571 6525/121/4574 6785/121/4572
f 5817/121/4571 5988/121/4568 6783/121/4570
f 6520/121/4562 6253/121/4561 5989/121/4573
f 5990/121/4576 6782/121/4580 6520/121/4562
f 6337/121/4575 6524/121/4578 6254/121/4577
f 6337/121/4575 5989/121/4573 6785/121/4572
f 5818/121/4579 5987/121/4567 6782/121/4580
f 6521/121/4581 6781/121/4566 5987/121/4567
f 5818/121/4579 6523/121/4583 6784/121/4582
f 5818/121/4579 5990/121/4576 6254/121/4577
f 6338/121/4584 6522/121/4586 6784/121/4582
f 6338/121/4584 5992/121/4588 6783/121/4570
f 6338/121/4584 6447/121/4385 6173/121/4587
f 6338/121/4584 5991/121/4585 6172/121/4589
f 5819/121/4590 6525/121/4574 6783/121/4570
f 5819/121/4590 6526/121/4592 6785/121/4572
f 5819/121/4590 6446/121/4388 6705/121/4591
f 5819/121/4590 5992/121/4588 6173/121/4587
f 6340/121/4593 5993/121/4595 6254/121/4577
f 6340/121/4593 6449/121/4389 6174/121/4594
f 6339/121/4596 6523/121/4583 6254/121/4577
f 6339/121/4596 5991/121/4585 6784/121/4582
f 6339/121/4596 6448/121/4386 6172/121/4589
f 6339/121/4596 5993/121/4595 6174/121/4594
f 5820/121/4597 5922/121/4398 6175/121/4397
f 5820/121/4597 5995/121/4600 6176/121/4395
f 5820/121/4597 5996/121/4602 6180/121/4599
f 5820/121/4597 5994/121/4598 6179/121/4601
f 5821/121/4603 5921/121/4396 6176/121/4395
f 5821/121/4603 5997/121/4605 6177/121/4393
f 5821/121/4603 5998/121/4606 6181/121/4604
f 5995/121/4600 6180/121/4599 5998/121/4606
f 5822/121/4607 5920/121/4394 6177/121/4393
f 5822/121/4607 5999/121/4609 6178/121/4391
f 6000/121/4608 6182/121/4612 5999/121/4609
f 5997/121/4605 6181/121/4604 6000/121/4608
f 5823/121/4610 5919/121/4392 6178/121/4391
f 5823/121/4610 5994/121/4598 6175/121/4397
f 6001/121/4611 6179/121/4601 5994/121/4598
f 5823/121/4610 5999/121/4609 6182/121/4612
f 5824/121/4613 5996/121/4602 6179/121/4601
f 5824/121/4613 6003/121/4616 6180/121/4599
f 6004/121/4615 6256/121/4620 6003/121/4616
f 6002/121/4614 6255/121/4627 6004/121/4615
f 5998/121/4606 6180/121/4599 6003/121/4616
f 5825/121/4617 6005/121/4619 6181/121/4604
f 6006/121/4618 6257/121/4624 6005/121/4619
f 5825/121/4617 6003/121/4616 6256/121/4620
f 6000/121/4608 6181/121/4604 6005/121/4619
f 6007/121/4622 6182/121/4612 6000/121/4608
f 5826/121/4621 6008/121/4625 6258/121/4623
f 5826/121/4621 6005/121/4619 6257/121/4624
f 5827/121/4626 6001/121/4611 6182/121/4612
f 6002/121/4614 6179/121/4601 6001/121/4611
f 5827/121/4626 6009/121/4628 6255/121/4627
f 6007/121/4622 6258/121/4623 6009/121/4628
f 6004/121/4615 6255/121/4627 6010/121/4629
f 6011/121/4631 6256/121/4620 6004/121/4615
f 5828/121/4630 6012/121/4634 6260/121/4632
f 5828/121/4630 6010/121/4629 6259/121/4633
f 6006/121/4618 6256/121/4620 6011/121/4631
f 5829/121/4635 6013/121/4637 6257/121/4624
f 5829/121/4635 6014/121/4638 6261/121/4636
f 5829/121/4635 6011/121/4631 6260/121/4632
f 6008/121/4625 6257/121/4624 6013/121/4637
f 6015/121/4640 6258/121/4623 6008/121/4625
f 5830/121/4639 6016/121/4642 6262/121/4641
f 5830/121/4639 6013/121/4637 6261/121/4636
f 5831/121/4643 6009/121/4628 6258/121/4623
f 6010/121/4629 6255/121/4627 6009/121/4628
f 5831/121/4643 6017/121/4644 6259/121/4633
f 5831/121/4643 6015/121/4640 6262/121/4641
f 5832/121/4645 6012/121/4634 6259/121/4633
f 5832/121/4645 6019/121/4648 6260/121/4632
f 5832/121/4645 5924/121/4399 6184/121/4647
f 5832/121/4645 6018/121/4646 6183/121/4649
f 5833/121/4650 6014/121/4638 6260/121/4632
f 5833/121/4650 6020/121/4652 6261/121/4636
f 5833/121/4650 5925/121/4402 6185/121/4651
f 5833/121/4650 6019/121/4648 6184/121/4647
f 5834/121/4653 6016/121/4642 6261/121/4636
f 5834/121/4653 6021/121/4655 6262/121/4641
f 5834/121/4653 5926/121/4403 6186/121/4654
f 5834/121/4653 6020/121/4652 6185/121/4651
f 5835/121/4656 6017/121/4644 6262/121/4641
f 5835/121/4656 6018/121/4646 6259/121/4633
f 5835/121/4656 5923/121/4400 6183/121/4649
f 5835/121/4656 6021/121/4655 6186/121/4654
f 5836/121/4657 5930/121/4412 6187/121/4411
f 5836/121/4657 6023/121/4660 6188/121/4409
f 5836/121/4657 6024/121/4662 6192/121/4659
f 5836/121/4657 6022/121/4658 6191/121/4661
f 5837/121/4663 5929/121/4410 6188/121/4409
f 5837/121/4663 6025/121/4665 6189/121/4407
f 5837/121/4663 6026/121/4666 6193/121/4664
f 6023/121/4660 6192/121/4659 6026/121/4666
f 5838/121/4667 5928/121/4408 6189/121/4407
f 5838/121/4667 6027/121/4669 6190/121/4405
f 6028/121/4668 6194/121/4672 6027/121/4669
f 6025/121/4665 6193/121/4664 6028/121/4668
f 5839/121/4670 5927/121/4406 6190/121/4405
f 5839/121/4670 6022/121/4658 6187/121/4411
f 6029/121/4671 6191/121/4661 6022/121/4658
f 5839/121/4670 6027/121/4669 6194/121/4672
f 5840/121/4673 6024/121/4662 6191/121/4661
f 5840/121/4673 6031/121/4676 6192/121/4659
f 6032/121/4675 6264/121/4680 6031/121/4676
f 6030/121/4674 6263/121/4687 6032/121/4675
f 6026/121/4666 6192/121/4659 6031/121/4676
f 5841/121/4677 6033/121/4679 6193/121/4664
f 6034/121/4678 6265/121/4684 6033/121/4679
f 5841/121/4677 6031/121/4676 6264/121/4680
f 6028/121/4668 6193/121/4664 6033/121/4679
f 6035/121/4682 6194/121/4672 6028/121/4668
f 5842/121/4681 6036/121/4685 6266/121/4683
f 5842/121/4681 6033/121/4679 6265/121/4684
f 5843/121/4686 6029/121/4671 6194/121/4672
f 6030/121/4674 6191/121/4661 6029/121/4671
f 5843/121/4686 6037/121/4688 6263/121/4687
f 6035/121/4682 6266/121/4683 6037/121/4688
f 6032/121/4675 6263/121/4687 6038/121/4689
f 6039/121/4691 6264/121/4680 6032/121/4675
f 5844/121/4690 6040/121/4694 6268/121/4692
f 5844/121/4690 6038/121/4689 6267/121/4693
f 6034/121/4678 6264/121/4680 6039/121/4691
f 5845/121/4695 6041/121/4697 6265/121/4684
f 5845/121/4695 6042/121/4698 6269/121/4696
f 5845/121/4695 6039/121/4691 6268/121/4692
f 6036/121/4685 6265/121/4684 6041/121/4697
f 6043/121/4700 6266/121/4683 6036/121/4685
f 5846/121/4699 6044/121/4702 6270/121/4701
f 5846/121/4699 6041/121/4697 6269/121/4696
f 5847/121/4703 6037/121/4688 6266/121/4683
f 6038/121/4689 6263/121/4687 6037/121/4688
f 5847/121/4703 6045/121/4704 6267/121/4693
f 5847/121/4703 6043/121/4700 6270/121/4701
f 5848/121/4705 6040/121/4694 6267/121/4693
f 5848/121/4705 6047/121/4708 6268/121/4692
f 5848/121/4705 5932/121/4413 6196/121/4707
f 5848/121/4705 6046/121/4706 6195/121/4709
f 5849/121/4710 6042/121/4698 6268/121/4692
f 5849/121/4710 6048/121/4712 6269/121/4696
f 5849/121/4710 5933/121/4416 6197/121/4711
f 5849/121/4710 6047/121/4708 6196/121/4707
f 5850/121/4713 6044/121/4702 6269/121/4696
f 5850/121/4713 6049/121/4715 6270/121/4701
f 5850/121/4713 5934/121/4417 6198/121/4714
f 5850/121/4713 6048/121/4712 6197/121/4711
f 5851/121/4716 6045/121/4704 6270/121/4701
f 5851/121/4716 6046/121/4706 6267/121/4693
f 5851/121/4716 5931/121/4414 6195/121/4709
f 5851/121/4716 6049/121/4715 6198/121/4714
f 5852/121/4717 5938/121/4426 6199/121/4425
f 5852/121/4717 6051/121/4720 6200/121/4423
f 5852/121/4717 6052/121/4722 6204/121/4719
f 5852/121/4717 6050/121/4718 6203/121/4721
f 5853/121/4723 5937/121/4424 6200/121/4423
f 5853/121/4723 6053/121/4725 6201/121/4421
f 5853/121/4723 6054/121/4726 6205/121/4724
f 6051/121/4720 6204/121/4719 6054/121/4726
f 5854/121/4727 5936/121/4422 6201/121/4421
f 5854/121/4727 6055/121/4729 6202/121/4419
f 6056/121/4728 6206/121/4732 6055/121/4729
f 6053/121/4725 6205/121/4724 6056/121/4728
f 5855/121/4730 5935/121/4420 6202/121/4419
f 5855/121/4730 6050/121/4718 6199/121/4425
f 6057/121/4731 6203/121/4721 6050/121/4718
f 5855/121/4730 6055/121/4729 6206/121/4732
f 5856/121/4733 6052/121/4722 6203/121/4721
f 5856/121/4733 6059/121/4736 6204/121/4719
f 6060/121/4735 6272/121/4740 6059/121/4736
f 6058/121/4734 6271/121/4747 6060/121/4735
f 6054/121/4726 6204/121/4719 6059/121/4736
f 5857/121/4737 6061/121/4739 6205/121/4724
f 6062/121/4738 6273/121/4744 6061/121/4739
f 5857/121/4737 6059/121/4736 6272/121/4740
f 6056/121/4728 6205/121/4724 6061/121/4739
f 6063/121/4742 6206/121/4732 6056/121/4728
f 5858/121/4741 6064/121/4745 6274/121/4743
f 5858/121/4741 6061/121/4739 6273/121/4744
f 5859/121/4746 6057/121/4731 6206/121/4732
f 6058/121/4734 6203/121/4721 6057/121/4731
f 5859/121/4746 6065/121/4748 6271/121/4747
f 6063/121/4742 6274/121/4743 6065/121/4748
f 6060/121/4735 6271/121/4747 6066/121/4749
f 6067/121/4751 6272/121/4740 6060/121/4735
f 5860/121/4750 6068/121/4754 6276/121/4752
f 5860/121/4750 6066/121/4749 6275/121/4753
f 6062/121/4738 6272/121/4740 6067/121/4751
f 5861/121/4755 6069/121/4757 6273/121/4744
f 5861/121/4755 6070/121/4758 6277/121/4756
f 5861/121/4755 6067/121/4751 6276/121/4752
f 6064/121/4745 6273/121/4744 6069/121/4757
f 6071/121/4760 6274/121/4743 6064/121/4745
f 5862/121/4759 6072/121/4762 6278/121/4761
f 5862/121/4759 6069/121/4757 6277/121/4756
f 5863/121/4763 6065/121/4748 6274/121/4743
f 6066/121/4749 6271/121/4747 6065/121/4748
f 5863/121/4763 6073/121/4764 6275/121/4753
f 5863/121/4763 6071/121/4760 6278/121/4761
f 5864/121/4765 6068/121/4754 6275/121/4753
f 5864/121/4765 6075/121/4768 6276/121/4752
f 5864/121/4765 5940/121/4427 6208/121/4767
f 5864/121/4765 6074/121/4766 6207/121/4769
f 5865/121/4770 6070/121/4758 6276/121/4752
f 5865/121/4770 6076/121/4772 6277/121/4756
f 5865/121/4770 5941/121/4430 6209/121/4771
f 5865/121/4770 6075/121/4768 6208/121/4767
f 5866/121/4773 6072/121/4762 6277/121/4756
f 5866/121/4773 6077/121/4775 6278/121/4761
f 5866/121/4773 5942/121/4431 6210/121/4774
f 5866/121/4773 6076/121/4772 6209/121/4771
f 5867/121/4776 6073/121/4764 6278/121/4761
f 5867/121/4776 6074/121/4766 6275/121/4753
f 5867/121/4776 5939/121/4428 6207/121/4769
f 5867/121/4776 6077/121/4775 6210/121/4774
f 5868/121/4777 5946/121/4440 6211/121/4439
f 5868/121/4777 6079/121/4780 6212/121/4437
f 5868/121/4777 6080/121/4782 6216/121/4779
f 5868/121/4777 6078/121/4778 6215/121/4781
f 5869/121/4783 5945/121/4438 6212/121/4437
f 5869/121/4783 6081/121/4785 6213/121/4435
f 5869/121/4783 6082/121/4786 6217/121/4784
f 6079/121/4780 6216/121/4779 6082/121/4786
f 5870/121/4787 5944/121/4436 6213/121/4435
f 5870/121/4787 6083/121/4789 6214/121/4433
f 6084/121/4788 6218/121/4792 6083/121/4789
f 6081/121/4785 6217/121/4784 6084/121/4788
f 5871/121/4790 5943/121/4434 6214/121/4433
f 5871/121/4790 6078/121/4778 6211/121/4439
f 6085/121/4791 6215/121/4781 6078/121/4778
f 5871/121/4790 6083/121/4789 6218/121/4792
f 5872/121/4793 6080/121/4782 6215/121/4781
f 5872/121/4793 6087/121/4796 6216/121/4779
f 6088/121/4795 6280/121/4800 6087/121/4796
f 6086/121/4794 6279/121/4807 6088/121/4795
f 6082/121/4786 6216/121/4779 6087/121/4796
f 5873/121/4797 6089/121/4799 6217/121/4784
f 6090/121/4798 6281/121/4804 6089/121/4799
f 5873/121/4797 6087/121/4796 6280/121/4800
f 6084/121/4788 6217/121/4784 6089/121/4799
f 6091/121/4802 6218/121/4792 6084/121/4788
f 5874/121/4801 6092/121/4805 6282/121/4803
f 5874/121/4801 6089/121/4799 6281/121/4804
f 5875/121/4806 6085/121/4791 6218/121/4792
f 6086/121/4794 6215/121/4781 6085/121/4791
f 5875/121/4806 6093/121/4808 6279/121/4807
f 6091/121/4802 6282/121/4803 6093/121/4808
f 6088/121/4795 6279/121/4807 6094/121/4809
f 6095/121/4811 6280/121/4800 6088/121/4795
f 5876/121/4810 6096/121/4814 6284/121/4812
f 5876/121/4810 6094/121/4809 6283/121/4813
f 6090/121/4798 6280/121/4800 6095/121/4811
f 5877/121/4815 6097/121/4817 6281/121/4804
f 5877/121/4815 6098/121/4818 6285/121/4816
f 5877/121/4815 6095/121/4811 6284/121/4812
f 6092/121/4805 6281/121/4804 6097/121/4817
f 6099/121/4820 6282/121/4803 6092/121/4805
f 5878/121/4819 6100/121/4822 6286/121/4821
f 5878/121/4819 6097/121/4817 6285/121/4816
f 5879/121/4823 6093/121/4808 6282/121/4803
f 6094/121/4809 6279/121/4807 6093/121/4808
f 5879/121/4823 6101/121/4824 6283/121/4813
f 5879/121/4823 6099/121/4820 6286/121/4821
f 5880/121/4825 6096/121/4814 6283/121/4813
f 5880/121/4825 6103/121/4828 6284/121/4812
f 5880/121/4825 5948/121/4441 6220/121/4827
f 5880/121/4825 6102/121/4826 6219/121/4829
f 5881/121/4830 6098/121/4818 6284/121/4812
f 5881/121/4830 6104/121/4832 6285/121/4816
f 5881/121/4830 5949/121/4444 6221/121/4831
f 5881/121/4830 6103/121/4828 6220/121/4827
f 5882/121/4833 6100/121/4822 6285/121/4816
f 5882/121/4833 6105/121/4835 6286/121/4821
f 5882/121/4833 5950/121/4445 6222/121/4834
f 5882/121/4833 6104/121/4832 6221/121/4831
f 5883/121/4836 6101/121/4824 6286/121/4821
f 5883/121/4836 6102/121/4826 6283/121/4813
f 5883/121/4836 5947/121/4442 6219/121/4829
f 5883/121/4836 6105/121/4835 6222/121/4834
f 5884/121/4837 5954/121/4454 6223/121/4453
f 5884/121/4837 6107/121/4840 6224/121/4451
f 5884/121/4837 6108/121/4842 6228/121/4839
f 5884/121/4837 6106/121/4838 6227/121/4841
f 5885/121/4843 5953/121/4452 6224/121/4451
f 5885/121/4843 6109/121/4845 6225/121/4449
f 5885/121/4843 6110/121/4846 6229/121/4844
f 6107/121/4840 6228/121/4839 6110/121/4846
f 5886/121/4847 5952/121/4450 6225/121/4449
f 5886/121/4847 6111/121/4849 6226/121/4447
f 6112/121/4848 6230/121/4852 6111/121/4849
f 6109/121/4845 6229/121/4844 6112/121/4848
f 5887/121/4850 5951/121/4448 6226/121/4447
f 5887/121/4850 6106/121/4838 6223/121/4453
f 6113/121/4851 6227/121/4841 6106/121/4838
f 5887/121/4850 6111/121/4849 6230/121/4852
f 5888/121/4853 6108/121/4842 6227/121/4841
f 5888/121/4853 6115/121/4856 6228/121/4839
f 6116/121/4855 6288/121/4860 6115/121/4856
f 6114/121/4854 6287/121/4867 6116/121/4855
f 6110/121/4846 6228/121/4839 6115/121/4856
f 5889/121/4857 6117/121/4859 6229/121/4844
f 6118/121/4858 6289/121/4864 6117/121/4859
f 5889/121/4857 6115/121/4856 6288/121/4860
f 6112/121/4848 6229/121/4844 6117/121/4859
f 6119/121/4862 6230/121/4852 6112/121/4848
f 5890/121/4861 6120/121/4865 6290/121/4863
f 5890/121/4861 6117/121/4859 6289/121/4864
f 5891/121/4866 6113/121/4851 6230/121/4852
f 6114/121/4854 6227/121/4841 6113/121/4851
f 5891/121/4866 6121/121/4868 6287/121/4867
f 6119/121/4862 6290/121/4863 6121/121/4868
f 6116/121/4855 6287/121/4867 6122/121/4869
f 6123/121/4871 6288/121/4860 6116/121/4855
f 5892/121/4870 6124/121/4874 6292/121/4872
f 5892/121/4870 6122/121/4869 6291/121/4873
f 6118/121/4858 6288/121/4860 6123/121/4871
f 5893/121/4875 6125/121/4877 6289/121/4864
f 5893/121/4875 6126/121/4878 6293/121/4876
f 5893/121/4875 6123/121/4871 6292/121/4872
f 6120/121/4865 6289/121/4864 6125/121/4877
f 6127/121/4880 6290/121/4863 6120/121/4865
f 5894/121/4879 6128/121/4882 6294/121/4881
f 5894/121/4879 6125/121/4877 6293/121/4876
f 5895/121/4883 6121/121/4868 6290/121/4863
f 6122/121/4869 6287/121/4867 6121/121/4868
f 5895/121/4883 6129/121/4884 6291/121/4873
f 5895/121/4883 6127/121/4880 6294/121/4881
f 5896/121/4885 6124/121/4874 6291/121/4873
f 5896/121/4885 6131/121/4888 6292/121/4872
f 5896/121/4885 5956/121/4455 6232/121/4887
f 5896/121/4885 6130/121/4886 6231/121/4889
f 5897/121/4890 6126/121/4878 6292/121/4872
f 5897/121/4890 6132/121/4892 6293/121/4876
f 5897/121/4890 5957/121/4458 6233/121/4891
f 5897/121/4890 6131/121/4888 6232/121/4887
f 5898/121/4893 6128/121/4882 6293/121/4876
f 5898/121/4893 6133/121/4895 6294/121/4881
f 5898/121/4893 5958/121/4459 6234/121/4894
f 5898/121/4893 6132/121/4892 6233/121/4891
f 5899/121/4896 6129/121/4884 6294/121/4881
f 5899/121/4896 6130/121/4886 6291/121/4873
f 5899/121/4896 5955/121/4456 6231/121/4889
f 5899/121/4896 6133/121/4895 6234/121/4894
f 5900/121/4897 5962/121/4468 6235/121/4467
f 5900/121/4897 6135/121/4900 6236/121/4465
f 5900/121/4897 6136/121/4902 6240/121/4899
f 5900/121/4897 6134/121/4898 6239/121/4901
f 5901/121/4903 5961/121/4466 6236/121/4465
f 5901/121/4903 6137/121/4905 6237/121/4463
f 5901/121/4903 6138/121/4906 6241/121/4904
f 6135/121/4900 6240/121/4899 6138/121/4906
f 5902/121/4907 5960/121/4464 6237/121/4463
f 5902/121/4907 6139/121/4909 6238/121/4461
f 6140/121/4908 6242/121/4912 6139/121/4909
f 6137/121/4905 6241/121/4904 6140/121/4908
f 5903/121/4910 5959/121/4462 6238/121/4461
f 5903/121/4910 6134/121/4898 6235/121/4467
f 6141/121/4911 6239/121/4901 6134/121/4898
f 5903/121/4910 6139/121/4909 6242/121/4912
f 5904/121/4913 6136/121/4902 6239/121/4901
f 5904/121/4913 6143/121/4916 6240/121/4899
f 6144/121/4915 6296/121/4920 6143/121/4916
f 6142/121/4914 6295/121/4927 6144/121/4915
f 6138/121/4906 6240/121/4899 6143/121/4916
f 5905/121/4917 6145/121/4919 6241/121/4904
f 6146/121/4918 6297/121/4924 6145/121/4919
f 5905/121/4917 6143/121/4916 6296/121/4920
f 6140/121/4908 6241/121/4904 6145/121/4919
f 6147/121/4922 6242/121/4912 6140/121/4908
f 5906/121/4921 6148/121/4925 6298/121/4923
f 5906/121/4921 6145/121/4919 6297/121/4924
f 5907/121/4926 6141/121/4911 6242/121/4912
f 6142/121/4914 6239/121/4901 6141/121/4911
f 5907/121/4926 6149/121/4928 6295/121/4927
f 6147/121/4922 6298/121/4923 6149/121/4928
f 6144/121/4915 6295/121/4927 6150/121/4929
f 6151/121/4931 6296/121/4920 6144/121/4915
f 5908/121/4930 6152/121/4934 6300/121/4932
f 5908/121/4930 6150/121/4929 6299/121/4933
f 6146/121/4918 6296/121/4920 6151/121/4931
f 5909/121/4935 6153/121/4937 6297/121/4924
f 5909/121/4935 6154/121/4938 6301/121/4936
f 5909/121/4935 6151/121/4931 6300/121/4932
f 6148/121/4925 6297/121/4924 6153/121/4937
f 6155/121/4940 6298/121/4923 6148/121/4925
f 5910/121/4939 6156/121/4942 6302/121/4941
f 5910/121/4939 6153/121/4937 6301/121/4936
f 5911/121/4943 6149/121/4928 6298/121/4923
f 6150/121/4929 6295/121/4927 6149/121/4928
f 5911/121/4943 6157/121/4944 6299/121/4933
f 5911/121/4943 6155/121/4940 6302/121/4941
f 5912/121/4945 6152/121/4934 6299/121/4933
f 5912/121/4945 6159/121/4948 6300/121/4932
f 5912/121/4945 5964/121/4469 6244/121/4947
f 5912/121/4945 6158/121/4946 6243/121/4949
f 5913/121/4950 6154/121/4938 6300/121/4932
f 5913/121/4950 6160/121/4952 6301/121/4936
f 5913/121/4950 5965/121/4472 6245/121/4951
f 5913/121/4950 6159/121/4948 6244/121/4947
f 5914/121/4953 6156/121/4942 6301/121/4936
f 5914/121/4953 6161/121/4955 6302/121/4941
f 5914/121/4953 5966/121/4473 6246/121/4954
f 5914/121/4953 6160/121/4952 6245/121/4951
f 5915/121/4956 6157/121/4944 6302/121/4941
f 5915/121/4956 6158/121/4946 6299/121/4933
f 5915/121/4956 5963/121/4470 6243/121/4949
f 5915/121/4956 6161/121/4955 6246/121/4954
f 6303/121/4366 6439/121/4372 6695/121/4476
f 6305/121/4378 6443/121/4382 6700/121/4539
f 6449/121/4389 6705/121/4591 6446/121/4388
f 6307/121/4957 6450/121/4965 6709/121/4958
f 6307/121/4957 6451/121/4959 6708/121/4960
f 6307/121/4957 6452/121/4961 6707/121/4962
f 6307/121/4957 6453/121/4963 6706/121/4964
f 6454/121/4966 6714/121/5093 6455/121/4967
f 6455/121/4967 6715/121/5092 6456/121/4969
f 6456/121/4969 6716/121/5097 6457/121/4970
f 6457/121/4970 6717/121/5100 6454/121/4966
f 6309/121/4971 6458/121/4979 6721/121/4972
f 6309/121/4971 6459/121/4973 6720/121/4974
f 6309/121/4971 6460/121/4975 6719/121/4976
f 6309/121/4971 6461/121/4977 6718/121/4978
f 6462/121/4980 6726/121/5153 6463/121/4981
f 6463/121/4981 6727/121/5152 6464/121/4983
f 6464/121/4983 6728/121/5157 6465/121/4984
f 6465/121/4984 6729/121/5160 6462/121/4980
f 6311/121/4985 6466/121/4993 6733/121/4986
f 6311/121/4985 6467/121/4987 6732/121/4988
f 6311/121/4985 6468/121/4989 6731/121/4990
f 6311/121/4985 6469/121/4991 6730/121/4992
f 6470/121/4994 6738/121/5213 6471/121/4995
f 6471/121/4995 6739/121/5212 6472/121/4997
f 6472/121/4997 6740/121/5217 6473/121/4998
f 6473/121/4998 6741/121/5220 6470/121/4994
f 6313/121/4999 6474/121/5007 6745/121/5000
f 6313/121/4999 6475/121/5001 6744/121/5002
f 6313/121/4999 6476/121/5003 6743/121/5004
f 6313/121/4999 6477/121/5005 6742/121/5006
f 6478/121/5008 6750/121/5273 6479/121/5009
f 6479/121/5009 6751/121/5272 6480/121/5011
f 6480/121/5011 6752/121/5277 6481/121/5012
f 6481/121/5012 6753/121/5280 6478/121/5008
f 6315/121/5013 6482/121/5021 6757/121/5014
f 6315/121/5013 6483/121/5015 6756/121/5016
f 6315/121/5013 6484/121/5017 6755/121/5018
f 6315/121/5013 6485/121/5019 6754/121/5020
f 6486/121/5022 6762/121/5333 6487/121/5023
f 6487/121/5023 6763/121/5332 6488/121/5025
f 6488/121/5025 6764/121/5337 6489/121/5026
f 6489/121/5026 6765/121/5340 6486/121/5022
f 6317/121/5027 6490/121/5035 6769/121/5028
f 6317/121/5027 6491/121/5029 6768/121/5030
f 6317/121/5027 6492/121/5031 6767/121/5032
f 6317/121/5027 6493/121/5033 6766/121/5034
f 6494/121/5036 6774/121/5393 6495/121/5037
f 6495/121/5037 6775/121/5392 6496/121/5039
f 6496/121/5039 6776/121/5397 6497/121/5040
f 6497/121/5040 6777/121/5400 6494/121/5036
f 6319/121/4474 6498/121/4475 6697/121/4491
f 6501/121/4485 6698/121/4481 6503/121/4498
f 6324/121/4501 6503/121/4498 6779/121/4512
f 6502/121/4494 6778/121/4504 6505/121/4522
f 6330/121/4532 6510/121/4534 6780/121/4519
f 6332/121/4536 6445/121/4384 6699/121/4383
f 6332/121/4536 6513/121/4549 6702/121/5041
f 6332/121/4536 6514/121/4553 6701/121/4552
f 6334/121/4551 6514/121/4553 6702/121/5041
f 6517/121/4565 6781/121/4566 6518/121/4554
f 6519/121/4564 6703/121/4550 6515/121/4545
f 6335/121/4560 6520/121/4562 6782/121/4580
f 6518/121/4554 6781/121/4566 6521/121/4581
f 6336/121/4569 6521/121/4581 6784/121/4582
f 6340/121/4593 6524/121/4578 6785/121/4572
f 6340/121/4593 6526/121/4592 6705/121/4591
f 6341/121/5042 6527/121/5047 6706/121/4964
f 6341/121/5042 6453/121/4963 6707/121/4962
f 6341/121/5042 6528/121/5043 6711/121/5044
f 6341/121/5042 6529/121/5045 6710/121/5046
f 6342/121/5048 6528/121/5043 6707/121/4962
f 6342/121/5048 6452/121/4961 6708/121/4960
f 6342/121/5048 6530/121/5049 6712/121/5050
f 6531/121/5051 6711/121/5044 6528/121/5043
f 6343/121/5052 6530/121/5049 6708/121/4960
f 6343/121/5052 6451/121/4959 6709/121/4958
f 6532/121/5053 6713/121/5057 6533/121/5054
f 6533/121/5054 6712/121/5050 6530/121/5049
f 6344/121/5055 6532/121/5053 6709/121/4958
f 6344/121/5055 6450/121/4965 6706/121/4964
f 6527/121/5047 6710/121/5046 6534/121/5056
f 6344/121/5055 6534/121/5056 6713/121/5057
f 6345/121/5058 6535/121/5061 6710/121/5046
f 6345/121/5058 6529/121/5045 6711/121/5044
f 6536/121/5059 6787/121/5065 6537/121/5060
f 6537/121/5060 6786/121/5072 6535/121/5061
f 6536/121/5059 6711/121/5044 6531/121/5051
f 6346/121/5062 6531/121/5051 6712/121/5050
f 6538/121/5063 6788/121/5070 6539/121/5064
f 6346/121/5062 6539/121/5064 6787/121/5065
f 6538/121/5063 6712/121/5050 6533/121/5054
f 6533/121/5054 6713/121/5057 6540/121/5067
f 6347/121/5066 6540/121/5067 6789/121/5068
f 6347/121/5066 6541/121/5069 6788/121/5070
f 6348/121/5071 6540/121/5067 6713/121/5057
f 6534/121/5056 6710/121/5046 6535/121/5061
f 6348/121/5071 6535/121/5061 6786/121/5072
f 6542/121/5073 6789/121/5068 6540/121/5067
f 6543/121/5074 6786/121/5072 6537/121/5060
f 6537/121/5060 6787/121/5065 6544/121/5076
f 6349/121/5075 6544/121/5076 6791/121/5077
f 6349/121/5075 6545/121/5078 6790/121/5079
f 6544/121/5076 6787/121/5065 6539/121/5064
f 6350/121/5080 6539/121/5064 6788/121/5070
f 6350/121/5080 6546/121/5081 6792/121/5082
f 6350/121/5080 6547/121/5083 6791/121/5077
f 6546/121/5081 6788/121/5070 6541/121/5069
f 6541/121/5069 6789/121/5068 6548/121/5085
f 6351/121/5084 6548/121/5085 6793/121/5086
f 6351/121/5084 6549/121/5087 6792/121/5082
f 6352/121/5088 6548/121/5085 6789/121/5068
f 6542/121/5073 6786/121/5072 6543/121/5074
f 6352/121/5088 6543/121/5074 6790/121/5079
f 6352/121/5088 6550/121/5089 6793/121/5086
f 6353/121/5090 6551/121/5094 6790/121/5079
f 6353/121/5090 6545/121/5078 6791/121/5077
f 6353/121/5090 6552/121/5091 6715/121/5092
f 6353/121/5090 6455/121/4967 6714/121/5093
f 6354/121/5095 6552/121/5091 6791/121/5077
f 6354/121/5095 6547/121/5083 6792/121/5082
f 6354/121/5095 6553/121/5096 6716/121/5097
f 6354/121/5095 6456/121/4969 6715/121/5092
f 6355/121/5098 6553/121/5096 6792/121/5082
f 6355/121/5098 6549/121/5087 6793/121/5086
f 6355/121/5098 6554/121/5099 6717/121/5100
f 6355/121/5098 6457/121/4970 6716/121/5097
f 6356/121/5101 6554/121/5099 6793/121/5086
f 6356/121/5101 6550/121/5089 6790/121/5079
f 6356/121/5101 6551/121/5094 6714/121/5093
f 6356/121/5101 6454/121/4966 6717/121/5100
f 6357/121/5102 6555/121/5107 6718/121/4978
f 6357/121/5102 6461/121/4977 6719/121/4976
f 6357/121/5102 6556/121/5103 6723/121/5104
f 6357/121/5102 6557/121/5105 6722/121/5106
f 6358/121/5108 6556/121/5103 6719/121/4976
f 6358/121/5108 6460/121/4975 6720/121/4974
f 6358/121/5108 6558/121/5109 6724/121/5110
f 6559/121/5111 6723/121/5104 6556/121/5103
f 6359/121/5112 6558/121/5109 6720/121/4974
f 6359/121/5112 6459/121/4973 6721/121/4972
f 6560/121/5113 6725/121/5117 6561/121/5114
f 6561/121/5114 6724/121/5110 6558/121/5109
f 6360/121/5115 6560/121/5113 6721/121/4972
f 6360/121/5115 6458/121/4979 6718/121/4978
f 6555/121/5107 6722/121/5106 6562/121/5116
f 6360/121/5115 6562/121/5116 6725/121/5117
f 6361/121/5118 6563/121/5121 6722/121/5106
f 6361/121/5118 6557/121/5105 6723/121/5104
f 6564/121/5119 6795/121/5125 6565/121/5120
f 6565/121/5120 6794/121/5132 6563/121/5121
f 6564/121/5119 6723/121/5104 6559/121/5111
f 6362/121/5122 6559/121/5111 6724/121/5110
f 6566/121/5123 6796/121/5130 6567/121/5124
f 6362/121/5122 6567/121/5124 6795/121/5125
f 6566/121/5123 6724/121/5110 6561/121/5114
f 6561/121/5114 6725/121/5117 6568/121/5127
f 6363/121/5126 6568/121/5127 6797/121/5128
f 6363/121/5126 6569/121/5129 6796/121/5130
f 6364/121/5131 6568/121/5127 6725/121/5117
f 6562/121/5116 6722/121/5106 6563/121/5121
f 6364/121/5131 6563/121/5121 6794/121/5132
f 6570/121/5133 6797/121/5128 6568/121/5127
f 6571/121/5134 6794/121/5132 6565/121/5120
f 6565/121/5120 6795/121/5125 6572/121/5136
f 6365/121/5135 6572/121/5136 6799/121/5137
f 6365/121/5135 6573/121/5138 6798/121/5139
f 6572/121/5136 6795/121/5125 6567/121/5124
f 6366/121/5140 6567/121/5124 6796/121/5130
f 6366/121/5140 6574/121/5141 6800/121/5142
f 6366/121/5140 6575/121/5143 6799/121/5137
f 6574/121/5141 6796/121/5130 6569/121/5129
f 6569/121/5129 6797/121/5128 6576/121/5145
f 6367/121/5144 6576/121/5145 6801/121/5146
f 6367/121/5144 6577/121/5147 6800/121/5142
f 6368/121/5148 6576/121/5145 6797/121/5128
f 6570/121/5133 6794/121/5132 6571/121/5134
f 6368/121/5148 6571/121/5134 6798/121/5139
f 6368/121/5148 6578/121/5149 6801/121/5146
f 6369/121/5150 6579/121/5154 6798/121/5139
f 6369/121/5150 6573/121/5138 6799/121/5137
f 6369/121/5150 6580/121/5151 6727/121/5152
f 6369/121/5150 6463/121/4981 6726/121/5153
f 6370/121/5155 6580/121/5151 6799/121/5137
f 6370/121/5155 6575/121/5143 6800/121/5142
f 6370/121/5155 6581/121/5156 6728/121/5157
f 6370/121/5155 6464/121/4983 6727/121/5152
f 6371/121/5158 6581/121/5156 6800/121/5142
f 6371/121/5158 6577/121/5147 6801/121/5146
f 6371/121/5158 6582/121/5159 6729/121/5160
f 6371/121/5158 6465/121/4984 6728/121/5157
f 6372/121/5161 6582/121/5159 6801/121/5146
f 6372/121/5161 6578/121/5149 6798/121/5139
f 6372/121/5161 6579/121/5154 6726/121/5153
f 6372/121/5161 6462/121/4980 6729/121/5160
f 6373/121/5162 6583/121/5167 6730/121/4992
f 6373/121/5162 6469/121/4991 6731/121/4990
f 6373/121/5162 6584/121/5163 6735/121/5164
f 6373/121/5162 6585/121/5165 6734/121/5166
f 6374/121/5168 6584/121/5163 6731/121/4990
f 6374/121/5168 6468/121/4989 6732/121/4988
f 6374/121/5168 6586/121/5169 6736/121/5170
f 6587/121/5171 6735/121/5164 6584/121/5163
f 6375/121/5172 6586/121/5169 6732/121/4988
f 6375/121/5172 6467/121/4987 6733/121/4986
f 6588/121/5173 6737/121/5177 6589/121/5174
f 6589/121/5174 6736/121/5170 6586/121/5169
f 6376/121/5175 6588/121/5173 6733/121/4986
f 6376/121/5175 6466/121/4993 6730/121/4992
f 6583/121/5167 6734/121/5166 6590/121/5176
f 6376/121/5175 6590/121/5176 6737/121/5177
f 6377/121/5178 6591/121/5181 6734/121/5166
f 6377/121/5178 6585/121/5165 6735/121/5164
f 6592/121/5179 6803/121/5185 6593/121/5180
f 6593/121/5180 6802/121/5192 6591/121/5181
f 6592/121/5179 6735/121/5164 6587/121/5171
f 6378/121/5182 6587/121/5171 6736/121/5170
f 6594/121/5183 6804/121/5190 6595/121/5184
f 6378/121/5182 6595/121/5184 6803/121/5185
f 6594/121/5183 6736/121/5170 6589/121/5174
f 6589/121/5174 6737/121/5177 6596/121/5187
f 6379/121/5186 6596/121/5187 6805/121/5188
f 6379/121/5186 6597/121/5189 6804/121/5190
f 6380/121/5191 6596/121/5187 6737/121/5177
f 6590/121/5176 6734/121/5166 6591/121/5181
f 6380/121/5191 6591/121/5181 6802/121/5192
f 6598/121/5193 6805/121/5188 6596/121/5187
f 6599/121/5194 6802/121/5192 6593/121/5180
f 6593/121/5180 6803/121/5185 6600/121/5196
f 6381/121/5195 6600/121/5196 6807/121/5197
f 6381/121/5195 6601/121/5198 6806/121/5199
f 6600/121/5196 6803/121/5185 6595/121/5184
f 6382/121/5200 6595/121/5184 6804/121/5190
f 6382/121/5200 6602/121/5201 6808/121/5202
f 6382/121/5200 6603/121/5203 6807/121/5197
f 6602/121/5201 6804/121/5190 6597/121/5189
f 6597/121/5189 6805/121/5188 6604/121/5205
f 6383/121/5204 6604/121/5205 6809/121/5206
f 6383/121/5204 6605/121/5207 6808/121/5202
f 6384/121/5208 6604/121/5205 6805/121/5188
f 6598/121/5193 6802/121/5192 6599/121/5194
f 6384/121/5208 6599/121/5194 6806/121/5199
f 6384/121/5208 6606/121/5209 6809/121/5206
f 6385/121/5210 6607/121/5214 6806/121/5199
f 6385/121/5210 6601/121/5198 6807/121/5197
f 6385/121/5210 6608/121/5211 6739/121/5212
f 6385/121/5210 6471/121/4995 6738/121/5213
f 6386/121/5215 6608/121/5211 6807/121/5197
f 6386/121/5215 6603/121/5203 6808/121/5202
f 6386/121/5215 6609/121/5216 6740/121/5217
f 6386/121/5215 6472/121/4997 6739/121/5212
f 6387/121/5218 6609/121/5216 6808/121/5202
f 6387/121/5218 6605/121/5207 6809/121/5206
f 6387/121/5218 6610/121/5219 6741/121/5220
f 6387/121/5218 6473/121/4998 6740/121/5217
f 6388/121/5221 6610/121/5219 6809/121/5206
f 6388/121/5221 6606/121/5209 6806/121/5199
f 6388/121/5221 6607/121/5214 6738/121/5213
f 6388/121/5221 6470/121/4994 6741/121/5220
f 6389/121/5222 6611/121/5227 6742/121/5006
f 6389/121/5222 6477/121/5005 6743/121/5004
f 6389/121/5222 6612/121/5223 6747/121/5224
f 6389/121/5222 6613/121/5225 6746/121/5226
f 6390/121/5228 6612/121/5223 6743/121/5004
f 6390/121/5228 6476/121/5003 6744/121/5002
f 6390/121/5228 6614/121/5229 6748/121/5230
f 6615/121/5231 6747/121/5224 6612/121/5223
f 6391/121/5232 6614/121/5229 6744/121/5002
f 6391/121/5232 6475/121/5001 6745/121/5000
f 6616/121/5233 6749/121/5237 6617/121/5234
f 6617/121/5234 6748/121/5230 6614/121/5229
f 6392/121/5235 6616/121/5233 6745/121/5000
f 6392/121/5235 6474/121/5007 6742/121/5006
f 6611/121/5227 6746/121/5226 6618/121/5236
f 6392/121/5235 6618/121/5236 6749/121/5237
f 6393/121/5238 6619/121/5241 6746/121/5226
f 6393/121/5238 6613/121/5225 6747/121/5224
f 6620/121/5239 6811/121/5245 6621/121/5240
f 6621/121/5240 6810/121/5252 6619/121/5241
f 6620/121/5239 6747/121/5224 6615/121/5231
f 6394/121/5242 6615/121/5231 6748/121/5230
f 6622/121/5243 6812/121/5250 6623/121/5244
f 6394/121/5242 6623/121/5244 6811/121/5245
f 6622/121/5243 6748/121/5230 6617/121/5234
f 6617/121/5234 6749/121/5237 6624/121/5247
f 6395/121/5246 6624/121/5247 6813/121/5248
f 6395/121/5246 6625/121/5249 6812/121/5250
f 6396/121/5251 6624/121/5247 6749/121/5237
f 6618/121/5236 6746/121/5226 6619/121/5241
f 6396/121/5251 6619/121/5241 6810/121/5252
f 6626/121/5253 6813/121/5248 6624/121/5247
f 6627/121/5254 6810/121/5252 6621/121/5240
f 6621/121/5240 6811/121/5245 6628/121/5256
f 6397/121/5255 6628/121/5256 6815/121/5257
f 6397/121/5255 6629/121/5258 6814/121/5259
f 6628/121/5256 6811/121/5245 6623/121/5244
f 6398/121/5260 6623/121/5244 6812/121/5250
f 6398/121/5260 6630/121/5261 6816/121/5262
f 6398/121/5260 6631/121/5263 6815/121/5257
f 6630/121/5261 6812/121/5250 6625/121/5249
f 6625/121/5249 6813/121/5248 6632/121/5265
f 6399/121/5264 6632/121/5265 6817/121/5266
f 6399/121/5264 6633/121/5267 6816/121/5262
f 6400/121/5268 6632/121/5265 6813/121/5248
f 6626/121/5253 6810/121/5252 6627/121/5254
f 6400/121/5268 6627/121/5254 6814/121/5259
f 6400/121/5268 6634/121/5269 6817/121/5266
f 6401/121/5270 6635/121/5274 6814/121/5259
f 6401/121/5270 6629/121/5258 6815/121/5257
f 6401/121/5270 6636/121/5271 6751/121/5272
f 6401/121/5270 6479/121/5009 6750/121/5273
f 6402/121/5275 6636/121/5271 6815/121/5257
f 6402/121/5275 6631/121/5263 6816/121/5262
f 6402/121/5275 6637/121/5276 6752/121/5277
f 6402/121/5275 6480/121/5011 6751/121/5272
f 6403/121/5278 6637/121/5276 6816/121/5262
f 6403/121/5278 6633/121/5267 6817/121/5266
f 6403/121/5278 6638/121/5279 6753/121/5280
f 6403/121/5278 6481/121/5012 6752/121/5277
f 6404/121/5281 6638/121/5279 6817/121/5266
f 6404/121/5281 6634/121/5269 6814/121/5259
f 6404/121/5281 6635/121/5274 6750/121/5273
f 6404/121/5281 6478/121/5008 6753/121/5280
f 6405/121/5282 6639/121/5287 6754/121/5020
f 6405/121/5282 6485/121/5019 6755/121/5018
f 6405/121/5282 6640/121/5283 6759/121/5284
f 6405/121/5282 6641/121/5285 6758/121/5286
f 6406/121/5288 6640/121/5283 6755/121/5018
f 6406/121/5288 6484/121/5017 6756/121/5016
f 6406/121/5288 6642/121/5289 6760/121/5290
f 6643/121/5291 6759/121/5284 6640/121/5283
f 6407/121/5292 6642/121/5289 6756/121/5016
f 6407/121/5292 6483/121/5015 6757/121/5014
f 6644/121/5293 6761/121/5297 6645/121/5294
f 6645/121/5294 6760/121/5290 6642/121/5289
f 6408/121/5295 6644/121/5293 6757/121/5014
f 6408/121/5295 6482/121/5021 6754/121/5020
f 6639/121/5287 6758/121/5286 6646/121/5296
f 6408/121/5295 6646/121/5296 6761/121/5297
f 6409/121/5298 6647/121/5301 6758/121/5286
f 6409/121/5298 6641/121/5285 6759/121/5284
f 6648/121/5299 6819/121/5305 6649/121/5300
f 6649/121/5300 6818/121/5312 6647/121/5301
f 6648/121/5299 6759/121/5284 6643/121/5291
f 6410/121/5302 6643/121/5291 6760/121/5290
f 6650/121/5303 6820/121/5310 6651/121/5304
f 6410/121/5302 6651/121/5304 6819/121/5305
f 6650/121/5303 6760/121/5290 6645/121/5294
f 6645/121/5294 6761/121/5297 6652/121/5307
f 6411/121/5306 6652/121/5307 6821/121/5308
f 6411/121/5306 6653/121/5309 6820/121/5310
f 6412/121/5311 6652/121/5307 6761/121/5297
f 6646/121/5296 6758/121/5286 6647/121/5301
f 6412/121/5311 6647/121/5301 6818/121/5312
f 6654/121/5313 6821/121/5308 6652/121/5307
f 6655/121/5314 6818/121/5312 6649/121/5300
f 6649/121/5300 6819/121/5305 6656/121/5316
f 6413/121/5315 6656/121/5316 6823/121/5317
f 6413/121/5315 6657/121/5318 6822/121/5319
f 6656/121/5316 6819/121/5305 6651/121/5304
f 6414/121/5320 6651/121/5304 6820/121/5310
f 6414/121/5320 6658/121/5321 6824/121/5322
f 6414/121/5320 6659/121/5323 6823/121/5317
f 6658/121/5321 6820/121/5310 6653/121/5309
f 6653/121/5309 6821/121/5308 6660/121/5325
f 6415/121/5324 6660/121/5325 6825/121/5326
f 6415/121/5324 6661/121/5327 6824/121/5322
f 6416/121/5328 6660/121/5325 6821/121/5308
f 6654/121/5313 6818/121/5312 6655/121/5314
f 6416/121/5328 6655/121/5314 6822/121/5319
f 6416/121/5328 6662/121/5329 6825/121/5326
f 6417/121/5330 6663/121/5334 6822/121/5319
f 6417/121/5330 6657/121/5318 6823/121/5317
f 6417/121/5330 6664/121/5331 6763/121/5332
f 6417/121/5330 6487/121/5023 6762/121/5333
f 6418/121/5335 6664/121/5331 6823/121/5317
f 6418/121/5335 6659/121/5323 6824/121/5322
f 6418/121/5335 6665/121/5336 6764/121/5337
f 6418/121/5335 6488/121/5025 6763/121/5332
f 6419/121/5338 6665/121/5336 6824/121/5322
f 6419/121/5338 6661/121/5327 6825/121/5326
f 6419/121/5338 6666/121/5339 6765/121/5340
f 6419/121/5338 6489/121/5026 6764/121/5337
f 6420/121/5341 6666/121/5339 6825/121/5326
f 6420/121/5341 6662/121/5329 6822/121/5319
f 6420/121/5341 6663/121/5334 6762/121/5333
f 6420/121/5341 6486/121/5022 6765/121/5340
f 6421/121/5342 6667/121/5347 6766/121/5034
f 6421/121/5342 6493/121/5033 6767/121/5032
f 6421/121/5342 6668/121/5343 6771/121/5344
f 6421/121/5342 6669/121/5345 6770/121/5346
f 6422/121/5348 6668/121/5343 6767/121/5032
f 6422/121/5348 6492/121/5031 6768/121/5030
f 6422/121/5348 6670/121/5349 6772/121/5350
f 6671/121/5351 6771/121/5344 6668/121/5343
f 6423/121/5352 6670/121/5349 6768/121/5030
f 6423/121/5352 6491/121/5029 6769/121/5028
f 6672/121/5353 6773/121/5357 6673/121/5354
f 6673/121/5354 6772/121/5350 6670/121/5349
f 6424/121/5355 6672/121/5353 6769/121/5028
f 6424/121/5355 6490/121/5035 6766/121/5034
f 6667/121/5347 6770/121/5346 6674/121/5356
f 6424/121/5355 6674/121/5356 6773/121/5357
f 6425/121/5358 6675/121/5361 6770/121/5346
f 6425/121/5358 6669/121/5345 6771/121/5344
f 6676/121/5359 6827/121/5365 6677/121/5360
f 6677/121/5360 6826/121/5372 6675/121/5361
f 6676/121/5359 6771/121/5344 6671/121/5351
f 6426/121/5362 6671/121/5351 6772/121/5350
f 6678/121/5363 6828/121/5370 6679/121/5364
f 6426/121/5362 6679/121/5364 6827/121/5365
f 6678/121/5363 6772/121/5350 6673/121/5354
f 6673/121/5354 6773/121/5357 6680/121/5367
f 6427/121/5366 6680/121/5367 6829/121/5368
f 6427/121/5366 6681/121/5369 6828/121/5370
f 6428/121/5371 6680/121/5367 6773/121/5357
f 6674/121/5356 6770/121/5346 6675/121/5361
f 6428/121/5371 6675/121/5361 6826/121/5372
f 6682/121/5373 6829/121/5368 6680/121/5367
f 6683/121/5374 6826/121/5372 6677/121/5360
f 6677/121/5360 6827/121/5365 6684/121/5376
f 6429/121/5375 6684/121/5376 6831/121/5377
f 6429/121/5375 6685/121/5378 6830/121/5379
f 6684/121/5376 6827/121/5365 6679/121/5364
f 6430/121/5380 6679/121/5364 6828/121/5370
f 6430/121/5380 6686/121/5381 6832/121/5382
f 6430/121/5380 6687/121/5383 6831/121/5377
f 6686/121/5381 6828/121/5370 6681/121/5369
f 6681/121/5369 6829/121/5368 6688/121/5385
f 6431/121/5384 6688/121/5385 6833/121/5386
f 6431/121/5384 6689/121/5387 6832/121/5382
f 6432/121/5388 6688/121/5385 6829/121/5368
f 6682/121/5373 6826/121/5372 6683/121/5374
f 6432/121/5388 6683/121/5374 6830/121/5379
f 6432/121/5388 6690/121/5389 6833/121/5386
f 6433/121/5390 6691/121/5394 6830/121/5379
f 6433/121/5390 6685/121/5378 6831/121/5377
f 6433/121/5390 6692/121/5391 6775/121/5392
f 6433/121/5390 6495/121/5037 6774/121/5393
f 6434/121/5395 6692/121/5391 6831/121/5377
f 6434/121/5395 6687/121/5383 6832/121/5382
f 6434/121/5395 6693/121/5396 6776/121/5397
f 6434/121/5395 6496/121/5039 6775/121/5392
f 6435/121/5398 6693/121/5396 6832/121/5382
f 6435/121/5398 6689/121/5387 6833/121/5386
f 6435/121/5398 6694/121/5399 6777/121/5400
f 6435/121/5398 6497/121/5040 6776/121/5397
f 6436/121/5401 6694/121/5399 6833/121/5386
f 6436/121/5401 6690/121/5389 6830/121/5379
f 6436/121/5401 6691/121/5394 6774/121/5393
f 6436/121/5401 6494/121/5036 6777/121/5400
f 6834/121/5402 6925/121/5406 7112/121/5403
f 6834/121/5402 6926/121/5408 7111/121/5405
f 6834/121/5402 6927/121/5410 7110/121/5407
f 6834/121/5402 6924/121/5404 7109/121/5409
f 6929/121/5411 7113/121/5531 6928/121/5412
f 6930/121/5414 7114/121/5529 6929/121/5411
f 6931/121/5415 7115/121/5533 6930/121/5414
f 6928/121/5412 7116/121/5536 6931/121/5415
f 6933/121/5416 7133/121/5623 6932/121/5417
f 6934/121/5419 7134/121/5622 6933/121/5416
f 6935/121/5420 7135/121/5626 6934/121/5419
f 6932/121/5417 7136/121/5628 6935/121/5420
f 6937/121/5421 7140/121/5641 6936/121/5422
f 6938/121/5424 7139/121/5636 6937/121/5421
f 6837/121/5423 6939/121/5427 7138/121/5425
f 6837/121/5423 6936/121/5422 7137/121/5426
f 6941/121/5428 7145/121/5669 6940/121/5429
f 6942/121/5431 7146/121/5668 6941/121/5428
f 6943/121/5432 7147/121/5672 6942/121/5431
f 6940/121/5429 7148/121/5674 6943/121/5432
f 6839/121/5433 6945/121/5437 7152/121/5434
f 6839/121/5433 6946/121/5439 7151/121/5436
f 6839/121/5433 6947/121/5441 7150/121/5438
f 6839/121/5433 6944/121/5435 7149/121/5440
f 6949/121/5442 7157/121/5729 6948/121/5443
f 6950/121/5445 7158/121/5727 6949/121/5442
f 6951/121/5446 7159/121/5731 6950/121/5445
f 6948/121/5443 7160/121/5734 6951/121/5446
f 6841/121/5447 6953/121/5451 7164/121/5448
f 6841/121/5447 6954/121/5453 7163/121/5450
f 6841/121/5447 6955/121/5455 7162/121/5452
f 6841/121/5447 6952/121/5449 7161/121/5454
f 6842/121/2682 6957/121/5459 7165/121/5456
f 6842/121/2682 6958/121/5461 7166/121/5458
f 6842/121/2682 6959/121/5463 7167/121/5460
f 6842/121/2682 6956/121/5457 7168/121/5462
f 6843/121/2699 6961/121/5467 7169/121/5464
f 6843/121/2699 6962/121/5469 7170/121/5466
f 6843/121/2699 6963/121/5471 7171/121/5468
f 6843/121/2699 6960/121/5465 7172/121/5470
f 6844/121/5472 6965/121/5476 7117/121/5473
f 6966/121/5475 7118/121/5480 6965/121/5476
f 6844/121/5472 6967/121/5478 7174/121/5477
f 6964/121/5474 7173/121/5492 6967/121/5478
f 6845/121/5479 6968/121/5482 7118/121/5480
f 6969/121/5481 7119/121/5559 6968/121/5482
f 6845/121/5479 6970/121/5484 7175/121/5483
f 6966/121/5475 7174/121/5477 6970/121/5484
f 6971/121/5485 7119/121/5559 6969/121/5481
f 6846/121/5486 6972/121/5489 7120/121/5487
f 6973/121/5488 7176/121/5493 6972/121/5489
f 6846/121/5486 6969/121/5481 7175/121/5483
f 6974/121/5490 7120/121/5487 6972/121/5489
f 6964/121/5474 7117/121/5473 6974/121/5490
f 6847/121/5491 6975/121/5494 7173/121/5492
f 6847/121/5491 6972/121/5489 7176/121/5493
f 6967/121/5478 7173/121/5492 6976/121/5495
f 6977/121/5497 7174/121/5477 6967/121/5478
f 6848/121/5496 6978/121/5500 7178/121/5498
f 6848/121/5496 6976/121/5495 7177/121/5499
f 6970/121/5484 7174/121/5477 6977/121/5497
f 6979/121/5502 7175/121/5483 6970/121/5484
f 6849/121/5501 6980/121/5504 7179/121/5503
f 6849/121/5501 6977/121/5497 7178/121/5498
f 6973/121/5488 7175/121/5483 6979/121/5502
f 6981/121/5506 7176/121/5493 6973/121/5488
f 6850/121/5505 6982/121/5508 7180/121/5507
f 6850/121/5505 6979/121/5502 7179/121/5503
f 6975/121/5494 7176/121/5493 6981/121/5506
f 6976/121/5495 7173/121/5492 6975/121/5494
f 6851/121/5509 6983/121/5510 7177/121/5499
f 6851/121/5509 6981/121/5506 7180/121/5507
f 6978/121/5500 7177/121/5499 6984/121/5511
f 6985/121/5513 7178/121/5498 6978/121/5500
f 6852/121/5512 6986/121/5516 7182/121/5514
f 6852/121/5512 6984/121/5511 7181/121/5515
f 6980/121/5504 7178/121/5498 6985/121/5513
f 6987/121/5518 7179/121/5503 6980/121/5504
f 6853/121/5517 6988/121/5520 7183/121/5519
f 6853/121/5517 6985/121/5513 7182/121/5514
f 6982/121/5508 7179/121/5503 6987/121/5518
f 6989/121/5522 7180/121/5507 6982/121/5508
f 6854/121/5521 6990/121/5524 7184/121/5523
f 6854/121/5521 6987/121/5518 7183/121/5519
f 6983/121/5510 7180/121/5507 6989/121/5522
f 6984/121/5511 7177/121/5499 6983/121/5510
f 6855/121/5525 6991/121/5526 7181/121/5515
f 6855/121/5525 6989/121/5522 7184/121/5523
f 6856/121/5527 6986/121/5516 7181/121/5515
f 6856/121/5527 6993/121/5530 7182/121/5514
f 6856/121/5527 6929/121/5411 7114/121/5529
f 6856/121/5527 6992/121/5528 7113/121/5531
f 6857/121/5532 6988/121/5520 7182/121/5514
f 6857/121/5532 6994/121/5534 7183/121/5519
f 6857/121/5532 6930/121/5414 7115/121/5533
f 6857/121/5532 6993/121/5530 7114/121/5529
f 6858/121/5535 6990/121/5524 7183/121/5519
f 6858/121/5535 6995/121/5537 7184/121/5523
f 6858/121/5535 6931/121/5415 7116/121/5536
f 6858/121/5535 6994/121/5534 7115/121/5533
f 6859/121/5538 6991/121/5526 7184/121/5523
f 6859/121/5538 6992/121/5528 7181/121/5515
f 6859/121/5538 6928/121/5412 7113/121/5531
f 6859/121/5538 6995/121/5537 7116/121/5536
f 6860/121/5539 6927/121/5410 7109/121/5409
f 6860/121/5539 6997/121/5542 7110/121/5407
f 6998/121/5541 7186/121/5547 6997/121/5542
f 6860/121/5539 6996/121/5540 7185/121/5543
f 6861/121/5544 6926/121/5408 7110/121/5407
f 6861/121/5544 6999/121/5546 7111/121/5405
f 7000/121/5545 7187/121/5558 6999/121/5546
f 6861/121/5544 6997/121/5542 7186/121/5547
f 6862/121/5548 6925/121/5406 7111/121/5405
f 6862/121/5548 7001/121/5550 7112/121/5403
f 6862/121/5548 7002/121/5551 7188/121/5549
f 6999/121/5546 7187/121/5558 7002/121/5551
f 6863/121/5552 6924/121/5404 7112/121/5403
f 6863/121/5552 6996/121/5540 7109/121/5409
f 7003/121/5553 7185/121/5543 6996/121/5540
f 7001/121/5550 7188/121/5549 7003/121/5553
f 6998/121/5541 7185/121/5543 7004/121/5554
f 6864/121/5555 7005/121/5556 7186/121/5547
f 6864/121/5555 6965/121/5476 7118/121/5480
f 6864/121/5555 7004/121/5554 7117/121/5473
f 7000/121/5545 7186/121/5547 7005/121/5556
f 6865/121/5557 7006/121/5560 7187/121/5558
f 6865/121/5557 6968/121/5482 7119/121/5559
f 6865/121/5557 7005/121/5556 7118/121/5480
f 6866/121/5561 7002/121/5551 7187/121/5558
f 7007/121/5562 7188/121/5549 7002/121/5551
f 6866/121/5561 6971/121/5485 7120/121/5487
f 6866/121/5561 7006/121/5560 7119/121/5559
f 6867/121/5563 7003/121/5553 7188/121/5549
f 7004/121/5554 7185/121/5543 7003/121/5553
f 6867/121/5563 6974/121/5490 7117/121/5473
f 6867/121/5563 7007/121/5562 7120/121/5487
f 6868/121/5564 7009/121/5568 7121/121/5565
f 6868/121/5564 7010/121/5570 7122/121/5567
f 7011/121/5569 7126/121/5576 7010/121/5570
f 7008/121/5566 7125/121/5585 7011/121/5569
f 7012/121/5571 7122/121/5567 7010/121/5570
f 6869/121/5572 7013/121/5575 7123/121/5573
f 7014/121/5574 7127/121/5593 7013/121/5575
f 6869/121/5572 7010/121/5570 7126/121/5576
f 6870/121/5577 7015/121/5579 7123/121/5573
f 7016/121/5578 7124/121/5583 7015/121/5579
f 6870/121/5577 7017/121/5581 7128/121/5580
f 7013/121/5575 7127/121/5593 7017/121/5581
f 6871/121/5582 7018/121/5584 7124/121/5583
f 7008/121/5566 7121/121/5565 7018/121/5584
f 6871/121/5582 7019/121/5586 7125/121/5585
f 7016/121/5578 7128/121/5580 7019/121/5586
f 6872/121/5587 7011/121/5569 7125/121/5585
f 6872/121/5587 7021/121/5590 7126/121/5576
f 6872/121/5587 7022/121/5591 7130/121/5589
f 7020/121/5588 7129/121/5603 7022/121/5591
f 7014/121/5574 7126/121/5576 7021/121/5590
f 6873/121/5592 7023/121/5595 7127/121/5593
f 7024/121/5594 7131/121/5862 7023/121/5595
f 7021/121/5590 7130/121/5589 7024/121/5594
f 6874/121/5596 7017/121/5581 7127/121/5593
f 7025/121/5597 7128/121/5580 7017/121/5581
f 7026/121/5598 7132/121/5601 7025/121/5597
f 7023/121/5595 7131/121/5862 7026/121/5598
f 6875/121/5599 7019/121/5586 7128/121/5580
f 7020/121/5588 7125/121/5585 7019/121/5586
f 7027/121/5600 7129/121/5603 7020/121/5588
f 6875/121/5599 7025/121/5597 7132/121/5601
f 6876/121/5602 7022/121/5591 7129/121/5603
f 7029/121/5605 7130/121/5589 7022/121/5591
f 6876/121/5602 7030/121/5608 7190/121/5606
f 6876/121/5602 7028/121/5604 7189/121/5607
f 6877/121/5609 7024/121/5594 7130/121/5589
f 7031/121/5610 7131/121/5862 7024/121/5594
f 6877/121/5609 7032/121/5612 7191/121/5611
f 7029/121/5605 7190/121/5606 7032/121/5612
f 7026/121/5598 7131/121/5862 7031/121/5610
f 6878/121/5613 7033/121/5615 7132/121/5601
f 7034/121/5614 7192/121/5618 7033/121/5615
f 6878/121/5613 7031/121/5610 7191/121/5611
f 7027/121/5600 7132/121/5601 7033/121/5615
f 6879/121/5616 7028/121/5604 7129/121/5603
f 7035/121/5617 7189/121/5607 7028/121/5604
f 6879/121/5616 7033/121/5615 7192/121/5618
f 7030/121/5608 7189/121/5607 7036/121/5619
f 7037/121/5621 7190/121/5606 7030/121/5608
f 6880/121/5620 6933/121/5416 7134/121/5622
f 6880/121/5620 7036/121/5619 7133/121/5623
f 6881/121/5624 7032/121/5612 7190/121/5606
f 7038/121/5625 7191/121/5611 7032/121/5612
f 6881/121/5624 6934/121/5419 7135/121/5626
f 6881/121/5624 7037/121/5621 7134/121/5622
f 7034/121/5614 7191/121/5611 7038/121/5625
f 6882/121/5627 7039/121/5629 7192/121/5618
f 6882/121/5627 6935/121/5420 7136/121/5628
f 6882/121/5627 7038/121/5625 7135/121/5626
f 7035/121/5617 7192/121/5618 7039/121/5629
f 6883/121/5630 7036/121/5619 7189/121/5607
f 6883/121/5630 6932/121/5417 7133/121/5623
f 6883/121/5630 7039/121/5629 7136/121/5628
f 6884/121/5631 6939/121/5427 7137/121/5426
f 6884/121/5631 7041/121/5634 7138/121/5425
f 7042/121/5633 7142/121/5639 7041/121/5634
f 7040/121/5632 7141/121/5647 7042/121/5633
f 6938/121/5424 7138/121/5425 7041/121/5634
f 6885/121/5635 7043/121/5638 7139/121/5636
f 7044/121/5637 7143/121/5644 7043/121/5638
f 6885/121/5635 7041/121/5634 7142/121/5639
f 6886/121/5640 6937/121/5421 7139/121/5636
f 6886/121/5640 7045/121/5643 7140/121/5641
f 6886/121/5640 7046/121/5645 7144/121/5642
f 6886/121/5640 7043/121/5638 7143/121/5644
f 6887/121/5646 6936/121/5422 7140/121/5641
f 7040/121/5632 7137/121/5426 6936/121/5422
f 6887/121/5646 7047/121/5648 7141/121/5647
f 7045/121/5643 7144/121/5642 7047/121/5648
f 7042/121/5633 7141/121/5647 7048/121/5649
f 7049/121/5651 7142/121/5639 7042/121/5633
f 6888/121/5650 7050/121/5654 7194/121/5652
f 6888/121/5650 7048/121/5649 7193/121/5653
f 6889/121/5655 7044/121/5637 7142/121/5639
f 7051/121/5656 7143/121/5644 7044/121/5637
f 6889/121/5655 7052/121/5658 7195/121/5657
f 7049/121/5651 7194/121/5652 7052/121/5658
f 6890/121/5659 7046/121/5645 7143/121/5644
f 6890/121/5659 7053/121/5661 7144/121/5642
f 7054/121/5660 7196/121/5664 7053/121/5661
f 7051/121/5656 7195/121/5657 7054/121/5660
f 7047/121/5648 7144/121/5642 7053/121/5661
f 6891/121/5662 7048/121/5649 7141/121/5647
f 7055/121/5663 7193/121/5653 7048/121/5649
f 6891/121/5662 7053/121/5661 7196/121/5664
f 7050/121/5654 7193/121/5653 7056/121/5665
f 7057/121/5667 7194/121/5652 7050/121/5654
f 6892/121/5666 6941/121/5428 7146/121/5668
f 6892/121/5666 7056/121/5665 7145/121/5669
f 6893/121/5670 7052/121/5658 7194/121/5652
f 7058/121/5671 7195/121/5657 7052/121/5658
f 6893/121/5670 6942/121/5431 7147/121/5672
f 6893/121/5670 7057/121/5667 7146/121/5668
f 6894/121/5673 7054/121/5660 7195/121/5657
f 6894/121/5673 7059/121/5675 7196/121/5664
f 6894/121/5673 6943/121/5432 7148/121/5674
f 6894/121/5673 7058/121/5671 7147/121/5672
f 7055/121/5663 7196/121/5664 7059/121/5675
f 6895/121/5676 7056/121/5665 7193/121/5653
f 6895/121/5676 6940/121/5429 7145/121/5669
f 6895/121/5676 7059/121/5675 7148/121/5674
f 6896/121/5677 6947/121/5441 7149/121/5440
f 6896/121/5677 7061/121/5680 7150/121/5438
f 7062/121/5679 7154/121/5684 7061/121/5680
f 7060/121/5678 7153/121/5691 7062/121/5679
f 6946/121/5439 7150/121/5438 7061/121/5680
f 6897/121/5681 7063/121/5683 7151/121/5436
f 7064/121/5682 7155/121/5688 7063/121/5683
f 6897/121/5681 7061/121/5680 7154/121/5684
f 6898/121/5685 6945/121/5437 7151/121/5436
f 6898/121/5685 7065/121/5687 7152/121/5434
f 6898/121/5685 7066/121/5689 7156/121/5686
f 6898/121/5685 7063/121/5683 7155/121/5688
f 6899/121/5690 6944/121/5435 7152/121/5434
f 7060/121/5678 7149/121/5440 6944/121/5435
f 6899/121/5690 7067/121/5692 7153/121/5691
f 7065/121/5687 7156/121/5686 7067/121/5692
f 7062/121/5679 7153/121/5691 7068/121/5693
f 7069/121/5695 7154/121/5684 7062/121/5679
f 6900/121/5694 7070/121/5698 7198/121/5696
f 6900/121/5694 7068/121/5693 7197/121/5697
f 6901/121/5699 7064/121/5682 7154/121/5684
f 7071/121/5700 7155/121/5688 7064/121/5682
f 6901/121/5699 7072/121/5702 7199/121/5701
f 7069/121/5695 7198/121/5696 7072/121/5702
f 6902/121/5703 7066/121/5689 7155/121/5688
f 6902/121/5703 7073/121/5705 7156/121/5686
f 7074/121/5704 7200/121/5708 7073/121/5705
f 7071/121/5700 7199/121/5701 7074/121/5704
f 7067/121/5692 7156/121/5686 7073/121/5705
f 6903/121/5706 7068/121/5693 7153/121/5691
f 7075/121/5707 7197/121/5697 7068/121/5693
f 6903/121/5706 7073/121/5705 7200/121/5708
f 7070/121/5698 7197/121/5697 7076/121/5709
f 7077/121/5711 7198/121/5696 7070/121/5698
f 6904/121/5710 7078/121/5714 7202/121/5712
f 6904/121/5710 7076/121/5709 7201/121/5713
f 6905/121/5715 7072/121/5702 7198/121/5696
f 7079/121/5716 7199/121/5701 7072/121/5702
f 6905/121/5715 7080/121/5718 7203/121/5717
f 7077/121/5711 7202/121/5712 7080/121/5718
f 6906/121/5719 7074/121/5704 7199/121/5701
f 6906/121/5719 7081/121/5721 7200/121/5708
f 7082/121/5720 7204/121/5724 7081/121/5721
f 7079/121/5716 7203/121/5717 7082/121/5720
f 7075/121/5707 7200/121/5708 7081/121/5721
f 6907/121/5722 7076/121/5709 7197/121/5697
f 7083/121/5723 7201/121/5713 7076/121/5709
f 6907/121/5722 7081/121/5721 7204/121/5724
f 6908/121/5725 7078/121/5714 7201/121/5713
f 6908/121/5725 7085/121/5728 7202/121/5712
f 6908/121/5725 6949/121/5442 7158/121/5727
f 6908/121/5725 7084/121/5726 7157/121/5729
f 6909/121/5730 7080/121/5718 7202/121/5712
f 6909/121/5730 7086/121/5732 7203/121/5717
f 6909/121/5730 6950/121/5445 7159/121/5731
f 6909/121/5730 7085/121/5728 7158/121/5727
f 6910/121/5733 7082/121/5720 7203/121/5717
f 6910/121/5733 7087/121/5735 7204/121/5724
f 6910/121/5733 6951/121/5446 7160/121/5734
f 6910/121/5733 7086/121/5732 7159/121/5731
f 6911/121/5736 7083/121/5723 7204/121/5724
f 6911/121/5736 7084/121/5726 7201/121/5713
f 6911/121/5736 6948/121/5443 7157/121/5729
f 6911/121/5736 7087/121/5735 7160/121/5734
f 6912/121/5737 6955/121/5455 7161/121/5454
f 6912/121/5737 7089/121/5739 7162/121/5452
f 7009/121/5568 7122/121/5567 7089/121/5739
f 7088/121/5738 7121/121/5565 7009/121/5568
f 6913/121/5740 6954/121/5453 7162/121/5452
f 6913/121/5740 7090/121/5741 7163/121/5450
f 7012/121/5571 7123/121/5573 7090/121/5741
f 6913/121/5740 7089/121/5739 7122/121/5567
f 6914/121/5742 6953/121/5451 7163/121/5450
f 6914/121/5742 7091/121/5743 7164/121/5448
f 6914/121/5742 7015/121/5579 7124/121/5583
f 7090/121/5741 7123/121/5573 7015/121/5579
f 6915/121/5744 6952/121/5449 7164/121/5448
f 6915/121/5744 7088/121/5738 7161/121/5454
f 6915/121/5744 7018/121/5584 7121/121/5565
f 7091/121/5743 7124/121/5583 7018/121/5584
f 6916/121/5753 7093/121/5746 7205/121/5745
f 6916/121/5753 7098/121/5755 7206/121/5747
f 6916/121/5753 6957/121/5459 7166/121/5458
f 6916/121/5753 7097/121/5754 7165/121/5456
f 6917/121/5756 7094/121/5748 7206/121/5747
f 6917/121/5756 7099/121/5757 7207/121/5749
f 6917/121/5756 6958/121/5461 7167/121/5460
f 6917/121/5756 7098/121/5755 7166/121/5458
f 6918/121/5758 7095/121/5750 7207/121/5749
f 6918/121/5758 7100/121/5759 7208/121/5751
f 6918/121/5758 6959/121/5463 7168/121/5462
f 6918/121/5758 7099/121/5757 7167/121/5460
f 6919/121/5760 7096/121/5752 7208/121/5751
f 6919/121/5760 7097/121/5754 7205/121/5745
f 6919/121/5760 6956/121/5457 7165/121/5456
f 6919/121/5760 7100/121/5759 7168/121/5462
f 6920/121/5769 7101/121/5762 7210/121/5761
f 6920/121/5769 7106/121/5771 7211/121/5763
f 6920/121/5769 6961/121/5467 7170/121/5466
f 6920/121/5769 7105/121/5770 7169/121/5464
f 6921/121/5772 7102/121/5764 7211/121/5763
f 6921/121/5772 7107/121/5773 7212/121/5765
f 6921/121/5772 6962/121/5469 7171/121/5468
f 6921/121/5772 7106/121/5771 7170/121/5466
f 6922/121/5774 7103/121/5766 7212/121/5765
f 6922/121/5774 7108/121/5775 7213/121/5767
f 6922/121/5774 6963/121/5471 7172/121/5470
f 6922/121/5774 7107/121/5773 7171/121/5468
f 6923/121/5776 7104/121/5768 7213/121/5767
f 6923/121/5776 7105/121/5770 7210/121/5761
f 6923/121/5776 6960/121/5465 7169/121/5464
f 6923/121/5776 7108/121/5775 7172/121/5470
f 7223/121/5777 7217/121/5781 7215/121/5778
f 7224/121/5780 7221/121/5783 7217/121/5781
f 7225/121/5782 7219/121/5784 7221/121/5783
f 7225/121/5782 7222/121/5779 7215/121/5778
f 7214/121/5785 7218/121/5788 7220/121/5786
f 7219/121/5784 7215/121/5778 7217/121/5781
f 7214/121/5785 7222/121/5779 7225/121/5782
f 7218/121/5788 7225/121/5782 7224/121/5780
f 7216/121/5787 7220/121/5786 7224/121/5780
f 7226/121/5789 7227/121/5791 7214/121/5785
f 7226/121/5789 7228/121/5863 7229/121/5790
f 7223/121/5777 7228/121/5863 7226/121/5789
f 7227/121/5791 7229/121/5790 7222/121/5779
f 7229/121/5790 7228/121/5863 7223/121/5777
f 7242/121/5792 7243/121/5805 7230/121/5793
f 7237/121/5795 7236/121/5799 7240/121/5796
f 7232/121/5794 7230/121/5793 7234/121/5798
f 7232/121/5794 7236/121/5799 7237/121/5795
f 7230/121/5793 7231/121/5802 7235/121/5801
f 7233/121/5800 7237/121/5795 7235/121/5801
f 7238/121/5803 7239/121/5804 7241/121/5797
f 7235/121/5801 7239/121/5804 7238/121/5803
f 7235/121/5801 7237/121/5795 7241/121/5797
f 7234/121/5798 7238/121/5803 7240/121/5796
f 7243/121/5805 7242/121/5792 7245/121/5806
f 7233/121/5800 7245/121/5806 7242/121/5792
f 7243/121/5805 7244/121/5807 7231/121/5802
f 7231/121/5802 7244/121/5807 7245/121/5806
f 7246/121/5808 7259/121/5821 7258/121/5809
f 7253/121/5811 7257/121/5819 7256/121/5812
f 7248/121/5810 7252/121/5813 7250/121/5814
f 7253/121/5811 7252/121/5813 7248/121/5810
f 7246/121/5808 7250/121/5814 7251/121/5816
f 7251/121/5816 7253/121/5811 7249/121/5815
f 7254/121/5818 7256/121/5812 7257/121/5819
f 7254/121/5818 7255/121/5820 7251/121/5816
f 7251/121/5816 7255/121/5820 7257/121/5819
f 7256/121/5812 7254/121/5818 7250/121/5814
f 7259/121/5821 7260/121/5823 7261/121/5822
f 7249/121/5815 7248/121/5810 7258/121/5809
f 7247/121/5817 7260/121/5823 7259/121/5821
f 7247/121/5817 7249/121/5815 7261/121/5822
