# Blender 3.3.3
# www.blender.org
mtllib fish.mtl
o mesh_id27
v -2.405391 -0.227350 0.364579
v -2.222849 -0.169125 0.465340
v -2.403486 -0.105181 0.325671
v -2.303603 -0.013142 0.358148
v -1.693717 -0.159861 0.634776
v -1.831398 -0.198469 0.602011
v -1.723804 -0.243599 0.620583
v -1.748595 -0.090288 0.620292
v -1.616379 -0.269514 0.632981
v -1.608479 -0.148471 0.646411
v -1.639755 -0.027206 0.633046
v -0.475728 -0.325388 0.557867
v -0.391128 -0.195106 0.561188
v -0.506268 -0.187235 0.575643
v -0.333211 -0.288781 0.544121
v -0.489922 -0.051410 0.566713
v -0.339519 -0.107538 0.551526
v -0.220492 -0.206414 0.533406
v 0.668836 -0.200742 0.305184
v 0.741356 0.039213 0.187763
v 0.471445 -0.056973 0.358906
v 0.562085 0.120148 0.202545
v 0.911125 -0.044512 0.158525
v 0.668836 -0.200742 0.305184
v 0.891956 -0.221004 0.243435
v 0.911125 -0.044512 0.158525
v 1.311479 -0.206225 0.108041
v 1.375673 -0.082929 0.069493
v 1.301754 -0.092179 0.074890
v 1.436619 -0.243609 0.105131
v 1.559634 -0.100867 0.119696
v 1.483018 -0.016172 0.069669
v 1.779356 -0.034926 0.142296
v 1.977607 -0.252319 0.125356
v 2.015823 -0.116573 0.124332
v 1.670285 -0.196074 0.137881
v 2.321455 -1.104151 0.069551
v 2.452111 -1.092258 0.059546
v 2.417848 -1.041167 0.069699
v 2.461463 -1.142390 0.048754
v 2.533396 0.716434 0.067255
v 2.553140 0.760898 0.054211
v 2.504153 0.746498 0.063014
v 2.579988 0.757170 0.051251
v -2.629176 -0.245369 0.003489
v -2.552792 -0.399379 0.221437
v -2.551051 -0.239008 0.210285
v -2.624326 -0.425477 0.009426
v 0.772683 0.111347 0.006914
v 0.772683 0.111347 0.006914
v 0.922843 0.049153 0.009053
v 1.040824 -0.074355 0.131743
v 1.045034 0.010736 0.006262
v 1.452981 0.008844 0.000000
v 1.375673 -0.082929 0.069493
v 1.483018 -0.016172 0.069669
v 1.359859 -0.040709 0.000000
v 2.159534 -0.136403 0.069429
v 2.196084 -0.225643 0.000000
v 2.200694 -0.140165 0.000000
v 2.153922 -0.235275 0.070804
v 2.165264 -0.340577 0.070651
v 2.206045 -0.334216 0.000000
v 2.153922 -0.235275 0.070804
v 2.196084 -0.225643 0.000000
v 2.585674 0.818899 0.000000
v 2.545328 0.800111 0.032541
v 2.587523 0.800950 0.029065
v 2.545328 0.800111 0.032541
v 2.585674 0.818899 0.000000
v 2.539034 0.817731 0.000000
v 2.639345 0.787292 0.023117
v 2.641471 0.803383 0.000000
v 2.665727 0.770960 0.012695
v 2.667947 0.778507 0.000000
v 2.622332 0.737891 0.041125
v 2.650288 0.721871 0.021090
v 2.665727 0.770960 0.012695
v 2.650288 0.721871 0.021090
v 2.657945 0.717278 0.000000
v 2.667947 0.778507 0.000000
v 2.619591 0.663661 0.028384
v 2.630354 0.655902 0.000000
v 2.574514 0.595173 0.038103
v 2.589034 0.585546 0.000000
v 2.501267 0.487989 0.050656
v 2.522301 0.476187 0.000000
v 2.411355 0.366106 0.059459
v 2.437942 0.350902 0.000000
v 2.334622 0.251684 0.065242
v 2.362167 0.235926 0.000000
v 2.277272 0.151497 0.067803
v 2.307537 0.135904 0.000000
v 2.224714 0.053973 0.069050
v 2.258454 0.040563 0.000000
v 2.183853 -0.041127 0.069076
v 2.220787 -0.050493 0.000000
v 2.108103 0.105687 0.122016
v 2.056189 -0.002273 0.122876
v 2.169542 0.209566 0.119977
v 2.235917 0.309993 0.116159
v 2.235917 0.309993 0.116159
v 2.320831 0.416891 0.108032
v 2.184091 0.510698 0.121757
v 2.085116 0.418861 0.129849
v 2.319826 0.599145 0.105658
v 2.425467 0.527680 0.092574
v 2.265704 0.655073 0.093836
v 2.116775 0.575583 0.106998
v 2.445763 0.668893 0.086216
v 2.519648 0.623211 0.072743
v 2.409952 0.715062 0.076923
v 2.216518 0.715426 0.054512
v 2.059234 0.643332 0.061299
v 2.375268 0.769338 0.045145
v 2.484488 0.790491 0.036161
v 2.473524 0.808567 0.000000
v 2.358188 0.791084 0.000000
v 2.553140 0.760898 0.054211
v 2.579988 0.757170 0.051251
v 2.581749 0.684366 0.056475
v 2.519648 0.623211 0.072743
v 2.619591 0.663661 0.028384
v 2.581749 0.684366 0.056475
v 2.425467 0.527680 0.092574
v 2.320831 0.416891 0.108032
v 2.581749 0.684366 0.056475
v 2.194612 0.738719 0.000000
v 2.039181 0.665735 0.000000
v 1.942441 0.552127 0.065963
v 1.921182 0.572206 0.000000
v 1.910549 0.386267 0.119955
v 1.839283 0.447940 0.068395
v 2.008045 0.488849 0.114094
v 1.998905 0.318013 0.135205
v 1.919086 0.208726 0.138632
v 1.823088 0.276465 0.123362
v 2.108103 0.105687 0.122016
v 2.169542 0.209566 0.119977
v 2.056189 -0.002273 0.122876
v 1.848235 0.090998 0.140965
v 2.015823 -0.116573 0.124332
v 2.015823 -0.116573 0.124332
v 1.977607 -0.252319 0.125356
v 2.006208 -0.374317 0.124772
v 2.049820 -0.491614 0.123131
v 2.191760 -0.446159 0.069630
v 2.265520 -0.539761 0.000000
v 2.230539 -0.436190 0.000000
v 2.230544 -0.551954 0.068737
v 2.279601 -0.661775 0.066637
v 2.312114 -0.648610 0.000000
v 2.375272 -0.777299 0.000000
v 2.279601 -0.661775 0.066637
v 2.347112 -0.789119 0.059820
v 2.375272 -0.777299 0.000000
v 2.442087 -0.908404 0.000000
v 2.420324 -0.918042 0.049036
v 2.493637 -1.010864 0.000000
v 2.475882 -1.017489 0.038599
v 2.518981 -1.070986 0.000000
v 2.504886 -1.077046 0.032652
v 2.539176 -1.136380 0.000000
v 2.522631 -1.139210 0.027530
v 2.506991 -1.189901 0.017934
v 2.503911 -1.197253 0.000000
v 2.450977 -1.187204 0.026795
v 2.444853 -1.201417 0.000000
v 2.284128 -1.142380 0.039744
v 2.204149 -1.038661 0.086752
v 2.154902 -1.085876 0.049196
v 2.341291 -0.950947 0.088069
v 2.245992 -0.833631 0.105876
v 2.061942 -0.946830 0.102867
v 2.162512 -0.714000 0.116896
v 1.945873 -0.847610 0.113459
v 2.102532 -0.604160 0.121063
v 2.230544 -0.551954 0.068737
v 2.191760 -0.446159 0.069630
v 2.049820 -0.491614 0.123131
v 1.777799 -0.627756 0.121128
v 2.006208 -0.374317 0.124772
v 1.701118 -0.510905 0.121089
v 1.857733 -0.742617 0.119791
v 1.881392 -0.903319 0.064240
v 1.787332 -0.795503 0.068824
v 2.002542 -1.000761 0.058436
v 1.980675 -1.017709 0.000000
v 2.134291 -1.102634 0.000000
v 2.268077 -1.157351 0.000000
v 1.859879 -0.920516 0.000000
v 1.764792 -0.811113 0.000000
v 1.703341 -0.679121 0.068904
v 1.681734 -0.694913 0.000000
v 1.628166 -0.562243 0.067900
v 1.606583 -0.579552 0.000000
v 1.558820 -0.467220 0.064460
v 1.539403 -0.488900 0.000000
v 1.495903 -0.403372 0.061295
v 1.480582 -0.429641 0.000000
v 1.402003 -0.347343 0.061235
v 1.391894 -0.379557 0.000000
v 1.301885 -0.330876 0.068289
v 1.297257 -0.366140 0.000000
v 1.229257 -0.337137 0.080570
v 1.228786 -0.376900 -0.000017
v 1.143507 -0.357656 0.098825
v 1.147405 -0.403195 0.001308
v 1.039882 -0.388388 0.127101
v 1.049816 -0.444757 0.000920
v 0.912581 -0.433354 0.158520
v 0.933440 -0.507669 0.000740
v 0.726609 -0.497208 0.189947
v 0.761871 -0.590543 0.000000
v 0.503346 -0.696517 0.000000
v 0.726609 -0.497208 0.189947
v 0.491577 -0.637291 0.177656
v 0.503346 -0.696517 0.000000
v 0.291788 -0.773191 0.000000
v 0.278477 -0.729489 0.166141
v 0.142667 -0.821348 0.000000
v 0.130226 -0.782326 0.160399
v -0.010843 -0.864384 0.000000
v -0.021613 -0.827933 0.156573
v -0.251988 -0.882561 0.154304
v -0.244624 -0.915063 0.000000
v -0.555362 -0.928864 0.163211
v -0.551195 -0.960434 0.000051
v -0.849326 -0.954112 0.175456
v -0.847401 -0.986941 -0.000817
v -1.136714 -0.965161 0.182063
v -1.140311 -0.998118 -0.000643
v -1.406426 -0.957299 0.187345
v -1.410940 -0.990705 -0.001305
v -1.645864 -0.933496 0.190236
v -1.653421 -0.968001 -0.001706
v -1.851312 -0.899250 0.195323
v -1.861653 -0.935639 -0.000899
v -2.032915 -0.852346 0.201602
v -2.060535 -0.891718 -0.001284
v -2.210827 -0.786245 0.206781
v -2.243077 -0.823097 -0.001828
v -2.372103 -0.691873 0.213332
v -2.408698 -0.728915 0.003369
v -2.488530 -0.558531 0.222660
v -2.548031 -0.592265 0.008967
v -2.358258 -0.491419 0.389743
v -2.268895 -0.595351 0.390928
v -2.405620 -0.361641 0.379134
v -2.504574 -0.077948 0.197953
v -2.406518 0.065841 0.201342
v -2.564906 -0.059580 0.004442
v -2.464753 0.097411 0.000607
v -2.132109 0.402232 0.200743
v -2.322268 0.269701 -0.001765
v -2.276926 0.231228 0.202877
v -2.167969 0.444507 -0.003412
v -2.015064 0.586295 -0.000382
v -1.982816 0.540625 0.190918
v -1.845366 0.677071 0.000109
v -1.822436 0.642214 0.181319
v -1.579829 0.761571 0.000000
v -1.564709 0.724673 0.176080
v -1.226025 0.798370 0.000000
v -1.218536 0.759086 0.172344
v -0.885991 0.725391 0.174709
v -0.885642 0.770748 0.000000
v -0.573341 0.652855 0.175093
v -0.560573 0.698094 0.000000
v -0.304847 0.555952 0.187334
v -0.271066 0.598846 0.000799
v -0.063174 0.454315 0.190761
v -0.028850 0.499937 0.000814
v 0.157071 0.350117 0.199306
v 0.186779 0.400777 0.000000
v 0.367066 0.237305 0.212385
v 0.421314 0.293728 -0.002005
v 0.604946 0.195839 -0.000292
v 0.283403 0.097050 0.369763
v 0.165681 -0.068449 0.457897
v 0.319852 -0.243685 0.428928
v 0.443484 -0.435974 0.341906
v 0.030606 -0.223399 0.493094
v 0.155807 -0.391852 0.442571
v -0.111646 -0.084581 0.512752
v -0.004970 0.065329 0.455677
v -0.107793 -0.341081 0.498700
v -0.251046 -0.423233 0.503059
v -0.267534 0.023219 0.520818
v -0.188378 0.175871 0.455215
v -0.447719 0.100599 0.531152
v -0.391550 0.267492 0.460720
v -0.120251 0.333310 0.351274
v -0.345598 0.432157 0.350118
v -0.628316 0.340593 0.476574
v -0.595589 0.519485 0.352436
v -0.886575 0.582033 0.365452
v -1.192541 0.616413 0.374457
v -1.507386 0.592170 0.382656
v -1.737028 0.516776 0.391362
v -1.894683 0.415668 0.389412
v -2.039220 0.289165 0.382573
v -2.176139 0.133225 0.373684
v -2.067145 0.004899 0.493467
v -1.933970 0.150177 0.507029
v -1.792226 0.263324 0.516326
v -1.629729 0.345174 0.524464
v -1.413095 0.395200 0.524299
v -1.151917 0.411748 0.512021
v -0.885884 0.390842 0.496543
v -0.656950 0.159974 0.549791
v -0.676664 -0.012198 0.587849
v -0.678641 -0.175461 0.597683
v -0.660050 -0.341242 0.580051
v -0.424161 -0.478943 0.515571
v -0.360683 -0.633673 0.442301
v -0.165071 -0.573834 0.434780
v -0.001988 -0.499204 0.435842
v -0.074599 -0.706702 0.327150
v 0.079075 -0.650848 0.329127
v 0.243303 -0.573612 0.336017
v 1.034282 -0.214932 0.193074
v 1.139109 -0.210883 0.153016
v 1.141693 -0.085486 0.112901
v 1.224972 -0.091878 0.088175
v 1.140234 -0.021596 0.002078
v 1.221760 -0.042043 0.001439
v 1.293812 -0.047275 0.000017
v 1.359859 -0.040709 0.000000
v 1.228387 -0.204164 0.125073
v 1.548063 -0.327810 0.111266
v 1.624132 -0.407059 0.117202
v -0.284623 -0.765817 0.330491
v -0.572749 -0.819667 0.340920
v -0.602382 -0.681064 0.459677
v -0.635585 -0.517139 0.538221
v -0.876712 -0.338459 0.606995
v -0.870862 -0.540612 0.560752
v -1.101386 -0.144094 0.645619
v -1.112966 -0.312880 0.634476
v -0.883911 -0.160819 0.623894
v -0.886273 0.014648 0.612722
v -1.105076 0.029754 0.633224
v -1.310328 -0.135699 0.656532
v -1.314111 0.029656 0.645085
v -1.121753 0.214948 0.591412
v -1.349182 0.207810 0.603515
v -1.496317 0.010195 0.642928
v -1.481141 -0.141445 0.656217
v -1.545860 0.171369 0.600890
v -1.702019 0.110676 0.592841
v -1.830966 0.017769 0.582196
v -1.944805 -0.115882 0.566990
v -1.814995 -0.447440 0.577772
v -1.938946 -0.381867 0.566680
v -2.081093 -0.308828 0.537271
v -2.148705 -0.475373 0.498357
v -2.030555 -0.547631 0.503750
v -1.895532 -0.611005 0.502863
v -1.750333 -0.658484 0.502455
v -1.692397 -0.493989 0.582312
v -1.562131 -0.524504 0.586061
v -1.511635 -0.286775 0.640224
v -1.344858 -0.298495 0.644434
v -1.120640 -0.554182 0.578399
v -1.372443 -0.549761 0.586106
v -0.860526 -0.712295 0.477139
v -1.125248 -0.724097 0.492894
v -0.852742 -0.851920 0.350166
v -1.132803 -0.865635 0.360821
v -1.382029 -0.717704 0.500760
v -1.403610 -0.859106 0.365812
v -1.593471 -0.694065 0.501937
v -1.629812 -0.832702 0.370517
v -1.808734 -0.799475 0.372411
v -1.973925 -0.750365 0.377778
v -2.130196 -0.682997 0.385740
v -2.219739 -0.403379 0.488441
v -2.275880 -0.311821 0.461062
v -0.885584 0.197379 0.570675
v 0.088682 0.228234 0.357832
v 2.015823 -0.116573 0.124332
v 1.848235 0.090998 0.140965
v 1.669518 0.040561 0.126235
v 1.669518 0.040561 0.126235
v 1.744326 0.159602 0.126382
v 1.585798 0.102585 0.073614
v 1.661864 0.215587 0.073845
v 1.742544 0.335883 0.071218
v 1.561585 0.124073 0.000000
v 1.635485 0.232332 0.000000
v 1.717989 0.353143 0.000000
v 1.816431 0.468378 0.000000
v -2.308062 -0.009694 -0.355897
v -2.225252 -0.167882 -0.463630
v -2.404892 -0.101716 -0.327510
v -2.402554 -0.224703 -0.365660
v -1.832209 -0.198072 -0.602365
v -1.692445 -0.156401 -0.635248
v -1.720966 -0.238191 -0.621526
v -1.748509 -0.089859 -0.619968
v -1.616379 -0.269514 -0.632980
v -1.607598 -0.146994 -0.645892
v -1.638647 -0.026835 -0.632234
v -0.476180 -0.324377 -0.558588
v -0.391796 -0.194399 -0.562133
v -0.333881 -0.288545 -0.545161
v -0.506883 -0.186123 -0.575814
v -0.490654 -0.050652 -0.566191
v -0.340645 -0.107276 -0.550826
v -0.221670 -0.206912 -0.533066
v 0.559832 0.117003 -0.204195
v 0.741361 0.040210 -0.186980
v 0.468914 -0.062123 -0.362822
v 0.667504 -0.192479 -0.309975
v 0.893466 -0.202475 -0.245379
v 0.667504 -0.192479 -0.309975
v 0.741361 0.040210 -0.186980
v 0.913271 -0.021868 -0.141924
v 1.375673 -0.082929 -0.069493
v 1.436619 -0.243609 -0.105131
v 1.311462 -0.206219 -0.108047
v 1.301753 -0.092326 -0.074941
v 1.559634 -0.100867 -0.119696
v 1.483018 -0.016172 -0.069669
v 1.779356 -0.034926 -0.142295
v 1.977607 -0.252319 -0.125356
v 1.670285 -0.196074 -0.137881
v 2.015823 -0.116573 -0.124332
v 2.321455 -1.104151 -0.069551
v 2.452111 -1.092258 -0.059546
v 2.461463 -1.142390 -0.048753
v 2.417848 -1.041167 -0.069699
v 2.533396 0.716434 -0.067255
v 2.553140 0.760898 -0.054211
v 2.579988 0.757170 -0.051251
v 2.504153 0.746498 -0.063014
v -2.624326 -0.425477 0.009426
v -2.629176 -0.245369 0.003489
v -2.556746 -0.407991 -0.218443
v -2.557398 -0.240519 -0.211850
v 0.772683 0.111347 0.006914
v 0.922843 0.049153 0.009053
v 1.041409 -0.057294 -0.121759
v 1.045034 0.010736 0.006262
v 2.159534 -0.136403 -0.069429
v 2.153922 -0.235275 -0.070804
v 2.153922 -0.235275 -0.070804
v 2.165264 -0.340577 -0.070650
v 2.545308 0.800112 -0.032544
v 2.587523 0.800950 -0.029065
v 2.639347 0.787292 -0.023117
v 2.639347 0.787292 -0.023117
v 2.665727 0.770960 -0.012695
v 2.622332 0.737891 -0.041125
v 2.665727 0.770960 -0.012695
v 2.650290 0.721873 -0.021089
v 2.619591 0.663661 -0.028384
v 2.574514 0.595173 -0.038103
v 2.501287 0.488008 -0.050654
v 2.411383 0.366132 -0.059455
v 2.334628 0.251689 -0.065242
v 2.277272 0.151497 -0.067803
v 2.224715 0.053973 -0.069050
v 2.183853 -0.041127 -0.069076
v 2.108103 0.105687 -0.122016
v 2.056189 -0.002273 -0.122876
v 2.169542 0.209566 -0.119977
v 2.235917 0.309993 -0.116159
v 2.184091 0.510698 -0.121757
v 2.320831 0.416891 -0.108032
v 2.085116 0.418861 -0.129849
v 2.319826 0.599145 -0.105658
v 2.425467 0.527680 -0.092574
v 2.265704 0.655073 -0.093836
v 2.116774 0.575583 -0.106998
v 2.519648 0.623211 -0.072742
v 2.445763 0.668893 -0.086216
v 2.409952 0.715062 -0.076923
v 2.216518 0.715426 -0.054512
v 2.059234 0.643332 -0.061299
v 2.375268 0.769338 -0.045144
v 2.484488 0.790491 -0.036161
v 2.581749 0.684366 -0.056474
v 1.942442 0.552127 -0.065963
v 1.910550 0.386267 -0.119955
v 1.839283 0.447940 -0.068395
v 2.008045 0.488849 -0.114094
v 1.998904 0.318013 -0.135205
v 1.919086 0.208726 -0.138632
v 1.823089 0.276465 -0.123362
v 1.848235 0.090998 -0.140965
v 2.006208 -0.374317 -0.124772
v 1.977607 -0.252319 -0.125356
v 2.049820 -0.491614 -0.123131
v 2.191760 -0.446159 -0.069629
v 2.230544 -0.551954 -0.068737
v 2.279568 -0.661736 -0.066640
v 2.347112 -0.789119 -0.059820
v 2.420324 -0.918042 -0.049036
v 2.442087 -0.908404 0.000000
v 2.475882 -1.017489 -0.038599
v 2.493637 -1.010864 0.000000
v 2.475882 -1.017489 -0.038599
v 2.504904 -1.077054 -0.032649
v 2.522631 -1.139210 -0.027530
v 2.506987 -1.189902 -0.017934
v 2.450977 -1.187204 -0.026795
v 2.461463 -1.142390 -0.048753
v 2.321455 -1.104151 -0.069551
v 2.284128 -1.142380 -0.039744
v 2.204149 -1.038661 -0.086752
v 2.154902 -1.085876 -0.049195
v 2.341291 -0.950947 -0.088069
v 2.204149 -1.038661 -0.086752
v 2.245992 -0.833631 -0.105876
v 2.061942 -0.946830 -0.102867
v 2.162512 -0.714000 -0.116896
v 1.945873 -0.847610 -0.113459
v 2.102532 -0.604160 -0.121062
v 2.504904 -1.077054 -0.032649
v 2.522631 -1.139210 -0.027530
v 1.777799 -0.627756 -0.121128
v 1.701118 -0.510905 -0.121089
v 1.857733 -0.742617 -0.119791
v 1.881392 -0.903319 -0.064240
v 1.787332 -0.795503 -0.068824
v 2.002542 -1.000761 -0.058436
v 2.154902 -1.085876 -0.049195
v 2.002542 -1.000761 -0.058436
v 1.881392 -0.903319 -0.064240
v 1.764792 -0.811113 0.000000
v 1.681734 -0.694913 0.000000
v 1.703341 -0.679121 -0.068904
v 1.703341 -0.679121 -0.068904
v 1.628166 -0.562243 -0.067900
v 1.558820 -0.467220 -0.064459
v 1.495903 -0.403372 -0.061295
v 1.402003 -0.347343 -0.061235
v 1.301885 -0.330876 -0.068289
v 1.391894 -0.379557 0.000000
v 1.297257 -0.366140 0.000000
v 1.402003 -0.347343 -0.061235
v 1.228786 -0.376900 -0.000017
v 1.229436 -0.336854 -0.080697
v 1.147405 -0.403195 0.001308
v 1.144199 -0.358302 -0.097664
v 1.049816 -0.444757 0.000920
v 1.041215 -0.390721 -0.124718
v 0.933440 -0.507669 0.000740
v 0.913856 -0.431178 -0.160852
v 0.761871 -0.590543 0.000000
v 0.726990 -0.496060 -0.192966
v 0.503346 -0.696517 0.000000
v 0.503346 -0.696517 0.000000
v 0.489636 -0.639825 -0.175362
v 0.726990 -0.496060 -0.192966
v 0.291788 -0.773191 0.000000
v 0.277887 -0.730106 -0.165666
v 0.142667 -0.821348 0.000000
v 0.130226 -0.782326 -0.160399
v -0.010843 -0.864384 0.000000
v -0.021613 -0.827933 -0.156573
v -0.244624 -0.915063 0.000000
v -0.251988 -0.882561 -0.154304
v -0.555659 -0.929418 -0.162268
v -0.551195 -0.960434 0.000051
v -0.850588 -0.954962 -0.173440
v -0.847401 -0.986941 -0.000817
v -1.140311 -0.998118 -0.000643
v -1.140274 -0.966715 -0.179218
v -1.410940 -0.990705 -0.001305
v -1.416907 -0.957344 -0.184794
v -1.653421 -0.968001 -0.001706
v -1.652943 -0.933360 -0.188305
v -1.850995 -0.899382 -0.195064
v -1.861653 -0.935639 -0.000899
v -2.038560 -0.853563 -0.202633
v -2.060535 -0.891718 -0.001284
v -2.214917 -0.784857 -0.210109
v -2.243077 -0.823097 -0.001828
v -2.369385 -0.692629 -0.210954
v -2.408698 -0.728915 0.003369
v -2.496974 -0.566342 -0.213829
v -2.548031 -0.592265 0.008967
v -2.269876 -0.595392 -0.389273
v -2.358586 -0.490242 -0.388839
v -2.401484 -0.360215 -0.379073
v -2.408342 0.070308 -0.199077
v -2.564906 -0.059580 0.004442
v -2.464753 0.097411 0.000607
v -2.509631 -0.075335 -0.197340
v -2.128779 0.399572 -0.207037
v -2.322268 0.269701 -0.001765
v -2.167969 0.444507 -0.003412
v -2.275749 0.228898 -0.205939
v -2.015064 0.586295 -0.000382
v -1.981567 0.538424 -0.194906
v -1.845366 0.677071 0.000109
v -1.821519 0.641787 -0.181935
v -1.579829 0.761571 0.000000
v -1.564647 0.724640 -0.176194
v -1.218537 0.759086 -0.172344
v -1.226025 0.798370 0.000000
v -0.886111 0.724816 -0.175822
v -0.885642 0.770748 0.000000
v -0.573398 0.652585 -0.176270
v -0.560573 0.698094 0.000000
v -0.305784 0.554474 -0.190656
v -0.271066 0.598846 0.000799
v -0.064892 0.453356 -0.194263
v -0.028850 0.499937 0.000814
v 0.155160 0.345993 -0.201046
v 0.186779 0.400777 0.000000
v 0.364785 0.231756 -0.217985
v 0.421314 0.293728 -0.002005
v 0.604946 0.195839 -0.000292
v 0.604946 0.195839 -0.000292
v 0.280646 0.090520 -0.371544
v 0.161557 -0.079742 -0.456822
v 0.316165 -0.243866 -0.430148
v 0.440120 -0.437970 -0.341765
v 0.026964 -0.227131 -0.488590
v 0.152782 -0.394146 -0.441584
v -0.114442 -0.086680 -0.508077
v -0.006618 0.062549 -0.455945
v -0.108253 -0.342185 -0.499350
v -0.251214 -0.424038 -0.506095
v -0.269723 0.020946 -0.516688
v -0.188762 0.174977 -0.456037
v -0.448550 0.099516 -0.528342
v -0.391779 0.265766 -0.460382
v -0.120506 0.331111 -0.353196
v -0.344951 0.430650 -0.351284
v -0.627704 0.339423 -0.474713
v -0.594965 0.518237 -0.352677
v -0.885755 0.580664 -0.365388
v -1.191854 0.615971 -0.374528
v -1.505043 0.591197 -0.383753
v -1.731983 0.515239 -0.394196
v -1.894576 0.414801 -0.394718
v -2.041873 0.286374 -0.386042
v -2.179006 0.133317 -0.373720
v -1.936121 0.148381 -0.508067
v -2.071651 0.003624 -0.492248
v -1.793105 0.261624 -0.519108
v -1.624780 0.344673 -0.525229
v -1.408473 0.395679 -0.522942
v -1.149978 0.411845 -0.507610
v -0.884364 0.392878 -0.493549
v -0.657483 0.159129 -0.546921
v -0.677110 -0.011295 -0.587493
v -0.678913 -0.173879 -0.597899
v -0.660486 -0.340127 -0.581374
v -0.424260 -0.479377 -0.518284
v -0.360812 -0.633101 -0.442677
v -0.164799 -0.573475 -0.435052
v -0.001691 -0.498105 -0.434514
v -0.072753 -0.705177 -0.327185
v 0.079470 -0.650034 -0.330059
v 0.238962 -0.575815 -0.336288
v 1.036582 -0.208674 -0.194136
v 1.139603 -0.204985 -0.152664
v 1.142020 -0.080899 -0.110364
v 1.225198 -0.092353 -0.088391
v 1.140234 -0.021596 0.002078
v 1.221760 -0.042043 0.001439
v 1.293812 -0.047275 0.000017
v 1.228839 -0.204106 -0.124755
v 1.548063 -0.327810 -0.111266
v 1.495903 -0.403372 -0.061295
v 1.624133 -0.407059 -0.117202
v 1.624133 -0.407059 -0.117202
v 1.701118 -0.510905 -0.121089
v 1.701118 -0.510905 -0.121089
v 1.777799 -0.627756 -0.121128
v -0.284196 -0.765602 -0.330464
v -0.572873 -0.820993 -0.340098
v -0.603415 -0.681557 -0.458995
v -0.636002 -0.516357 -0.538795
v -0.870944 -0.539817 -0.561339
v -0.877219 -0.334026 -0.607845
v -1.113802 -0.308058 -0.635598
v -0.884193 -0.157769 -0.623608
v -1.101724 -0.141834 -0.645653
v -0.886609 0.017395 -0.611966
v -1.105246 0.032286 -0.631673
v -1.310752 -0.135527 -0.655988
v -1.314020 0.030734 -0.642807
v -1.121034 0.218059 -0.588970
v -1.347231 0.206957 -0.599853
v -1.481960 -0.138584 -0.654507
v -1.495311 0.010629 -0.641951
v -1.543749 0.171092 -0.600699
v -1.702526 0.109272 -0.592843
v -1.833247 0.015618 -0.581159
v -1.948750 -0.119044 -0.565058
v -1.815265 -0.445412 -0.578290
v -1.940549 -0.382689 -0.567611
v -2.081996 -0.310785 -0.537398
v -2.152690 -0.477940 -0.499241
v -2.032235 -0.547804 -0.503340
v -1.896240 -0.610029 -0.502779
v -1.750130 -0.657317 -0.502466
v -1.691676 -0.492542 -0.583048
v -1.560699 -0.523651 -0.586337
v -1.511635 -0.286775 -0.640224
v -1.346045 -0.296623 -0.644793
v -1.120228 -0.552375 -0.578847
v -1.368963 -0.546993 -0.587259
v -1.125098 -0.725516 -0.491708
v -0.860701 -0.712320 -0.475777
v -0.853441 -0.855626 -0.346547
v -1.133562 -0.869451 -0.356703
v -1.380348 -0.718355 -0.500338
v -1.402964 -0.859418 -0.365354
v -1.591269 -0.694074 -0.501678
v -1.629391 -0.835481 -0.367017
v -1.809499 -0.799115 -0.372093
v -1.976084 -0.750088 -0.379142
v -2.132606 -0.684715 -0.384620
v -2.220808 -0.402241 -0.487062
v -2.274863 -0.308729 -0.460625
v -0.885297 0.200496 -0.570316
v 0.086741 0.220806 -0.360804
v 1.669518 0.040561 -0.126235
v 1.744326 0.159602 -0.126382
v 1.585798 0.102585 -0.073614
v 1.661864 0.215587 -0.073845
v 1.742544 0.335883 -0.071218
v -1.872537 -0.580341 -1.113615
v -1.834328 -0.644382 -1.221199
v -1.763875 -0.634718 -1.178798
v -1.780432 -0.590122 -1.094523
v -1.823139 -0.493657 -0.967534
v -1.749067 -0.509530 -0.954529
v -1.848988 -0.474327 -0.982658
v -1.907874 -0.567476 -1.134596
v -1.870909 -0.637702 -1.249144
v -1.706066 -0.384742 -0.788317
v -1.659565 -0.402645 -0.777341
v -1.555156 -0.264711 -0.592532
v -1.540992 -0.282615 -0.581555
v -1.721566 -0.363257 -0.801489
v -1.559877 -0.243226 -0.605703
v -1.823139 -0.452080 -0.993024
v -1.721566 -0.363257 -0.801489
v -1.706066 -0.341772 -0.814660
v -1.848988 -0.474327 -0.982658
v -1.559877 -0.243226 -0.605703
v -1.555156 -0.221742 -0.618875
v -1.659565 -0.323869 -0.825637
v -1.540992 -0.203838 -0.629851
v -1.749067 -0.433289 -1.001270
v -1.872537 -0.542941 -1.136543
v -1.870909 -0.637702 -1.249144
v -1.907874 -0.567476 -1.134596
v -1.834328 -0.609767 -1.242420
v -1.780432 -0.521491 -1.136600
v -1.763875 -0.576365 -1.214573
v -1.318557 -0.402645 -0.777341
v -1.422966 -0.264711 -0.592532
v -1.437129 -0.282615 -0.581555
v -1.272055 -0.384742 -0.788317
v -1.229053 -0.509530 -0.954529
v -1.154982 -0.493657 -0.967534
v -1.256555 -0.363257 -0.801489
v -1.129133 -0.474327 -0.982658
v -1.418244 -0.243226 -0.605703
v -1.197690 -0.590122 -1.094524
v -1.105584 -0.580340 -1.113615
v -1.214246 -0.634718 -1.178798
v -1.143793 -0.644381 -1.221199
v -1.070247 -0.567476 -1.134596
v -1.107213 -0.637702 -1.249144
v -1.105584 -0.542941 -1.136543
v -1.154982 -0.452080 -0.993024
v -1.129133 -0.474327 -0.982658
v -1.070247 -0.567476 -1.134596
v -1.107213 -0.637702 -1.249144
v -1.143793 -0.609767 -1.242419
v -1.197689 -0.521491 -1.136600
v -1.214246 -0.576365 -1.214573
v -1.229053 -0.433289 -1.001270
v -1.272056 -0.341772 -0.814660
v -1.422966 -0.221742 -0.618875
v -1.418244 -0.243226 -0.605703
v -1.256555 -0.363257 -0.801489
v -1.318556 -0.323869 -0.825637
v -1.437129 -0.203838 -0.629851
v -1.289542 -0.685367 -1.284927
v -1.322518 -0.661390 -1.210771
v -1.489061 -0.700097 -1.305827
v -1.489061 -0.674554 -1.226551
v -1.489061 -0.694175 -1.341259
v -1.267345 -0.680005 -1.318145
v -1.655603 -0.661390 -1.210771
v -1.688580 -0.685367 -1.284927
v -1.710776 -0.680005 -1.318145
v -1.688580 -0.647968 -1.307855
v -1.489061 -0.694175 -1.341259
v -1.710776 -0.680005 -1.318145
v -1.489061 -0.659913 -1.330463
v -1.655603 -0.592759 -1.252847
v -1.489061 -0.600850 -1.271737
v -1.267345 -0.680005 -1.318145
v -1.289542 -0.647968 -1.307855
v -1.322518 -0.592759 -1.252847
v -1.645462 -0.517876 -1.151910
v -1.630251 -0.424329 -1.010037
v -1.489060 -0.520528 -1.163378
v -1.489061 -0.422306 -1.014551
v -1.582063 -0.313126 -0.832223
v -1.517387 -0.193095 -0.636437
v -1.489060 -0.309546 -0.834418
v -1.489061 -0.189515 -0.638632
v -1.396058 -0.313126 -0.832222
v -1.347871 -0.424329 -1.010037
v -1.460734 -0.193095 -0.636437
v -1.332659 -0.517876 -1.151910
v -1.332659 -0.605406 -1.098248
v -1.347871 -0.521408 -0.950521
v -1.489060 -0.614424 -1.105814
v -1.489061 -0.526348 -0.950766
v -1.396058 -0.413388 -0.770755
v -1.460734 -0.293357 -0.574970
v -1.489061 -0.416968 -0.768560
v -1.489061 -0.296938 -0.572774
v -1.582063 -0.413388 -0.770755
v -1.630250 -0.521408 -0.950521
v -1.517387 -0.293357 -0.574969
v -1.645462 -0.605406 -1.098247
v -0.138362 0.834595 -0.058569
v -0.084704 0.904613 -0.026133
v -0.011681 0.804388 -0.032139
v -0.168566 0.904636 -0.045410
v -0.043003 0.904110 0.000564
v 0.034139 0.797621 0.000307
v -0.021417 0.705703 -0.041114
v 0.023390 0.695748 -0.000033
v -0.153175 0.737906 -0.075196
v -0.084727 0.904510 0.027184
v -0.011709 0.804263 0.032712
v -0.168606 0.904459 0.046303
v -0.138414 0.834368 0.059099
v -0.153240 0.737616 0.075110
v -0.021453 0.705544 0.041038
v -0.048781 0.595071 -0.000438
v -0.092026 0.604087 0.050155
v -0.221715 0.631348 0.092317
v -0.193014 0.501261 0.059668
v -0.317013 0.520320 0.110122
v -0.151662 0.494993 -0.000877
v -0.221634 0.631706 -0.093193
v -0.091982 0.604282 -0.051032
v -0.192961 0.501495 -0.061421
v -0.316916 0.520749 -0.111875
v -1.302236 0.859472 -0.051032
v -1.226079 0.661229 -0.111875
v -1.350078 0.680288 -0.061421
v -1.172547 0.832212 -0.093193
v -1.391430 0.686557 -0.000877
v -1.345481 0.868489 -0.000438
v -1.279933 1.028769 -0.000033
v -1.236899 1.015545 -0.041114
v -1.106920 0.980046 -0.075196
v -1.302280 0.859277 0.050155
v -1.350130 0.680054 0.059668
v -1.226176 0.660800 0.110122
v -1.172628 0.831854 0.092317
v -1.236935 1.015387 0.041038
v -1.106986 0.979756 0.075110
v -1.175184 1.145747 0.000308
v -1.136599 1.125271 0.032712
v -1.017152 1.081356 0.059099
v -0.982443 1.178782 0.027184
v -0.925281 1.128166 0.046303
v -1.010966 1.204254 0.000564
v -1.136571 1.125397 -0.032139
v -1.017101 1.081583 -0.058569
v -0.982420 1.178885 -0.026133
v -0.925240 1.128343 -0.045410
v -0.755613 1.165867 -0.025122
v -0.758595 1.109037 -0.050016
v -0.767012 1.189121 0.000718
v -0.491974 1.120523 0.000770
v -0.500747 1.103928 -0.025864
v -0.526962 1.054284 -0.052011
v -0.755635 1.165767 0.026461
v -0.758639 1.108842 0.051066
v -0.527008 1.054080 0.053139
v -0.500770 1.103825 0.027301
v -0.262441 1.010551 0.026461
v -0.234505 1.018631 0.000718
v -0.308552 0.974357 0.051066
v -0.262441 1.010551 0.026461
v -0.308552 0.974357 0.051066
v -0.234505 1.018631 0.000718
v -0.308508 0.974552 -0.050016
v -0.262418 1.010651 -0.025122
v -0.262418 1.010651 -0.025122
v -0.308508 0.974552 -0.050016
v -0.335166 0.897995 0.073494
v -0.335166 0.897995 0.073494
v -0.570556 0.971535 0.077694
v -0.369268 0.794489 0.095193
v -0.628316 0.862062 0.101738
v -0.369268 0.794489 0.095193
v -0.813178 1.031383 0.073494
v -0.889167 0.926232 0.095193
v -0.697186 0.731535 0.126046
v -0.956523 0.786235 0.117614
v -1.019561 0.628815 0.140395
v -0.771612 0.590483 0.150486
v -0.221715 0.631348 0.092317
v -0.437843 0.676868 0.117614
v -0.523654 0.552189 0.140395
v -0.317013 0.520320 0.110122
v -0.813114 1.031665 -0.072922
v -0.570489 0.971834 -0.077079
v -0.628227 0.862455 -0.101803
v -0.889084 0.926600 -0.095269
v -0.335102 0.898277 -0.072922
v -0.335102 0.898277 -0.072922
v -0.369184 0.794857 -0.095269
v -0.369184 0.794857 -0.095269
v -0.437739 0.677324 -0.118490
v -0.697076 0.732024 -0.126922
v -0.221634 0.631706 -0.093193
v -0.316916 0.520749 -0.111875
v -0.523531 0.552735 -0.142148
v -0.771480 0.591067 -0.152239
v -0.956419 0.786691 -0.118490
v -1.019438 0.629360 -0.142148
v -1.834328 -0.644381 1.221199
v -1.872537 -0.580340 1.113615
v -1.763875 -0.634718 1.178798
v -1.780432 -0.590122 1.094524
v -1.870909 -0.637702 1.249144
v -1.907874 -0.567476 1.134596
v -1.848988 -0.474327 0.982658
v -1.823139 -0.493657 0.967534
v -1.749068 -0.509530 0.954529
v -1.872537 -0.542941 1.136543
v -1.870909 -0.637702 1.249144
v -1.834328 -0.609767 1.242419
v -1.907874 -0.567476 1.134596
v -1.780432 -0.521491 1.136600
v -1.763875 -0.576365 1.214573
v -1.823139 -0.452080 0.993024
v -1.749068 -0.433289 1.001271
v -1.848988 -0.474327 0.982658
v -1.721566 -0.363257 0.801489
v -1.706066 -0.341772 0.814661
v -1.659565 -0.323869 0.825637
v -1.555156 -0.221742 0.618875
v -1.540992 -0.203838 0.629851
v -1.559877 -0.243226 0.605703
v -1.706066 -0.384742 0.788318
v -1.659565 -0.402645 0.777341
v -1.721566 -0.363257 0.801489
v -1.555156 -0.264711 0.592532
v -1.559877 -0.243226 0.605703
v -1.540992 -0.282615 0.581555
v -1.422966 -0.264711 0.592532
v -1.318556 -0.402645 0.777341
v -1.437129 -0.282615 0.581555
v -1.272055 -0.384742 0.788317
v -1.418244 -0.243226 0.605703
v -1.256555 -0.363257 0.801489
v -1.154982 -0.493657 0.967534
v -1.129133 -0.474327 0.982659
v -1.229053 -0.509530 0.954529
v -1.422966 -0.221742 0.618875
v -1.256555 -0.363257 0.801489
v -1.418244 -0.243226 0.605703
v -1.272055 -0.341772 0.814661
v -1.437129 -0.203838 0.629851
v -1.318556 -0.323869 0.825637
v -1.229054 -0.433289 1.001270
v -1.154982 -0.452080 0.993024
v -1.129133 -0.474327 0.982659
v -1.105584 -0.542941 1.136543
v -1.070247 -0.567476 1.134596
v -1.197690 -0.521491 1.136600
v -1.143793 -0.609767 1.242419
v -1.214246 -0.576365 1.214573
v -1.107213 -0.637702 1.249144
v -1.197689 -0.590122 1.094523
v -1.105584 -0.580341 1.113615
v -1.070247 -0.567476 1.134596
v -1.143793 -0.644382 1.221199
v -1.107213 -0.637702 1.249144
v -1.214246 -0.634718 1.178798
v -1.289542 -0.685367 1.284927
v -1.322518 -0.661390 1.210771
v -1.267345 -0.680005 1.318145
v -1.489061 -0.694175 1.341259
v -1.489061 -0.700097 1.305827
v -1.489061 -0.674554 1.226551
v -1.267345 -0.680005 1.318145
v -1.289542 -0.647968 1.307856
v -1.322518 -0.592759 1.252847
v -1.489061 -0.659913 1.330463
v -1.489061 -0.600850 1.271738
v -1.489061 -0.694175 1.341259
v -1.688580 -0.647968 1.307855
v -1.710776 -0.680005 1.318145
v -1.655603 -0.592759 1.252847
v -1.655603 -0.661390 1.210771
v -1.688580 -0.685367 1.284927
v -1.710776 -0.680005 1.318145
v -1.645462 -0.517876 1.151910
v -1.489061 -0.520528 1.163378
v -1.630251 -0.424329 1.010037
v -1.489061 -0.422306 1.014551
v -1.332659 -0.517876 1.151910
v -1.347871 -0.424329 1.010037
v -1.396058 -0.313126 0.832223
v -1.489061 -0.309546 0.834418
v -1.460734 -0.193095 0.636437
v -1.489061 -0.189515 0.638632
v -1.582063 -0.313126 0.832223
v -1.517387 -0.193095 0.636437
v -1.332659 -0.605406 1.098248
v -1.489061 -0.614424 1.105814
v -1.347871 -0.521408 0.950521
v -1.489061 -0.526348 0.950766
v -1.645462 -0.605406 1.098248
v -1.630251 -0.521408 0.950521
v -1.582063 -0.413388 0.770755
v -1.489061 -0.416968 0.768560
v -1.517387 -0.293357 0.574970
v -1.489061 -0.296938 0.572774
v -1.396058 -0.413388 0.770755
v -1.460734 -0.293357 0.574970
v -0.085880 -1.164155 -0.026133
v -0.085072 -1.092195 -0.058569
v -0.031666 -1.127034 -0.045410
v -0.178382 -1.124641 -0.032139
v -0.113557 -1.182703 0.000564
v -0.210566 -1.139635 0.000308
v -0.241706 -1.054680 -0.000033
v -0.211125 -1.044570 -0.041114
v -0.120232 -1.017238 -0.075196
v -0.085909 -1.164054 0.027184
v -0.178418 -1.124518 0.032712
v -0.085136 -1.091971 0.059099
v -0.031716 -1.126859 0.046303
v -0.211169 -1.044414 0.041038
v -0.120313 -1.016952 0.075110
v -0.227401 -0.938706 -0.000438
v -0.211169 -1.044414 0.041038
v -0.201023 -0.931076 0.050155
v -0.241706 -1.054680 -0.000033
v -0.120313 -1.016952 0.075110
v -0.121830 -0.908394 0.092317
v -0.169428 -0.801121 0.059668
v -0.106516 -0.783067 0.110122
v -0.190375 -0.807222 -0.000877
v -0.211125 -1.044570 -0.041114
v -0.200968 -0.931268 -0.051032
v -0.120232 -1.017238 -0.075196
v -0.121729 -0.908747 -0.093193
v -0.169362 -0.801351 -0.061421
v -0.106396 -0.783489 -0.111875
v 0.459189 -0.743002 -0.093193
v 0.418071 -0.633748 -0.061421
v 0.538382 -0.720321 -0.051032
v 0.355159 -0.651801 -0.111875
v 0.439017 -0.627647 -0.000877
v 0.564760 -0.712691 -0.000438
v 0.629543 -0.804715 -0.041114
v 0.661158 -0.797080 -0.000033
v 0.537609 -0.829546 -0.075196
v 0.538327 -0.720128 0.050156
v 0.418005 -0.633517 0.059668
v 0.459088 -0.742650 0.092317
v 0.355038 -0.651379 0.110122
v 0.537528 -0.829260 0.075110
v 0.629499 -0.804559 0.041038
v 0.698866 -0.880161 0.000308
v 0.698866 -0.880161 0.000308
v 0.629499 -0.804559 0.041038
v 0.662369 -0.884629 0.032712
v 0.564746 -0.906550 0.059099
v 0.537528 -0.829260 0.075110
v 0.618229 -0.963153 0.027184
v 0.548100 -0.961429 0.046303
v 0.653761 -0.963777 0.000564
v 0.564810 -0.906774 -0.058569
v 0.629543 -0.804715 -0.041114
v 0.662404 -0.884752 -0.032139
v 0.537609 -0.829546 -0.075196
v 0.618258 -0.963254 -0.026133
v 0.548150 -0.961604 -0.045410
v 0.478397 -1.043044 -0.025122
v 0.439946 -1.014179 -0.050016
v 0.501719 -1.049772 0.000718
v 0.290972 -1.124177 0.000770
v 0.285750 -1.111446 -0.025864
v 0.270131 -1.073340 -0.052011
v 0.478369 -1.042945 0.026461
v 0.439891 -1.013986 0.051066
v 0.285721 -1.111345 0.027301
v 0.270074 -1.073140 0.053139
v 0.083216 -1.155689 0.026461
v 0.069752 -1.173019 0.000718
v 0.092404 -1.113129 0.051066
v 0.092458 -1.113322 -0.050016
v 0.083244 -1.155787 -0.025122
v 0.066080 -1.054675 0.073494
v 0.244108 -1.009751 0.077694
v 0.209671 -0.925687 0.101738
v 0.030066 -0.975475 0.095193
v 0.417828 -0.954316 0.073494
v 0.388205 -0.873292 0.095193
v 0.327048 -0.780271 0.117614
v 0.168611 -0.825458 0.126046
v 0.209671 -0.925687 0.101738
v 0.388205 -0.873292 0.095193
v 0.250123 -0.681250 0.140395
v 0.124239 -0.717146 0.150486
v 0.030066 -0.975475 0.095193
v 0.010183 -0.870677 0.117614
v -0.001634 -0.753080 0.140395
v 0.417907 -0.954595 -0.072922
v 0.244192 -1.010045 -0.077079
v 0.388308 -0.873655 -0.095269
v 0.209781 -0.926074 -0.101804
v 0.066159 -1.054954 -0.072922
v 0.030169 -0.975837 -0.095269
v 0.168748 -0.825939 -0.126923
v 0.168748 -0.825939 -0.126923
v 0.030169 -0.975837 -0.095269
v 0.010311 -0.871126 -0.118490
v -0.001481 -0.753618 -0.142148
v 0.124403 -0.717722 -0.152239
v 0.388308 -0.873655 -0.095269
v 0.327176 -0.780720 -0.118490
v 0.327176 -0.780720 -0.118490
v 0.168748 -0.825939 -0.126923
v 0.250277 -0.681788 -0.142148
v 0.124403 -0.717722 -0.152239
vn -0.6402 0.1720 0.7487
vn -0.4441 0.2041 0.8724
vn -0.6329 0.3241 0.7031
vn -0.5631 0.3819 0.7329
vn -0.1708 -0.0197 0.9851
vn -0.2294 -0.0190 0.9732
vn -0.1569 -0.1204 0.9803
vn -0.2280 0.1005 0.9684
vn -0.1010 -0.1588 0.9821
vn -0.1024 -0.0015 0.9947
vn -0.1452 0.1587 0.9766
vn 0.1336 -0.1702 0.9763
vn 0.1329 -0.0320 0.9906
vn 0.1241 -0.0244 0.9920
vn 0.1476 -0.1497 0.9777
vn 0.1374 0.1314 0.9818
vn 0.1480 0.0898 0.9849
vn 0.1582 -0.0405 0.9866
vn 0.3514 -0.0223 0.9359
vn 0.3892 0.5819 0.7141
vn 0.3670 0.2376 0.8994
vn 0.4319 0.6326 0.6429
vn 0.3325 0.5599 0.7589
vn 0.3515 -0.0223 0.9359
vn 0.2980 -0.0213 0.9543
vn 0.0961 -0.0077 0.9953
vn -0.1761 0.3968 0.9008
vn 0.0875 0.5154 0.8525
vn -0.1386 -0.0570 0.9887
vn -0.1985 0.1030 0.9747
vn -0.4040 0.3802 0.8320
vn -0.0019 -0.0007 1.0000
vn 0.0862 -0.0209 0.9961
vn 0.1451 -0.0426 0.9885
vn -0.0395 -0.0445 0.9982
vn 0.0053 -0.3013 0.9535
vn 0.2290 -0.0763 0.9704
vn 0.2165 -0.0301 0.9758
vn 0.1169 -0.3287 0.9372
vn 0.1780 0.1058 0.9783
vn 0.0628 0.3989 0.9148
vn 0.0213 0.3873 0.9217
vn 0.2269 0.2320 0.9459
vn -0.9886 0.1505 0.0055
vn -0.8540 -0.1523 0.4974
vn -0.8636 0.1527 0.4805
vn -0.9777 -0.2092 0.0182
vn 0.4366 0.8995 0.0175
vn 0.4367 0.8995 0.0175
vn 0.3935 0.9177 0.0539
vn 0.2841 0.5933 0.7532
vn 0.3092 0.9489 0.0628
vn -0.6447 0.7644 -0.0000
vn -0.1761 0.3969 0.9008
vn -0.3441 0.9389 -0.0003
vn 0.5035 -0.0910 0.8592
vn 0.9997 0.0250 -0.0000
vn 0.9895 -0.1445 -0.0000
vn 0.4859 0.0074 0.8740
vn 0.4914 0.0949 0.8657
vn 0.9859 0.1675 -0.0000
vn 0.1417 0.9899 -0.0000
vn -0.0200 0.7010 0.7129
vn 0.1833 0.6204 0.7625
vn -0.0863 0.9963 -0.0000
vn 0.3892 0.4449 0.8066
vn 0.3952 0.9186 -0.0000
vn 0.7479 0.0891 0.6578
vn 0.9378 0.3471 -0.0000
vn 0.4007 0.0582 0.9144
vn 0.6909 -0.1807 0.7000
vn 0.7479 0.0891 0.6579
vn 0.6909 -0.1806 0.7000
vn 0.9378 -0.3473 -0.0000
vn 0.6383 -0.2993 0.7092
vn 0.8807 -0.4736 -0.0000
vn 0.5944 -0.3233 0.7364
vn 0.8555 -0.5177 -0.0000
vn 0.5571 -0.3352 0.7598
vn 0.8368 -0.5476 -0.0000
vn 0.5328 -0.3331 0.7779
vn 0.8321 -0.5547 -0.0000
vn 0.5307 -0.3077 0.7897
vn 0.8563 -0.5165 -0.0000
vn 0.5308 -0.2830 0.7989
vn 0.5244 -0.2505 0.8138
vn 0.9036 -0.4283 -0.0000
vn 0.5251 -0.1816 0.8315
vn 0.9490 -0.3152 -0.0000
vn 0.1711 -0.0753 0.9824
vn 0.1668 -0.0580 0.9843
vn 0.1789 -0.0810 0.9805
vn 0.1914 -0.0819 0.9781
vn 0.2123 -0.0819 0.9738
vn 0.0468 0.0738 0.9962
vn 0.0245 0.0489 0.9985
vn 0.0809 0.0921 0.9925
vn 0.2482 -0.0831 0.9651
vn -0.0743 0.3475 0.9347
vn -0.1352 0.3140 0.9398
vn 0.1208 0.1026 0.9874
vn 0.2995 -0.0839 0.9504
vn -0.0247 0.3705 0.9285
vn -0.2243 0.6409 0.7341
vn -0.3383 0.6027 0.7227
vn -0.1429 0.6658 0.7323
vn -0.0730 0.6895 0.7206
vn -0.1438 0.9896 -0.0000
vn -0.2557 0.9668 -0.0000
vn 0.3614 -0.0754 0.9294
vn 0.3614 -0.0755 0.9293
vn 0.3614 -0.0755 0.9294
vn -0.3673 0.9301 -0.0000
vn -0.5182 0.8552 -0.0000
vn -0.4486 0.5305 0.7192
vn -0.6618 0.7497 -0.0000
vn -0.2180 0.2285 0.9488
vn -0.5058 0.4808 0.7163
vn -0.1908 0.2646 0.9453
vn 0.0142 0.0316 0.9994
vn 0.0103 0.0196 0.9998
vn -0.2323 0.1964 0.9526
vn 0.1710 -0.0753 0.9824
vn 0.1789 -0.0809 0.9805
vn 0.0095 0.0123 0.9999
vn 0.0862 -0.0210 0.9961
vn 0.0827 0.0192 0.9964
vn 0.0971 0.0239 0.9950
vn 0.5046 0.1566 0.8491
vn 0.9312 0.3646 -0.0000
vn 0.9587 0.2844 -0.0000
vn 0.5166 0.2034 0.8317
vn 0.5264 0.2329 0.8177
vn 0.9067 0.4218 -0.0001
vn 0.8928 0.4505 -0.0000
vn 0.5264 0.2330 0.8177
vn 0.5447 0.2508 0.8002
vn 0.8928 0.4506 -0.0001
vn 0.8908 0.4545 -0.0000
vn 0.5719 0.2587 0.7784
vn 0.9024 0.4309 -0.0000
vn 0.6042 0.2497 0.7567
vn 0.9418 0.3363 0.0001
vn 0.6226 0.1548 0.7671
vn 0.9999 0.0105 0.0001
vn 0.6065 -0.1290 0.7846
vn 0.4252 -0.5568 0.7136
vn 0.4628 -0.8865 -0.0000
vn -0.0546 -0.6791 0.7320
vn -0.1910 -0.9816 -0.0000
vn -0.1920 -0.6897 0.6982
vn -0.0229 -0.2385 0.9709
vn -0.2877 -0.6493 0.7040
vn 0.1815 -0.0182 0.9832
vn 0.1505 -0.0076 0.9886
vn -0.0564 -0.2058 0.9770
vn 0.1260 0.0082 0.9920
vn -0.0889 -0.1612 0.9829
vn 0.1101 0.0239 0.9936
vn -0.1163 -0.0866 0.9894
vn -0.1123 -0.0668 0.9914
vn -0.1093 -0.1141 0.9874
vn -0.4827 -0.5350 0.6933
vn -0.5597 -0.4557 0.6921
vn -0.3758 -0.6081 0.6992
vn -0.5565 -0.8309 -0.0000
vn -0.4414 -0.8973 -0.0000
vn -0.3176 -0.9482 -0.0000
vn -0.6902 -0.7236 -0.0000
vn -0.7829 -0.6222 -0.0000
vn -0.5963 -0.4062 0.6924
vn -0.8261 -0.5636 -0.0000
vn -0.5903 -0.3936 0.7047
vn -0.8270 -0.5622 -0.0000
vn -0.5429 -0.4220 0.7261
vn -0.7743 -0.6328 -0.0000
vn -0.4112 -0.4840 0.7724
vn -0.6098 -0.7925 -0.0000
vn -0.2020 -0.5230 0.8280
vn -0.3264 -0.9452 -0.0000
vn 0.0431 -0.5452 0.8372
vn 0.0067 -1.0000 -0.0002
vn 0.2586 -0.5536 0.7917
vn 0.2597 -0.9657 -0.0013
vn 0.3494 -0.5680 0.7452
vn 0.3669 -0.9302 0.0081
vn 0.3812 -0.5577 0.7373
vn 0.4305 -0.9026 0.0046
vn 0.3341 -0.5479 0.7670
vn 0.4289 -0.9033 -0.0018
vn 0.3647 -0.5588 0.7449
vn 0.4301 -0.9028 -0.0025
vn 0.4038 -0.9148 0.0008
vn 0.3733 -0.6821 0.6287
vn 0.3438 -0.9390 0.0024
vn 0.3173 -0.7821 0.5364
vn 0.2965 -0.9550 0.0005
vn 0.2732 -0.8278 0.4899
vn 0.2430 -0.9700 -0.0000
vn 0.2309 -0.8627 0.4499
vn 0.1810 -0.8925 0.4132
vn 0.1815 -0.9834 0.0004
vn 0.1280 -0.9143 0.3844
vn 0.1213 -0.9926 0.0014
vn 0.0730 -0.9302 0.3596
vn 0.0657 -0.9978 0.0020
vn 0.0142 -0.9387 0.3445
vn 0.0069 -1.0000 0.0023
vn -0.0533 -0.9391 0.3395
vn -0.0596 -0.9982 0.0020
vn -0.1181 -0.9327 0.3408
vn -0.1245 -0.9922 0.0025
vn -0.1854 -0.9164 0.3549
vn -0.1917 -0.9814 0.0028
vn -0.2718 -0.8844 0.3795
vn -0.2913 -0.9566 0.0030
vn -0.3879 -0.8291 0.4027
vn -0.4288 -0.9034 0.0009
vn -0.5577 -0.7119 0.4269
vn -0.6140 -0.7893 0.0066
vn -0.7426 -0.4764 0.4708
vn -0.8302 -0.5572 0.0180
vn -0.5849 -0.3335 0.7394
vn -0.4374 -0.5457 0.7147
vn -0.6574 -0.0556 0.7515
vn -0.8040 0.3911 0.4479
vn -0.7146 0.5283 0.4585
vn -0.9026 0.4303 0.0134
vn -0.8043 0.5941 0.0064
vn -0.6376 0.6182 0.4596
vn -0.7650 0.6440 -0.0030
vn -0.6840 0.5639 0.4628
vn -0.7185 0.6955 -0.0101
vn -0.5964 0.8027 -0.0052
vn -0.5310 0.7138 0.4566
vn -0.3900 0.9208 -0.0023
vn -0.3531 0.8296 0.4326
vn -0.1937 0.9811 -0.0005
vn -0.1669 0.8922 0.4198
vn -0.0095 1.0000 -0.0004
vn 0.0019 0.9043 0.4268
vn 0.1453 0.8853 0.4417
vn 0.1540 0.9881 -0.0010
vn 0.2435 0.8611 0.4464
vn 0.2731 0.9620 -0.0022
vn 0.3124 0.8319 0.4587
vn 0.3545 0.9350 -0.0031
vn 0.3527 0.8091 0.4700
vn 0.4016 0.9158 -0.0059
vn 0.3784 0.7843 0.4916
vn 0.4288 0.9033 -0.0102
vn 0.4186 0.7209 0.5524
vn 0.4687 0.8832 -0.0136
vn 0.4739 0.8805 -0.0110
vn 0.3291 0.4362 0.8375
vn 0.2398 0.1711 0.9556
vn 0.2924 -0.0608 0.9543
vn 0.3362 -0.3458 0.8760
vn 0.1845 -0.0408 0.9820
vn 0.2252 -0.2589 0.9393
vn 0.1761 0.1247 0.9764
vn 0.2109 0.3148 0.9254
vn 0.1609 -0.1888 0.9688
vn 0.1579 -0.2701 0.9498
vn 0.1730 0.2303 0.9576
vn 0.2083 0.3892 0.8973
vn 0.1637 0.2715 0.9484
vn 0.1977 0.4305 0.8807
vn 0.2723 0.5989 0.7531
vn 0.2497 0.6343 0.7316
vn 0.1711 0.4575 0.8726
vn 0.2036 0.6697 0.7142
vn 0.1333 0.6957 0.7058
vn 0.0243 0.7165 0.6972
vn -0.1112 0.7122 0.6931
vn -0.2722 0.6553 0.7046
vn -0.4206 0.5587 0.7148
vn -0.5087 0.4802 0.7146
vn -0.5477 0.4199 0.7237
vn -0.4238 0.2619 0.8671
vn -0.3891 0.3341 0.8585
vn -0.3024 0.3934 0.8682
vn -0.1731 0.4525 0.8748
vn -0.0464 0.4894 0.8708
vn 0.0494 0.4937 0.8682
vn 0.1228 0.4783 0.8696
vn 0.1489 0.2865 0.9464
vn 0.1339 0.1386 0.9813
vn 0.1249 -0.0185 0.9920
vn 0.1241 -0.1634 0.9787
vn 0.1501 -0.3069 0.9398
vn 0.1636 -0.4938 0.8540
vn 0.1790 -0.4417 0.8791
vn 0.1899 -0.3738 0.9079
vn 0.2090 -0.6700 0.7124
vn 0.2348 -0.6083 0.7582
vn 0.2760 -0.5244 0.8055
vn 0.3296 -0.0097 0.9441
vn 0.3166 -0.0363 0.9479
vn 0.2688 0.5883 0.7626
vn 0.2161 0.5871 0.7801
vn 0.2736 0.9615 0.0257
vn 0.1873 0.9823 0.0074
vn 0.0117 0.9999 -0.0043
vn -0.3459 0.9383 -0.0003
vn 0.2525 -0.0229 0.9673
vn -0.1231 -0.1349 0.9832
vn -0.0957 -0.1027 0.9901
vn 0.1768 -0.7192 0.6720
vn 0.1350 -0.7529 0.6442
vn 0.1362 -0.5295 0.8373
vn 0.1314 -0.3197 0.9384
vn 0.1032 -0.1653 0.9808
vn 0.0992 -0.3269 0.9398
vn 0.0767 -0.0049 0.9970
vn 0.0612 -0.1673 0.9840
vn 0.1124 -0.0117 0.9936
vn 0.1162 0.1481 0.9821
vn 0.0792 0.1560 0.9846
vn 0.0245 -0.0017 0.9997
vn 0.0172 0.1610 0.9868
vn 0.0695 0.3144 0.9467
vn -0.0081 0.3175 0.9482
vn -0.0629 0.1640 0.9845
vn -0.0376 -0.0016 0.9993
vn -0.1090 0.3009 0.9474
vn -0.2110 0.2708 0.9392
vn -0.2948 0.2112 0.9319
vn -0.3203 0.1170 0.9401
vn -0.1585 -0.2392 0.9579
vn -0.2135 -0.1407 0.9668
vn -0.3063 0.0193 0.9517
vn -0.3039 -0.3230 0.8963
vn -0.2378 -0.3961 0.8869
vn -0.1869 -0.4790 0.8577
vn -0.1413 -0.5333 0.8340
vn -0.1157 -0.2923 0.9493
vn -0.0649 -0.3200 0.9452
vn -0.0488 -0.1711 0.9841
vn 0.0070 -0.1722 0.9850
vn 0.0520 -0.3306 0.9424
vn -0.0062 -0.3302 0.9439
vn 0.0953 -0.5585 0.8240
vn 0.0419 -0.5751 0.8170
vn 0.0852 -0.7780 0.6224
vn 0.0269 -0.7909 0.6114
vn -0.0218 -0.5795 0.8147
vn -0.0409 -0.7938 0.6069
vn -0.0860 -0.5684 0.8182
vn -0.1054 -0.7831 0.6129
vn -0.1665 -0.7572 0.6317
vn -0.2313 -0.7138 0.6610
vn -0.3125 -0.6527 0.6902
vn -0.4182 -0.1204 0.9003
vn -0.4722 0.0537 0.8799
vn 0.1182 0.3004 0.9465
vn 0.2857 0.5498 0.7849
vn 0.0095 0.0124 0.9999
vn -0.2228 0.1404 0.9647
vn -0.2360 0.1653 0.9576
vn -0.5242 0.3877 0.7582
vn -0.5675 0.3876 0.7264
vn -0.5505 0.4327 0.7139
vn -0.7865 0.6175 -0.0000
vn -0.8270 0.5622 -0.0000
vn -0.7928 0.6095 -0.0000
vn -0.7318 0.6816 -0.0000
vn -0.5615 0.3843 -0.7328
vn -0.4428 0.2007 -0.8739
vn -0.6282 0.3212 -0.7087
vn -0.6342 0.1589 -0.7567
vn -0.2291 -0.0151 -0.9733
vn -0.1670 -0.0131 -0.9859
vn -0.1547 -0.1180 -0.9809
vn -0.2288 0.1044 -0.9679
vn -0.0996 -0.1560 -0.9827
vn -0.0975 0.0018 -0.9952
vn -0.1429 0.1595 -0.9768
vn 0.1301 -0.1646 -0.9777
vn 0.1342 -0.0251 -0.9906
vn 0.1476 -0.1387 -0.9793
vn 0.1246 -0.0191 -0.9920
vn 0.1426 0.1435 -0.9793
vn 0.1594 0.1058 -0.9815
vn 0.1714 -0.0224 -0.9850
vn 0.4282 0.6363 -0.6417
vn 0.3848 0.6018 -0.6998
vn 0.3578 0.2343 -0.9039
vn 0.3503 -0.0166 -0.9365
vn 0.3095 0.0146 -0.9508
vn 0.3378 0.6202 -0.7079
vn -0.1762 0.3970 -0.9008
vn -0.1386 -0.0570 -0.9887
vn 0.0955 -0.0079 -0.9954
vn 0.0847 0.5178 -0.8513
vn -0.1985 0.1030 -0.9747
vn -0.4040 0.3802 -0.8320
vn -0.0019 -0.0007 -1.0000
vn 0.0862 -0.0209 -0.9961
vn -0.0394 -0.0445 -0.9982
vn 0.1451 -0.0426 -0.9885
vn 0.0053 -0.3013 -0.9535
vn 0.2290 -0.0763 -0.9704
vn 0.1169 -0.3287 -0.9372
vn 0.2169 -0.0308 -0.9757
vn 0.1780 0.1057 -0.9783
vn 0.0628 0.3989 -0.9148
vn 0.2269 0.2320 -0.9459
vn 0.0212 0.3873 -0.9217
vn -0.8598 -0.1626 -0.4841
vn -0.8701 0.1396 -0.4727
vn 0.2929 0.6355 -0.7144
vn 0.5035 -0.0910 -0.8592
vn 0.4859 0.0074 -0.8740
vn 0.4914 0.0948 -0.8657
vn -0.0200 0.7010 -0.7129
vn 0.1834 0.6204 -0.7625
vn 0.3892 0.4448 -0.8066
vn 0.7479 0.0891 -0.6578
vn 0.4007 0.0582 -0.9144
vn 0.6909 -0.1806 -0.7000
vn 0.6383 -0.2993 -0.7092
vn 0.5944 -0.3233 -0.7364
vn 0.5571 -0.3352 -0.7598
vn 0.5328 -0.3331 -0.7779
vn 0.5307 -0.3076 -0.7898
vn 0.5308 -0.2830 -0.7989
vn 0.5244 -0.2505 -0.8138
vn 0.5251 -0.1816 -0.8315
vn 0.1710 -0.0753 -0.9824
vn 0.1668 -0.0581 -0.9843
vn 0.1789 -0.0809 -0.9805
vn 0.1914 -0.0820 -0.9781
vn 0.0468 0.0738 -0.9962
vn 0.2123 -0.0819 -0.9738
vn 0.0245 0.0489 -0.9985
vn 0.0809 0.0921 -0.9925
vn 0.2482 -0.0831 -0.9651
vn -0.0743 0.3475 -0.9347
vn -0.1352 0.3140 -0.9398
vn 0.2995 -0.0839 -0.9504
vn 0.1208 0.1026 -0.9874
vn -0.0247 0.3705 -0.9285
vn -0.2243 0.6409 -0.7341
vn -0.3383 0.6027 -0.7227
vn -0.1429 0.6658 -0.7323
vn -0.0730 0.6895 -0.7206
vn 0.3614 -0.0755 -0.9293
vn -0.4486 0.5305 -0.7192
vn -0.2180 0.2285 -0.9488
vn -0.5053 0.4813 -0.7163
vn -0.1908 0.2646 -0.9453
vn 0.0142 0.0316 -0.9994
vn 0.0103 0.0196 -0.9998
vn -0.2323 0.1964 -0.9526
vn 0.0095 0.0124 -0.9999
vn 0.0827 0.0192 -0.9964
vn 0.0971 0.0239 -0.9950
vn 0.5046 0.1566 -0.8491
vn 0.5166 0.2034 -0.8317
vn 0.5264 0.2329 -0.8177
vn 0.5447 0.2508 -0.8002
vn 0.5719 0.2587 -0.7785
vn 0.6042 0.2497 -0.7567
vn 0.9024 0.4310 -0.0000
vn 0.6226 0.1548 -0.7671
vn 0.6065 -0.1290 -0.7845
vn 0.4252 -0.5568 -0.7136
vn -0.0546 -0.6791 -0.7320
vn -0.1919 -0.6897 -0.6982
vn -0.0229 -0.2385 -0.9709
vn -0.2877 -0.6493 -0.7040
vn 0.1819 -0.0189 -0.9831
vn -0.0228 -0.2385 -0.9709
vn 0.1505 -0.0076 -0.9886
vn -0.0564 -0.2058 -0.9770
vn 0.1260 0.0082 -0.9920
vn -0.0889 -0.1612 -0.9829
vn 0.1101 0.0239 -0.9936
vn 0.6065 -0.1290 -0.7846
vn -0.1163 -0.0866 -0.9894
vn -0.1122 -0.0668 -0.9914
vn -0.1093 -0.1141 -0.9874
vn -0.4827 -0.5350 -0.6933
vn -0.5597 -0.4557 -0.6921
vn -0.3758 -0.6082 -0.6992
vn -0.5963 -0.4062 -0.6924
vn -0.5903 -0.3936 -0.7047
vn -0.5429 -0.4220 -0.7261
vn -0.4112 -0.4840 -0.7724
vn -0.2020 -0.5230 -0.8280
vn 0.0423 -0.5455 -0.8371
vn 0.2523 -0.5506 -0.7957
vn 0.3508 -0.5645 -0.7471
vn 0.3821 -0.5560 -0.7382
vn 0.3385 -0.5329 -0.7755
vn 0.3638 -0.5519 -0.7503
vn 0.4038 -0.9148 0.0007
vn 0.3716 -0.6829 -0.6289
vn 0.3638 -0.5520 -0.7503
vn 0.3177 -0.7818 -0.5366
vn 0.2721 -0.8286 -0.4892
vn 0.2306 -0.8622 -0.4510
vn 0.1816 -0.9834 0.0004
vn 0.1818 -0.8921 -0.4137
vn 0.1288 -0.9149 -0.3827
vn 0.0734 -0.9315 -0.3561
vn 0.0656 -0.9978 0.0020
vn 0.0121 -0.9398 -0.3415
vn -0.0557 -0.9391 -0.3392
vn -0.1195 -0.9322 -0.3418
vn -0.1825 -0.9162 -0.3568
vn -0.2699 -0.8852 -0.3789
vn -0.3976 -0.8238 -0.4040
vn -0.5600 -0.7135 -0.4211
vn -0.7476 -0.4895 -0.4489
vn -0.4436 -0.5427 -0.7133
vn -0.5840 -0.3324 -0.7406
vn -0.6505 -0.0581 -0.7573
vn -0.7159 0.5368 -0.4463
vn -0.9026 0.4303 0.0135
vn -0.8108 0.3939 -0.4330
vn -0.6365 0.6172 -0.4625
vn -0.7650 0.6440 -0.0029
vn -0.6825 0.5666 -0.4617
vn -0.5964 0.8026 -0.0052
vn -0.5274 0.7153 -0.4586
vn -0.3517 0.8297 -0.4335
vn -0.1937 0.9811 -0.0004
vn -0.1674 0.8914 -0.4211
vn 0.0022 0.9039 -0.4277
vn 0.1452 0.8844 -0.4435
vn 0.2433 0.8607 -0.4473
vn 0.3123 0.8314 -0.4596
vn 0.3563 0.8058 -0.4730
vn 0.4015 0.9158 -0.0059
vn 0.3791 0.7790 -0.4994
vn 0.4134 0.7145 -0.5645
vn 0.3226 0.4318 -0.8423
vn 0.2287 0.1617 -0.9600
vn 0.2818 -0.0637 -0.9574
vn 0.3310 -0.3519 -0.8756
vn 0.1823 -0.0380 -0.9825
vn 0.2215 -0.2578 -0.9405
vn 0.1784 0.1215 -0.9764
vn 0.2106 0.3006 -0.9302
vn 0.1734 -0.1795 -0.9684
vn 0.1630 -0.2708 -0.9487
vn 0.1734 0.2244 -0.9589
vn 0.2054 0.3784 -0.9026
vn 0.1636 0.2707 -0.9486
vn 0.1929 0.4230 -0.8854
vn 0.2755 0.5946 -0.7554
vn 0.2466 0.6308 -0.7357
vn 0.1713 0.4535 -0.8747
vn 0.2020 0.6665 -0.7177
vn 0.1326 0.6929 -0.7088
vn 0.0254 0.7144 -0.6992
vn -0.1093 0.7112 -0.6944
vn -0.2657 0.6563 -0.7062
vn -0.4148 0.5614 -0.7161
vn -0.5114 0.4772 -0.7147
vn -0.5484 0.4191 -0.7236
vn -0.3877 0.3247 -0.8627
vn -0.4225 0.2572 -0.8691
vn -0.2943 0.3895 -0.8727
vn -0.1629 0.4505 -0.8778
vn -0.0399 0.4857 -0.8732
vn 0.0491 0.4915 -0.8695
vn 0.1221 0.4783 -0.8697
vn 0.1531 0.2892 -0.9450
vn 0.1373 0.1456 -0.9798
vn 0.1243 -0.0139 -0.9921
vn 0.1218 -0.1608 -0.9794
vn 0.1468 -0.3110 -0.9390
vn 0.1630 -0.4985 -0.8514
vn 0.1838 -0.4453 -0.8763
vn 0.1940 -0.3704 -0.9084
vn 0.2093 -0.6687 -0.7135
vn 0.2329 -0.6077 -0.7593
vn 0.2755 -0.5249 -0.8054
vn 0.3348 0.0074 -0.9423
vn 0.3169 -0.0201 -0.9483
vn 0.2777 0.6035 -0.7474
vn 0.2202 0.5906 -0.7763
vn 0.0118 0.9999 -0.0044
vn 0.2489 -0.0279 -0.9681
vn -0.1231 -0.1349 -0.9832
vn -0.0957 -0.1027 -0.9901
vn -0.1123 -0.0668 -0.9914
vn 0.1777 -0.7186 -0.6724
vn 0.1349 -0.7527 -0.6444
vn 0.1337 -0.5323 -0.8359
vn 0.1282 -0.3232 -0.9376
vn 0.0985 -0.3287 -0.9393
vn 0.1022 -0.1631 -0.9813
vn 0.0615 -0.1646 -0.9844
vn 0.1116 -0.0062 -0.9937
vn 0.0757 0.0020 -0.9971
vn 0.1164 0.1520 -0.9815
vn 0.0745 0.1608 -0.9842
vn 0.0222 0.0047 -0.9997
vn 0.0167 0.1669 -0.9858
vn 0.0647 0.3198 -0.9453
vn -0.0044 0.3190 -0.9477
vn -0.0374 0.0044 -0.9993
vn -0.0578 0.1667 -0.9843
vn -0.0999 0.3005 -0.9485
vn -0.2067 0.2661 -0.9415
vn -0.2941 0.2049 -0.9335
vn -0.3209 0.1176 -0.9398
vn -0.1566 -0.2396 -0.9582
vn -0.2114 -0.1410 -0.9672
vn -0.3065 0.0197 -0.9517
vn -0.3102 -0.3255 -0.8932
vn -0.2355 -0.3981 -0.8866
vn -0.1837 -0.4785 -0.8586
vn -0.1394 -0.5336 -0.8342
vn -0.1159 -0.2928 -0.9491
vn -0.0649 -0.3216 -0.9447
vn -0.0489 -0.1674 -0.9847
vn 0.0057 -0.1690 -0.9856
vn 0.0528 -0.3310 -0.9422
vn -0.0056 -0.3299 -0.9440
vn 0.0430 -0.5764 -0.8160
vn 0.0948 -0.5600 -0.8231
vn 0.0851 -0.7791 -0.6211
vn 0.0262 -0.7934 -0.6082
vn -0.0219 -0.5797 -0.8146
vn -0.0416 -0.7946 -0.6058
vn -0.0865 -0.5690 -0.8178
vn -0.1059 -0.7839 -0.6118
vn -0.1628 -0.7553 -0.6348
vn -0.2259 -0.7114 -0.6655
vn -0.3161 -0.6495 -0.6915
vn -0.4292 -0.1138 -0.8960
vn -0.4743 0.0530 -0.8788
vn 0.1190 0.3058 -0.9446
vn 0.2890 0.5404 -0.7902
vn -0.2228 0.1404 -0.9647
vn -0.2360 0.1653 -0.9576
vn -0.5242 0.3877 -0.7582
vn -0.5675 0.3876 -0.7264
vn -0.5505 0.4327 -0.7139
vn -0.3637 -0.7862 0.4996
vn -0.2457 -0.9234 0.2949
vn -0.1170 -0.8992 0.4216
vn -0.1447 -0.8562 0.4960
vn -0.4345 -0.6596 0.6133
vn -0.1826 -0.8127 0.5533
vn -0.9212 0.2034 0.3317
vn -1.0000 -0.0031 -0.0050
vn -0.7737 -0.3311 -0.5401
vn -0.5625 -0.4735 0.6777
vn -0.2686 -0.7488 0.6059
vn -0.6618 -0.3117 0.6818
vn -0.3458 -0.6965 0.6287
vn -0.8492 0.2760 0.4503
vn -0.8267 0.2941 0.4797
vn -0.4345 0.8458 -0.3096
vn -0.8491 0.2761 0.4503
vn -0.5625 0.8188 -0.1145
vn -0.9212 0.2033 0.3317
vn -0.6618 0.7490 0.0315
vn -0.2686 0.8797 -0.3925
vn -0.3458 0.8763 -0.3355
vn -0.1826 0.8618 -0.4733
vn -0.3637 0.8019 -0.4740
vn -0.2457 0.6817 -0.6891
vn -0.1447 0.8304 -0.5380
vn -0.1169 0.7837 -0.6101
vn 0.2686 -0.7488 0.6059
vn 0.6618 -0.3117 0.6818
vn 0.3458 -0.6965 0.6287
vn 0.5625 -0.4735 0.6777
vn 0.1826 -0.8127 0.5533
vn 0.4345 -0.6596 0.6133
vn 0.8492 0.2761 0.4503
vn 0.9212 0.2034 0.3317
vn 0.8267 0.2941 0.4797
vn 0.1447 -0.8562 0.4960
vn 0.3637 -0.7862 0.4996
vn 0.1170 -0.8992 0.4216
vn 0.2457 -0.9234 0.2950
vn 1.0000 -0.0031 -0.0050
vn 0.7737 -0.3311 -0.5401
vn 0.3637 0.8019 -0.4740
vn 0.4345 0.8458 -0.3096
vn 0.9212 0.2033 0.3317
vn 0.2457 0.6817 -0.6891
vn 0.1447 0.8304 -0.5380
vn 0.1169 0.7837 -0.6101
vn 0.1825 0.8618 -0.4733
vn 0.5625 0.8188 -0.1145
vn 0.6618 0.7490 0.0315
vn 0.8491 0.2761 0.4503
vn 0.2686 0.8797 -0.3924
vn 0.3458 0.8763 -0.3355
vn 0.1035 -0.9792 0.1743
vn 0.0567 -0.9166 0.3957
vn -0.0000 -0.9880 0.1545
vn -0.0000 -0.9217 0.3879
vn -0.0000 -0.5227 -0.8525
vn 0.3179 -0.4955 -0.8083
vn -0.0567 -0.9166 0.3957
vn -0.1035 -0.9792 0.1743
vn -0.3179 -0.4956 -0.8083
vn -0.1035 0.5996 -0.7936
vn -0.0000 -0.5226 -0.8525
vn -0.0000 0.5859 -0.8104
vn -0.0567 0.7685 -0.6374
vn -0.0000 0.7638 -0.6454
vn 0.3179 -0.4956 -0.8083
vn 0.1035 0.5996 -0.7936
vn 0.0567 0.7685 -0.6374
vn -0.0548 0.8239 -0.5640
vn -0.0685 0.8474 -0.5265
vn -0.0000 0.8209 -0.5710
vn -0.0000 0.8425 -0.5387
vn -0.1037 0.8616 -0.4968
vn -0.1355 0.8664 -0.4807
vn -0.0000 0.8527 -0.5224
vn -0.0000 0.8576 -0.5143
vn 0.1037 0.8616 -0.4968
vn 0.0685 0.8474 -0.5265
vn 0.1355 0.8664 -0.4807
vn 0.0548 0.8239 -0.5641
vn 0.0548 -0.8764 0.4784
vn 0.0685 -0.8536 0.5164
vn -0.0000 -0.8814 0.4725
vn -0.0000 -0.8623 0.5064
vn 0.1037 -0.8336 0.5425
vn 0.1355 -0.8214 0.5540
vn -0.0000 -0.8523 0.5230
vn -0.0000 -0.8474 0.5309
vn -0.1037 -0.8336 0.5425
vn -0.0685 -0.8536 0.5164
vn -0.1355 -0.8214 0.5540
vn -0.0548 -0.8764 0.4784
vn 0.1826 0.1744 -0.9676
vn 0.3434 0.4511 -0.8238
vn 0.3988 0.1740 -0.9004
vn 0.1869 0.2874 -0.9394
vn 0.7080 0.7062 0.0017
vn 0.9765 0.2154 0.0010
vn 0.4136 -0.0860 -0.9064
vn 0.9401 -0.3409 -0.0002
vn 0.1870 0.0780 -0.9793
vn 0.3422 0.4466 0.8267
vn 0.3974 0.1685 0.9020
vn 0.1853 0.2821 0.9413
vn 0.1810 0.1687 0.9689
vn 0.1855 0.0719 0.9800
vn 0.4121 -0.0919 0.9065
vn 0.7848 -0.6198 -0.0009
vn 0.4241 -0.2652 0.8659
vn 0.1978 0.0016 0.9802
vn 0.3938 -0.2727 0.8778
vn 0.1795 0.0122 0.9837
vn 0.7210 -0.6929 -0.0014
vn 0.1999 0.0088 -0.9798
vn 0.4255 -0.2594 -0.8670
vn 0.3950 -0.2664 -0.8792
vn 0.1806 0.0187 -0.9834
vn -0.4446 0.2108 -0.8706
vn -0.1926 0.1654 -0.9672
vn -0.4905 0.1921 -0.8500
vn -0.1621 0.1717 -0.9717
vn -0.9625 0.2712 -0.0000
vn -0.9449 0.3274 0.0002
vn -0.8564 0.5163 0.0006
vn -0.3471 0.2781 -0.8956
vn -0.1129 0.1999 -0.9733
vn -0.4455 0.2067 0.8711
vn -0.4914 0.1883 0.8503
vn -0.1936 0.1607 0.9678
vn -0.1631 0.1670 0.9724
vn -0.3482 0.2739 0.8965
vn -0.1141 0.1951 0.9741
vn -0.6001 0.7999 0.0013
vn -0.2184 0.3927 0.8934
vn -0.0591 0.2472 0.9672
vn -0.0414 0.5370 0.8426
vn -0.0029 0.3230 0.9464
vn -0.1857 0.9826 0.0018
vn -0.2171 0.3969 -0.8918
vn -0.0578 0.2519 -0.9660
vn -0.0401 0.5408 -0.8402
vn -0.0015 0.3275 -0.9448
vn 0.0981 0.5758 -0.8117
vn 0.0496 0.3226 -0.9452
vn 0.1319 0.9913 0.0020
vn 0.3069 0.9517 0.0020
vn 0.1780 0.5668 -0.8044
vn 0.0952 0.3188 -0.9430
vn 0.0969 0.5720 0.8145
vn 0.0482 0.3178 0.9469
vn 0.0937 0.3139 0.9448
vn 0.1768 0.5629 0.8074
vn 0.2563 0.5516 0.7938
vn 0.4618 0.8870 0.0019
vn 0.1391 0.3054 0.9420
vn 0.4617 0.8870 0.0019
vn 0.1406 0.3105 -0.9401
vn 0.2574 0.5555 -0.7907
vn 0.1034 0.1968 0.9750
vn 0.0591 0.2127 0.9753
vn 0.0958 0.1438 0.9850
vn 0.0424 0.1707 0.9844
vn 0.0957 0.1438 0.9850
vn 0.0136 0.2210 0.9752
vn -0.0146 0.1798 0.9836
vn 0.0313 0.1536 0.9876
vn -0.0390 0.1620 0.9860
vn -0.0577 0.1582 0.9857
vn 0.0187 0.1517 0.9883
vn 0.0955 0.1145 0.9888
vn 0.0850 0.1161 0.9896
vn 0.0150 0.2260 -0.9740
vn 0.0605 0.2179 -0.9741
vn 0.0437 0.1761 -0.9834
vn -0.0133 0.1848 -0.9827
vn 0.1049 0.2023 -0.9737
vn 0.0972 0.1496 -0.9840
vn 0.0972 0.1495 -0.9840
vn 0.0967 0.1205 -0.9880
vn 0.0325 0.1591 -0.9867
vn 0.1991 0.0080 -0.9799
vn 0.0861 0.1221 -0.9888
vn 0.0197 0.1572 -0.9874
vn -0.0380 0.1670 -0.9852
vn -0.0567 0.1633 -0.9849
vn -0.2457 -0.9234 -0.2949
vn -0.3637 -0.7862 -0.4996
vn -0.1170 -0.8992 -0.4216
vn -0.1447 -0.8562 -0.4960
vn -0.7737 -0.3311 0.5401
vn -1.0000 -0.0031 0.0050
vn -0.9212 0.2034 -0.3317
vn -0.4345 -0.6596 -0.6133
vn -0.1826 -0.8127 -0.5533
vn -0.3637 0.8019 0.4740
vn -0.2457 0.6817 0.6891
vn -0.1447 0.8304 0.5380
vn -0.1169 0.7837 0.6101
vn -0.4345 0.8458 0.3096
vn -0.1826 0.8618 0.4733
vn -0.8492 0.2761 -0.4503
vn -0.5625 0.8188 0.1145
vn -0.2686 0.8797 0.3925
vn -0.6618 0.7490 -0.0315
vn -0.3458 0.8763 0.3355
vn -0.8267 0.2941 -0.4797
vn -0.5625 -0.4735 -0.6777
vn -0.2686 -0.7488 -0.6059
vn -0.8491 0.2761 -0.4503
vn -0.6618 -0.3117 -0.6818
vn -0.3458 -0.6965 -0.6287
vn 0.6618 -0.3117 -0.6818
vn 0.2686 -0.7488 -0.6059
vn 0.3458 -0.6965 -0.6287
vn 0.5626 -0.4735 -0.6777
vn 0.8267 0.2941 -0.4797
vn 0.8492 0.2760 -0.4503
vn 0.4345 -0.6596 -0.6133
vn 0.9212 0.2034 -0.3317
vn 0.1826 -0.8127 -0.5533
vn 0.6618 0.7490 -0.0315
vn 0.8492 0.2761 -0.4503
vn 0.5625 0.8188 0.1146
vn 0.3458 0.8763 0.3355
vn 0.2686 0.8797 0.3925
vn 0.1826 0.8618 0.4733
vn 0.4345 0.8458 0.3096
vn 0.9212 0.2033 -0.3317
vn 0.3637 0.8019 0.4740
vn 1.0000 -0.0031 0.0050
vn 0.1447 0.8304 0.5380
vn 0.2457 0.6817 0.6891
vn 0.1169 0.7837 0.6101
vn 0.7737 -0.3311 0.5401
vn 0.1447 -0.8562 -0.4960
vn 0.3637 -0.7862 -0.4996
vn 0.2457 -0.9234 -0.2949
vn 0.1170 -0.8992 -0.4216
vn 0.1035 -0.9792 -0.1743
vn 0.0567 -0.9166 -0.3957
vn 0.3179 -0.4956 0.8083
vn -0.0000 -0.5227 0.8525
vn -0.0000 -0.9880 -0.1545
vn -0.0000 -0.9217 -0.3879
vn 0.1035 0.5996 0.7936
vn 0.0567 0.7685 0.6374
vn -0.0000 0.5859 0.8104
vn -0.0000 0.7638 0.6454
vn -0.1035 0.5996 0.7936
vn -0.3179 -0.4956 0.8083
vn -0.0567 0.7685 0.6374
vn -0.0567 -0.9166 -0.3957
vn -0.1035 -0.9792 -0.1743
vn -0.3179 -0.4955 0.8083
vn -0.0548 0.8239 0.5641
vn -0.0000 0.8209 0.5711
vn -0.0685 0.8474 0.5265
vn -0.0000 0.8425 0.5387
vn 0.0548 0.8239 0.5641
vn 0.0685 0.8474 0.5265
vn 0.1037 0.8616 0.4968
vn -0.0000 0.8527 0.5224
vn 0.1355 0.8664 0.4807
vn -0.0000 0.8576 0.5143
vn -0.1037 0.8616 0.4968
vn -0.1355 0.8664 0.4807
vn 0.0548 -0.8764 -0.4784
vn -0.0000 -0.8813 -0.4725
vn 0.0684 -0.8536 -0.5164
vn -0.0000 -0.8623 -0.5064
vn -0.0548 -0.8764 -0.4784
vn -0.0685 -0.8536 -0.5164
vn -0.1037 -0.8336 -0.5425
vn -0.0000 -0.8524 -0.5229
vn -0.1355 -0.8214 -0.5540
vn -0.0000 -0.8474 -0.5309
vn 0.1037 -0.8336 -0.5425
vn 0.1355 -0.8214 -0.5540
vn -0.0549 -0.6488 -0.7590
vn -0.0906 -0.3066 -0.9475
vn -0.0038 -0.4235 -0.9059
vn -0.3311 -0.4107 -0.8495
vn -0.2165 -0.9763 0.0018
vn -0.7507 -0.6606 0.0010
vn -0.9917 -0.1286 -0.0003
vn -0.5377 -0.1419 -0.8311
vn -0.1851 -0.2031 -0.9615
vn -0.0565 -0.6444 0.7626
vn -0.3331 -0.4050 0.8515
vn -0.0926 -0.3000 0.9494
vn -0.0056 -0.4175 0.9087
vn -0.5394 -0.1359 0.8310
vn -0.1872 -0.1962 0.9625
vn -0.9865 0.1638 -0.0009
vn -0.6784 0.0444 0.7333
vn -0.1872 -0.1963 0.9625
vn -0.2856 -0.1197 0.9508
vn -0.7019 0.0879 0.7068
vn -0.2937 -0.1121 0.9493
vn -0.9707 0.2402 -0.0013
vn -0.6774 0.0391 -0.7346
vn -0.2836 -0.1266 -0.9506
vn -0.7007 0.0827 -0.7087
vn -0.2915 -0.1191 -0.9491
vn 0.2886 0.1080 -0.9513
vn 0.4848 0.5446 -0.6844
vn 0.4936 0.5032 -0.7093
vn 0.2832 0.1039 -0.9534
vn 0.5815 0.8135 -0.0015
vn 0.6345 0.7730 -0.0012
vn 0.4919 0.2764 -0.8256
vn 0.8160 0.5781 -0.0007
vn 0.2526 -0.0227 -0.9673
vn 0.4917 0.5078 0.7073
vn 0.4830 0.5493 0.6819
vn 0.2866 0.1149 0.9511
vn 0.2813 0.1110 0.9532
vn 0.2507 -0.0157 0.9679
vn 0.4900 0.2822 0.8248
vn 1.0000 -0.0071 0.0007
vn 0.4931 -0.0739 0.8668
vn 0.2331 -0.1672 0.9580
vn 0.3888 -0.4860 0.7827
vn 0.2220 -0.3298 0.9176
vn 0.7383 -0.6745 0.0018
vn 0.2349 -0.1740 -0.9563
vn 0.4946 -0.0800 -0.8654
vn 0.3898 -0.4908 -0.7792
vn 0.2237 -0.3360 -0.9149
vn 0.2776 -0.6416 -0.7151
vn 0.1700 -0.3873 -0.9062
vn 0.4347 -0.9006 0.0020
vn 0.2763 -0.9611 0.0020
vn 0.1938 -0.6769 -0.7101
vn 0.1177 -0.4118 -0.9037
vn 0.2766 -0.6375 0.7191
vn 0.1683 -0.3812 0.9090
vn 0.1927 -0.6729 0.7142
vn 0.1160 -0.4058 0.9066
vn 0.1059 -0.6948 0.7114
vn 0.1159 -0.9933 0.0020
vn 0.0615 -0.4195 0.9057
vn 0.0633 -0.4254 -0.9028
vn 0.1072 -0.6987 -0.7074
vn 0.0180 -0.2902 0.9568
vn 0.0797 -0.2780 0.9573
vn 0.0634 -0.2202 0.9734
vn -0.0227 -0.2284 0.9733
vn 0.1359 -0.2432 0.9604
vn 0.1360 -0.1631 0.9772
vn 0.1513 -0.1073 0.9827
vn 0.0554 -0.1924 0.9798
vn 0.1488 -0.1047 0.9833
vn 0.0482 -0.1846 0.9816
vn -0.0636 -0.1954 0.9787
vn -0.0747 -0.1884 0.9792
vn 0.1378 -0.2499 -0.9584
vn 0.0816 -0.2847 -0.9551
vn 0.1379 -0.1701 -0.9757
vn 0.0653 -0.2270 -0.9717
vn 0.0199 -0.2969 -0.9547
vn -0.0206 -0.2353 -0.9717
vn 0.0574 -0.1993 -0.9783
vn -0.0207 -0.2353 -0.9717
vn -0.0615 -0.2023 -0.9774
vn -0.0726 -0.1954 -0.9780
vn 0.0502 -0.1916 -0.9802
vn 0.1379 -0.1700 -0.9757
vn 0.1532 -0.1144 -0.9816
vn 0.1508 -0.1117 -0.9822
vt 0.728330 0.659670
vt 0.719238 0.626215
vt 0.704421 0.662500
vt 0.687760 0.644151
vt 0.721515 0.534412
vt 0.727653 0.558111
vt 0.735557 0.539762
vt 0.709599 0.543723
vt 0.740142 0.521539
vt 0.719948 0.519869
vt 0.699559 0.524831
vt 0.759015 0.326959
vt 0.736537 0.312075
vt 0.734776 0.331335
vt 0.754181 0.302573
vt 0.710918 0.326649
vt 0.721476 0.302166
vt 0.738854 0.282768
vt 0.738103 0.131690
vt 0.684125 0.116669
vt 0.709125 0.165808
vt 0.665143 0.142899
vt 0.149270 0.848441
vt 0.204345 0.863264
vt 0.182003 0.830152
vt 0.700195 0.090600
vt 0.125994 0.769945
vt 0.094856 0.782949
vt 0.108396 0.789363
vt 0.115203 0.747788
vt 0.072920 0.759715
vt 0.071433 0.784078
vt 0.031117 0.747397
vt 0.027959 0.689298
vt 0.004807 0.710175
vt 0.069289 0.732583
vt 0.038799 0.517652
vt 0.020955 0.503944
vt 0.021893 0.515471
vt 0.023377 0.495872
vt 0.683134 0.854826
vt 0.691507 0.841918
vt 0.681879 0.847259
vt 0.695009 0.844756
vt 0.722555 0.725937
vt 0.761150 0.692466
vt 0.725479 0.693288
vt 0.771453 0.723699
vt 0.646993 0.098697
vt 0.127525 0.894557
vt 0.121639 0.864932
vt 0.141574 0.824860
vt 0.118396 0.842263
vt 0.435769 0.804850
vt 0.416479 0.816133
vt 0.435582 0.820062
vt 0.415327 0.806405
vt 0.557250 0.670045
vt 0.538433 0.668995
vt 0.547858 0.681594
vt 0.546815 0.656746
vt 0.165521 0.101430
vt 0.160622 0.111009
vt 0.189357 0.104510
vt 0.180738 0.112345
vt 0.946314 0.769631
vt 0.952884 0.776207
vt 0.952470 0.769151
vt 0.694130 0.827346
vt 0.700360 0.810779
vt 0.692589 0.817225
vt 0.952376 0.760297
vt 0.948060 0.759257
vt 0.952765 0.754728
vt 0.950291 0.753888
vt 0.961924 0.760038
vt 0.961751 0.753586
vt 0.712450 0.783554
vt 0.706313 0.771927
vt 0.703755 0.775600
vt 0.711549 0.787133
vt 0.696656 0.761049
vt 0.693184 0.765978
vt 0.684351 0.750678
vt 0.680024 0.756878
vt 0.664127 0.736741
vt 0.659362 0.745495
vt 0.639641 0.724049
vt 0.633828 0.734378
vt 0.617623 0.712743
vt 0.610955 0.723983
vt 0.599628 0.702928
vt 0.591960 0.714544
vt 0.583192 0.692389
vt 0.574799 0.704411
vt 0.569131 0.681541
vt 0.560008 0.693626
vt 0.597383 0.671172
vt 0.583700 0.658884
vt 0.612893 0.683372
vt 0.629725 0.694637
vt 0.583547 0.920389
vt 0.609445 0.916935
vt 0.600203 0.888973
vt 0.573985 0.887956
vt 0.631445 0.883587
vt 0.640219 0.901797
vt 0.630584 0.869033
vt 0.598680 0.871827
vt 0.660606 0.871035
vt 0.668462 0.879474
vt 0.661383 0.858949
vt 0.630288 0.851297
vt 0.597802 0.853586
vt 0.661947 0.842256
vt 0.682454 0.832979
vt 0.681055 0.822637
vt 0.660014 0.830930
vt 0.961422 0.773785
vt 0.961406 0.768758
vt 0.701289 0.753021
vt 0.689675 0.739359
vt 0.972585 0.753240
vt 0.972165 0.763446
vt 0.670452 0.722330
vt 0.648892 0.707478
vt 0.686714 0.862538
vt 0.628586 0.838415
vt 0.596628 0.840909
vt 0.570016 0.851591
vt 0.568726 0.838510
vt 0.544721 0.865092
vt 0.541635 0.846806
vt 0.571349 0.869959
vt 0.549138 0.884269
vt 0.524904 0.878585
vt 0.517298 0.858676
vt 0.541873 0.917658
vt 0.562156 0.919986
vt 0.525078 0.912428
vt 0.499765 0.871162
vt 0.571883 0.646019
vt 0.216916 0.096173
vt 0.203628 0.084193
vt 0.175352 0.083019
vt 0.162958 0.077258
vt 0.147226 0.098823
vt 0.124049 0.108720
vt 0.142931 0.110779
vt 0.128258 0.096707
vt 0.107156 0.089923
vt 0.103865 0.102010
vt 0.005903 0.554232
vt 0.017359 0.583798
vt 0.015971 0.557664
vt 0.079888 0.092467
vt 0.004642 0.528471
vt 0.012526 0.530988
vt 0.005698 0.505410
vt 0.012061 0.510463
vt 0.006305 0.494331
vt 0.011391 0.497906
vt 0.011768 0.480583
vt 0.014976 0.488189
vt 0.022582 0.483658
vt 0.024978 0.481124
vt 0.029015 0.489405
vt 0.032883 0.485832
vt 0.048900 0.515120
vt 0.052037 0.540888
vt 0.064152 0.537424
vt 0.027576 0.537207
vt 0.034612 0.565800
vt 0.067085 0.570192
vt 0.039653 0.593392
vt 0.077469 0.597816
vt 0.040934 0.616972
vt 0.018307 0.604649
vt 0.017169 0.623225
vt 0.037831 0.640381
vt 0.085074 0.648294
vt 0.034735 0.664910
vt 0.091184 0.673573
vt 0.083227 0.623047
vt 0.091502 0.598218
vt 0.100976 0.620484
vt 0.079634 0.567804
vt 0.087598 0.565188
vt 0.072167 0.534835
vt 0.055613 0.511953
vt 0.099164 0.594259
vt 0.113624 0.617101
vt 0.101869 0.645433
vt 0.113738 0.646400
vt 0.104359 0.666603
vt 0.114301 0.667588
vt 0.114170 0.693236
vt 0.120830 0.682779
vt 0.120653 0.717365
vt 0.129151 0.711704
vt 0.133365 0.734555
vt 0.143448 0.726215
vt 0.147128 0.748685
vt 0.158707 0.737983
vt 0.158868 0.760928
vt 0.166556 0.746862
vt 0.172765 0.772258
vt 0.182506 0.756840
vt 0.189679 0.787226
vt 0.200283 0.768442
vt 0.210623 0.804139
vt 0.223188 0.782416
vt 0.236439 0.825755
vt 0.257271 0.802642
vt 0.870675 0.161393
vt 0.805896 0.124633
vt 0.838473 0.167887
vt 0.297465 0.834996
vt 0.890345 0.198915
vt 0.859197 0.204064
vt 0.899147 0.225207
vt 0.869454 0.228405
vt 0.906408 0.251846
vt 0.877698 0.254695
vt 0.886216 0.293859
vt 0.914242 0.292114
vt 0.890334 0.345125
vt 0.919287 0.344286
vt 0.889844 0.395009
vt 0.921046 0.395127
vt 0.890524 0.444293
vt 0.922899 0.445957
vt 0.889079 0.490830
vt 0.922130 0.494025
vt 0.883610 0.533096
vt 0.915376 0.538387
vt 0.876155 0.568251
vt 0.910056 0.574443
vt 0.864614 0.600186
vt 0.897744 0.610448
vt 0.848424 0.630691
vt 0.879928 0.644778
vt 0.826343 0.659263
vt 0.853224 0.676294
vt 0.795403 0.679599
vt 0.815502 0.704780
vt 0.779614 0.651185
vt 0.799426 0.635809
vt 0.754102 0.659350
vt 0.693031 0.686969
vt 0.664394 0.670513
vt 0.676909 0.717429
vt 0.644470 0.696582
vt 0.603740 0.622552
vt 0.605811 0.672365
vt 0.632803 0.648082
vt 0.574101 0.639127
vt 0.553595 0.605883
vt 0.581025 0.591267
vt 0.535352 0.572555
vt 0.563504 0.561569
vt 0.523354 0.521855
vt 0.551260 0.514889
vt 0.518962 0.454150
vt 0.547269 0.451507
vt 0.554271 0.391710
vt 0.522936 0.389653
vt 0.565046 0.336295
vt 0.535455 0.329429
vt 0.581441 0.289469
vt 0.549549 0.277517
vt 0.599041 0.248753
vt 0.566084 0.234619
vt 0.618632 0.211042
vt 0.583523 0.196673
vt 0.642051 0.175533
vt 0.604973 0.155974
vt 0.626646 0.124987
vt 0.679455 0.195489
vt 0.714058 0.217213
vt 0.747446 0.193820
vt 0.787822 0.174077
vt 0.743281 0.241318
vt 0.776156 0.221792
vt 0.716981 0.263501
vt 0.687982 0.244187
vt 0.764783 0.264784
vt 0.778730 0.289541
vt 0.697002 0.288879
vt 0.667678 0.274344
vt 0.683592 0.318960
vt 0.651886 0.308564
vt 0.634244 0.261578
vt 0.616850 0.299114
vt 0.639857 0.348884
vt 0.602127 0.341752
vt 0.594341 0.393931
vt 0.587433 0.446509
vt 0.589365 0.501893
vt 0.601004 0.541973
vt 0.615011 0.571032
vt 0.635223 0.597396
vt 0.661194 0.622517
vt 0.689131 0.599377
vt 0.665840 0.575973
vt 0.647308 0.551383
vt 0.635931 0.522632
vt 0.629430 0.485340
vt 0.628579 0.440343
vt 0.632321 0.393463
vt 0.673130 0.354403
vt 0.702868 0.358450
vt 0.730326 0.359789
vt 0.758697 0.357897
vt 0.786529 0.319071
vt 0.817349 0.309676
vt 0.809160 0.276557
vt 0.796424 0.248620
vt 0.840102 0.262569
vt 0.830916 0.237000
vt 0.815819 0.209052
vt 0.164271 0.807930
vt 0.150078 0.791356
vt 0.130842 0.808947
vt 0.119595 0.798233
vt 0.110616 0.825772
vt 0.104059 0.813008
vt 0.097046 0.805280
vt 0.087365 0.798842
vt 0.136887 0.779976
vt 0.105348 0.724976
vt 0.100988 0.701528
vt 0.848690 0.298835
vt 0.853562 0.347260
vt 0.821687 0.350856
vt 0.789912 0.355654
vt 0.754368 0.394999
vt 0.789341 0.395495
vt 0.721118 0.432448
vt 0.748194 0.435458
vt 0.725311 0.395053
vt 0.696573 0.394407
vt 0.693164 0.432774
vt 0.718861 0.468009
vt 0.692272 0.468797
vt 0.662857 0.435357
vt 0.662724 0.475100
vt 0.695148 0.499926
vt 0.719726 0.498159
vt 0.667243 0.508735
vt 0.675699 0.535357
vt 0.691021 0.558722
vt 0.712904 0.577702
vt 0.770572 0.555982
vt 0.759209 0.577012
vt 0.746142 0.601099
vt 0.776102 0.612023
vt 0.789510 0.592684
vt 0.801068 0.570248
vt 0.809896 0.545920
vt 0.778766 0.535487
vt 0.784052 0.513636
vt 0.743400 0.503740
vt 0.745976 0.475041
vt 0.789037 0.438087
vt 0.788178 0.481947
vt 0.821645 0.394793
vt 0.821592 0.439703
vt 0.854094 0.394339
vt 0.855118 0.442423
vt 0.820213 0.483663
vt 0.853565 0.488633
vt 0.816322 0.519472
vt 0.848814 0.527382
vt 0.842200 0.557829
vt 0.832137 0.585553
vt 0.817624 0.611893
vt 0.763032 0.624969
vt 0.745721 0.634665
vt 0.666229 0.393927
vt 0.652994 0.226309
vt 0.503875 0.912138
vt 0.004398 0.761604
vt 0.034653 0.771746
vt 0.467428 0.845336
vt 0.490370 0.850887
vt 0.463112 0.825148
vt 0.486840 0.831989
vt 0.513657 0.839322
vt 0.464410 0.810065
vt 0.488210 0.817353
vt 0.513900 0.825984
vt 0.542326 0.833462
vt 0.291444 0.172211
vt 0.322615 0.191076
vt 0.309312 0.156740
vt 0.333746 0.160856
vt 0.328423 0.259680
vt 0.321652 0.284981
vt 0.335500 0.279511
vt 0.310524 0.274593
vt 0.340277 0.297249
vt 0.319901 0.299945
vt 0.299281 0.291752
vt 0.350352 0.493718
vt 0.328090 0.508906
vt 0.345157 0.518107
vt 0.326297 0.489170
vt 0.303186 0.492747
vt 0.312657 0.518130
vt 0.330794 0.537600
vt 0.253528 0.676777
vt 0.268603 0.707344
vt 0.297683 0.655121
vt 0.322640 0.689190
vt 0.315223 0.799498
vt 0.273093 0.809598
vt 0.305117 0.829681
vt 0.331798 0.818075
vt 0.413365 0.790376
vt 0.406487 0.757165
vt 0.391622 0.776185
vt 0.399993 0.794593
vt 0.440504 0.764782
vt 0.437922 0.788932
vt 0.482417 0.748540
vt 0.493773 0.693303
vt 0.448536 0.736373
vt 0.513989 0.710762
vt 0.022050 0.122286
vt 0.021243 0.098012
vt 0.012037 0.099446
vt 0.031048 0.101451
vt 0.679989 0.791217
vt 0.687865 0.797772
vt 0.691802 0.794315
vt 0.678459 0.799975
vt 0.381877 0.100667
vt 0.329637 0.094207
vt 0.370056 0.129553
vt 0.334678 0.127164
vt 0.316591 0.846482
vt 0.343211 0.832189
vt 0.353919 0.810653
vt 0.362259 0.825905
vt 0.536551 0.692086
vt 0.525676 0.676145
vt 0.177033 0.124816
vt 0.158462 0.126503
vt 0.691068 0.807277
vt 0.697580 0.803047
vt 0.943694 0.757554
vt 0.705169 0.794772
vt 0.947935 0.752475
vt 0.697405 0.786321
vt 0.708233 0.787136
vt 0.701105 0.779452
vt 0.690737 0.771674
vt 0.676836 0.764225
vt 0.654565 0.754539
vt 0.627716 0.744637
vt 0.604087 0.735241
vt 0.584742 0.726341
vt 0.566388 0.716202
vt 0.550117 0.704863
vt 0.550846 0.737093
vt 0.531843 0.725062
vt 0.571256 0.747097
vt 0.592389 0.755585
vt 0.602906 0.791519
vt 0.616722 0.763159
vt 0.577628 0.786927
vt 0.633904 0.791923
vt 0.644798 0.769619
vt 0.631116 0.807233
vt 0.599270 0.809079
vt 0.669422 0.776001
vt 0.661029 0.791150
vt 0.660118 0.803245
vt 0.630207 0.825308
vt 0.597525 0.828323
vt 0.660822 0.818765
vt 0.680447 0.811776
vt 0.685203 0.780596
vt 0.569918 0.825501
vt 0.546930 0.800401
vt 0.542780 0.820381
vt 0.573182 0.806134
vt 0.553319 0.780178
vt 0.529150 0.771842
vt 0.521405 0.792799
vt 0.506219 0.760755
vt 0.156829 0.157653
vt 0.177733 0.156792
vt 0.136146 0.153781
vt 0.140261 0.124591
vt 0.120879 0.121556
vt 0.100616 0.114415
vt 0.076540 0.104511
vt 0.052358 0.094484
vt 0.054953 0.084153
vt 0.033499 0.087607
vt 0.035650 0.079782
vt 0.000719 0.501998
vt 0.000209 0.487569
vt 0.012197 0.473778
vt 0.024322 0.478195
vt 0.036759 0.481965
vt 0.033541 0.471334
vt 0.066662 0.492348
vt 0.057782 0.504226
vt 0.076071 0.515118
vt 0.078300 0.529018
vt 0.048477 0.112101
vt 0.036846 0.140963
vt 0.071422 0.126074
vt 0.057538 0.163048
vt 0.094575 0.138620
vt 0.078415 0.180770
vt 0.114978 0.147738
vt 0.022250 0.086030
vt 0.010991 0.087204
vt 0.120984 0.207763
vt 0.142666 0.219341
vt 0.099413 0.194673
vt 0.069859 0.195605
vt 0.090512 0.209860
vt 0.048665 0.177545
vt 0.029183 0.154878
vt 0.094475 0.559262
vt 0.105396 0.587785
vt 0.083339 0.220090
vt 0.106123 0.235920
vt 0.112030 0.224290
vt 0.119292 0.648052
vt 0.123823 0.669120
vt 0.130170 0.688737
vt 0.135736 0.710638
vt 0.147453 0.725580
vt 0.378780 0.758427
vt 0.379511 0.738941
vt 0.366958 0.749377
vt 0.389609 0.742830
vt 0.358142 0.752230
vt 0.366172 0.763827
vt 0.342456 0.755986
vt 0.349118 0.768881
vt 0.320420 0.753224
vt 0.327167 0.770001
vt 0.293711 0.752031
vt 0.301419 0.772605
vt 0.253426 0.749261
vt 0.271014 0.776854
vt 0.215199 0.753024
vt 0.457543 0.660311
vt 0.424378 0.655049
vt 0.390988 0.697468
vt 0.479344 0.622616
vt 0.447661 0.618530
vt 0.489320 0.596404
vt 0.459126 0.593218
vt 0.497592 0.569709
vt 0.468204 0.567191
vt 0.506753 0.529165
vt 0.478335 0.528022
vt 0.484584 0.476640
vt 0.513435 0.477043
vt 0.486006 0.426341
vt 0.516575 0.426580
vt 0.520529 0.376046
vt 0.488780 0.377569
vt 0.521811 0.328584
vt 0.489502 0.330052
vt 0.517686 0.284413
vt 0.485710 0.289481
vt 0.479894 0.255106
vt 0.513894 0.248255
vt 0.470251 0.223822
vt 0.503684 0.212635
vt 0.455287 0.194053
vt 0.487677 0.179064
vt 0.435667 0.166100
vt 0.465286 0.147386
vt 0.405194 0.143086
vt 0.427257 0.120529
vt 0.405642 0.187124
vt 0.383977 0.171217
vt 0.359151 0.161896
vt 0.268618 0.145295
vt 0.282004 0.097692
vt 0.249792 0.118675
vt 0.299869 0.131420
vt 0.207686 0.191899
vt 0.211164 0.139098
vt 0.179566 0.170125
vt 0.237225 0.166201
vt 0.157779 0.201519
vt 0.184451 0.219902
vt 0.138933 0.234178
vt 0.166323 0.248435
vt 0.126105 0.285186
vt 0.153140 0.295401
vt 0.146510 0.359758
vt 0.119016 0.354381
vt 0.151007 0.420851
vt 0.120674 0.420809
vt 0.160508 0.477690
vt 0.131069 0.482505
vt 0.175437 0.525645
vt 0.143275 0.536146
vt 0.192596 0.569969
vt 0.158371 0.580271
vt 0.210549 0.607118
vt 0.175396 0.619569
vt 0.233065 0.642486
vt 0.195950 0.661335
vt 0.215225 0.693605
vt 0.287641 0.859770
vt 0.269932 0.624796
vt 0.305509 0.602483
vt 0.335947 0.627708
vt 0.375826 0.647781
vt 0.334330 0.579282
vt 0.366300 0.599377
vt 0.308435 0.556362
vt 0.279150 0.575080
vt 0.356644 0.555126
vt 0.370971 0.531186
vt 0.289232 0.530548
vt 0.259470 0.544297
vt 0.276583 0.500310
vt 0.244861 0.509463
vt 0.226043 0.556522
vt 0.210105 0.517449
vt 0.234282 0.468543
vt 0.197251 0.473476
vt 0.190443 0.421602
vt 0.185528 0.367154
vt 0.190043 0.311217
vt 0.202393 0.271361
vt 0.217598 0.242270
vt 0.238651 0.216423
vt 0.264425 0.191876
vt 0.267453 0.238524
vt 0.291872 0.215342
vt 0.248738 0.263225
vt 0.236258 0.292684
vt 0.228310 0.330351
vt 0.225433 0.375606
vt 0.227981 0.423110
vt 0.267193 0.464158
vt 0.296414 0.460634
vt 0.323597 0.459604
vt 0.351798 0.462082
vt 0.379107 0.500825
vt 0.409995 0.511257
vt 0.400315 0.544559
vt 0.387119 0.572975
vt 0.430802 0.559420
vt 0.420374 0.585679
vt 0.405533 0.613535
vt 0.340370 0.792545
vt 0.360893 0.788115
vt 0.370602 0.804286
vt 0.385577 0.799532
vt 0.378027 0.818861
vt 0.391388 0.813495
vt 0.403343 0.809685
vt 0.376558 0.782980
vt 0.416773 0.729378
vt 0.399924 0.722026
vt 0.422076 0.706621
vt 0.141889 0.689210
vt 0.428450 0.681326
vt 0.136036 0.667062
vt 0.129490 0.652235
vt 0.440634 0.523409
vt 0.447732 0.474643
vt 0.415222 0.470198
vt 0.382823 0.465575
vt 0.384062 0.425238
vt 0.348223 0.424572
vt 0.343386 0.383754
vt 0.319585 0.424061
vt 0.316810 0.386043
vt 0.291098 0.424019
vt 0.288831 0.385278
vt 0.316547 0.349645
vt 0.289860 0.348547
vt 0.258934 0.381887
vt 0.260740 0.341813
vt 0.317873 0.319849
vt 0.293784 0.317092
vt 0.267378 0.308133
vt 0.276309 0.280202
vt 0.291900 0.257945
vt 0.314944 0.238629
vt 0.371208 0.263439
vt 0.360992 0.241603
vt 0.348853 0.217799
vt 0.380497 0.207974
vt 0.393058 0.228273
vt 0.402898 0.250628
vt 0.410785 0.275565
vt 0.378887 0.284964
vt 0.383449 0.307321
vt 0.342136 0.314984
vt 0.342664 0.343545
vt 0.384791 0.382732
vt 0.385985 0.340416
vt 0.418680 0.381816
vt 0.416760 0.426448
vt 0.450456 0.426760
vt 0.453260 0.379351
vt 0.419254 0.338439
vt 0.453750 0.333892
vt 0.416979 0.302827
vt 0.451014 0.295119
vt 0.444656 0.265174
vt 0.435525 0.237336
vt 0.422364 0.210299
vt 0.365987 0.195559
vt 0.349399 0.185782
vt 0.261208 0.423925
vt 0.245179 0.591530
vt 0.472816 0.773182
vt 0.496929 0.782994
vt 0.466288 0.795199
vt 0.490330 0.803418
vt 0.516708 0.812371
vt 0.867685 0.682381
vt 0.866407 0.704624
vt 0.880229 0.701030
vt 0.882774 0.684683
vt 0.884096 0.655099
vt 0.896340 0.659125
vt 0.878595 0.652931
vt 0.860272 0.681872
vt 0.858605 0.706720
vt 0.911129 0.625040
vt 0.919548 0.628504
vt 0.945151 0.596741
vt 0.949416 0.599526
vt 0.906687 0.621908
vt 0.942384 0.593292
vt 0.116680 0.895409
vt 0.094952 0.861767
vt 0.090265 0.864642
vt 0.122266 0.893431
vt 0.060164 0.832114
vt 0.056847 0.835475
vt 0.081679 0.867646
vt 0.052528 0.838159
vt 0.104269 0.898574
vt 0.132496 0.921873
vt 0.140895 0.946305
vt 0.139869 0.922283
vt 0.132701 0.944277
vt 0.117131 0.924981
vt 0.118129 0.940561
vt 0.981036 0.648431
vt 0.978975 0.607731
vt 0.973889 0.607478
vt 0.989911 0.650590
vt 0.981996 0.686544
vt 0.994103 0.690817
vt 0.995301 0.650701
vt 0.999793 0.692311
vt 0.983241 0.606568
vt 0.977707 0.715629
vt 0.991468 0.722179
vt 0.970326 0.730461
vt 0.979296 0.741206
vt 0.997606 0.726495
vt 0.984349 0.747577
vt 0.006830 0.959026
vt 0.005835 0.928209
vt 0.000190 0.929582
vt 0.001037 0.963231
vt 0.013248 0.983970
vt 0.018674 0.977832
vt 0.021104 0.952860
vt 0.028208 0.967442
vt 0.017864 0.924309
vt 0.011200 0.888135
vt 0.023522 0.845402
vt 0.018922 0.844369
vt 0.005839 0.888242
vt 0.020034 0.886069
vt 0.028591 0.845328
vt 0.951833 0.743852
vt 0.950580 0.729577
vt 0.918364 0.736735
vt 0.922731 0.723436
vt 0.916489 0.742499
vt 0.954006 0.750377
vt 0.896607 0.712197
vt 0.887165 0.722749
vt 0.881507 0.726821
vt 0.112023 0.963405
vt 0.082076 0.982127
vt 0.117828 0.967340
vt 0.080325 0.976257
vt 0.102245 0.951867
vt 0.076068 0.962723
vt 0.044096 0.989075
vt 0.046630 0.982673
vt 0.048025 0.968210
vt 0.095602 0.931996
vt 0.084741 0.904725
vt 0.069613 0.940532
vt 0.061218 0.911527
vt 0.068030 0.872194
vt 0.046952 0.840155
vt 0.051079 0.877315
vt 0.040692 0.841986
vt 0.034073 0.882260
vt 0.037675 0.918864
vt 0.034394 0.843925
vt 0.042858 0.947266
vt 0.955938 0.709553
vt 0.962326 0.680605
vt 0.929776 0.701631
vt 0.939157 0.672674
vt 0.967063 0.644278
vt 0.968095 0.605861
vt 0.950204 0.638700
vt 0.961649 0.603512
vt 0.933311 0.633305
vt 0.915798 0.665897
vt 0.955053 0.601623
vt 0.904180 0.692336
vt 0.917563 0.172551
vt 0.931327 0.186815
vt 0.938974 0.166536
vt 0.917296 0.189969
vt 0.940773 0.185765
vt 0.947736 0.167267
vt 0.941150 0.148129
vt 0.951232 0.151670
vt 0.916385 0.150335
vt 0.947086 0.192925
vt 0.954603 0.172975
vt 0.955129 0.203558
vt 0.965155 0.188508
vt 0.979893 0.162000
vt 0.961192 0.152693
vt 0.955830 0.132179
vt 0.972616 0.138689
vt 0.996973 0.145694
vt 0.976891 0.121995
vt 0.999899 0.128393
vt 0.957785 0.114309
vt 0.908345 0.128393
vt 0.937011 0.129636
vt 0.936386 0.110915
vt 0.911295 0.105135
vt 0.837864 0.739551
vt 0.884902 0.733385
vt 0.847389 0.723050
vt 0.873448 0.756314
vt 0.825522 0.716923
vt 0.821128 0.737613
vt 0.823197 0.756134
vt 0.836241 0.759906
vt 0.858608 0.777385
vt 0.802286 0.738375
vt 0.802640 0.719188
vt 0.762263 0.729920
vt 0.773933 0.752313
vt 0.810564 0.757689
vt 0.788858 0.772198
vt 0.823375 0.776283
vt 0.815319 0.778877
vt 0.798456 0.794046
vt 0.814086 0.807087
vt 0.803475 0.813863
vt 0.821602 0.803934
vt 0.831696 0.781178
vt 0.846406 0.799099
vt 0.828612 0.809129
vt 0.837871 0.817548
vt 0.825129 0.846762
vt 0.837193 0.846435
vt 0.818597 0.843100
vt 0.815212 0.892565
vt 0.821750 0.891458
vt 0.833881 0.888107
vt 0.812135 0.845143
vt 0.799996 0.842850
vt 0.796845 0.884430
vt 0.808676 0.890355
vt 0.804914 0.933688
vt 0.812210 0.938374
vt 0.792640 0.926497
vt 0.936511 0.221184
vt 0.949945 0.226131
vt 0.927611 0.217658
vt 0.833238 0.929396
vt 0.820084 0.934775
vt 0.918196 0.215315
vt 0.904445 0.211267
vt 0.969427 0.219566
vt 0.776382 0.919635
vt 0.779623 0.874870
vt 0.755346 0.910033
vt 0.758964 0.859787
vt 0.988364 0.199157
vt 0.784755 0.829076
vt 0.768425 0.809149
vt 0.737900 0.840053
vt 0.750285 0.789255
vt 0.733073 0.770038
vt 0.719452 0.821755
vt 0.722928 0.923773
vt 0.733778 0.889943
vt 0.713072 0.869775
vt 0.705989 0.902877
vt 0.853968 0.835968
vt 0.852236 0.881190
vt 0.874723 0.869367
vt 0.873582 0.818926
vt 0.850314 0.924877
vt 0.893013 0.194920
vt 0.884339 0.168913
vt 0.872474 0.918293
vt 0.896379 0.901656
vt 0.899225 0.853630
vt 0.902622 0.936493
vt 0.922435 0.918125
vt 0.920369 0.884357
vt 0.920515 0.835832
vt 0.894654 0.800301
vt 0.914805 0.782610
vt 0.254930 0.866442
vt 0.232379 0.867771
vt 0.251510 0.880023
vt 0.235170 0.882755
vt 0.257108 0.858605
vt 0.232260 0.860272
vt 0.203319 0.878595
vt 0.205456 0.884075
vt 0.209119 0.896381
vt 0.604683 0.111557
vt 0.604882 0.085739
vt 0.598092 0.090322
vt 0.611361 0.109014
vt 0.589246 0.113454
vt 0.586155 0.097783
vt 0.597709 0.141772
vt 0.585028 0.142330
vt 0.603538 0.141984
vt 0.587341 0.180620
vt 0.582187 0.179063
vt 0.573110 0.178720
vt 0.559284 0.217149
vt 0.554313 0.215939
vt 0.563117 0.219439
vt 0.175370 0.911110
vt 0.178847 0.919555
vt 0.172296 0.906687
vt 0.147129 0.945151
vt 0.143680 0.942384
vt 0.149914 0.949416
vt 0.158119 0.978975
vt 0.198859 0.981021
vt 0.157865 0.973889
vt 0.201000 0.989867
vt 0.156955 0.983241
vt 0.201088 0.995301
vt 0.241226 0.994066
vt 0.242698 0.999793
vt 0.237281 0.981798
vt 0.524443 0.218014
vt 0.494442 0.182990
vt 0.520758 0.220520
vt 0.499491 0.181143
vt 0.529319 0.216521
vt 0.508841 0.180454
vt 0.494969 0.144785
vt 0.482222 0.144828
vt 0.476277 0.145344
vt 0.473736 0.115303
vt 0.466675 0.112993
vt 0.489374 0.116396
vt 0.479251 0.093507
vt 0.492228 0.100619
vt 0.471902 0.089379
vt 0.265933 0.977745
vt 0.272927 0.991309
vt 0.276882 0.997606
vt 0.291679 0.979267
vt 0.297964 0.984349
vt 0.280650 0.970200
vt 0.294143 0.951824
vt 0.280048 0.950383
vt 0.300765 0.954006
vt 0.292887 0.916489
vt 0.287118 0.918362
vt 0.273790 0.922649
vt 0.499635 0.075053
vt 0.504144 0.080398
vt 0.510662 0.093898
vt 0.538046 0.076031
vt 0.538702 0.090198
vt 0.537900 0.069919
vt 0.572247 0.078393
vt 0.576470 0.072929
vt 0.567201 0.092051
vt 0.262389 0.896504
vt 0.273195 0.887095
vt 0.277208 0.881507
vt 0.566896 0.113464
vt 0.539208 0.113285
vt 0.564518 0.142465
vt 0.539909 0.143468
vt 0.512059 0.114944
vt 0.515451 0.143965
vt 0.523243 0.179668
vt 0.540932 0.179130
vt 0.535275 0.216062
vt 0.541867 0.215959
vt 0.558632 0.178768
vt 0.548389 0.215764
vt 0.259534 0.955942
vt 0.252010 0.929774
vt 0.231318 0.962077
vt 0.223066 0.939200
vt 0.243044 0.903944
vt 0.215871 0.915794
vt 0.183701 0.933305
vt 0.189100 0.950230
vt 0.152011 0.955053
vt 0.153899 0.961649
vt 0.194655 0.967064
vt 0.156249 0.968095
vt 0.319668 0.899301
vt 0.324917 0.915641
vt 0.329902 0.904137
vt 0.307037 0.907252
vt 0.313322 0.894034
vt 0.301386 0.897055
vt 0.290100 0.900327
vt 0.296804 0.914967
vt 0.323665 0.930149
vt 0.314972 0.884948
vt 0.299748 0.886085
vt 0.306999 0.872211
vt 0.319908 0.875669
vt 0.287403 0.884494
vt 0.291173 0.864463
vt 0.034856 0.286502
vt 0.013574 0.289528
vt 0.035275 0.295602
vt 0.012925 0.280550
vt 0.016063 0.306766
vt 0.037770 0.311184
vt 0.060785 0.304517
vt 0.061234 0.318915
vt 0.062007 0.293392
vt 0.018157 0.272291
vt 0.040803 0.279381
vt 0.031586 0.258418
vt 0.049689 0.267452
vt 0.064863 0.282764
vt 0.069101 0.269503
vt 0.055613 0.458986
vt 0.068006 0.439378
vt 0.042765 0.448671
vt 0.075014 0.452010
vt 0.063510 0.429093
vt 0.035352 0.441333
vt 0.018999 0.456966
vt 0.014118 0.450313
vt 0.036949 0.466320
vt 0.033963 0.431346
vt 0.061181 0.418155
vt 0.036097 0.415908
vt 0.060725 0.403743
vt 0.013503 0.424589
vt 0.011064 0.441410
vt 0.001180 0.457946
vt 0.451564 0.849276
vt 0.432393 0.824066
vt 0.438687 0.841418
vt 0.418481 0.834243
vt 0.412436 0.821736
vt 0.426462 0.849020
vt 0.415297 0.844293
vt 0.434082 0.854615
vt 0.433363 0.879002
vt 0.451615 0.879748
vt 0.446112 0.862087
vt 0.436903 0.892702
vt 0.432145 0.863435
vt 0.425303 0.873046
vt 0.408123 0.868801
vt 0.406413 0.878745
vt 0.409520 0.862456
vt 0.374425 0.873599
vt 0.375827 0.879537
vt 0.377781 0.887835
vt 0.404691 0.857992
vt 0.397426 0.850965
vt 0.372590 0.867824
vt 0.368946 0.859746
vt 0.339985 0.878973
vt 0.339247 0.885616
vt 0.339914 0.869282
vt 0.348985 0.898154
vt 0.343336 0.890728
vt 0.333178 0.859523
vt 0.362943 0.849416
vt 0.353882 0.837218
vt 0.323483 0.847636
vt 0.392448 0.839808
vt 0.385326 0.826797
vt 0.038087 0.392498
vt 0.039921 0.364024
vt 0.018633 0.366462
vt 0.015973 0.398079
vt 0.060972 0.383888
vt 0.063188 0.361387
vt 0.020219 0.334179
vt 0.040067 0.335266
vt 0.061791 0.338738
vt 0.409471 0.890589
vt 0.379769 0.900167
vt 0.412460 0.905393
vt 0.381114 0.915481
vt 0.350197 0.910565
vt 0.350511 0.926138
vt 0.383028 0.932786
vt 0.073725 0.217128
vt 0.050353 0.236962
vt 0.061844 0.245184
vt 0.074307 0.249315
vt 0.088678 0.231984
vt 0.058645 0.482342
vt 0.072952 0.473327
vt 0.410003 0.921820
vt 0.087665 0.496567
vt 0.084723 0.469108
vt 0.101662 0.483191
s 1
usemtl 50
f 1/1/1 2/2/2 3/3/3
f 3/3/3 2/2/2 4/4/4
f 5/5/5 6/6/6 7/7/7
f 6/6/6 5/5/5 8/8/8
f 5/5/5 9/9/9 10/10/10
f 9/9/9 5/5/5 7/7/7
f 5/5/5 11/11/11 8/8/8
f 11/11/11 5/5/5 10/10/10
f 12/12/12 13/13/13 14/14/14
f 13/13/13 12/12/12 15/15/15
f 16/16/16 13/13/13 17/17/17
f 13/13/13 16/16/16 14/14/14
f 18/18/18 13/13/13 15/15/15
f 13/13/13 18/18/18 17/17/17
f 19/19/19 20/20/20 21/21/21
f 20/20/20 22/22/22 21/21/21
f 23/23/23 24/24/24 25/25/25
f 19/19/19 26/26/23 20/20/20
f 27/27/26 28/28/27 29/29/28
f 28/28/27 27/27/26 30/30/29
f 28/28/27 30/30/29 31/31/30
f 28/28/27 31/31/30 32/32/31
f 33/33/32 34/34/33 35/35/34
f 34/34/33 33/33/32 36/36/35
f 37/37/36 38/38/37 39/39/38
f 38/38/37 37/37/36 40/40/39
f 41/41/40 42/42/41 43/43/42
f 42/42/41 41/41/40 44/44/43
f 45/45/44 46/46/45 47/47/46
f 46/46/45 45/45/44 48/48/47
f 26/26/23 49/49/48 20/20/20
f 50/50/49 23/23/23 51/51/50
f 52/52/51 51/51/50 23/23/23
f 51/51/50 52/52/51 53/53/52
f 54/54/53 55/55/54 56/56/31
f 55/55/54 54/54/53 57/57/55
f 58/58/56 59/59/57 60/60/58
f 59/59/57 58/58/56 61/61/59
f 62/62/60 63/63/61 64/64/59
f 64/64/59 63/63/61 65/65/57
f 66/66/62 67/67/63 68/68/64
f 69/69/63 70/70/62 71/71/65
f 72/72/66 66/66/62 68/68/64
f 66/66/62 72/72/66 73/73/67
f 74/74/68 73/73/67 72/72/66
f 73/73/67 74/74/68 75/75/69
f 74/74/68 76/76/70 77/77/71
f 76/76/70 74/74/68 72/72/66
f 78/78/72 79/79/73 80/80/74
f 80/80/74 81/81/69 78/78/72
f 82/82/75 80/80/74 79/79/73
f 80/80/74 82/82/75 83/83/76
f 84/84/77 83/83/76 82/82/75
f 83/83/76 84/84/77 85/85/78
f 86/86/79 85/85/78 84/84/77
f 85/85/78 86/86/79 87/87/80
f 88/88/81 87/87/80 86/86/79
f 87/87/80 88/88/81 89/89/82
f 90/90/83 89/89/82 88/88/81
f 89/89/82 90/90/83 91/91/84
f 92/92/85 91/91/84 90/90/83
f 91/91/84 92/92/85 93/93/76
f 94/94/86 93/93/76 92/92/85
f 93/93/76 94/94/86 95/95/87
f 96/96/88 95/95/87 94/94/86
f 95/95/87 96/96/88 97/97/89
f 58/58/56 97/97/89 96/96/88
f 97/97/89 58/58/56 60/60/58
f 96/96/88 94/94/86 98/98/90
f 98/98/90 99/99/91 96/96/88
f 94/94/86 100/100/92 98/98/90
f 100/100/92 94/94/86 92/92/85
f 90/90/83 101/101/93 92/92/85
f 92/92/85 101/101/93 100/100/92
f 102/102/93 103/103/94 104/104/95
f 102/102/93 104/104/95 105/105/96
f 103/103/94 106/106/97 104/104/95
f 106/106/97 103/103/94 107/107/98
f 104/104/95 108/108/99 109/109/100
f 108/108/99 104/104/95 106/106/97
f 106/106/97 107/107/98 110/110/101
f 107/107/98 111/111/102 110/110/101
f 106/106/97 112/112/103 108/108/99
f 112/112/103 106/106/97 110/110/101
f 43/43/42 112/112/103 110/110/101
f 110/110/101 41/41/40 43/43/42
f 109/109/100 113/113/104 114/114/105
f 113/113/104 109/109/100 108/108/99
f 108/108/99 115/115/106 113/113/104
f 115/115/106 108/108/99 112/112/103
f 116/116/107 115/115/106 112/112/103
f 112/112/103 43/43/42 116/116/107
f 115/115/106 116/116/107 117/117/108
f 117/117/108 118/118/109 115/115/106
f 71/71/65 116/116/107 69/69/63
f 116/116/107 71/71/65 117/117/108
f 43/43/42 69/69/63 116/116/107
f 69/69/63 43/43/42 42/42/41
f 68/68/64 67/67/63 119/119/41
f 68/68/64 119/119/41 120/120/43
f 72/72/66 120/120/43 76/76/70
f 120/120/43 72/72/66 68/68/64
f 84/84/77 121/121/110 122/122/102
f 121/121/110 84/84/77 82/82/75
f 76/76/70 123/123/75 77/77/71
f 123/123/75 76/76/70 124/124/111
f 86/86/79 84/84/77 122/122/102
f 86/86/79 122/122/102 125/125/98
f 88/88/81 86/86/79 125/125/98
f 88/88/81 125/125/98 126/126/94
f 90/90/83 88/88/81 126/126/94
f 90/90/83 126/126/94 101/101/93
f 111/111/102 41/41/40 110/110/101
f 111/111/102 127/127/112 41/41/40
f 127/127/112 44/44/43 41/41/40
f 120/120/43 124/124/111 76/76/70
f 118/118/109 113/113/104 115/115/106
f 113/113/104 118/118/109 128/128/113
f 128/128/113 114/114/105 113/113/104
f 114/114/105 128/128/113 129/129/114
f 130/130/115 114/114/105 129/129/114
f 129/129/114 131/131/116 130/130/115
f 132/132/117 130/130/115 133/133/118
f 130/130/115 132/132/117 134/134/119
f 134/134/119 109/109/100 114/114/105
f 134/134/119 114/114/105 130/130/115
f 135/135/120 134/134/119 132/132/117
f 134/134/119 135/135/120 105/105/96
f 105/105/96 104/104/95 109/109/100
f 105/105/96 109/109/100 134/134/119
f 136/136/121 135/135/120 132/132/117
f 136/136/121 132/132/117 137/137/122
f 138/138/123 135/135/120 136/136/121
f 135/135/120 138/138/123 139/139/124
f 102/102/93 105/105/96 139/139/124
f 139/139/124 105/105/96 135/135/120
f 138/138/123 136/136/121 140/140/91
f 136/136/121 141/141/125 140/140/91
f 142/142/34 61/61/59 58/58/56
f 64/64/59 143/143/34 144/144/126
f 99/99/91 58/58/56 96/96/88
f 58/58/56 99/99/91 142/142/34
f 145/145/127 64/64/59 144/144/126
f 64/64/59 145/145/127 62/62/60
f 146/146/128 62/62/60 145/145/127
f 62/62/60 146/146/128 147/147/129
f 147/147/129 148/148/130 149/149/131
f 148/148/130 147/147/129 150/150/132
f 62/62/60 147/147/129 149/149/131
f 62/62/60 149/149/131 63/63/61
f 151/151/133 152/152/134 150/150/132
f 150/150/132 152/152/134 148/148/130
f 153/153/135 154/154/136 155/155/137
f 151/151/133 156/156/138 152/152/134
f 157/157/139 155/155/137 158/158/140
f 155/155/137 157/157/139 153/153/135
f 159/159/141 158/158/140 160/160/142
f 158/158/140 159/159/141 157/157/139
f 161/161/143 160/160/142 162/162/144
f 160/160/142 161/161/143 159/159/141
f 163/163/145 162/162/144 164/164/146
f 162/162/144 163/163/145 161/161/143
f 165/165/147 163/163/145 164/164/146
f 163/163/145 165/165/147 166/166/148
f 164/164/146 40/40/39 165/165/147
f 40/40/39 167/167/149 165/165/147
f 167/167/149 166/166/148 165/165/147
f 166/166/148 167/167/149 168/168/150
f 167/167/149 37/37/36 169/169/151
f 37/37/36 167/167/149 40/40/39
f 37/37/36 170/170/152 169/169/151
f 170/170/152 171/171/153 169/169/151
f 170/170/152 37/37/36 172/172/154
f 37/37/36 39/39/38 172/172/154
f 170/170/152 173/173/155 174/174/156
f 173/173/155 170/170/152 172/172/154
f 174/174/156 175/175/157 176/176/158
f 175/175/157 174/174/156 173/173/155
f 177/177/159 175/175/157 178/178/132
f 175/175/157 154/154/136 178/178/132
f 177/177/159 179/179/129 180/180/128
f 179/179/129 177/177/159 178/178/132
f 173/173/155 154/154/136 175/175/157
f 154/154/136 173/173/155 155/155/137
f 172/172/154 155/155/137 173/173/155
f 155/155/137 172/172/154 158/158/140
f 39/39/38 158/158/140 172/172/154
f 158/158/140 39/39/38 160/160/142
f 38/38/37 160/160/142 39/39/38
f 160/160/142 38/38/37 162/162/144
f 40/40/39 162/162/144 38/38/37
f 162/162/144 40/40/39 164/164/146
f 181/181/160 182/182/127 183/183/161
f 182/182/127 181/181/160 180/180/128
f 184/184/162 180/180/128 181/181/160
f 180/180/128 184/184/162 177/177/159
f 177/177/159 184/184/162 176/176/158
f 176/176/158 175/175/157 177/177/159
f 185/185/163 184/184/162 186/186/164
f 184/184/162 185/185/163 176/176/158
f 187/187/165 176/176/158 185/185/163
f 176/176/158 187/187/165 174/174/156
f 170/170/152 174/174/156 171/171/153
f 171/171/153 174/174/156 187/187/165
f 188/188/166 189/189/167 187/187/165
f 171/171/153 187/187/165 189/189/167
f 171/171/153 190/190/168 169/169/151
f 190/190/168 171/171/153 189/189/167
f 169/169/151 168/168/150 167/167/149
f 168/168/150 169/169/151 190/190/168
f 185/185/163 188/188/166 187/187/165
f 188/188/166 185/185/163 191/191/169
f 186/186/164 192/192/170 185/185/163
f 185/185/163 192/192/170 191/191/169
f 193/193/171 194/194/172 186/186/164
f 186/186/164 194/194/172 192/192/170
f 195/195/173 196/196/174 193/193/171
f 193/193/171 196/196/174 194/194/172
f 197/197/175 198/198/176 195/195/173
f 195/195/173 198/198/176 196/196/174
f 199/199/177 200/200/178 197/197/175
f 197/197/175 200/200/178 198/198/176
f 201/201/179 200/200/178 199/199/177
f 200/200/178 201/201/179 202/202/180
f 203/203/181 202/202/180 201/201/179
f 202/202/180 203/203/181 204/204/182
f 205/205/183 206/206/184 203/203/181
f 203/203/181 206/206/184 204/204/182
f 207/207/185 208/208/186 205/205/183
f 205/205/183 208/208/186 206/206/184
f 209/209/187 210/210/188 207/207/185
f 207/207/185 210/210/188 208/208/186
f 211/211/189 212/212/190 209/209/187
f 209/209/187 212/212/190 210/210/188
f 213/213/191 214/214/192 211/211/189
f 211/211/189 214/214/192 212/212/190
f 215/215/193 216/216/191 217/217/194
f 213/213/191 218/218/193 214/214/192
f 217/217/194 219/219/195 215/215/193
f 219/219/195 217/217/194 220/220/196
f 221/221/197 220/220/196 222/222/198
f 220/220/196 221/221/197 219/219/195
f 223/223/199 222/222/198 224/224/200
f 222/222/198 223/223/199 221/221/197
f 225/225/201 226/226/202 224/224/200
f 224/224/200 226/226/202 223/223/199
f 225/225/201 227/227/203 228/228/204
f 225/225/201 228/228/204 226/226/202
f 227/227/203 229/229/205 230/230/206
f 227/227/203 230/230/206 228/228/204
f 231/231/207 232/232/208 229/229/205
f 229/229/205 232/232/208 230/230/206
f 233/233/209 232/232/208 231/231/207
f 232/232/208 233/233/209 234/234/210
f 235/235/211 234/234/210 233/233/209
f 234/234/210 235/235/211 236/236/212
f 237/237/213 236/236/212 235/235/211
f 236/236/212 237/237/213 238/238/214
f 239/239/215 238/238/214 237/237/213
f 238/238/214 239/239/215 240/240/216
f 241/241/217 240/240/216 239/239/215
f 240/240/216 241/241/217 242/242/218
f 243/243/219 242/242/218 241/241/217
f 242/242/218 243/243/219 244/244/220
f 245/245/221 246/246/222 243/243/219
f 243/243/219 246/246/222 244/244/220
f 245/245/221 243/243/219 247/247/223
f 243/243/219 248/248/224 247/247/223
f 47/47/46 249/249/225 1/1/1
f 249/249/225 47/47/46 46/46/45
f 250/250/226 251/251/227 252/252/228
f 251/251/227 253/253/229 252/252/228
f 254/254/230 255/255/231 256/256/232
f 255/255/231 254/254/230 257/257/233
f 258/258/234 254/254/230 259/259/235
f 254/254/230 258/258/234 257/257/233
f 260/260/236 259/259/235 261/261/237
f 259/259/235 260/260/236 258/258/234
f 262/262/238 261/261/237 263/263/239
f 261/261/237 262/262/238 260/260/236
f 264/264/240 263/263/239 265/265/241
f 263/263/239 264/264/240 262/262/238
f 265/265/241 266/266/242 267/267/243
f 265/265/241 267/267/243 264/264/240
f 268/268/244 267/267/243 266/266/242
f 267/267/243 268/268/244 269/269/245
f 270/270/246 269/269/245 268/268/244
f 269/269/245 270/270/246 271/271/247
f 272/272/248 271/271/247 270/270/246
f 271/271/247 272/272/248 273/273/249
f 274/274/250 273/273/249 272/272/248
f 273/273/249 274/274/250 275/275/251
f 274/274/250 276/276/252 275/275/251
f 276/276/252 277/277/253 275/275/251
f 276/276/252 22/22/22 277/277/253
f 22/22/22 278/278/254 277/277/253
f 20/20/20 278/278/254 22/22/22
f 278/278/254 20/20/20 49/49/48
f 22/22/22 279/279/255 21/21/21
f 279/279/255 22/22/22 276/276/252
f 21/21/21 280/280/256 281/281/257
f 280/280/256 21/21/21 279/279/255
f 19/19/19 281/281/257 282/282/258
f 281/281/257 19/19/19 21/21/21
f 281/281/257 283/283/259 284/284/260
f 283/283/259 281/281/257 280/280/256
f 280/280/256 285/285/261 283/283/259
f 285/285/261 280/280/256 286/286/262
f 283/283/259 18/18/18 287/287/263
f 18/18/18 283/283/259 285/285/261
f 15/15/15 288/288/264 18/18/18
f 288/288/264 287/287/263 18/18/18
f 285/285/261 17/17/17 18/18/18
f 17/17/17 285/285/261 289/289/265
f 286/286/262 289/289/265 285/285/261
f 289/289/265 286/286/262 290/290/266
f 290/290/266 291/291/267 289/289/265
f 291/291/267 290/290/266 292/292/268
f 293/293/269 292/292/268 290/290/266
f 292/292/268 293/293/269 294/294/270
f 294/294/270 295/295/271 292/292/268
f 295/295/271 294/294/270 296/296/272
f 296/296/272 294/294/270 268/268/244
f 294/294/270 270/270/246 268/268/244
f 296/296/272 266/266/242 297/297/273
f 266/266/242 296/296/272 268/268/244
f 298/298/274 266/266/242 265/265/241
f 266/266/242 298/298/274 297/297/273
f 265/265/241 299/299/275 298/298/274
f 299/299/275 265/265/241 263/263/239
f 263/263/239 300/300/276 299/299/275
f 300/300/276 263/263/239 261/261/237
f 300/300/276 261/261/237 301/301/277
f 261/261/237 259/259/235 301/301/277
f 301/301/277 254/254/230 302/302/278
f 254/254/230 301/301/277 259/259/235
f 302/302/278 256/256/232 303/303/279
f 256/256/232 302/302/278 254/254/230
f 250/250/226 3/3/3 4/4/4
f 4/4/4 251/251/227 250/250/226
f 2/2/2 304/304/280 4/4/4
f 4/4/4 304/304/280 303/303/279
f 304/304/280 305/305/281 303/303/279
f 305/305/281 302/302/278 303/303/279
f 302/302/278 305/305/281 306/306/282
f 306/306/282 301/301/277 302/302/278
f 306/306/282 300/300/276 301/301/277
f 300/300/276 306/306/282 307/307/283
f 307/307/283 299/299/275 300/300/276
f 299/299/275 307/307/283 308/308/284
f 308/308/284 298/298/274 299/299/275
f 298/298/274 308/308/284 309/309/285
f 297/297/273 309/309/285 310/310/286
f 309/309/285 297/297/273 298/298/274
f 296/296/272 310/310/286 295/295/271
f 310/310/286 296/296/272 297/297/273
f 292/292/268 295/295/271 311/311/287
f 292/292/268 311/311/287 291/291/267
f 291/291/267 312/312/288 16/16/16
f 312/312/288 291/291/267 311/311/287
f 16/16/16 313/313/289 14/14/14
f 313/313/289 16/16/16 312/312/288
f 314/314/290 14/14/14 313/313/289
f 14/14/14 314/314/290 12/12/12
f 12/12/12 315/315/291 15/15/15
f 315/315/291 288/288/264 15/15/15
f 315/315/291 316/316/292 288/288/264
f 316/316/292 317/317/293 288/288/264
f 288/288/264 317/317/293 287/287/263
f 317/317/293 318/318/294 287/287/263
f 319/319/295 318/318/294 317/317/293
f 318/318/294 319/319/295 320/320/296
f 318/318/294 321/321/297 284/284/260
f 321/321/297 318/318/294 320/320/296
f 284/284/260 287/287/263 318/318/294
f 287/287/263 284/284/260 283/283/259
f 321/321/297 282/282/258 284/284/260
f 284/284/260 282/282/258 281/281/257
f 220/220/196 217/217/194 321/321/297
f 321/321/297 217/217/194 282/282/258
f 216/216/191 282/282/258 217/217/194
f 282/282/258 216/216/191 19/19/19
f 25/25/25 213/213/191 211/211/189
f 213/213/191 25/25/25 24/24/24
f 25/25/25 209/209/187 322/322/298
f 209/209/187 25/25/25 211/211/189
f 322/322/298 207/207/185 323/323/299
f 207/207/185 322/322/298 209/209/187
f 324/324/300 322/322/298 323/323/299
f 322/322/298 324/324/300 52/52/51
f 23/23/23 25/25/25 52/52/51
f 52/52/51 25/25/25 322/322/298
f 324/324/300 325/325/301 326/326/302
f 325/325/301 327/327/303 326/326/302
f 324/324/300 53/53/52 52/52/51
f 53/53/52 324/324/300 326/326/302
f 29/29/28 327/327/303 325/325/301
f 327/327/303 29/29/28 328/328/304
f 329/329/305 29/29/28 28/28/27
f 29/29/28 329/329/305 328/328/304
f 325/325/301 323/323/299 330/330/306
f 323/323/299 325/325/301 324/324/300
f 29/29/28 325/325/301 330/330/306
f 29/29/28 330/330/306 27/27/26
f 330/330/306 323/323/299 205/205/183
f 323/323/299 207/207/185 205/205/183
f 330/330/306 203/203/181 27/27/26
f 203/203/181 330/330/306 205/205/183
f 30/30/29 203/203/181 201/201/179
f 203/203/181 30/30/29 27/27/26
f 331/331/307 201/201/179 199/199/177
f 201/201/179 331/331/307 30/30/29
f 332/332/308 199/199/177 197/197/175
f 199/199/177 332/332/308 331/331/307
f 332/332/308 34/34/33 36/36/35
f 332/332/308 36/36/35 331/331/307
f 331/331/307 31/31/30 30/30/29
f 31/31/30 331/331/307 36/36/35
f 34/34/33 332/332/308 183/183/161
f 183/183/161 182/182/127 34/34/33
f 183/183/161 197/197/175 195/195/173
f 197/197/175 183/183/161 332/332/308
f 181/181/160 195/195/173 193/193/171
f 195/195/173 181/181/160 183/183/161
f 184/184/162 193/193/171 186/186/164
f 193/193/171 184/184/162 181/181/160
f 222/222/198 321/321/297 320/320/296
f 321/321/297 222/222/198 220/220/196
f 319/319/295 224/224/200 320/320/296
f 320/320/296 224/224/200 222/222/198
f 225/225/201 319/319/295 333/333/309
f 319/319/295 225/225/201 224/224/200
f 333/333/309 317/317/293 316/316/292
f 317/317/293 333/333/309 319/319/295
f 334/334/310 316/316/292 335/335/311
f 316/316/292 334/334/310 333/333/309
f 315/315/291 336/336/312 335/335/311
f 335/335/311 316/316/292 315/315/291
f 314/314/290 337/337/313 338/338/314
f 314/314/290 338/338/314 336/336/312
f 339/339/315 340/340/316 341/341/317
f 341/341/317 340/340/316 337/337/313
f 342/342/318 339/339/315 341/341/317
f 339/339/315 342/342/318 343/343/319
f 343/343/319 344/344/320 339/339/315
f 344/344/320 343/343/319 345/345/321
f 345/345/321 346/346/322 347/347/323
f 346/346/322 345/345/321 343/343/319
f 309/309/285 308/308/284 347/347/323
f 309/309/285 347/347/323 346/346/322
f 345/345/321 348/348/324 344/344/320
f 348/348/324 349/349/325 344/344/320
f 348/348/324 347/347/323 350/350/326
f 347/347/323 348/348/324 345/345/321
f 11/11/11 350/350/326 351/351/327
f 350/350/326 11/11/11 348/348/324
f 308/308/284 307/307/283 350/350/326
f 350/350/326 347/347/323 308/308/284
f 306/306/282 351/351/327 307/307/283
f 351/351/327 350/350/326 307/307/283
f 11/11/11 352/352/328 8/8/8
f 352/352/328 11/11/11 351/351/327
f 351/351/327 305/305/281 352/352/328
f 305/305/281 351/351/327 306/306/282
f 8/8/8 353/353/329 6/6/6
f 353/353/329 8/8/8 352/352/328
f 352/352/328 304/304/280 353/353/329
f 304/304/280 352/352/328 305/305/281
f 354/354/330 6/6/6 355/355/331
f 6/6/6 354/354/330 7/7/7
f 355/355/331 353/353/329 356/356/332
f 353/353/329 355/355/331 6/6/6
f 353/353/329 2/2/2 356/356/332
f 2/2/2 353/353/329 304/304/280
f 355/355/331 357/357/333 358/358/334
f 357/357/333 355/355/331 356/356/332
f 359/359/335 355/355/331 358/358/334
f 355/355/331 359/359/335 354/354/330
f 354/354/330 360/360/336 361/361/337
f 360/360/336 354/354/330 359/359/335
f 9/9/9 362/362/338 363/363/339
f 362/362/338 9/9/9 361/361/337
f 361/361/337 7/7/7 354/354/330
f 7/7/7 361/361/337 9/9/9
f 349/349/325 364/364/340 344/344/320
f 364/364/340 349/349/325 363/363/339
f 10/10/10 363/363/339 349/349/325
f 363/363/339 10/10/10 9/9/9
f 344/344/320 340/340/316 339/339/315
f 340/340/316 344/344/320 364/364/340
f 364/364/340 365/365/341 340/340/316
f 365/365/341 364/364/340 366/366/342
f 337/337/313 340/340/316 365/365/341
f 337/337/313 365/365/341 338/338/314
f 365/365/341 367/367/343 338/338/314
f 367/367/343 365/365/341 368/368/344
f 335/335/311 367/367/343 369/369/345
f 369/369/345 334/334/310 335/335/311
f 336/336/312 338/338/314 367/367/343
f 367/367/343 335/335/311 336/336/312
f 333/333/309 334/334/310 227/227/203
f 333/333/309 227/227/203 225/225/201
f 369/369/345 229/229/205 334/334/310
f 334/334/310 229/229/205 227/227/203
f 369/369/345 231/231/207 229/229/205
f 231/231/207 369/369/345 370/370/346
f 368/368/344 369/369/345 367/367/343
f 369/369/345 368/368/344 370/370/346
f 368/368/344 371/371/347 370/370/346
f 371/371/347 372/372/348 370/370/346
f 366/366/342 368/368/344 365/365/341
f 368/368/344 366/366/342 371/371/347
f 363/363/339 366/366/342 364/364/340
f 366/366/342 363/363/339 362/362/338
f 371/371/347 373/373/349 372/372/348
f 373/373/349 374/374/350 372/372/348
f 373/373/349 366/366/342 362/362/338
f 366/366/342 373/373/349 371/371/347
f 370/370/346 372/372/348 233/233/209
f 370/370/346 233/233/209 231/231/207
f 374/374/350 233/233/209 372/372/348
f 233/233/209 374/374/350 235/235/211
f 375/375/351 235/235/211 374/374/350
f 235/235/211 375/375/351 237/237/213
f 375/375/351 376/376/352 237/237/213
f 376/376/352 239/239/215 237/237/213
f 359/359/335 375/375/351 360/360/336
f 375/375/351 359/359/335 376/376/352
f 376/376/352 358/358/334 377/377/353
f 358/358/334 376/376/352 359/359/335
f 241/241/217 377/377/353 248/248/224
f 248/248/224 243/243/219 241/241/217
f 377/377/353 239/239/215 376/376/352
f 239/239/215 377/377/353 241/241/217
f 358/358/334 357/357/333 377/377/353
f 377/377/353 357/357/333 248/248/224
f 248/248/224 378/378/354 247/247/223
f 378/378/354 248/248/224 357/357/333
f 360/360/336 374/374/350 373/373/349
f 374/374/350 360/360/336 375/375/351
f 361/361/337 373/373/349 362/362/338
f 373/373/349 361/361/337 360/360/336
f 356/356/332 379/379/355 378/378/354
f 379/379/355 356/356/332 2/2/2
f 10/10/10 348/348/324 11/11/11
f 348/348/324 10/10/10 349/349/325
f 380/380/356 346/346/322 343/343/319
f 380/380/356 343/343/319 342/342/318
f 310/310/286 309/309/285 346/346/322
f 310/310/286 346/346/322 380/380/356
f 311/311/287 380/380/356 342/342/318
f 311/311/287 342/342/318 312/312/288
f 295/295/271 310/310/286 380/380/356
f 295/295/271 380/380/356 311/311/287
f 312/312/288 341/341/317 313/313/289
f 341/341/317 312/312/288 342/342/318
f 313/313/289 337/337/313 314/314/290
f 337/337/313 313/313/289 341/341/317
f 12/12/12 314/314/290 336/336/312
f 336/336/312 315/315/291 12/12/12
f 293/293/269 270/270/246 294/294/270
f 270/270/246 293/293/269 272/272/248
f 381/381/357 272/272/248 293/293/269
f 272/272/248 381/381/357 274/274/250
f 276/276/252 381/381/357 279/279/255
f 381/381/357 276/276/252 274/274/250
f 279/279/255 286/286/262 280/280/256
f 286/286/262 279/279/255 381/381/357
f 381/381/357 290/290/266 286/286/262
f 290/290/266 381/381/357 293/293/269
f 291/291/267 17/17/17 289/289/265
f 17/17/17 291/291/267 16/16/16
f 140/140/91 141/141/125 382/382/34
f 383/383/358 33/33/32 35/35/34
f 383/383/358 384/384/359 33/33/32
f 385/385/359 141/141/125 386/386/360
f 141/141/125 136/136/121 386/386/360
f 136/136/121 137/137/122 386/386/360
f 33/33/32 31/31/30 36/36/35
f 31/31/30 33/33/32 384/384/359
f 386/386/360 387/387/361 385/385/359
f 387/387/361 386/386/360 388/388/362
f 386/386/360 137/137/122 388/388/362
f 137/137/122 389/389/363 388/388/362
f 137/137/122 132/132/117 133/133/118
f 137/137/122 133/133/118 389/389/363
f 388/388/362 390/390/364 387/387/361
f 390/390/364 388/388/362 391/391/365
f 388/388/362 389/389/363 391/391/365
f 389/389/363 392/392/366 391/391/365
f 133/133/118 392/392/366 389/389/363
f 392/392/366 133/133/118 393/393/367
f 130/130/115 131/131/116 133/133/118
f 133/133/118 131/131/116 393/393/367
f 387/387/361 54/54/53 56/56/31
f 54/54/53 387/387/361 390/390/364
f 384/384/359 32/32/31 31/31/30
f 56/56/31 385/385/359 387/387/361
f 394/394/368 395/395/369 396/396/370
f 395/395/369 397/397/371 396/396/370
f 398/398/372 399/399/373 400/400/374
f 399/399/373 398/398/372 401/401/375
f 402/402/376 399/399/373 403/403/377
f 399/399/373 402/402/376 400/400/374
f 404/404/378 399/399/373 401/401/375
f 399/399/373 404/404/378 403/403/377
f 405/405/379 406/406/380 407/407/381
f 406/406/380 405/405/379 408/408/382
f 409/409/383 406/406/380 408/408/382
f 406/406/380 409/409/383 410/410/384
f 411/411/385 406/406/380 410/410/384
f 406/406/380 411/411/385 407/407/381
f 412/412/386 413/413/387 414/414/388
f 414/414/388 413/413/387 415/415/389
f 416/416/390 417/417/389 418/418/387
f 416/416/390 418/418/387 419/419/391
f 420/420/392 421/421/393 422/422/394
f 422/422/394 423/423/395 420/420/392
f 424/424/396 420/420/392 425/425/397
f 420/420/392 424/424/396 421/421/393
f 426/426/398 427/427/399 428/428/400
f 427/427/399 426/426/398 429/429/401
f 430/430/402 431/431/403 432/432/404
f 431/431/403 430/430/402 433/433/405
f 434/434/406 435/435/407 436/436/408
f 435/435/407 434/434/406 437/437/409
f 438/438/47 439/439/44 440/440/410
f 439/439/44 441/441/411 440/440/410
f 442/442/49 443/443/50 419/419/391
f 419/419/391 418/418/387 442/442/49
f 443/443/50 444/444/412 419/419/391
f 444/444/412 443/443/50 445/445/52
f 54/54/53 420/420/392 57/57/55
f 420/420/392 54/54/53 425/425/397
f 59/59/57 446/446/413 60/60/58
f 446/446/413 59/59/57 447/447/414
f 65/65/57 63/63/61 448/448/414
f 63/63/61 449/449/415 448/448/414
f 70/70/62 450/450/416 71/71/65
f 450/450/416 70/70/62 451/451/417
f 452/452/418 66/66/62 73/73/67
f 70/70/62 453/453/418 451/451/417
f 73/73/67 454/454/419 452/452/418
f 454/454/419 73/73/67 75/75/69
f 455/455/420 453/453/418 456/456/419
f 455/455/420 456/456/419 457/457/421
f 81/81/69 80/80/74 456/456/419
f 456/456/419 80/80/74 457/457/421
f 458/458/422 80/80/74 83/83/76
f 80/80/74 458/458/422 457/457/421
f 459/459/423 83/83/76 85/85/78
f 83/83/76 459/459/423 458/458/422
f 460/460/424 85/85/78 87/87/80
f 85/85/78 460/460/424 459/459/423
f 461/461/425 87/87/80 89/89/82
f 87/87/80 461/461/425 460/460/424
f 462/462/426 89/89/82 91/91/84
f 89/89/82 462/462/426 461/461/425
f 463/463/427 91/91/84 93/93/76
f 91/91/84 463/463/427 462/462/426
f 464/464/428 93/93/76 95/95/87
f 93/93/76 464/464/428 463/463/427
f 465/465/429 95/95/87 97/97/89
f 95/95/87 465/465/429 464/464/428
f 97/97/89 446/446/413 465/465/429
f 446/446/413 97/97/89 60/60/58
f 466/466/430 465/465/429 467/467/431
f 465/465/429 466/466/430 464/464/428
f 468/468/432 464/464/428 466/466/430
f 464/464/428 468/468/432 463/463/427
f 468/468/432 469/469/433 463/463/427
f 469/469/433 462/462/426 463/463/427
f 469/469/433 470/470/434 471/471/435
f 470/470/434 469/469/433 472/472/436
f 473/473/437 471/471/435 470/470/434
f 471/471/435 473/473/437 474/474/438
f 475/475/439 473/473/437 470/470/434
f 475/475/439 470/470/434 476/476/440
f 477/477/441 474/474/438 478/478/442
f 473/473/437 478/478/442 474/474/438
f 473/473/437 479/479/443 478/478/442
f 479/479/443 473/473/437 475/475/439
f 434/434/406 478/478/442 437/437/409
f 437/437/409 478/478/442 479/479/443
f 475/475/439 476/476/440 480/480/444
f 476/476/440 481/481/445 480/480/444
f 475/475/439 482/482/446 479/479/443
f 482/482/446 475/475/439 480/480/444
f 479/479/443 483/483/447 437/437/409
f 483/483/447 479/479/443 482/482/446
f 117/117/108 482/482/446 118/118/109
f 482/482/446 117/117/108 483/483/447
f 71/71/65 483/483/447 117/117/108
f 483/483/447 71/71/65 450/450/416
f 437/437/409 450/450/416 435/435/407
f 450/450/416 437/437/409 483/483/447
f 451/451/417 435/435/407 450/450/416
f 435/435/407 451/451/417 436/436/408
f 453/453/418 436/436/408 451/451/417
f 436/436/408 453/453/418 455/455/420
f 484/484/448 459/459/423 477/477/441
f 459/459/423 484/484/448 458/458/422
f 457/457/421 458/458/422 455/455/420
f 484/484/448 455/455/420 458/458/422
f 477/477/441 460/460/424 474/474/438
f 460/460/424 477/477/441 459/459/423
f 474/474/438 461/461/425 471/471/435
f 461/461/425 474/474/438 460/460/424
f 471/471/435 462/462/426 469/469/433
f 462/462/426 471/471/435 461/461/425
f 434/434/406 477/477/441 478/478/442
f 477/477/441 434/434/406 484/484/448
f 436/436/408 484/484/448 434/434/406
f 484/484/448 436/436/408 455/455/420
f 118/118/109 480/480/444 128/128/113
f 480/480/444 118/118/109 482/482/446
f 128/128/113 481/481/445 129/129/114
f 481/481/445 128/128/113 480/480/444
f 129/129/114 485/485/449 131/131/116
f 485/485/449 129/129/114 481/481/445
f 485/485/449 486/486/450 487/487/451
f 486/486/450 485/485/449 488/488/452
f 476/476/440 488/488/452 481/481/445
f 481/481/445 488/488/452 485/485/449
f 488/488/452 489/489/453 486/486/450
f 489/489/453 488/488/452 472/472/436
f 470/470/434 472/472/436 476/476/440
f 476/476/440 472/472/436 488/488/452
f 486/486/450 490/490/454 491/491/455
f 490/490/454 486/486/450 489/489/453
f 489/489/453 466/466/430 490/490/454
f 466/466/430 489/489/453 468/468/432
f 489/489/453 472/472/436 468/468/432
f 472/472/436 469/469/433 468/468/432
f 490/490/454 467/467/431 492/492/456
f 467/467/431 490/490/454 466/466/430
f 447/447/414 429/429/401 446/446/413
f 429/429/401 447/447/414 427/427/399
f 446/446/413 429/429/401 467/467/431
f 467/467/431 465/465/429 446/446/413
f 493/493/457 448/448/414 449/449/415
f 448/448/414 493/493/457 494/494/399
f 495/495/458 449/449/415 496/496/459
f 449/449/415 495/495/458 493/493/457
f 148/148/130 496/496/459 149/149/131
f 496/496/459 148/148/130 497/497/460
f 149/149/131 449/449/415 63/63/61
f 449/449/415 149/149/131 496/496/459
f 148/148/130 152/152/134 497/497/460
f 152/152/134 498/498/461 497/497/460
f 152/152/134 156/156/138 498/498/461
f 156/156/138 499/499/462 498/498/461
f 500/500/463 499/499/462 501/501/139
f 156/156/138 501/501/139 499/499/462
f 502/502/464 500/500/463 503/503/465
f 501/501/139 503/503/465 500/500/463
f 159/159/141 161/161/143 504/504/464
f 161/161/143 505/505/466 504/504/464
f 506/506/467 505/505/466 163/163/145
f 161/161/143 163/163/145 505/505/466
f 507/507/468 163/163/145 166/166/148
f 163/163/145 507/507/468 506/506/467
f 508/508/469 509/509/404 507/507/468
f 507/507/468 509/509/404 506/506/467
f 166/166/148 508/508/469 507/507/468
f 508/508/469 166/166/148 168/168/150
f 510/510/402 508/508/469 511/511/470
f 508/508/469 510/510/402 509/509/404
f 512/512/471 511/511/470 513/513/472
f 511/511/470 512/512/471 510/510/402
f 433/433/405 430/430/402 514/514/473
f 515/515/474 514/514/473 430/430/402
f 516/516/475 515/515/474 517/517/476
f 515/515/474 516/516/475 514/514/473
f 518/518/477 516/516/475 517/517/476
f 518/518/477 517/517/476 519/519/478
f 518/518/477 497/497/460 498/498/461
f 497/497/460 518/518/477 520/520/479
f 520/520/479 496/496/459 497/497/460
f 496/496/459 520/520/479 495/495/458
f 498/498/461 516/516/475 518/518/477
f 516/516/475 498/498/461 499/499/462
f 499/499/462 514/514/473 516/516/475
f 514/514/473 499/499/462 500/500/463
f 500/500/463 433/433/405 514/514/473
f 433/433/405 500/500/463 502/502/464
f 431/431/403 502/502/464 521/521/466
f 502/502/464 431/431/403 433/433/405
f 432/432/404 521/521/466 522/522/480
f 521/521/466 432/432/404 431/431/403
f 495/495/458 523/523/481 493/493/457
f 523/523/481 524/524/482 493/493/457
f 495/495/458 525/525/483 523/523/481
f 525/525/483 495/495/458 520/520/479
f 519/519/478 520/520/479 518/518/477
f 520/520/479 519/519/478 525/525/483
f 526/526/484 525/525/483 519/519/478
f 525/525/483 526/526/484 527/527/485
f 519/519/478 528/528/486 526/526/484
f 528/528/486 519/519/478 517/517/476
f 529/529/472 528/528/486 517/517/476
f 517/517/476 515/515/474 529/529/472
f 189/189/167 188/188/166 530/530/486
f 189/189/167 530/530/486 513/513/472
f 513/513/472 190/190/168 189/189/167
f 190/190/168 513/513/472 511/511/470
f 168/168/150 190/190/168 511/511/470
f 168/168/150 511/511/470 508/508/469
f 531/531/484 188/188/166 191/191/169
f 188/188/166 531/531/484 530/530/486
f 191/191/169 192/192/170 531/531/484
f 532/532/170 527/527/485 526/526/484
f 532/532/170 533/533/172 527/527/485
f 533/533/172 534/534/487 527/527/485
f 194/194/172 196/196/174 535/535/487
f 196/196/174 536/536/488 535/535/487
f 196/196/174 198/198/176 536/536/488
f 198/198/176 537/537/489 536/536/488
f 537/537/489 198/198/176 200/200/178
f 200/200/178 538/538/490 537/537/489
f 539/539/491 200/200/178 202/202/180
f 200/200/178 539/539/491 538/538/490
f 540/540/492 541/541/180 542/542/182
f 541/541/180 540/540/492 543/543/491
f 542/542/182 544/544/184 540/540/492
f 544/544/184 545/545/493 540/540/492
f 544/544/184 546/546/186 545/545/493
f 546/546/186 547/547/494 545/545/493
f 546/546/186 548/548/188 547/547/494
f 548/548/188 549/549/495 547/547/494
f 548/548/188 550/550/190 549/549/495
f 550/550/190 551/551/496 549/549/495
f 550/550/190 552/552/192 551/551/496
f 552/552/192 553/553/497 551/551/496
f 552/552/192 554/554/498 553/553/497
f 555/555/498 556/556/499 557/557/500
f 555/555/498 558/558/195 556/556/499
f 558/558/195 559/559/501 556/556/499
f 558/558/195 560/560/197 559/559/501
f 560/560/197 561/561/502 559/559/501
f 560/560/197 562/562/199 561/561/502
f 562/562/199 563/563/503 561/561/502
f 562/562/199 564/564/504 563/563/503
f 564/564/504 565/565/505 563/563/503
f 566/566/506 565/565/505 567/567/204
f 564/564/504 567/567/204 565/565/505
f 568/568/507 566/566/506 569/569/508
f 567/567/204 569/569/508 566/566/506
f 569/569/508 570/570/208 568/568/507
f 570/570/208 571/571/509 568/568/507
f 570/570/208 572/572/210 571/571/509
f 572/572/210 573/573/510 571/571/509
f 572/572/210 574/574/212 573/573/510
f 574/574/212 575/575/511 573/573/510
f 574/574/212 576/576/512 575/575/511
f 576/576/512 574/574/212 577/577/214
f 577/577/214 578/578/513 576/576/512
f 578/578/513 577/577/214 579/579/216
f 579/579/216 580/580/514 578/578/513
f 580/580/514 579/579/216 581/581/218
f 581/581/218 582/582/515 580/580/514
f 582/582/515 581/581/218 583/583/220
f 584/584/516 583/583/220 585/585/222
f 583/583/220 584/584/516 582/582/515
f 586/586/517 582/582/515 587/587/518
f 587/587/518 582/582/515 584/584/516
f 441/441/411 588/588/519 440/440/410
f 588/588/519 441/441/411 397/397/371
f 589/589/520 590/590/521 591/591/229
f 590/590/521 589/589/520 592/592/522
f 593/593/523 594/594/524 595/595/233
f 594/594/524 593/593/523 596/596/525
f 593/593/523 595/595/233 597/597/526
f 597/597/526 598/598/527 593/593/523
f 597/597/526 599/599/236 598/598/527
f 599/599/236 600/600/528 598/598/527
f 599/599/236 601/601/529 600/600/528
f 601/601/529 602/602/530 600/600/528
f 603/603/531 602/602/530 604/604/240
f 601/601/529 604/604/240 602/602/530
f 605/605/532 603/603/531 606/606/243
f 604/604/240 606/606/243 603/603/531
f 607/607/533 606/606/243 608/608/245
f 606/606/243 607/607/533 605/605/532
f 609/609/534 608/608/245 610/610/247
f 608/608/245 609/609/534 607/607/533
f 611/611/535 610/610/247 612/612/536
f 610/610/247 611/611/535 609/609/534
f 613/613/537 612/612/536 614/614/251
f 612/612/536 613/613/537 611/611/535
f 614/614/251 615/615/538 613/613/537
f 615/615/538 614/614/251 616/616/253
f 412/412/386 616/616/253 617/617/254
f 616/616/253 412/412/386 615/615/538
f 418/418/387 618/618/254 442/442/49
f 617/617/254 413/413/387 412/412/386
f 619/619/539 615/615/538 412/412/386
f 412/412/386 414/414/388 619/619/539
f 620/620/540 619/619/539 414/414/388
f 414/414/388 621/621/541 620/620/540
f 415/415/389 621/621/541 414/414/388
f 621/621/541 415/415/389 622/622/542
f 621/621/541 623/623/543 620/620/540
f 623/623/543 621/621/541 624/624/544
f 620/620/540 625/625/545 626/626/546
f 625/625/545 620/620/540 623/623/543
f 625/625/545 623/623/543 411/411/385
f 623/623/543 627/627/547 411/411/385
f 411/411/385 628/628/548 407/407/381
f 628/628/548 411/411/385 627/627/547
f 625/625/545 410/410/384 629/629/549
f 410/410/384 625/625/545 411/411/385
f 629/629/549 626/626/546 625/625/545
f 626/626/546 629/629/549 630/630/550
f 631/631/551 630/630/550 629/629/549
f 630/630/550 631/631/551 632/632/552
f 632/632/552 633/633/553 630/630/550
f 633/633/553 632/632/552 634/634/554
f 635/635/555 634/634/554 632/632/552
f 634/634/554 635/635/555 636/636/556
f 634/634/554 607/607/533 609/609/534
f 607/607/533 634/634/554 636/636/556
f 605/605/532 607/607/533 636/636/556
f 605/605/532 636/636/556 637/637/557
f 605/605/532 638/638/558 603/603/531
f 638/638/558 605/605/532 637/637/557
f 603/603/531 639/639/559 602/602/530
f 639/639/559 603/603/531 638/638/558
f 602/602/530 640/640/560 600/600/528
f 640/640/560 602/602/530 639/639/559
f 600/600/528 641/641/561 598/598/527
f 641/641/561 600/600/528 640/640/560
f 593/593/523 598/598/527 641/641/561
f 641/641/561 642/642/562 593/593/523
f 642/642/562 596/596/525 593/593/523
f 596/596/525 642/642/562 643/643/563
f 394/394/368 592/592/522 589/589/520
f 592/592/522 394/394/368 396/396/370
f 644/644/564 643/643/563 642/642/562
f 643/643/563 644/644/564 645/645/565
f 646/646/566 642/642/562 641/641/561
f 642/642/562 646/646/566 644/644/564
f 640/640/560 646/646/566 641/641/561
f 646/646/566 640/640/560 647/647/567
f 647/647/567 639/639/559 648/648/568
f 639/639/559 647/647/567 640/640/560
f 648/648/568 638/638/558 649/649/569
f 638/638/558 648/648/568 639/639/559
f 649/649/569 637/637/557 650/650/570
f 637/637/557 649/649/569 638/638/558
f 650/650/570 636/636/556 635/635/555
f 636/636/556 650/650/570 637/637/557
f 651/651/571 632/632/552 631/631/551
f 632/632/552 651/651/571 635/635/555
f 652/652/572 631/631/551 409/409/383
f 631/631/551 652/652/572 651/651/571
f 653/653/573 409/409/383 408/408/382
f 409/409/383 653/653/573 652/652/572
f 654/654/574 408/408/382 405/405/379
f 408/408/382 654/654/574 653/653/573
f 655/655/575 407/407/381 628/628/548
f 407/407/381 655/655/575 405/405/379
f 656/656/576 628/628/548 657/657/577
f 628/628/548 656/656/576 655/655/575
f 627/627/547 657/657/577 628/628/548
f 657/657/577 627/627/547 658/658/578
f 658/658/578 659/659/579 657/657/577
f 659/659/579 658/658/578 660/660/580
f 661/661/581 658/658/578 624/624/544
f 658/658/578 661/661/581 660/660/580
f 623/623/543 624/624/544 627/627/547
f 624/624/544 658/658/578 627/627/547
f 622/622/542 624/624/544 621/621/541
f 624/624/544 622/622/542 661/661/581
f 556/556/499 661/661/581 622/622/542
f 661/661/581 556/556/499 559/559/501
f 557/557/500 622/622/542 415/415/389
f 622/622/542 557/557/500 556/556/499
f 417/417/389 551/551/496 553/553/497
f 551/551/496 417/417/389 416/416/390
f 549/549/495 551/551/496 416/416/390
f 549/549/495 416/416/390 662/662/582
f 547/547/494 662/662/582 663/663/583
f 662/662/582 547/547/494 549/549/495
f 662/662/582 664/664/584 663/663/583
f 664/664/584 662/662/582 444/444/412
f 662/662/582 416/416/390 444/444/412
f 416/416/390 419/419/391 444/444/412
f 665/665/585 666/666/302 667/667/303
f 666/666/302 665/665/585 664/664/584
f 445/445/52 664/664/584 444/444/412
f 664/664/584 445/445/52 666/666/302
f 667/667/303 423/423/395 665/665/585
f 423/423/395 667/667/303 668/668/586
f 668/668/586 57/57/55 423/423/395
f 57/57/55 420/420/392 423/423/395
f 663/663/583 665/665/585 669/669/587
f 665/665/585 663/663/583 664/664/584
f 669/669/587 423/423/395 422/422/394
f 423/423/395 669/669/587 665/665/585
f 547/547/494 663/663/583 545/545/493
f 545/545/493 663/663/583 669/669/587
f 540/540/492 669/669/587 422/422/394
f 669/669/587 540/540/492 545/545/493
f 540/540/492 421/421/393 543/543/491
f 421/421/393 540/540/492 422/422/394
f 543/543/491 670/670/588 671/671/490
f 670/670/588 543/543/491 421/421/393
f 670/670/588 672/672/589 671/671/490
f 673/673/589 537/537/489 538/538/490
f 427/427/399 672/672/589 428/428/400
f 428/428/400 672/672/589 670/670/588
f 424/424/396 670/670/588 421/421/393
f 670/670/588 424/424/396 428/428/400
f 524/524/482 494/494/399 493/493/457
f 427/427/399 674/674/482 672/672/589
f 675/675/590 537/537/489 673/673/589
f 537/537/489 675/675/590 536/536/488
f 675/675/590 676/676/481 536/536/488
f 676/676/481 535/535/487 536/536/488
f 525/525/483 534/534/487 523/523/481
f 534/534/487 525/525/483 527/527/485
f 559/559/501 561/561/502 661/661/581
f 561/561/502 660/660/580 661/661/581
f 561/561/502 563/563/503 660/660/580
f 563/563/503 659/659/579 660/660/580
f 565/565/505 659/659/579 563/563/503
f 659/659/579 565/565/505 677/677/591
f 677/677/591 657/657/577 659/659/579
f 657/657/577 677/677/591 656/656/576
f 678/678/592 656/656/576 677/677/591
f 656/656/576 678/678/592 679/679/593
f 679/679/593 655/655/575 656/656/576
f 655/655/575 679/679/593 680/680/594
f 681/681/595 654/654/574 680/680/594
f 654/654/574 681/681/595 682/682/596
f 682/682/596 683/683/597 684/684/598
f 683/683/597 685/685/599 684/684/598
f 685/685/599 686/686/600 684/684/598
f 686/686/600 685/685/599 687/687/601
f 688/688/602 687/687/601 685/685/599
f 687/687/601 688/688/602 689/689/603
f 687/687/601 689/689/603 690/690/604
f 689/689/603 691/691/605 690/690/604
f 691/691/605 649/649/569 690/690/604
f 649/649/569 691/691/605 648/648/568
f 692/692/606 693/693/607 688/688/602
f 688/688/602 693/693/607 689/689/603
f 689/689/603 693/693/607 691/691/605
f 693/693/607 694/694/608 691/691/605
f 404/404/378 694/694/608 693/693/607
f 694/694/608 404/404/378 695/695/609
f 694/694/608 648/648/568 691/691/605
f 648/648/568 694/694/608 647/647/567
f 647/647/567 695/695/609 646/646/566
f 695/695/609 647/647/567 694/694/608
f 695/695/609 404/404/378 696/696/610
f 404/404/378 401/401/375 696/696/610
f 646/646/566 695/695/609 644/644/564
f 695/695/609 696/696/610 644/644/564
f 697/697/611 696/696/610 401/401/375
f 697/697/611 401/401/375 398/398/372
f 645/645/565 644/644/564 696/696/610
f 696/696/610 697/697/611 645/645/565
f 398/398/372 698/698/612 699/699/613
f 698/698/612 398/398/372 400/400/374
f 697/697/611 699/699/613 700/700/614
f 699/699/613 697/697/611 398/398/372
f 395/395/369 645/645/565 697/697/611
f 697/697/611 700/700/614 395/395/369
f 701/701/615 699/699/613 702/702/616
f 699/699/613 701/701/615 700/700/614
f 699/699/613 703/703/617 702/702/616
f 703/703/617 699/699/613 698/698/612
f 698/698/612 704/704/618 703/703/617
f 704/704/618 698/698/612 705/705/619
f 402/402/376 706/706/620 705/705/619
f 706/706/620 402/402/376 707/707/621
f 400/400/374 705/705/619 698/698/612
f 705/705/619 400/400/374 402/402/376
f 708/708/622 707/707/621 692/692/606
f 692/692/606 688/688/602 708/708/622
f 403/403/377 707/707/621 402/402/376
f 707/707/621 403/403/377 692/692/606
f 683/683/597 708/708/622 688/688/602
f 683/683/597 688/688/602 685/685/599
f 708/708/622 709/709/623 710/710/624
f 709/709/623 708/708/622 683/683/597
f 709/709/623 682/682/596 681/681/595
f 682/682/596 709/709/623 683/683/597
f 711/711/625 709/709/623 712/712/626
f 712/712/626 709/709/623 681/681/595
f 713/713/627 679/679/593 678/678/592
f 679/679/593 713/713/627 712/712/626
f 712/712/626 680/680/594 679/679/593
f 680/680/594 712/712/626 681/681/595
f 566/566/506 677/677/591 565/565/505
f 677/677/591 566/566/506 678/678/592
f 566/566/506 568/568/507 678/678/592
f 568/568/507 713/713/627 678/678/592
f 571/571/509 713/713/627 568/568/507
f 713/713/627 571/571/509 714/714/628
f 713/713/627 714/714/628 711/711/625
f 713/713/627 711/711/625 712/712/626
f 715/715/629 714/714/628 716/716/630
f 714/714/628 715/715/629 711/711/625
f 710/710/624 711/711/625 715/715/629
f 711/711/625 710/710/624 709/709/623
f 707/707/621 710/710/624 706/706/620
f 710/710/624 707/707/621 708/708/622
f 717/717/631 716/716/630 718/718/632
f 716/716/630 717/717/631 715/715/629
f 706/706/620 715/715/629 717/717/631
f 715/715/629 706/706/620 710/710/624
f 571/571/509 716/716/630 714/714/628
f 716/716/630 571/571/509 573/573/510
f 573/573/510 718/718/632 716/716/630
f 718/718/632 573/573/510 575/575/511
f 575/575/511 719/719/633 718/718/632
f 719/719/633 575/575/511 576/576/512
f 720/720/634 576/576/512 578/578/513
f 576/576/512 720/720/634 719/719/633
f 720/720/634 703/703/617 719/719/633
f 703/703/617 704/704/618 719/719/633
f 702/702/616 720/720/634 721/721/635
f 720/720/634 702/702/616 703/703/617
f 582/582/515 586/586/517 580/580/514
f 580/580/514 586/586/517 721/721/635
f 721/721/635 578/578/513 580/580/514
f 578/578/513 721/721/635 720/720/634
f 586/586/517 701/701/615 721/721/635
f 701/701/615 702/702/616 721/721/635
f 722/722/636 586/586/517 587/587/518
f 586/586/517 722/722/636 701/701/615
f 718/718/632 719/719/633 704/704/618
f 704/704/618 717/717/631 718/718/632
f 705/705/619 717/717/631 704/704/618
f 717/717/631 705/705/619 706/706/620
f 395/395/369 700/700/614 723/723/637
f 700/700/614 722/722/636 723/723/637
f 692/692/606 403/403/377 693/693/607
f 403/403/377 404/404/378 693/693/607
f 687/687/601 724/724/638 686/686/600
f 724/724/638 687/687/601 690/690/604
f 690/690/604 650/650/570 724/724/638
f 650/650/570 690/690/604 649/649/569
f 686/686/600 651/651/571 652/652/572
f 651/651/571 686/686/600 724/724/638
f 724/724/638 635/635/555 651/651/571
f 635/635/555 724/724/638 650/650/570
f 684/684/598 652/652/572 653/653/573
f 652/652/572 684/684/598 686/686/600
f 682/682/596 653/653/573 654/654/574
f 653/653/573 682/682/596 684/684/598
f 680/680/594 405/405/379 655/655/575
f 405/405/379 680/680/594 654/654/574
f 633/633/553 609/609/534 611/611/535
f 609/609/534 633/633/553 634/634/554
f 725/725/639 611/611/535 613/613/537
f 611/611/535 725/725/639 633/633/553
f 725/725/639 613/613/537 615/615/538
f 725/725/639 615/615/538 619/619/539
f 626/626/546 725/725/639 619/619/539
f 619/619/539 620/620/540 626/626/546
f 630/630/550 725/725/639 626/626/546
f 725/725/639 630/630/550 633/633/553
f 631/631/551 410/410/384 409/409/383
f 410/410/384 631/631/551 629/629/549
f 492/492/456 429/429/401 426/426/398
f 429/429/401 492/492/456 467/467/431
f 726/726/640 492/492/456 426/426/398
f 492/492/456 726/726/640 727/727/641
f 490/490/454 727/727/641 491/491/455
f 727/727/641 490/490/454 492/492/456
f 424/424/396 726/726/640 426/426/398
f 426/426/398 428/428/400 424/424/396
f 728/728/642 727/727/641 726/726/640
f 727/727/641 728/728/642 729/729/643
f 491/491/455 729/729/643 730/730/644
f 729/729/643 491/491/455 727/727/641
f 486/486/450 491/491/455 487/487/451
f 730/730/644 487/487/451 491/491/455
f 729/729/643 390/390/364 391/391/365
f 390/390/364 729/729/643 728/728/642
f 392/392/366 730/730/644 391/391/365
f 391/391/365 730/730/644 729/729/643
f 487/487/451 392/392/366 393/393/367
f 392/392/366 487/487/451 730/730/644
f 393/393/367 131/131/116 487/487/451
f 131/131/116 485/485/449 487/487/451
f 728/728/642 54/54/53 390/390/364
f 54/54/53 728/728/642 425/425/397
f 726/726/640 425/425/397 728/728/642
f 425/425/397 726/726/640 424/424/396
f 731/731/645 732/732/646 733/733/647
f 731/731/645 733/733/647 734/734/648
f 735/735/649 734/734/648 736/736/650
f 734/734/648 735/735/649 731/731/645
f 737/737/651 738/738/652 731/731/645
f 737/737/651 731/731/645 735/735/649
f 738/738/652 739/739/653 732/732/646
f 738/738/652 732/732/646 731/731/645
f 740/740/654 736/736/650 741/741/655
f 736/736/650 740/740/654 735/735/649
f 742/742/656 740/740/654 741/741/655
f 741/741/655 743/743/657 742/742/656
f 744/744/658 742/742/656 745/745/659
f 742/742/656 744/744/658 740/740/654
f 744/744/658 737/737/651 735/735/649
f 744/744/658 735/735/649 740/740/654
f 746/746/660 747/747/661 748/748/662
f 747/747/661 746/746/660 749/749/663
f 748/748/662 750/750/659 751/751/664
f 750/750/659 748/748/662 747/747/661
f 752/752/665 751/751/664 753/753/666
f 751/751/664 752/752/665 748/748/662
f 754/754/667 748/748/662 752/752/665
f 748/748/662 754/754/667 746/746/660
f 755/755/668 756/756/653 757/757/652
f 756/756/653 755/755/668 758/758/669
f 755/755/668 749/749/663 746/746/660
f 749/749/663 755/755/668 757/757/652
f 759/759/670 746/746/660 754/754/667
f 746/746/660 759/759/670 755/755/668
f 759/759/670 758/758/669 755/755/668
f 758/758/669 759/759/670 760/760/671
f 761/761/672 762/762/673 763/763/674
f 762/762/673 761/761/672 764/764/675
f 765/765/676 764/764/675 761/761/672
f 764/764/675 765/765/676 766/766/677
f 767/767/678 766/766/677 768/768/679
f 766/766/677 767/767/678 764/764/675
f 767/767/678 769/769/680 762/762/673
f 767/767/678 762/762/673 764/764/675
f 770/770/681 766/766/677 765/765/676
f 766/766/677 770/770/681 771/771/682
f 771/771/682 772/772/683 773/773/684
f 772/772/683 771/771/682 770/770/681
f 774/774/685 773/773/684 775/775/686
f 773/773/684 774/774/685 771/771/682
f 768/768/679 771/771/682 774/774/685
f 771/771/682 768/768/679 766/766/677
f 776/776/687 777/777/688 778/778/689
f 778/778/689 779/779/685 776/776/687
f 780/780/686 776/776/687 779/779/685
f 776/776/687 780/780/686 781/781/690
f 781/781/690 782/782/691 776/776/687
f 782/782/691 781/781/690 783/783/692
f 782/782/691 784/784/693 777/777/688
f 777/777/688 776/776/687 782/782/691
f 785/785/694 786/786/695 787/787/680
f 785/785/694 787/787/680 788/788/696
f 777/777/688 785/785/694 788/788/696
f 777/777/688 788/788/696 778/778/689
f 784/784/693 789/789/697 785/785/694
f 785/785/694 777/777/688 784/784/693
f 789/789/697 790/790/698 786/786/695
f 786/786/695 785/785/694 789/789/697
f 791/791/699 772/772/683 792/792/700
f 791/791/699 773/773/684 772/772/683
f 793/793/701 792/792/700 794/794/702
f 792/792/700 793/793/701 791/791/699
f 795/795/703 791/791/699 793/793/701
f 791/791/699 795/795/703 796/796/704
f 796/796/704 773/773/684 791/791/699
f 796/796/704 775/775/686 773/773/684
f 797/797/705 793/793/701 794/794/702
f 793/793/701 797/797/705 798/798/706
f 733/733/647 798/798/706 797/797/705
f 798/798/706 733/733/647 732/732/646
f 799/799/707 732/732/646 739/739/653
f 732/732/646 799/799/707 798/798/706
f 798/798/706 795/795/703 793/793/701
f 795/795/703 798/798/706 799/799/707
f 800/800/708 801/801/709 802/802/707
f 801/801/709 800/800/708 803/803/710
f 758/758/669 802/802/707 756/756/653
f 802/802/707 758/758/669 800/800/708
f 760/760/671 804/804/711 800/800/708
f 800/800/708 758/758/669 760/760/671
f 804/804/711 805/805/712 803/803/710
f 803/803/710 800/800/708 804/804/711
f 781/781/690 806/806/713 807/807/714
f 806/806/713 781/781/690 780/780/686
f 801/801/709 807/807/714 806/806/713
f 807/807/714 801/801/709 803/803/710
f 808/808/715 803/803/710 805/805/712
f 803/803/710 808/808/715 807/807/714
f 783/783/692 807/807/714 808/808/715
f 807/807/714 783/783/692 781/781/690
f 809/809/716 760/760/671 759/759/670
f 760/760/671 809/809/716 804/804/711
f 809/809/716 754/754/667 810/810/717
f 754/754/667 809/809/716 759/759/670
f 810/810/717 811/811/718 809/809/716
f 811/811/718 810/810/717 812/812/719
f 811/811/718 804/804/711 809/809/716
f 804/804/711 811/811/718 805/805/712
f 810/810/717 752/752/665 813/813/720
f 752/752/665 810/810/717 754/754/667
f 813/813/720 753/753/666 814/814/721
f 753/753/666 813/813/720 752/752/665
f 815/815/722 814/814/721 816/816/723
f 814/814/721 815/815/722 813/813/720
f 812/812/719 813/813/720 815/815/722
f 813/813/720 812/812/719 810/810/717
f 817/817/724 812/812/719 815/815/722
f 812/812/719 817/817/724 818/818/725
f 819/819/726 815/815/722 816/816/723
f 815/815/722 819/819/726 817/817/724
f 790/790/698 817/817/724 819/819/726
f 817/817/724 790/790/698 789/789/697
f 789/789/697 818/818/725 817/817/724
f 818/818/725 789/789/697 784/784/693
f 811/811/718 808/808/715 805/805/712
f 808/808/715 811/811/718 820/820/727
f 818/818/725 811/811/718 812/812/719
f 811/811/718 818/818/725 820/820/727
f 784/784/693 820/820/727 818/818/725
f 820/820/727 784/784/693 782/782/691
f 820/820/727 783/783/692 808/808/715
f 783/783/692 820/820/727 782/782/691
f 821/821/728 772/772/683 770/770/681
f 772/772/683 821/821/728 792/792/700
f 821/821/728 765/765/676 822/822/729
f 765/765/676 821/821/728 770/770/681
f 822/822/729 823/823/730 821/821/728
f 823/823/730 822/822/729 824/824/731
f 823/823/730 792/792/700 821/821/728
f 792/792/700 823/823/730 794/794/702
f 822/822/729 761/761/672 825/825/732
f 761/761/672 822/822/729 765/765/676
f 825/825/732 763/763/674 826/826/733
f 763/763/674 825/825/732 761/761/672
f 827/827/734 826/826/733 828/828/735
f 826/826/733 827/827/734 825/825/732
f 824/824/731 825/825/732 827/827/734
f 825/825/732 824/824/731 822/822/729
f 829/829/736 824/824/731 827/827/734
f 824/824/731 829/829/736 830/830/737
f 831/831/738 827/827/734 828/828/735
f 827/827/734 831/831/738 829/829/736
f 743/743/657 829/829/736 831/831/738
f 829/829/736 743/743/657 741/741/655
f 741/741/655 830/830/737 829/829/736
f 830/830/737 741/741/655 736/736/650
f 823/823/730 797/797/705 794/794/702
f 797/797/705 823/823/730 832/832/739
f 830/830/737 823/823/730 824/824/731
f 823/823/730 830/830/737 832/832/739
f 736/736/650 832/832/739 830/830/737
f 832/832/739 736/736/650 734/734/648
f 832/832/739 733/733/647 797/797/705
f 733/733/647 832/832/739 734/734/648
f 833/833/740 834/834/741 835/835/742
f 834/834/741 833/833/740 836/836/743
f 835/835/742 837/837/744 838/838/745
f 837/837/744 835/835/742 834/834/741
f 839/839/746 838/838/745 840/840/747
f 838/838/745 839/839/746 835/835/742
f 841/841/748 835/835/742 839/839/746
f 835/835/742 841/841/748 833/833/740
f 842/842/749 843/843/750 837/837/744
f 837/837/744 843/843/750 838/838/745
f 844/844/751 845/845/752 842/842/749
f 842/842/749 845/845/752 843/843/750
f 843/843/750 845/845/752 846/846/753
f 843/843/750 846/846/753 847/847/754
f 843/843/750 847/847/754 838/838/745
f 838/838/745 847/847/754 840/840/747
f 847/847/754 848/848/755 840/840/747
f 848/848/755 847/847/754 849/849/756
f 846/846/753 849/849/756 847/847/754
f 849/849/756 846/846/753 850/850/757
f 850/850/757 851/851/758 849/849/756
f 851/851/758 850/850/757 852/852/759
f 851/851/758 848/848/755 849/849/756
f 848/848/755 851/851/758 853/853/760
f 854/854/761 841/841/748 855/855/762
f 841/841/748 839/839/746 855/855/762
f 840/840/747 848/848/755 839/839/746
f 855/855/762 839/839/746 848/848/755
f 848/848/755 856/856/763 855/855/762
f 856/856/763 848/848/755 853/853/760
f 857/857/764 854/854/761 856/856/763
f 854/854/761 855/855/762 856/856/763
f 858/858/765 859/859/766 860/860/767
f 859/859/766 858/858/765 861/861/768
f 862/862/769 858/858/765 860/860/767
f 858/858/765 862/862/769 863/863/770
f 864/864/771 858/858/765 863/863/770
f 858/858/765 864/864/771 865/865/772
f 865/865/772 861/861/768 858/858/765
f 861/861/768 865/865/772 866/866/773
f 867/867/774 862/862/769 868/868/775
f 862/862/769 867/867/774 863/863/770
f 867/867/774 869/869/776 870/870/777
f 869/869/776 867/867/774 868/868/775
f 871/871/778 870/870/777 872/872/779
f 870/870/777 871/871/778 867/867/774
f 864/864/771 867/867/774 871/871/778
f 867/867/774 864/864/771 863/863/770
f 873/873/780 871/871/778 874/874/781
f 871/871/778 873/873/780 864/864/771
f 874/874/781 872/872/779 875/875/782
f 872/872/779 874/874/781 871/871/778
f 876/876/783 875/875/782 877/877/784
f 875/875/782 876/876/783 874/874/781
f 874/874/781 878/878/785 873/873/780
f 878/878/785 874/874/781 876/876/783
f 879/879/786 866/866/773 865/865/772
f 866/866/773 879/879/786 880/880/787
f 873/873/780 865/865/772 864/864/771
f 865/865/772 873/873/780 879/879/786
f 881/881/788 879/879/786 878/878/785
f 879/879/786 873/873/780 878/878/785
f 881/881/788 882/882/789 880/880/787
f 880/880/787 879/879/786 881/881/788
f 881/881/788 883/883/790 882/882/789
f 884/884/791 882/882/789 883/883/790
f 878/878/785 885/885/792 881/881/788
f 881/881/788 885/885/792 883/883/790
f 885/885/792 886/886/793 883/883/790
f 883/883/790 886/886/793 887/887/794
f 883/883/790 888/888/795 884/884/791
f 888/888/795 883/883/790 887/887/794
f 885/885/792 876/876/783 889/889/796
f 876/876/783 885/885/792 878/878/785
f 877/877/784 889/889/796 876/876/783
f 889/889/796 877/877/784 890/890/797
f 890/890/797 891/891/798 889/889/796
f 892/892/799 889/889/796 891/891/798
f 886/886/793 889/889/796 892/892/799
f 889/889/796 886/886/793 885/885/792
f 893/893/800 886/886/793 892/892/799
f 886/886/793 893/893/800 894/894/801
f 893/893/800 892/892/799 895/895/802
f 892/892/799 891/891/798 895/895/802
f 844/844/751 896/896/800 897/897/802
f 842/842/749 896/896/800 844/844/751
f 896/896/800 842/842/749 898/898/803
f 837/837/744 898/898/803 842/842/749
f 887/887/794 899/899/804 888/888/795
f 899/899/804 887/887/794 900/900/805
f 900/900/805 886/886/793 894/894/801
f 886/886/793 900/900/805 887/887/794
f 834/834/741 898/898/803 837/837/744
f 898/898/803 834/834/741 901/901/805
f 901/901/805 836/836/743 902/902/804
f 836/836/743 901/901/805 834/834/741
f 844/844/751 897/897/802 903/903/806
f 844/844/751 903/903/806 845/845/752
f 891/891/798 904/904/806 895/895/802
f 904/904/806 891/891/798 905/905/807
f 905/905/807 906/906/808 904/904/806
f 906/906/808 905/905/807 907/907/809
f 845/845/752 903/903/806 908/908/810
f 845/845/752 908/908/810 846/846/753
f 890/890/797 905/905/807 891/891/798
f 905/905/807 890/890/797 909/909/811
f 877/877/784 909/909/811 890/890/797
f 909/909/811 877/877/784 875/875/782
f 875/875/782 910/910/812 909/909/811
f 910/910/812 875/875/782 872/872/779
f 909/909/811 907/907/809 905/905/807
f 907/907/809 909/909/811 910/910/812
f 910/910/812 911/911/813 907/907/809
f 911/911/813 910/910/812 912/912/814
f 872/872/779 912/912/814 910/910/812
f 912/912/814 872/872/779 870/870/777
f 870/870/777 913/913/815 912/912/814
f 913/913/815 870/870/777 869/869/776
f 912/912/814 914/914/816 911/911/813
f 914/914/816 912/912/814 913/913/815
f 908/908/810 850/850/757 846/846/753
f 915/915/757 906/906/808 916/916/817
f 907/907/809 916/916/817 906/906/808
f 916/916/817 907/907/809 911/911/813
f 911/911/813 917/917/818 916/916/817
f 917/917/818 911/911/813 914/914/816
f 916/916/817 918/918/759 915/915/757
f 918/918/759 916/916/817 917/917/818
f 919/919/819 880/880/787 882/882/789
f 882/882/789 884/884/791 919/919/819
f 920/920/820 919/919/819 884/884/791
f 884/884/791 888/888/795 920/920/820
f 921/921/821 922/922/822 919/919/819
f 919/919/819 920/920/820 921/921/821
f 922/922/822 866/866/773 880/880/787
f 880/880/787 919/919/819 922/922/822
f 923/923/823 920/920/820 888/888/795
f 888/888/795 899/899/804 923/923/823
f 924/924/823 836/836/743 833/833/740
f 836/836/743 924/924/823 902/902/804
f 925/925/824 833/833/740 841/841/748
f 833/833/740 925/925/824 924/924/823
f 926/926/825 921/921/821 920/920/820
f 920/920/820 923/923/823 926/926/825
f 927/927/826 928/928/827 921/921/821
f 921/921/821 926/926/825 927/927/826
f 929/929/828 927/927/826 926/926/825
f 925/925/824 841/841/748 854/854/761
f 930/930/764 931/931/829 927/927/826
f 927/927/826 929/929/828 930/930/764
f 931/931/829 932/932/830 928/928/827
f 928/928/827 927/927/826 931/931/829
f 933/933/831 861/861/768 866/866/773
f 866/866/773 922/922/822 933/933/831
f 928/928/827 933/933/831 922/922/822
f 922/922/822 921/921/821 928/928/827
f 932/932/830 934/934/832 933/933/831
f 933/933/831 928/928/827 932/932/830
f 934/934/832 859/859/766 861/861/768
f 861/861/768 933/933/831 934/934/832
f 935/935/833 936/936/834 937/937/835
f 937/937/835 936/936/834 938/938/836
f 939/939/837 940/940/838 935/935/833
f 936/936/834 935/935/833 940/940/838
f 940/940/838 941/941/839 936/936/834
f 942/942/840 936/936/834 941/941/839
f 936/936/834 942/942/840 938/938/836
f 938/938/836 942/942/840 943/943/841
f 944/944/842 945/945/837 946/946/843
f 945/945/837 944/944/842 947/947/838
f 948/948/844 946/946/843 949/949/845
f 946/946/843 948/948/844 944/944/842
f 948/948/844 950/950/846 944/944/842
f 950/950/846 948/948/844 951/951/847
f 944/944/842 952/952/839 947/947/838
f 952/952/839 944/944/842 950/950/846
f 950/950/846 953/953/848 952/952/839
f 953/953/848 950/950/846 954/954/849
f 951/951/847 954/954/849 950/950/846
f 954/954/849 951/951/847 955/955/850
f 955/955/850 956/956/851 954/954/849
f 956/956/851 955/955/850 957/957/852
f 954/954/849 956/956/851 953/953/848
f 958/958/853 953/953/848 956/956/851
f 942/942/840 959/959/854 943/943/841
f 943/943/841 959/959/854 960/960/855
f 941/941/839 961/961/856 942/942/840
f 959/959/854 942/942/840 961/961/856
f 961/961/856 962/962/857 959/959/854
f 962/962/857 961/961/856 963/963/853
f 962/962/857 960/960/855 959/959/854
f 964/964/858 960/960/855 962/962/857
f 965/965/859 966/966/860 967/967/861
f 966/966/860 965/965/859 968/968/862
f 969/969/863 970/970/864 965/965/859
f 968/968/862 965/965/859 970/970/864
f 970/970/864 971/971/865 968/968/862
f 971/971/865 970/970/864 972/972/866
f 973/973/867 968/968/862 971/971/865
f 968/968/862 973/973/867 966/966/860
f 974/974/868 975/975/869 976/976/863
f 975/975/869 974/974/868 977/977/870
f 978/978/871 979/979/872 974/974/868
f 977/977/870 974/974/868 979/979/872
f 979/979/872 980/980/873 977/977/870
f 981/981/874 977/977/870 980/980/873
f 977/977/870 981/981/874 975/975/869
f 982/982/875 975/975/869 981/981/874
f 981/981/874 983/983/876 982/982/875
f 984/984/877 982/982/875 983/983/876
f 983/983/876 981/981/874 985/985/878
f 981/981/874 980/980/873 985/985/878
f 986/986/879 985/985/878 987/987/880
f 985/985/878 986/986/879 983/983/876
f 988/988/881 983/983/876 986/986/879
f 983/983/876 988/988/881 984/984/877
f 989/989/882 971/971/865 990/990/883
f 971/971/865 989/989/882 973/973/867
f 972/972/866 990/990/883 971/971/865
f 990/990/883 972/972/866 991/991/877
f 991/991/877 992/992/884 990/990/883
f 992/992/884 991/991/877 993/993/881
f 994/994/885 990/990/883 992/992/884
f 990/990/883 994/994/885 989/989/882
f 992/992/884 995/995/886 994/994/885
f 994/994/885 995/995/886 996/996/887
f 993/993/881 997/997/888 992/992/884
f 992/992/884 997/997/888 995/995/886
f 997/997/888 998/998/889 995/995/886
f 995/995/886 998/998/889 999/999/890
f 999/999/890 996/996/887 995/995/886
f 996/996/887 999/999/890 1000/1000/891
f 1001/1001/888 986/986/879 1002/1002/892
f 986/986/879 1001/1001/888 988/988/881
f 1002/1002/892 987/987/880 1003/1003/893
f 987/987/880 1002/1002/892 986/986/879
f 1003/1003/893 1004/1004/894 1002/1002/892
f 1004/1004/894 1003/1003/893 1005/1005/895
f 1006/1006/889 1002/1002/892 1004/1004/894
f 1002/1002/892 1006/1006/889 1001/1001/888
f 1007/1007/896 1006/1006/889 1004/1004/894
f 1006/1006/889 1007/1007/896 1008/1008/897
f 1005/1005/895 1009/1009/898 1004/1004/894
f 1007/1007/896 1004/1004/894 1009/1009/898
f 946/946/843 1007/1007/896 949/949/845
f 1007/1007/896 1009/1009/898 949/949/845
f 1007/1007/896 946/946/843 1008/1008/897
f 945/945/837 1008/1008/897 946/946/843
f 999/999/890 1010/1010/899 1000/1000/891
f 1010/1010/899 999/999/890 1011/1011/900
f 998/998/889 1011/1011/900 999/999/890
f 1011/1011/900 998/998/889 1012/1012/901
f 935/935/833 1012/1012/901 939/939/837
f 1012/1012/901 935/935/833 1011/1011/900
f 937/937/835 1011/1011/900 935/935/833
f 1011/1011/900 937/937/835 1010/1010/899
f 949/949/845 1009/1009/898 1013/1013/902
f 949/949/845 1013/1013/902 948/948/844
f 1009/1009/898 1005/1005/895 1014/1014/903
f 1009/1009/898 1014/1014/903 1013/1013/902
f 1014/1014/903 1015/1015/904 1013/1013/902
f 1015/1015/904 1014/1014/903 1016/1016/905
f 1013/1013/902 951/951/847 948/948/844
f 951/951/847 1013/1013/902 1015/1015/904
f 1003/1003/893 1014/1014/903 1005/1005/895
f 1014/1014/903 1003/1003/893 1017/1017/906
f 987/987/880 1017/1017/906 1003/1003/893
f 1017/1017/906 987/987/880 985/985/878
f 980/980/873 1017/1017/906 985/985/878
f 1017/1017/906 980/980/873 1018/1018/907
f 1018/1018/907 1014/1014/903 1017/1017/906
f 1014/1014/903 1018/1018/907 1016/1016/905
f 1019/1019/908 1016/1016/905 1018/1018/907
f 1016/1016/905 1019/1019/908 1020/1020/909
f 979/979/872 1018/1018/907 980/980/873
f 1018/1018/907 979/979/872 1019/1019/908
f 978/978/871 1019/1019/908 979/979/872
f 1019/1019/908 978/978/871 1021/1021/910
f 1021/1021/910 1020/1020/909 1019/1019/908
f 1020/1020/909 1021/1021/910 1022/1022/911
f 1015/1015/904 955/955/850 951/951/847
f 955/955/850 1015/1015/904 1023/1023/912
f 1016/1016/905 1023/1023/912 1015/1015/904
f 1023/1023/912 1016/1016/905 1020/1020/909
f 1020/1020/909 1024/1024/913 1023/1023/912
f 1024/1024/913 1020/1020/909 1022/1022/911
f 1023/1023/912 957/957/852 955/955/850
f 957/957/852 1023/1023/912 1024/1024/913
f 996/996/887 1025/1025/914 994/994/885
f 994/994/885 1025/1025/914 989/989/882
f 1000/1000/891 1026/1026/915 996/996/887
f 996/996/887 1026/1026/915 1025/1025/914
f 1026/1026/915 1027/1027/916 1025/1025/914
f 1027/1027/916 1026/1026/915 1028/1028/917
f 1025/1025/914 973/973/867 989/989/882
f 973/973/867 1025/1025/914 1027/1027/916
f 1010/1010/899 1026/1026/915 1000/1000/891
f 1026/1026/915 1010/1010/899 1029/1029/918
f 937/937/835 1029/1029/918 1010/1010/899
f 1029/1029/918 937/937/835 938/938/836
f 943/943/841 1029/1029/918 938/938/836
f 1029/1029/918 943/943/841 1030/1030/919
f 1030/1030/919 1026/1026/915 1029/1029/918
f 1026/1026/915 1030/1030/919 1028/1028/917
f 1031/1031/920 1028/1028/917 1030/1030/919
f 1028/1028/917 1031/1031/920 1032/1032/921
f 943/943/841 960/960/855 1030/1030/919
f 1030/1030/919 960/960/855 1031/1031/920
f 960/960/855 964/964/858 1031/1031/920
f 1031/1031/920 964/964/858 1033/1033/922
f 1031/1031/920 1033/1033/922 1032/1032/921
f 1032/1032/921 1033/1033/922 1034/1034/923
f 1027/1027/916 966/966/860 973/973/867
f 966/966/860 1027/1027/916 1035/1035/924
f 1028/1028/917 1035/1035/924 1027/1027/916
f 1035/1035/924 1028/1028/917 1032/1032/921
f 1032/1032/921 1036/1036/925 1035/1035/924
f 1036/1036/925 1032/1032/921 1034/1034/923
f 1035/1035/924 967/967/861 966/966/860
f 967/967/861 1035/1035/924 1036/1036/925
f 1037/1037/926 1038/1038/927 1039/1039/928
f 1038/1038/927 1037/1037/926 1040/1040/929
f 1040/1040/929 1041/1041/930 1042/1042/931
f 1041/1041/930 1040/1040/929 1037/1037/926
f 1042/1042/931 1043/1043/932 1040/1040/929
f 1040/1040/929 1043/1043/932 1044/1044/933
f 1040/1040/929 1045/1045/934 1038/1038/927
f 1045/1045/934 1040/1040/929 1044/1044/933
f 1046/1046/935 1047/1047/936 1041/1041/930
f 1041/1041/930 1047/1047/936 1042/1042/931
f 1047/1047/936 1046/1046/935 1048/1048/937
f 1046/1046/935 1049/1049/938 1048/1048/937
f 1050/1050/939 1047/1047/936 1051/1051/940
f 1047/1047/936 1048/1048/937 1051/1051/940
f 1047/1047/936 1043/1043/932 1042/1042/931
f 1043/1043/932 1047/1047/936 1050/1050/939
f 1052/1052/941 1053/1053/939 1054/1054/942
f 1053/1053/939 1052/1052/941 1055/1055/932
f 1054/1054/942 1056/1056/943 1057/1057/944
f 1056/1056/943 1054/1054/942 1053/1053/939
f 1058/1058/945 1057/1057/944 1059/1059/946
f 1057/1057/944 1058/1058/945 1054/1054/942
f 1054/1054/942 1060/1060/947 1052/1052/941
f 1060/1060/947 1054/1054/942 1058/1058/945
f 1061/1061/933 1062/1062/948 1063/1063/934
f 1063/1063/934 1062/1062/948 1064/1064/949
f 1052/1052/941 1061/1061/933 1055/1055/932
f 1061/1061/933 1052/1052/941 1062/1062/948
f 1060/1060/947 1062/1062/948 1052/1052/941
f 1062/1062/948 1060/1060/947 1065/1065/950
f 1062/1062/948 1065/1065/950 1064/1064/949
f 1064/1064/949 1065/1065/950 1066/1066/951
f 1067/1067/952 1068/1068/953 1069/1069/954
f 1068/1068/953 1067/1067/952 1070/1070/955
f 1069/1069/954 1071/1071/956 1072/1072/957
f 1071/1071/956 1069/1069/954 1068/1068/953
f 1073/1073/958 1072/1072/957 1074/1074/959
f 1072/1072/957 1073/1073/958 1069/1069/954
f 1075/1075/960 1069/1069/954 1073/1073/958
f 1069/1069/954 1075/1075/960 1067/1067/952
f 1076/1076/961 1071/1071/956 1077/1077/962
f 1071/1071/956 1076/1076/961 1072/1072/957
f 1078/1078/963 1077/1077/962 1079/1079/964
f 1077/1077/962 1078/1078/963 1076/1076/961
f 1080/1080/965 1076/1076/961 1078/1078/963
f 1076/1076/961 1080/1080/965 1081/1081/966
f 1076/1076/961 1081/1081/966 1072/1072/957
f 1072/1072/957 1081/1081/966 1074/1074/959
f 1081/1081/966 1082/1082/967 1074/1074/959
f 1083/1083/967 1084/1084/966 1085/1085/968
f 1086/1086/969 1084/1084/966 1087/1087/965
f 1084/1084/966 1086/1086/969 1085/1085/968
f 1086/1086/969 1088/1088/970 1085/1085/968
f 1088/1088/970 1086/1086/969 1089/1089/971
f 1085/1085/968 1090/1090/972 1083/1083/967
f 1090/1090/972 1085/1085/968 1088/1088/970
f 1091/1091/973 1092/1092/958 1093/1093/974
f 1092/1092/958 1091/1091/973 1094/1094/960
f 1082/1082/967 1073/1073/958 1074/1074/959
f 1092/1092/958 1083/1083/967 1093/1093/974
f 1083/1083/967 1090/1090/972 1093/1093/974
f 1095/1095/975 1093/1093/974 1090/1090/972
f 1095/1095/975 1096/1096/976 1091/1091/973
f 1091/1091/973 1093/1093/974 1095/1095/975
f 1095/1095/975 1097/1097/977 1096/1096/976
f 1098/1098/978 1096/1096/976 1097/1097/977
f 1090/1090/972 1099/1099/979 1095/1095/975
f 1095/1095/975 1099/1099/979 1097/1097/977
f 1099/1099/979 1100/1100/980 1097/1097/977
f 1097/1097/977 1100/1100/980 1101/1101/981
f 1097/1097/977 1101/1101/981 1098/1098/978
f 1098/1098/978 1101/1101/981 1102/1102/982
f 1099/1099/979 1088/1088/970 1103/1103/983
f 1088/1088/970 1099/1099/979 1090/1090/972
f 1103/1103/983 1089/1089/971 1104/1104/984
f 1089/1089/971 1103/1103/983 1088/1088/970
f 1105/1105/985 1104/1104/984 1106/1106/986
f 1104/1104/984 1105/1105/985 1103/1103/983
f 1100/1100/980 1103/1103/983 1105/1105/985
f 1103/1103/983 1100/1100/980 1099/1099/979
f 1107/1107/987 1100/1100/980 1105/1105/985
f 1100/1100/980 1107/1107/987 1108/1108/988
f 1107/1107/987 1105/1105/985 1109/1109/989
f 1109/1109/989 1105/1105/985 1106/1106/986
f 1049/1049/938 1107/1107/987 1109/1109/989
f 1046/1046/935 1107/1107/987 1049/1049/938
f 1107/1107/987 1046/1046/935 1108/1108/988
f 1108/1108/988 1046/1046/935 1041/1041/930
f 1101/1101/981 1110/1110/990 1102/1102/982
f 1110/1110/990 1101/1101/981 1111/1111/991
f 1100/1100/980 1111/1111/991 1101/1101/981
f 1111/1111/991 1100/1100/980 1108/1108/988
f 1037/1037/926 1108/1108/988 1041/1041/930
f 1108/1108/988 1037/1037/926 1111/1111/991
f 1111/1111/991 1039/1039/928 1110/1110/990
f 1039/1039/928 1111/1111/991 1037/1037/926
f 1112/1112/992 1048/1048/937 1049/1049/938
f 1049/1049/938 1109/1109/989 1112/1112/992
f 1113/1113/993 1112/1112/992 1109/1109/989
f 1109/1109/989 1106/1106/986 1113/1113/993
f 1114/1114/994 1115/1115/995 1112/1112/992
f 1112/1112/992 1113/1113/993 1114/1114/994
f 1115/1115/995 1051/1051/940 1048/1048/937
f 1048/1048/937 1112/1112/992 1115/1115/995
f 1116/1116/996 1113/1113/993 1106/1106/986
f 1106/1106/986 1104/1104/984 1116/1116/996
f 1116/1116/996 1089/1089/971 1086/1086/969
f 1089/1089/971 1116/1116/996 1104/1104/984
f 1087/1087/965 1117/1117/997 1116/1116/996
f 1116/1116/996 1086/1086/969 1087/1087/965
f 1117/1117/997 1114/1114/994 1113/1113/993
f 1113/1113/993 1116/1116/996 1117/1117/997
f 1118/1118/998 1119/1119/999 1120/1120/994
f 1120/1120/994 1121/1121/997 1118/1118/998
f 1118/1118/998 1121/1121/997 1078/1078/963
f 1121/1121/997 1080/1080/965 1078/1078/963
f 1122/1122/1000 1118/1118/998 1079/1079/964
f 1118/1118/998 1078/1078/963 1079/1079/964
f 1123/1123/1001 1119/1119/999 1122/1122/1000
f 1119/1119/999 1118/1118/998 1122/1122/1000
f 1057/1057/944 1124/1124/995 1125/1125/1002
f 1124/1124/995 1057/1057/944 1056/1056/943
f 1119/1119/999 1125/1125/1002 1124/1124/995
f 1124/1124/995 1120/1120/994 1119/1119/999
f 1126/1126/1003 1119/1119/999 1123/1123/1001
f 1119/1119/999 1126/1126/1003 1125/1125/1002
f 1059/1059/946 1125/1125/1002 1126/1126/1003
f 1125/1125/1002 1059/1059/946 1057/1057/944
f 1096/1096/976 1098/1098/978 1127/1127/1004
f 1096/1096/976 1127/1127/1004 1091/1091/973
f 1102/1102/982 1127/1127/1004 1098/1098/978
f 1127/1127/1004 1102/1102/982 1128/1128/1005
f 1128/1128/1005 1129/1129/1006 1127/1127/1004
f 1129/1129/1006 1128/1128/1005 1130/1130/1007
f 1127/1127/1004 1094/1094/960 1091/1091/973
f 1094/1094/960 1127/1127/1004 1129/1129/1006
f 1110/1110/990 1128/1128/1005 1102/1102/982
f 1128/1128/1005 1110/1110/990 1131/1131/1008
f 1039/1039/928 1131/1131/1008 1110/1110/990
f 1131/1131/1008 1039/1039/928 1038/1038/927
f 1038/1038/927 1132/1132/1009 1131/1131/1008
f 1132/1132/1009 1038/1038/927 1045/1045/934
f 1131/1131/1008 1130/1130/1007 1128/1128/1005
f 1130/1130/1007 1131/1131/1008 1132/1132/1009
f 1132/1132/1009 1133/1133/1010 1130/1130/1007
f 1134/1134/1010 1135/1135/1011 1136/1136/1012
f 1135/1135/1011 1063/1063/934 1064/1064/949
f 1135/1135/1011 1064/1064/949 1136/1136/1012
f 1064/1064/949 1066/1066/951 1136/1136/1012
f 1136/1136/1012 1066/1066/951 1137/1137/1013
f 1134/1134/1010 1136/1136/1012 1137/1137/1013
f 1134/1134/1010 1137/1137/1013 1138/1138/1014
f 1139/1139/1015 1067/1067/952 1075/1075/960
f 1067/1067/952 1139/1139/1015 1140/1140/1016
f 1130/1130/1007 1141/1141/1016 1129/1129/1006
f 1141/1141/1016 1130/1130/1007 1133/1133/1010
f 1142/1142/1010 1143/1143/1017 1140/1140/1016
f 1143/1143/1017 1142/1142/1010 1144/1144/1014
f 1140/1140/1016 1070/1070/955 1067/1067/952
f 1070/1070/955 1140/1140/1016 1143/1143/1017
f 250/250/226 45/45/44 47/47/46
f 45/45/44 250/250/226 252/252/228
f 439/439/44 592/592/522 441/441/411
f 592/592/522 439/439/44 590/590/521
f 441/441/411 396/396/370 397/397/371
f 396/396/370 441/441/411 592/592/522
f 1/1/1 3/3/3 47/47/46
f 3/3/3 250/250/226 47/47/46
f 588/588/519 397/397/371 723/723/637
f 723/723/637 397/397/371 395/395/369
f 2/2/2 1/1/1 379/379/355
f 1/1/1 249/249/225 379/379/355
f 251/251/227 256/256/232 253/253/229
f 256/256/232 255/255/231 253/253/229
f 591/591/229 596/596/525 589/589/520
f 596/596/525 591/591/229 594/594/524
f 589/589/520 643/643/563 394/394/368
f 643/643/563 589/589/520 596/596/525
f 303/303/279 251/251/227 4/4/4
f 251/251/227 303/303/279 256/256/232
f 645/645/565 394/394/368 643/643/563
f 394/394/368 645/645/565 395/395/369
f 46/46/45 247/247/223 249/249/225
f 247/247/223 46/46/45 245/245/221
f 48/48/47 245/245/221 46/46/45
f 245/245/221 48/48/47 246/246/222
f 585/585/222 438/438/47 584/584/516
f 438/438/47 440/440/410 584/584/516
f 440/440/410 587/587/518 584/584/516
f 587/587/518 440/440/410 588/588/519
f 722/722/636 588/588/519 723/723/637
f 588/588/519 722/722/636 587/587/518
f 249/249/225 378/378/354 379/379/355
f 378/378/354 249/249/225 247/247/223
f 700/700/614 701/701/615 722/722/636
f 378/378/354 357/357/333 356/356/332
